customer_id,company_name,account_ref,industry,region,broker_id,primary_contact,contact_email,customer_since,status
CUS-10000,Northgate Joinery Partners,TEM-23570-D,Logistics,North West,BRK-026,Gareth MacLeod,gareth.macleod@northgatejoine.co.uk,2023-11-29,Active
CUS-10001,Foxglove Retail Holdings,TEM-29826-E,Manufacturing,London,BRK-004,Fatima Reid,fatima.reid@foxgloveretail.co.uk,2022-12-11,Lost
CUS-10002,Riverbank Maltings Limited,TEM-57731-D,Manufacturing,North East,BRK-017,Gareth Lomax,gareth.lomax@riverbankmalti.co.uk,29/09/2022,Active
CUS-10003,Ashcombe Ice Cream Holdings,TEM-31160-E,Hospitality,Midlands,BRK-022,Callum Brooke,callum.brooke@ashcombeicecre.co.uk,09/06/2023,Active
CUS-10004,Fernhill Joinery Partners,TEM-77947-C,Food & Drink,London,BRK-006,James Underhill,james.underhill@fernhilljoiner.co.uk,2024-08-28,Active
CUS-10005,Jarrow Nurseries Partners,TEM-39719-B,Agriculture,South West,BRK-013,Dev Kaur,dev.kaur@jarrownurserie.co.uk,16/11/2023,Active
CUS-10006,Marlow Logistics Group,TEM-55812-C,Manufacturing,Midlands,BRK-023,Kirsty Marsh,kirsty.marsh@marlowlogistic.co.uk,2022-01-25,Active
CUS-10007,Umberside Ice Cream Limited,TEM-55089-G,Manufacturing,North East,BRK-001,Dev Bright,dev.bright@umbersideicecr.co.uk,17/06/2022,Active
CUS-10008,Millpond Ice Cream Ltd,TEM-21130-F,Food & Drink,Yorkshire,BRK-026,Rhys Iqbal,rhys.iqbal@millpondicecre.co.uk,2021-12-14,Active
CUS-10009,Marlow Studios (UK) Ltd,TEM-30435-E,Agriculture,Yorkshire,BRK-031,Noel Sutton,noel.sutton@marlowstudios.co.uk,2024-02-27,Active
CUS-10010,Kestrel Tanning,TEM-37661-A,Healthcare,Midlands,BRK-009,Megan Underhill,megan.underhill@kestreltanning.co.uk,11/01/2025,Active
CUS-10011,Farrier Restaurants (UK) Ltd,TEM-56371-D,Professional Services,Wales,BRK-009,Iona Marsh,iona.marsh@farrierrestaur.co.uk,21/12/2021,Lost
CUS-10012,Farrier Garden Partners,TEM-10515-G,Food & Drink,Yorkshire,BRK-029,Ryan Underhill,ryan.underhill@farriergarden.co.uk,2022-09-16,Active
CUS-10013,Bexley Packaging Ltd,TEM-23907-E,Hospitality,Midlands,BRK-034,Craig MacLeod,craig.macleod@bexleypackagin.co.uk,2023-06-01,Active
CUS-10014,Birchmoor Padel Ltd,TEM-76263-E,Agriculture,Midlands,BRK-005,Freya Pryce,freya.pryce@birchmoorpadel.co.uk,08/09/2022,Active
CUS-10015,Yewtree Textiles Partners,TEM-83336-B,Education,Yorkshire,,Kirsty Tate,kirsty.tate@yewtreetextile.co.uk,31/08/2024,Active
CUS-10016,Cedar Aquatics Holdings,TEM-49685-G,Manufacturing,Yorkshire,BRK-028,Iona Hansen,iona.hansen@cedaraquatics.co.uk,14/05/2022,Lost
CUS-10017,Fernhill Aggregates Ltd,TEM-31337-F,Leisure,Yorkshire,BRK-007,Noel Kaur,noel.kaur@fernhillaggreg.co.uk,23/05/2023,Active
CUS-10018,Garwood Aquatics & Sons,TEM-54299-E,Education,South West,BRK-006,Tara Ogden,tara.ogden@garwoodaquatic.co.uk,2026-01-05,Active
CUS-10019,Quarrington Distillery Partners,TEM-23733-A,Healthcare,East of England,BRK-005,Gareth Frost,gareth.frost@quarringtondis.co.uk,2024-11-02,Lost
CUS-10020,Ironbridge Cinemas Ltd,TEM-74829-F,Retail,North East,BRK-035,Rhys Marsh,rhys.marsh@ironbridgecine.co.uk,03/12/2022,Active
CUS-10021,Saltmarsh Tanning Ltd,TEM-20976-E,Leisure,North East,BRK-002,Rhys Hansen,rhys.hansen@saltmarshtanni.co.uk,29/08/2024,Active
CUS-10022,Cedar Galvanising Ltd,TEM-79063-F,Leisure,North East,BRK-018,Dev Wren,dev.wren@cedargalvanisi.co.uk,2025-11-17,Active
CUS-10023,Zephyr Hotels Ltd,TEM-68417-E,Food & Drink,East of England,BRK-034,Emily Grady,emily.grady@zephyrhotels.co.uk,30/06/2024,Active
CUS-10024,Bluewater Aggregates Ltd,TEM-68596-A,Logistics,South West,BRK-013,Sarah Okafor,sarah.okafor@bluewateraggre.co.uk,28/09/2024,Active
CUS-10025,Farrier Marine Limited,TEM-17128-G,Food & Drink,North West,BRK-009,Nadia Iqbal,nadia.iqbal@farriermarine.co.uk,2024-03-04,Active
CUS-10026,Yarrow Leisure Ltd,TEM-46953-E,Leisure,East of England,BRK-025,Tom Brooke,tom.brooke@yarrowleisure.co.uk,2022-05-12,Active
CUS-10027,Zetland Farm Foods Ltd,TEM-52406-B,Hospitality,East of England,BRK-024,Sanjay Pryce,sanjay.pryce@zetlandfarmfoo.co.uk,2023-01-20,Active
CUS-10028,Merrivale Farm Foods Ltd,TEM-42529-E,Hospitality,North East,BRK-018,Dev Lomax,dev.lomax@merrivalefarmf.co.uk,29/12/2024,Active
CUS-10029,Wrenfield Studios Co,TEM-21073-E,Agriculture,Yorkshire,BRK-020,Stefan Patel,stefan.patel@wrenfieldstudi.co.uk,25/10/2024,Active
CUS-10030,Ivybridge Scaffolding Holdings,TEM-77237-F,Logistics,Wales,BRK-010,Ryan Frost,ryan.frost@ivybridgescaff.co.uk,2022-02-10,Lost
CUS-10031,Ingleby Glassworks Partners,TEM-27444-F,Retail,North East,BRK-015,Paula Okafor,paula.okafor@inglebyglasswo.co.uk,20/11/2025,Lost
CUS-10032,Yewtree Motors Ltd,TEM-19189-F,Agriculture,Wales,BRK-032,James Voss,james.voss@yewtreemotors.co.uk,2023-07-24,Active
CUS-10033,Ingleby Cold Storage Holdings,TEM-40243-F,Education,South West,BRK-016,Lucy Hansen,lucy.hansen@inglebycoldsto.co.uk,20/12/2024,Active
CUS-10034,Riverbank Ice Cream,TEM-53486-C,Healthcare,Scotland,BRK-013,Grace Patel,grace.patel@riverbankicecr.co.uk,2025-04-18,Lost
CUS-10035,Kestrel Ice Cream Ltd,TEM-98566-D,Healthcare,Wales,,Omar Ellison,omar.ellison@kestrelicecrea.co.uk,25/11/2024,Lost
CUS-10036,Ashcombe Galvanising Holdings,TEM-47956-D,Manufacturing,Wales,BRK-006,Oliver Wren,oliver.wren@ashcombegalvan.co.uk,09/01/2026,Active
CUS-10037,Applegarth Pharmacy Limited,TEM-57127-B,Professional Services,Wales,BRK-010,Marcus Hansen,marcus.hansen@applegarthphar.co.uk,26/08/2024,Active
CUS-10038,Vantage Catering & Sons,TEM-30849-A,Education,South West,,Nadia Sharpe,nadia.sharpe@vantagecaterin.co.uk,25/12/2025,Active
CUS-10039,Eastbrook Scaffolding Ltd,TEM-52539-G,Retail,South East,BRK-008,Tara Jennings,tara.jennings@eastbrookscaff.co.uk,2026-02-10,Active
CUS-10040,Millpond Catering Ltd,TEM-20013-C,Logistics,East of England,BRK-026,Grace Marsh,grace.marsh@millpondcateri.co.uk,2022-10-26,Active
CUS-10041,Birchmoor Engineering Ltd,TEM-34883-G,Retail,South East,BRK-018,Grace Sutton,grace.sutton@birchmoorengin.co.uk,2024-05-08,Active
CUS-10042,Silverbeck Forge Partners,TEM-69095-E,Food & Drink,East of England,BRK-004,Craig Bright,craig.bright@silverbeckforg.co.uk,26/10/2023,Active
CUS-10043,Torque Motors Ltd,TEM-95566-C,Logistics,Midlands,BRK-019,Fatima Rowntree,fatima.rowntree@torquemotors.co.uk,23/12/2021,Active
CUS-10044,Caldwell Motors,TEM-75152-E,Leisure,South West,BRK-011,Ewan Reid,ewan.reid@caldwellmotors.co.uk,25/04/2023,Lost
CUS-10045,Yewtree Leisure Ltd,TEM-51849-B,Retail,East of England,BRK-012,Craig Ogden,craig.ogden@yewtreeleisure.co.uk,2025-08-11,Active
CUS-10046,Bluewater Recycling Co,TEM-18134-D,Healthcare,Scotland,BRK-014,Zara Nairn,zara.nairn@bluewaterrecyc.co.uk,23/03/2024,Active
CUS-10047,Northgate Robotics Partners,TEM-68439-D,Healthcare,North West,BRK-016,Lewis Bright,lewis.bright@northgaterobot.co.uk,2022-07-02,Active
CUS-10048,Pennine Leisure Holdings,TEM-71361-D,Leisure,North East,BRK-026,Stefan Sharpe,stefan.sharpe@pennineleisure.co.uk,2023-02-28,Active
CUS-10049,Quayside Studios Partners,TEM-40484-E,Hospitality,East of England,BRK-003,Megan Quinn,megan.quinn@quaysidestudio.co.uk,2025-06-01,Lost
CUS-10050,Yarrow Laundry,TEM-35126-D,Healthcare,Midlands,BRK-020,Rhys Reid,rhys.reid@yarrowlaundry.co.uk,2022-11-08,Active
CUS-10051,Kestrel Nurseries Group,TEM-72299-E,Leisure,Wales,,Noel Ellison,noel.ellison@kestrelnurseri.co.uk,2024-10-05,Active
CUS-10052,Marlow Coachworks,TEM-65052-A,Healthcare,Midlands,BRK-032,Callum MacLeod,callum.macleod@marlowcoachwor.co.uk,29/06/2022,Active
CUS-10053,Oakhurst Data Rooms Holdings,TEM-10885-G,Healthcare,Wales,BRK-024,Priya Iqbal,priya.iqbal@oakhurstdataro.co.uk,2025-01-04,Active
CUS-10054,Redwing Offices Limited,TEM-24287-E,Education,Scotland,BRK-015,Callum Ogden,callum.ogden@redwingoffices.co.uk,2024-06-19,Active
CUS-10055,Thackery Offices Co,TEM-88135-B,Logistics,North West,,Tom Sutton,tom.sutton@thackeryoffice.co.uk,2025-12-27,Lost
CUS-10056,Ironbridge Aquatics Holdings,TEM-34993-B,Agriculture,South West,,Iona Reid,iona.reid@ironbridgeaqua.co.uk,2024-04-10,Active
CUS-10057,Gilded Optics Co,TEM-20585-C,Logistics,North East,BRK-007,Ben Iqbal,ben.iqbal@gildedoptics.co.uk,2024-07-20,Lost
CUS-10058,Pemberley Schools Group,TEM-68503-B,Retail,London,BRK-031,Rhys Brooke,rhys.brooke@pemberleyschoo.co.uk,31/01/2023,Active
CUS-10059,Marlow Dairy Co,TEM-43687-B,Manufacturing,Scotland,BRK-003,Peter Mercer,peter.mercer@marlowdairy.co.uk,10/10/2025,Active
CUS-10060,Nettlebed Cinemas & Sons,TEM-10494-F,Professional Services,North East,BRK-021,Gareth Patel,gareth.patel@nettlebedcinem.co.uk,2024-06-14,Active
CUS-10061,Umberside Engineering Holdings,TEM-75082-B,Hospitality,East of England,BRK-028,Noel Lomax,noel.lomax@umbersideengin.co.uk,2025-05-18,Active
CUS-10062,Selworthy Restaurants & Sons,TEM-30963-B,Logistics,North East,BRK-006,Iona Quinn,iona.quinn@selworthyresta.co.uk,2023-12-04,Active
CUS-10063,Caldwell Motors Partners,TEM-44719-E,Manufacturing,Midlands,,Iona Vance,iona.vance@caldwellmotors.co.uk,2025-09-19,Active
CUS-10064,Ullswater Offices Holdings,TEM-40793-F,Agriculture,North East,BRK-030,Jack Kaur,jack.kaur@ullswateroffic.co.uk,05/05/2022,Active
CUS-10065,Dunmore Cinemas (UK) Ltd,TEM-34344-B,Leisure,Yorkshire,BRK-017,Sanjay Keane,sanjay.keane@dunmorecinemas.co.uk,25/09/2024,Active
CUS-10066,Padstow Print & Sons,TEM-95149-G,Manufacturing,South West,BRK-016,Aisha Mercer,aisha.mercer@padstowprint.co.uk,2024-10-28,Active
CUS-10067,Hollybush Bakehouse Holdings,TEM-40525-A,Hospitality,Midlands,,Nadia Pryce,nadia.pryce@hollybushbakeh.co.uk,2024-06-22,Lost
CUS-10068,Riverbank Fabrications Partners,TEM-91257-C,Leisure,North West,BRK-001,Jack Pryce,jack.pryce@riverbankfabri.co.uk,12/10/2022,Lost
CUS-10069,Kingsmead Studios Ltd,TEM-63607-F,Retail,Yorkshire,BRK-014,Marcus Marsh,marcus.marsh@kingsmeadstudi.co.uk,14/04/2024,Active
CUS-10070,Riverbank Retail Ltd,TEM-97035-E,Food & Drink,Wales,BRK-027,Omar Wren,omar.wren@riverbankretai.co.uk,2023-11-27,Lost
CUS-10071,Elmwood Aquatics Group,TEM-84254-C,Logistics,South East,BRK-027,Tara Frost,tara.frost@elmwoodaquatic.co.uk,2024-05-15,Active
CUS-10072,Nettlebed Roofing Limited,TEM-65542-A,Manufacturing,South East,BRK-001,Ewan Mercer,ewan.mercer@nettlebedroofi.co.uk,30/03/2025,Active
CUS-10073,Zetland Bookbinders Ltd,TEM-21669-E,Professional Services,London,BRK-010,Chloe Whitfield,chloe.whitfield@zetlandbookbin.co.uk,2023-11-24,Active
CUS-10074,Fernhill Schools Group,TEM-35865-C,Food & Drink,North West,BRK-005,Fatima Underhill,fatima.underhill@fernhillschool.co.uk,16/05/2023,Lost
CUS-10075,Halewood Hotels (UK) Ltd,TEM-93928-G,Leisure,Scotland,,Zara Brooke,zara.brooke@halewoodhotels.co.uk,22/03/2025,Active
CUS-10076,Tredegar Upholstery Limited,TEM-30510-D,Retail,North East,BRK-003,Kirsty Ferris,kirsty.ferris@tredegaruphols.co.uk,2023-03-21,Active
CUS-10077,Westcliff Scaffolding Limited,TEM-25431-D,Professional Services,South West,BRK-003,Priya Wren,priya.wren@westcliffscaff.co.uk,21/04/2024,Active
CUS-10078,Ullswater Marine (UK) Ltd,TEM-33430-A,Hospitality,Scotland,BRK-024,Peter Osei,peter.osei@ullswatermarin.co.uk,31/08/2023,Active
CUS-10079,Ashcombe Restaurants Holdings,TEM-26836-C,Logistics,London,BRK-031,Gareth Quinn,gareth.quinn@ashcomberestau.co.uk,2025-09-29,Active
CUS-10080,Exmoor Textiles Partners,TEM-77040-A,Hospitality,Wales,BRK-006,Priya Patel,priya.patel@exmoortextiles.co.uk,12/05/2024,Active
CUS-10081,Lighthouse Logistics Ltd,TEM-99932-G,Leisure,North East,BRK-032,Gareth Reid,gareth.reid@lighthouselogi.co.uk,12/03/2025,Active
CUS-10082,Tredegar Glassworks Group,TEM-28818-C,Agriculture,South West,,Fatima Hale,fatima.hale@tredegarglassw.co.uk,2023-07-25,Active
CUS-10083,Quenington Aggregates (UK) Ltd,TEM-31132-F,Healthcare,London,BRK-003,Freya Doyle,freya.doyle@queningtonaggr.co.uk,10/11/2023,Active
CUS-10084,Stanhope Chandlery Group,TEM-48299-G,Professional Services,North East,BRK-024,Oliver Underhill,oliver.underhill@stanhopechandl.co.uk,01/08/2023,Active
CUS-10085,Jarrow Dairy Co,TEM-53362-G,Manufacturing,South West,BRK-024,Ben Marsh,ben.marsh@jarrowdairy.co.uk,2024-02-07,Active
CUS-10086,Bramble Packaging Ltd,TEM-14429-B,Food & Drink,East of England,BRK-021,Grace Underhill,grace.underhill@bramblepackagi.co.uk,06/12/2021,Active
CUS-10087,Ullswater Textiles & Sons,TEM-84333-C,Healthcare,North East,BRK-003,Tom Chowdhury,tom.chowdhury@ullswatertexti.co.uk,08/02/2026,Lost
CUS-10088,Jarrow Data Rooms Co,TEM-30791-B,Hospitality,Midlands,BRK-014,Stefan Grady,stefan.grady@jarrowdataroom.co.uk,2023-06-17,Active
CUS-10089,Yewtree Engineering Ltd,TEM-94534-G,Agriculture,London,BRK-017,Ryan Ellison,ryan.ellison@yewtreeenginee.co.uk,22/10/2025,Active
CUS-10090,Selworthy Laundry Holdings,TEM-13306-D,Food & Drink,Midlands,,Peter Vance,peter.vance@selworthylaund.co.uk,2023-02-21,Lost
CUS-10091,Saltmarsh Bookbinders Ltd,TEM-77929-E,Agriculture,South East,BRK-013,Sarah Wren,sarah.wren@saltmarshbookb.co.uk,2025-01-01,Dormant
CUS-10092,Garwood Marine Ltd,TEM-80569-A,Logistics,South East,,Callum MacLeod,callum.macleod@garwoodmarine.co.uk,11/06/2023,Active
CUS-10093,Cobalt Recycling,TEM-15087-A,Retail,East of England,BRK-007,Amber Ferris,amber.ferris@cobaltrecyclin.co.uk,2022-07-06,Active
CUS-10094,Applegarth Dairy Partners,TEM-21196-E,Hospitality,Yorkshire,,Rhys Underhill,rhys.underhill@applegarthdair.co.uk,26/11/2024,Active
CUS-10095,Violetta Salvage Limited,TEM-59735-G,Agriculture,South West,BRK-025,Fatima Hale,fatima.hale@violettasalvag.co.uk,12/10/2024,Active
CUS-10096,Ingleby Joinery Ltd,TEM-37782-D,Professional Services,Scotland,,James Osei,james.osei@inglebyjoinery.co.uk,2024-05-24,Active
CUS-10097,Norbury Gym Ltd,TEM-13766-A,Hospitality,Yorkshire,BRK-011,Priya Okafor,priya.okafor@norburygym.co.uk,2025-04-29,Active
CUS-10098,Foxglove Recycling Ltd,TEM-60311-A,Leisure,Midlands,BRK-035,Aisha Keane,aisha.keane@foxgloverecycl.co.uk,2025-10-01,Active
CUS-10099,Vantage Padel Ltd,TEM-94714-B,Healthcare,London,BRK-009,Daniel Frost,daniel.frost@vantagepadel.co.uk,15/11/2021,Lost
CUS-10100,Verity Aggregates Ltd,TEM-58237-C,Professional Services,Wales,,Holly Marsh,holly.marsh@verityaggregat.co.uk,10/11/2021,Lost
CUS-10101,Cranleigh Packaging Ltd,TEM-16306-E,Professional Services,Midlands,BRK-007,Tara Okafor,tara.okafor@cranleighpacka.co.uk,2022-03-03,Active
CUS-10102,Ottershaw Milling Group,TEM-17073-A,Retail,South West,BRK-013,Fatima Osei,fatima.osei@ottershawmilli.co.uk,2021-11-29,Active
CUS-10103,Denholm Joinery Ltd,TEM-30826-C,Leisure,Midlands,,Omar Jennings,omar.jennings@denholmjoinery.co.uk,18/11/2022,Active
CUS-10104,Stanhope Breweries,TEM-22471-D,Logistics,North East,BRK-007,Daniel Sharpe,daniel.sharpe@stanhopebrewer.co.uk,16/02/2024,Active
CUS-10105,Marlow Fabrications Limited,TEM-92672-B,Education,Yorkshire,BRK-035,Callum Marsh,callum.marsh@marlowfabricat.co.uk,2023-12-30,Active
CUS-10106,Lowther Seafoods & Sons,TEM-52380-B,Education,South West,BRK-029,Lewis Sutton,lewis.sutton@lowtherseafood.co.uk,17/12/2021,Active
CUS-10107,Padstow Data Rooms Ltd,TEM-49519-G,Professional Services,Yorkshire,BRK-016,Dev Quinn,dev.quinn@padstowdataroo.co.uk,2024-08-15,Active
CUS-10108,Westcliff Scaffolding & Sons,TEM-43906-F,Manufacturing,Yorkshire,BRK-016,Nia Underhill,nia.underhill@westcliffscaff.co.uk,2025-01-22,Active
CUS-10109,Millpond Pharmacy Ltd,TEM-93621-A,Healthcare,Midlands,BRK-028,Ryan Grady,ryan.grady@millpondpharma.co.uk,05/07/2025,Active
CUS-10110,Ashcombe Padel Ltd,TEM-70722-A,Food & Drink,East of England,BRK-033,Ewan Osei,ewan.osei@ashcombepadel.co.uk,17/06/2024,Active
CUS-10111,Harborne Recycling Limited,TEM-95522-G,Professional Services,Midlands,BRK-027,Rhys Yates,rhys.yates@harbornerecycl.co.uk,2022-05-18,Active
CUS-10112,Cedar Galvanising Co,TEM-62446-F,Food & Drink,East of England,BRK-007,Iona Marsh,iona.marsh@cedargalvanisi.co.uk,05/10/2024,Active
CUS-10113,Caldwell Galvanising Ltd,TEM-11393-D,Education,North East,BRK-012,Gareth Nairn,gareth.nairn@caldwellgalvan.co.uk,2024-04-13,Active
CUS-10114,Yarrow Nurseries Limited,TEM-80914-B,Education,Wales,BRK-007,Fatima Ogden,fatima.ogden@yarrownurserie.co.uk,2023-07-24,Active
CUS-10115,Oakhurst Laundry & Sons,TEM-26042-F,Professional Services,London,BRK-012,Tara Quinn,tara.quinn@oakhurstlaundr.co.uk,2021-11-04,Active
CUS-10116,Yarrow Cinemas Co,TEM-98458-C,Professional Services,East of England,BRK-027,Ewan MacLeod,ewan.macleod@yarrowcinemas.co.uk,2022-08-06,Active
CUS-10117,Thackery Marine Co,TEM-37788-B,Food & Drink,North East,,Lewis Kaur,lewis.kaur@thackerymarine.co.uk,2023-07-13,Active
CUS-10118,Bexley Roofing Partners,TEM-81862-F,Food & Drink,South West,BRK-027,Nadia Sutton,nadia.sutton@bexleyroofing.co.uk,21/06/2024,Active
CUS-10119,Umberside Cinemas Co,TEM-46858-C,Leisure,East of England,BRK-031,Lucy Osei,lucy.osei@umbersidecinem.co.uk,27/01/2022,Lost
CUS-10120,Caldwell Offices Co,TEM-60477-A,Manufacturing,Scotland,BRK-024,Gareth Brooke,gareth.brooke@caldwelloffice.co.uk,03/06/2024,Dormant
CUS-10121,Lighthouse Laundry & Sons,TEM-48403-C,Professional Services,North East,BRK-014,Stefan Whitfield,stefan.whitfield@lighthouselaun.co.uk,2022-06-11,Active
CUS-10122,Umberside Farm Foods Holdings,TEM-89890-F,Professional Services,North East,BRK-026,Holly Sutton,holly.sutton@umbersidefarmf.co.uk,07/03/2025,Active
CUS-10123,Millpond Offices Limited,TEM-82753-A,Healthcare,South East,BRK-029,Lewis Brooke,lewis.brooke@millpondoffice.co.uk,2025-06-19,Active
CUS-10124,Lighthouse Ice Cream Holdings,TEM-75296-B,Agriculture,Scotland,BRK-010,Craig MacLeod,craig.macleod@lighthouseicec.co.uk,2024-09-27,Active
CUS-10125,Elmwood Salvage & Sons,TEM-65812-D,Manufacturing,Yorkshire,BRK-019,Noel Yates,noel.yates@elmwoodsalvage.co.uk,08/01/2024,Active
CUS-10126,Marlow Logistics (UK) Ltd,TEM-28938-A,Leisure,South East,BRK-007,Priya Iqbal,priya.iqbal@marlowlogistic.co.uk,2023-05-28,Active
CUS-10127,Kingsmead Engineering,TEM-47244-D,Retail,South East,BRK-034,Ben Iqbal,ben.iqbal@kingsmeadengin.co.uk,09/12/2024,Active
CUS-10128,Langmere Hotels Group,TEM-76378-C,Leisure,South West,BRK-026,Grace Jennings,grace.jennings@langmerehotels.co.uk,2024-08-06,Active
CUS-10129,Jespersen Print & Sons,TEM-62281-F,Agriculture,South East,BRK-006,Callum Chowdhury,callum.chowdhury@jespersenprint.co.uk,2025-11-23,Active
CUS-10130,Silverbeck Marine Ltd,TEM-17883-G,Agriculture,Wales,BRK-031,Sarah Patel,sarah.patel@silverbeckmari.co.uk,07/06/2022,Active
CUS-10131,Tredegar Studios,TEM-23285-F,Food & Drink,North West,BRK-030,Nia Brooke,nia.brooke@tredegarstudio.co.uk,22/02/2025,Active
CUS-10132,Atlas Roofing Ltd,TEM-65284-A,Retail,North West,BRK-017,Ben Chowdhury,ben.chowdhury@atlasroofing.co.uk,31/01/2025,Active
CUS-10133,Norbury Roofing (UK) Ltd,TEM-65190-E,Logistics,South West,BRK-003,Tom Sharpe,tom.sharpe@norburyroofing.co.uk,2021-10-13,Active
CUS-10134,Kestrel Robotics Co,TEM-94476-D,Leisure,Yorkshire,BRK-027,Nia Sutton,nia.sutton@kestrelrobotic.co.uk,2025-08-28,Active
CUS-10135,Verity Bakehouse Ltd,TEM-46103-F,Professional Services,Midlands,BRK-008,Oliver Brooke,oliver.brooke@veritybakehous.co.uk,08/01/2026,Lost
CUS-10136,Ironbridge Hotels & Sons,TEM-16902-F,Hospitality,North West,BRK-032,Ryan Brooke,ryan.brooke@ironbridgehote.co.uk,2024-09-11,Active
CUS-10137,Kestrel Forge,TEM-73744-E,Hospitality,London,BRK-020,Gareth Brooke,gareth.brooke@kestrelforge.co.uk,11/03/2025,Active
CUS-10138,Ottershaw Scaffolding Holdings,TEM-31499-F,Logistics,South West,BRK-008,Kirsty Vance,kirsty.vance@ottershawscaff.co.uk,04/07/2022,Active
CUS-10139,Yewtree Cinemas (UK) Ltd,TEM-12031-G,Food & Drink,Scotland,BRK-022,Dev Frost,dev.frost@yewtreecinemas.co.uk,19/01/2022,Active
CUS-10140,Padstow Leisure Limited,TEM-10220-C,Healthcare,East of England,BRK-015,Zara Lomax,zara.lomax@padstowleisure.co.uk,13/07/2024,Active
CUS-10141,Elmwood Seafoods Ltd,TEM-99736-G,Education,London,BRK-010,Grace Sutton,grace.sutton@elmwoodseafood.co.uk,2023-01-19,Active
CUS-10142,Kelbrook Motors Holdings,TEM-98822-D,Education,Midlands,BRK-015,Zara Ogden,zara.ogden@kelbrookmotors.co.uk,19/10/2025,Active
CUS-10143,Quenington Glassworks Ltd,TEM-18209-B,Logistics,Scotland,BRK-035,Zara Quinn,zara.quinn@queningtonglas.co.uk,16/10/2021,Active
CUS-10144,Hatherley Veterinary Holdings,TEM-47984-C,Professional Services,Scotland,BRK-013,Freya Ogden,freya.ogden@hatherleyveter.co.uk,11/03/2022,Lost
CUS-10145,Silverbeck Bookbinders Partners,TEM-58715-F,Education,North East,BRK-032,Ryan Doyle,ryan.doyle@silverbeckbook.co.uk,2025-07-11,Active
CUS-10146,Halewood Foundry Ltd,TEM-84117-D,Professional Services,Scotland,BRK-002,Holly Ellison,holly.ellison@halewoodfoundr.co.uk,2024-12-21,Lost
CUS-10147,Zephyr Bookbinders Group,TEM-27157-C,Hospitality,London,,Rhys Nowak,rhys.nowak@zephyrbookbind.co.uk,2022-09-16,Active
CUS-10148,Ironbridge Pharmacy Ltd,TEM-73810-G,Manufacturing,Scotland,BRK-024,James MacLeod,james.macleod@ironbridgephar.co.uk,21/07/2023,Active
CUS-10149,Cedar Catering Ltd,TEM-76388-D,Food & Drink,South West,BRK-006,Lucy Hale,lucy.hale@cedarcatering.co.uk,2022-05-14,Active
CUS-10150,Oakhurst Restaurants Limited,TEM-82461-A,Hospitality,East of England,,Jack Patel,jack.patel@oakhurstrestau.co.uk,15/10/2025,Active
CUS-10151,Saltmarsh Engineering Ltd,TEM-87304-E,Education,North East,,Iona Whitfield,iona.whitfield@saltmarshengin.co.uk,12/06/2024,Active
CUS-10152,Ivybridge Fabrications Group,TEM-28762-F,Hospitality,South West,BRK-025,Zara Reid,zara.reid@ivybridgefabri.co.uk,2024-10-13,Dormant
CUS-10153,Pennine Gym Limited,TEM-22712-D,Hospitality,North East,,Aisha Keane,aisha.keane@penninegym.co.uk,13/08/2023,Lost
CUS-10154,Kingsmead Veterinary Limited,TEM-17435-B,Education,Wales,BRK-010,Kirsty Reid,kirsty.reid@kingsmeadveter.co.uk,2021-12-29,Active
CUS-10155,Exmoor Maltings Ltd,TEM-48869-C,Food & Drink,East of England,BRK-010,Sanjay Nairn,sanjay.nairn@exmoormaltings.co.uk,02/12/2022,Lost
CUS-10156,Hollybush Veterinary Holdings,TEM-37676-E,Education,East of England,BRK-033,Kirsty Reid,kirsty.reid@hollybushveter.co.uk,2022-05-17,Lost
CUS-10157,Yarrow Glassworks Limited,TEM-22788-D,Healthcare,South East,,Ben Osei,ben.osei@yarrowglasswor.co.uk,2024-10-14,Active
CUS-10158,Saltmarsh Salvage Group,TEM-68065-A,Agriculture,East of England,BRK-033,Ryan Okafor,ryan.okafor@saltmarshsalva.co.uk,2025-05-02,Active
CUS-10159,Nettlebed Leisure Ltd,TEM-78374-G,Leisure,Yorkshire,BRK-012,Tara Bright,tara.bright@nettlebedleisu.co.uk,2025-02-10,Lost
CUS-10160,Ravenscar Care Ltd,TEM-97805-F,Leisure,Scotland,BRK-012,Nia Sharpe,nia.sharpe@ravenscarcare.co.uk,08/09/2022,Active
CUS-10161,Millpond Bakehouse Ltd,TEM-53937-C,Education,North East,BRK-004,Lewis Nairn,lewis.nairn@millpondbakeho.co.uk,2024-03-04,Active
CUS-10162,Tanfield Glassworks Holdings,TEM-58649-E,Professional Services,North West,BRK-024,Chloe Ellison,chloe.ellison@tanfieldglassw.co.uk,08/03/2022,Lost
CUS-10163,Hatherley Timber Partners,TEM-59989-E,Hospitality,East of England,BRK-016,Aisha Reid,aisha.reid@hatherleytimbe.co.uk,2024-04-27,Active
CUS-10164,Ellerton Timber Partners,TEM-39320-E,Food & Drink,Yorkshire,BRK-009,James Underhill,james.underhill@ellertontimber.co.uk,2025-08-16,Lost
CUS-10165,Gilded Aggregates Partners,TEM-93471-E,Education,Wales,BRK-013,James Okafor,james.okafor@gildedaggregat.co.uk,2022-10-05,Active
CUS-10166,Exmoor Engineering & Sons,TEM-75635-G,Healthcare,North East,BRK-008,Megan Ferris,megan.ferris@exmoorengineer.co.uk,2022-11-02,Active
CUS-10167,Cedar Aquatics Ltd,TEM-61984-B,Hospitality,South East,BRK-010,Anita Kaur,anita.kaur@cedaraquatics.co.uk,13/07/2023,Active
CUS-10168,Ravenscar Salvage (UK) Ltd,TEM-62521-B,Retail,South East,BRK-004,Lewis Patel,lewis.patel@ravenscarsalva.co.uk,22/03/2024,Active
CUS-10169,Silverbeck Upholstery Partners,TEM-96916-F,Hospitality,London,BRK-023,Tom Hale,tom.hale@silverbeckupho.co.uk,2023-10-03,Active
CUS-10170,Ingleby Farm Foods Ltd,TEM-62042-G,Education,North West,BRK-002,Iona Osei,iona.osei@inglebyfarmfoo.co.uk,2023-10-06,Active
CUS-10171,Pennine Maltings,TEM-81074-G,Hospitality,Scotland,,Gareth Ellison,gareth.ellison@penninemalting.co.uk,2022-08-07,Active
CUS-10172,Yarrow Breweries Partners,TEM-55554-F,Food & Drink,North East,BRK-003,Sarah Osei,sarah.osei@yarrowbrewerie.co.uk,2024-05-29,Active
CUS-10173,Ravenscar Textiles Group,TEM-27218-C,Logistics,Scotland,BRK-010,Daniel Quinn,daniel.quinn@ravenscartexti.co.uk,03/04/2023,Active
CUS-10174,Birchmoor Restaurants Ltd,TEM-81902-F,Retail,South West,BRK-015,Anita Frost,anita.frost@birchmoorresta.co.uk,28/12/2024,Active
CUS-10175,Tredegar Ice Cream Holdings,TEM-60223-E,Logistics,North West,BRK-015,Callum Okafor,callum.okafor@tredegaricecre.co.uk,22/01/2023,Active
CUS-10176,Elmwood Maltings Limited,TEM-48732-A,Hospitality,Yorkshire,BRK-018,Iona Wren,iona.wren@elmwoodmalting.co.uk,2024-11-28,Active
CUS-10177,Selworthy Maltings & Sons,TEM-24318-E,Leisure,Yorkshire,BRK-029,Amber MacLeod,amber.macleod@selworthymalti.co.uk,04/11/2021,Active
CUS-10178,Kingsmead Optics & Sons,TEM-22458-F,Education,East of England,BRK-018,Chloe Ogden,chloe.ogden@kingsmeadoptic.co.uk,2023-03-21,Active
CUS-10179,Tanfield Maltings Ltd,TEM-29612-D,Healthcare,Scotland,BRK-008,Sarah Nairn,sarah.nairn@tanfieldmaltin.co.uk,2022-11-30,Active
CUS-10180,Pemberley Upholstery Holdings,TEM-82791-E,Logistics,London,BRK-019,Noel Frost,noel.frost@pemberleyuphol.co.uk,2023-03-04,Active
CUS-10181,Ellerton Pharmacy Holdings,TEM-86229-B,Manufacturing,London,BRK-010,Callum Ferris,callum.ferris@ellertonpharma.co.uk,03/01/2024,Active
CUS-10182,Selworthy Salvage Limited,TEM-13352-A,Healthcare,Scotland,,Iona Bright,iona.bright@selworthysalva.co.uk,23/01/2026,Active
CUS-10183,Eastbrook Nurseries Group,TEM-61054-D,Retail,North West,BRK-034,Anita Osei,anita.osei@eastbrooknurse.co.uk,17/09/2023,Active
CUS-10184,Yewtree Bakehouse,TEM-43906-F,Professional Services,Yorkshire,BRK-027,Aisha Underhill,aisha.underhill@yewtreebakehou.co.uk,2023-11-15,Active
CUS-10185,Ullswater Offices Co,TEM-58058-A,Healthcare,Wales,BRK-006,Amber Iqbal,amber.iqbal@ullswateroffic.co.uk,2024-05-03,Active
CUS-10186,Vantage Roofing Group,TEM-78689-C,Agriculture,Midlands,,Dev Tate,dev.tate@vantageroofing.co.uk,2025-03-30,Active
CUS-10187,Tanfield Farm Foods Ltd,TEM-10364-C,Agriculture,North West,BRK-003,Paula Nowak,paula.nowak@tanfieldfarmfo.co.uk,23/01/2026,Active
CUS-10188,Rosedale Salvage Ltd,TEM-82515-E,Healthcare,Wales,BRK-013,Stefan Whitfield,stefan.whitfield@rosedalesalvag.co.uk,2021-10-23,Active
CUS-10189,Ottershaw Print Co,TEM-13805-A,Manufacturing,Yorkshire,BRK-034,Nia Reid,nia.reid@ottershawprint.co.uk,10/07/2025,Active
CUS-10190,Ashcombe Packaging Co,TEM-56379-C,Food & Drink,North West,BRK-021,Tom Whitfield,tom.whitfield@ashcombepackag.co.uk,14/10/2024,Dormant
CUS-10191,Atlas Upholstery (UK) Ltd,TEM-61903-E,Hospitality,South West,BRK-025,Aisha Jennings,aisha.jennings@atlasupholster.co.uk,2024-11-20,Lost
CUS-10192,Violetta Restaurants Limited,TEM-10807-G,Education,East of England,,Priya Vance,priya.vance@violettarestau.co.uk,10/05/2024,Active
CUS-10193,Selworthy Aggregates Holdings,TEM-73489-A,Leisure,North East,BRK-015,Aisha Doyle,aisha.doyle@selworthyaggre.co.uk,2023-11-20,Active
CUS-10194,Stanhope Schools Co,TEM-57570-A,Retail,Wales,,Jack Whitfield,jack.whitfield@stanhopeschool.co.uk,21/12/2022,Active
CUS-10195,Jespersen Aquatics,TEM-35060-D,Healthcare,London,BRK-023,Aisha Reid,aisha.reid@jespersenaquat.co.uk,2023-12-13,Active
CUS-10196,Whitethorn Padel Group,TEM-35728-C,Agriculture,Yorkshire,BRK-016,James Iqbal,james.iqbal@whitethornpade.co.uk,08/08/2025,Active
CUS-10197,Ashcombe Salvage Limited,TEM-37270-C,Education,Wales,BRK-026,Fatima Keane,fatima.keane@ashcombesalvag.co.uk,2022-11-12,Active
CUS-10198,Umberside Upholstery Holdings,TEM-80079-B,Logistics,Scotland,BRK-029,Chloe Marsh,chloe.marsh@umbersideuphol.co.uk,2024-01-22,Active
CUS-10199,Northgate Maltings Ltd,TEM-60438-A,Professional Services,Yorkshire,BRK-018,Freya Brooke,freya.brooke@northgatemalti.co.uk,31/10/2021,Active
CUS-10200,Kestrel Pharmacy Ltd,TEM-75583-G,Healthcare,Midlands,BRK-007,Jack Kaur,jack.kaur@kestrelpharmac.co.uk,2024-02-04,Lost
CUS-10201,Gilded Care Limited,TEM-70878-G,Food & Drink,East of England,BRK-026,Grace Chowdhury,grace.chowdhury@gildedcare.co.uk,2023-11-10,Active
CUS-10202,Marlow Fabrications,TEM-56152-F,Manufacturing,Yorkshire,BRK-030,Holly Nairn,holly.nairn@marlowfabricat.co.uk,16/11/2023,Active
CUS-10203,Vantage Cinemas (UK) Ltd,TEM-76267-A,Logistics,North West,BRK-011,Nadia Patel,nadia.patel@vantagecinemas.co.uk,16/11/2021,Active
CUS-10204,Bramble Precision Limited,TEM-99696-E,Retail,North West,BRK-017,Paula Sharpe,paula.sharpe@brambleprecisi.co.uk,2022-05-13,Active
CUS-10205,Cranleigh Kennels Ltd,TEM-51753-B,Retail,North East,,Stefan MacLeod,stefan.macleod@cranleighkenne.co.uk,29/11/2025,Active
CUS-10206,Rosedale Recycling (UK) Ltd,TEM-68006-C,Agriculture,South West,BRK-023,Nadia Ellison,nadia.ellison@rosedalerecycl.co.uk,2023-09-29,Active
CUS-10207,Redwing Leisure,TEM-83285-C,Food & Drink,Wales,BRK-013,Freya Chowdhury,freya.chowdhury@redwingleisure.co.uk,2022-03-07,Lost
CUS-10208,Violetta Nurseries Group,TEM-93428-C,Food & Drink,Yorkshire,BRK-023,Peter MacLeod,peter.macleod@violettanurser.co.uk,28/12/2024,Active
CUS-10209,Caldwell Restaurants Limited,TEM-49239-B,Food & Drink,Scotland,BRK-009,Sarah Tate,sarah.tate@caldwellrestau.co.uk,2024-02-25,Active
CUS-10210,Jespersen Dairy Ltd,TEM-88470-D,Logistics,Midlands,BRK-011,Craig Osei,craig.osei@jespersendairy.co.uk,2025-04-02,Active
CUS-10211,Dunmore Bakehouse & Sons,TEM-50490-D,Manufacturing,Yorkshire,BRK-018,Omar Bright,omar.bright@dunmorebakehou.co.uk,02/07/2025,Active
CUS-10212,Exmoor Galvanising (UK) Ltd,TEM-73638-A,Retail,Scotland,BRK-005,Ben Frost,ben.frost@exmoorgalvanis.co.uk,30/06/2023,Lost
CUS-10213,Hollybush Roofing Holdings,TEM-21923-F,Healthcare,Scotland,BRK-035,Rhys Sharpe,rhys.sharpe@hollybushroofi.co.uk,09/02/2024,Active
CUS-10214,Westcliff Care Ltd,TEM-93637-E,Food & Drink,North East,BRK-010,James Okafor,james.okafor@westcliffcare.co.uk,29/01/2025,Active
CUS-10215,Tredegar Veterinary Co,TEM-43233-B,Hospitality,North West,BRK-024,Jack Jennings,jack.jennings@tredegarveteri.co.uk,2024-01-19,Lost
CUS-10216,Norbury Tanning,TEM-30641-C,Professional Services,Scotland,,Ewan MacLeod,ewan.macleod@norburytanning.co.uk,2023-04-27,Active
CUS-10217,Fernhill Joinery Limited,TEM-67606-D,Leisure,Midlands,BRK-026,Fatima Chowdhury,fatima.chowdhury@fernhilljoiner.co.uk,24/11/2025,Lost
CUS-10218,Harborne Padel (UK) Ltd,TEM-65208-C,Manufacturing,South West,BRK-005,Freya Osei,freya.osei@harbornepadel.co.uk,2023-03-28,Active
CUS-10219,Bramble Kennels Ltd,TEM-21146-E,Retail,Wales,BRK-023,Zara Frost,zara.frost@bramblekennels.co.uk,29/06/2023,Active
CUS-10220,Verity Nurseries,TEM-98663-C,Professional Services,East of England,,Ryan Mercer,ryan.mercer@veritynurserie.co.uk,14/10/2025,Active
CUS-10221,Oakhurst Ice Cream,TEM-34752-B,Education,North East,BRK-034,Chloe Grady,chloe.grady@oakhursticecre.co.uk,2025-12-18,Active
CUS-10222,Padstow Fabrications Partners,TEM-44220-A,Leisure,Yorkshire,BRK-016,Stefan Nairn,stefan.nairn@padstowfabrica.co.uk,2023-11-25,Active
CUS-10223,Langmere Recycling Ltd,TEM-74130-B,Agriculture,South West,BRK-013,Nadia Marsh,nadia.marsh@langmererecycl.co.uk,2024-09-16,Active
CUS-10224,Kelbrook Precision Ltd,TEM-27600-G,Agriculture,Wales,BRK-027,Freya Yates,freya.yates@kelbrookprecis.co.uk,2023-08-28,Active
CUS-10225,Garwood Engineering Holdings,TEM-22204-B,Retail,Scotland,BRK-013,Ewan Voss,ewan.voss@garwoodenginee.co.uk,2021-10-10,Active
CUS-10226,Silverbeck Restaurants Ltd,TEM-27772-D,Manufacturing,Scotland,BRK-014,Ben Patel,ben.patel@silverbeckrest.co.uk,2025-06-12,Active
CUS-10227,Norbury Breweries & Sons,TEM-99197-A,Healthcare,North East,BRK-022,Fatima Keane,fatima.keane@norburybreweri.co.uk,2021-12-29,Active
CUS-10228,Oakhurst Textiles Partners,TEM-52908-G,Professional Services,North East,BRK-023,Holly Sharpe,holly.sharpe@oakhursttextil.co.uk,2023-01-16,Lost
CUS-10229,Westcliff Aggregates & Sons,TEM-73969-A,Manufacturing,East of England,BRK-029,Emily Pryce,emily.pryce@westcliffaggre.co.uk,2026-01-02,Lost
CUS-10230,Quayside Motors Group,TEM-45220-D,Hospitality,North West,BRK-017,Zara Sutton,zara.sutton@quaysidemotors.co.uk,03/04/2022,Active
CUS-10231,Quayside Offices Partners,TEM-94500-F,Professional Services,South East,BRK-003,Kirsty Patel,kirsty.patel@quaysideoffice.co.uk,23/08/2022,Lost
CUS-10232,Elmwood Joinery Holdings,TEM-79240-B,Healthcare,Yorkshire,BRK-034,Ewan Kaur,ewan.kaur@elmwoodjoinery.co.uk,2024-04-10,Lost
CUS-10233,Summerton Gym & Sons,TEM-10784-C,Professional Services,South West,BRK-025,Noel Iqbal,noel.iqbal@summertongym.co.uk,11/05/2024,Active
CUS-10234,Umberside Logistics Limited,TEM-18320-E,Healthcare,London,BRK-010,Noel Patel,noel.patel@umbersidelogis.co.uk,2024-08-03,Active
CUS-10235,Pennine Motors Ltd,TEM-41200-G,Food & Drink,North East,BRK-007,Emily Osei,emily.osei@penninemotors.co.uk,17/07/2024,Active
CUS-10236,Kingsmead Recycling & Sons,TEM-54199-F,Retail,South West,BRK-026,Freya Doyle,freya.doyle@kingsmeadrecyc.co.uk,04/03/2022,Active
CUS-10237,Westcliff Tanning Limited,TEM-69392-D,Education,South East,BRK-001,Holly Sutton,holly.sutton@westclifftanni.co.uk,10/05/2022,Active
CUS-10238,Stanhope Seafoods Ltd,TEM-96358-C,Manufacturing,Midlands,BRK-017,Ryan Grady,ryan.grady@stanhopeseafoo.co.uk,2023-01-11,Active
CUS-10239,Padstow Farm Foods Group,TEM-66134-F,Manufacturing,South West,,Stefan Jennings,stefan.jennings@padstowfarmfoo.co.uk,11/10/2021,Active
CUS-10240,Bramble Cinemas Group,TEM-38614-A,Logistics,South West,BRK-018,Anita Okafor,anita.okafor@bramblecinemas.co.uk,2026-01-03,Active
CUS-10241,Selworthy Plastics Partners,TEM-16370-A,Manufacturing,Scotland,BRK-004,Megan Ogden,megan.ogden@selworthyplast.co.uk,02/10/2022,Active
CUS-10242,Lighthouse Bakehouse Limited,TEM-37816-C,Retail,North West,BRK-001,Sanjay Voss,sanjay.voss@lighthousebake.co.uk,19/12/2025,Active
CUS-10243,Silverbeck Packaging,TEM-92091-E,Retail,South West,BRK-027,Dev Ferris,dev.ferris@silverbeckpack.co.uk,19/08/2025,Active
CUS-10244,Yarrow Galvanising Ltd,TEM-53144-B,Manufacturing,North West,BRK-021,James Hale,james.hale@yarrowgalvanis.co.uk,2022-09-05,Lost
CUS-10245,Redwing Studios Partners,TEM-87134-G,Agriculture,Yorkshire,BRK-028,Daniel Jennings,daniel.jennings@redwingstudios.co.uk,23/04/2022,Active
CUS-10246,Umberside Recycling (UK) Ltd,TEM-69396-E,Healthcare,London,BRK-020,Lucy Rowntree,lucy.rowntree@umbersiderecyc.co.uk,15/01/2023,Active
CUS-10247,Northgate Aggregates Ltd,TEM-39906-D,Manufacturing,North West,BRK-024,Craig Rowntree,craig.rowntree@northgateaggre.co.uk,2022-08-06,Dormant
CUS-10248,Cedar Hotels Partners,TEM-57921-F,Food & Drink,Yorkshire,BRK-012,Freya Bright,freya.bright@cedarhotels.co.uk,2022-09-21,Active
CUS-10249,Ingleby Logistics & Sons,TEM-55118-G,Logistics,South West,,Peter Pryce,peter.pryce@inglebylogisti.co.uk,2022-07-22,Active
CUS-10250,Ivybridge Chandlery Ltd,TEM-17862-B,Professional Services,South East,BRK-026,Megan Whitfield,megan.whitfield@ivybridgechand.co.uk,26/02/2024,Active
CUS-10251,Pemberley Optics,TEM-40327-C,Leisure,London,BRK-017,Nadia Okafor,nadia.okafor@pemberleyoptic.co.uk,06/10/2024,Active
CUS-10252,Birchmoor Marine Holdings,TEM-45032-G,Food & Drink,East of England,BRK-031,Marcus Yates,marcus.yates@birchmoormarin.co.uk,22/10/2021,Active
CUS-10253,Wrenfield Distillery Ltd,TEM-37501-G,Retail,North West,BRK-029,Omar Doyle,omar.doyle@wrenfielddisti.co.uk,30/10/2025,Active
CUS-10254,Ironbridge Leisure Ltd,TEM-27482-C,Food & Drink,Wales,BRK-010,Callum Okafor,callum.okafor@ironbridgeleis.co.uk,25/01/2026,Active
CUS-10255,Atlas Glassworks Ltd,TEM-61993-C,Hospitality,Scotland,BRK-022,Noel Mercer,noel.mercer@atlasglasswork.co.uk,2022-05-23,Active
CUS-10256,Millpond Chandlery,TEM-23745-F,Hospitality,North West,BRK-015,Sarah Patel,sarah.patel@millpondchandl.co.uk,16/03/2022,Active
CUS-10257,Foxglove Forge Ltd,TEM-33459-B,Agriculture,Yorkshire,,Oliver Sharpe,oliver.sharpe@foxgloveforge.co.uk,2026-02-08,Active
CUS-10258,Ingleby Schools Holdings,TEM-19488-C,Food & Drink,North West,,Aisha Jennings,aisha.jennings@inglebyschools.co.uk,12/11/2024,Active
CUS-10259,Applegarth Cold Storage Ltd,TEM-15427-F,Education,Wales,BRK-024,Emily Tate,emily.tate@applegarthcold.co.uk,17/04/2024,Active
CUS-10260,Langmere Distillery Co,TEM-60735-G,Logistics,South East,BRK-035,Sanjay Mercer,sanjay.mercer@langmeredistil.co.uk,2025-04-10,Active
CUS-10261,Harborne Restaurants (UK) Ltd,TEM-96956-A,Manufacturing,Scotland,BRK-025,Freya Marsh,freya.marsh@harbornerestau.co.uk,2025-01-03,Active
CUS-10262,Torque Aquatics Partners,TEM-10122-D,Education,Wales,BRK-021,Iona Pryce,iona.pryce@torqueaquatics.co.uk,18/11/2022,Active
CUS-10263,Quenington Nurseries Co,TEM-44918-E,Retail,North East,BRK-005,Peter Lomax,peter.lomax@queningtonnurs.co.uk,2023-03-04,Active
CUS-10264,Zephyr Salvage Holdings,TEM-79304-C,Agriculture,Midlands,BRK-015,Holly Underhill,holly.underhill@zephyrsalvage.co.uk,2025-10-02,Active
CUS-10265,Nettlebed Restaurants,TEM-15670-C,Logistics,London,BRK-030,Jack Sutton,jack.sutton@nettlebedresta.co.uk,19/06/2022,Active
CUS-10266,Cedar Coachworks Ltd,TEM-78334-C,Education,North East,BRK-023,Lucy Lomax,lucy.lomax@cedarcoachwork.co.uk,11/03/2023,Active
CUS-10267,Rosedale Plastics Holdings,TEM-10775-F,Food & Drink,London,BRK-012,Oliver Pryce,oliver.pryce@rosedaleplasti.co.uk,13/04/2025,Active
CUS-10268,Hatherley Optics Limited,TEM-36326-A,Professional Services,East of England,BRK-025,Gareth Keane,gareth.keane@hatherleyoptic.co.uk,2023-01-01,Active
CUS-10269,Quenington Farm Foods Group,TEM-67418-A,Agriculture,South West,,Anita Ellison,anita.ellison@queningtonfarm.co.uk,2024-08-19,Active
CUS-10270,Millpond Garden Co,TEM-58126-A,Healthcare,South East,,Grace Keane,grace.keane@millpondgarden.co.uk,06/01/2024,Active
CUS-10271,Selworthy Tanning Group,TEM-86049-C,Manufacturing,Midlands,BRK-009,Holly Doyle,holly.doyle@selworthytanni.co.uk,17/01/2025,Active
CUS-10272,Riverbank Care Holdings,TEM-13354-A,Professional Services,Scotland,BRK-032,Zara Mercer,zara.mercer@riverbankcare.co.uk,08/07/2022,Active
CUS-10273,Ashcombe Joinery Co,TEM-27731-E,Hospitality,Midlands,BRK-005,Tara Rowntree,tara.rowntree@ashcombejoiner.co.uk,2023-05-14,Active
CUS-10274,Silverbeck Nurseries Ltd,TEM-21803-B,Manufacturing,Scotland,BRK-025,Grace Wren,grace.wren@silverbecknurs.co.uk,2025-06-17,Active
CUS-10275,Hollybush Offices Ltd,TEM-17179-E,Logistics,Scotland,BRK-013,Marcus Yates,marcus.yates@hollybushoffic.co.uk,2023-06-01,Active
CUS-10276,Tanfield Milling Ltd,TEM-80632-C,Agriculture,East of England,BRK-034,Ryan Hale,ryan.hale@tanfieldmillin.co.uk,2025-01-28,Active
CUS-10277,Halewood Pharmacy Group,TEM-49910-B,Logistics,South East,BRK-027,Callum Wren,callum.wren@halewoodpharma.co.uk,26/05/2024,Active
CUS-10278,Gilded Print Ltd,TEM-74092-F,Professional Services,Yorkshire,BRK-024,Tom Bright,tom.bright@gildedprint.co.uk,10/06/2022,Active
CUS-10279,Kingsmead Print Holdings,TEM-84046-G,Retail,North West,BRK-001,Craig MacLeod,craig.macleod@kingsmeadprint.co.uk,30/10/2023,Active
CUS-10280,Thackery Chandlery Holdings,TEM-68311-B,Leisure,North West,BRK-030,Grace Ogden,grace.ogden@thackerychandl.co.uk,2022-01-15,Active
CUS-10281,Whitethorn Upholstery,TEM-33614-A,Agriculture,Yorkshire,BRK-005,Oliver MacLeod,oliver.macleod@whitethornupho.co.uk,02/05/2023,Active
CUS-10282,Thackery Robotics,TEM-37119-E,Manufacturing,South West,BRK-011,Grace Bright,grace.bright@thackeryroboti.co.uk,2022-02-10,Dormant
CUS-10283,Millpond Chandlery Ltd,TEM-99903-D,Food & Drink,North West,BRK-017,Tom Nairn,tom.nairn@millpondchandl.co.uk,2023-08-22,Active
CUS-10284,Orchard Gym Holdings,TEM-30183-C,Healthcare,London,BRK-021,Grace Kaur,grace.kaur@orchardgym.co.uk,2022-02-01,Active
CUS-10285,Quayside Tanning,TEM-93988-C,Leisure,Wales,,Nadia Mercer,nadia.mercer@quaysidetannin.co.uk,2025-03-31,Active
CUS-10286,Millpond Galvanising Ltd,TEM-26007-F,Leisure,Wales,BRK-026,Jack Osei,jack.osei@millpondgalvan.co.uk,2024-02-24,Lost
CUS-10287,Dunmore Offices & Sons,TEM-73536-C,Healthcare,Scotland,,James Sharpe,james.sharpe@dunmoreoffices.co.uk,2024-12-30,Active
CUS-10288,Millpond Garden Holdings,TEM-23194-A,Retail,Midlands,BRK-020,Sanjay Kaur,sanjay.kaur@millpondgarden.co.uk,2022-10-06,Lost
CUS-10289,Eastbrook Hotels Ltd,TEM-33443-A,Healthcare,North East,BRK-016,Dev Jennings,dev.jennings@eastbrookhotel.co.uk,30/01/2024,Active
CUS-10290,Atlas Recycling Partners,TEM-77287-E,Manufacturing,South East,BRK-030,Oliver Vance,oliver.vance@atlasrecycling.co.uk,2025-11-24,Lost
CUS-10291,Ullswater Precision & Sons,TEM-21801-C,Hospitality,South West,BRK-011,Aisha Keane,aisha.keane@ullswaterpreci.co.uk,28/05/2022,Active
CUS-10292,Quayside Aggregates Ltd,TEM-25411-C,Education,Midlands,BRK-032,Megan Doyle,megan.doyle@quaysideaggreg.co.uk,2023-02-01,Active
CUS-10293,Norbury Nurseries Ltd,TEM-36667-B,Leisure,Wales,BRK-013,Freya Marsh,freya.marsh@norburynurseri.co.uk,2023-01-03,Active
CUS-10294,Atlas Bakehouse Ltd,TEM-21408-G,Food & Drink,Yorkshire,BRK-014,Tom Sharpe,tom.sharpe@atlasbakehouse.co.uk,01/11/2024,Active
CUS-10295,Marlow Leisure Co,TEM-38524-B,Leisure,Scotland,BRK-008,Gareth Underhill,gareth.underhill@marlowleisure.co.uk,2022-11-17,Lost
CUS-10296,Westcliff Cold Storage (UK) Ltd,TEM-21010-G,Education,Scotland,BRK-012,Dev Nowak,dev.nowak@westcliffcolds.co.uk,2024-03-15,Active
CUS-10297,Kestrel Veterinary Co,TEM-98972-B,Food & Drink,London,BRK-016,Tara Patel,tara.patel@kestrelveterin.co.uk,2023-04-03,Dormant
CUS-10298,Redwing Print Limited,TEM-14945-D,Agriculture,London,,Dev Hansen,dev.hansen@redwingprint.co.uk,2023-06-07,Active
CUS-10299,Selworthy Dairy Ltd,TEM-55770-E,Food & Drink,South West,BRK-027,Emily MacLeod,emily.macleod@selworthydairy.co.uk,05/02/2022,Lost
CUS-10300,Lighthouse Aggregates Group,TEM-77233-C,Professional Services,Wales,BRK-011,Tom Quinn,tom.quinn@lighthouseaggr.co.uk,2022-07-14,Active
CUS-10301,Foxglove Chandlery Group,TEM-85366-F,Hospitality,South East,BRK-030,Nadia Doyle,nadia.doyle@foxglovechandl.co.uk,12/05/2023,Active
CUS-10302,Kingsmead Milling Co,TEM-49945-A,Healthcare,South West,BRK-022,Ewan Brooke,ewan.brooke@kingsmeadmilli.co.uk,2023-09-24,Active
CUS-10303,Vantage Forge Holdings,TEM-38004-A,Retail,South East,BRK-030,Tara Nairn,tara.nairn@vantageforge.co.uk,24/01/2023,Dormant
CUS-10304,Pennine Plastics & Sons,TEM-41684-A,Leisure,North West,BRK-029,Daniel Ellison,daniel.ellison@pennineplastic.co.uk,07/02/2023,Active
CUS-10305,Ironbridge Pharmacy Group,TEM-61688-C,Education,London,BRK-015,Dev Sutton,dev.sutton@ironbridgephar.co.uk,2022-09-13,Active
CUS-10306,Elmwood Aquatics Partners,TEM-84089-G,Healthcare,London,BRK-007,Sarah Whitfield,sarah.whitfield@elmwoodaquatic.co.uk,2023-07-29,Active
CUS-10307,Langmere Recycling Partners,TEM-64529-A,Agriculture,Scotland,,Zara Chowdhury,zara.chowdhury@langmererecycl.co.uk,21/05/2022,Active
CUS-10308,Exmoor Cinemas Group,TEM-17823-F,Education,South West,BRK-025,Ben Grady,ben.grady@exmoorcinemas.co.uk,30/04/2022,Active
CUS-10309,Bluewater Hotels,TEM-89570-F,Education,North West,BRK-020,Oliver Wren,oliver.wren@bluewaterhotel.co.uk,08/04/2025,Active
CUS-10310,Caldwell Garden Ltd,TEM-32751-F,Professional Services,East of England,BRK-033,Sanjay Sutton,sanjay.sutton@caldwellgarden.co.uk,2023-12-03,Lost
CUS-10311,Dunmore Bookbinders Partners,TEM-93812-D,Education,London,BRK-027,James Nairn,james.nairn@dunmorebookbin.co.uk,30/04/2022,Active
CUS-10312,Ivybridge Gym (UK) Ltd,TEM-77632-G,Hospitality,Yorkshire,BRK-023,Omar MacLeod,omar.macleod@ivybridgegym.co.uk,29/12/2024,Active
CUS-10313,Hatherley Gym,TEM-34529-C,Healthcare,South West,BRK-025,Callum MacLeod,callum.macleod@hatherleygym.co.uk,2024-02-07,Active
CUS-10314,Ivybridge Timber Co,TEM-44976-A,Leisure,Scotland,BRK-021,Megan Marsh,megan.marsh@ivybridgetimbe.co.uk,22/06/2023,Active
CUS-10315,Farrier Salvage Co,TEM-96685-E,Logistics,North East,BRK-018,Fatima Hale,fatima.hale@farriersalvage.co.uk,26/06/2023,Active
CUS-10316,Rosedale Fabrications Co,TEM-11539-A,Agriculture,Scotland,BRK-008,Lewis Frost,lewis.frost@rosedalefabric.co.uk,18/10/2021,Active
CUS-10317,Merrivale Foundry & Sons,TEM-89005-F,Logistics,North East,,Lucy Doyle,lucy.doyle@merrivalefound.co.uk,31/07/2025,Active
CUS-10318,Stanhope Roofing Ltd,TEM-54149-C,Food & Drink,Yorkshire,BRK-022,Oliver Mercer,oliver.mercer@stanhoperoofin.co.uk,27/04/2023,Active
CUS-10319,Cranleigh Garden Limited,TEM-85214-F,Leisure,Scotland,,Dev Hansen,dev.hansen@cranleighgarde.co.uk,07/02/2026,Lost
CUS-10320,Silverbeck Retail (UK) Ltd,TEM-14387-F,Logistics,East of England,BRK-016,Sanjay Chowdhury,sanjay.chowdhury@silverbeckreta.co.uk,2024-07-15,Active
CUS-10321,Quarrington Packaging Group,TEM-22299-C,Professional Services,North East,BRK-014,Aisha Tate,aisha.tate@quarringtonpac.co.uk,21/05/2024,Active
CUS-10322,Bluewater Joinery Partners,TEM-92475-G,Food & Drink,South West,BRK-021,Aisha Reid,aisha.reid@bluewaterjoine.co.uk,22/07/2023,Active
CUS-10323,Farrier Hotels Holdings,TEM-24489-D,Leisure,East of England,BRK-003,Stefan Wren,stefan.wren@farrierhotels.co.uk,02/07/2023,Lost
CUS-10324,Jespersen Laundry (UK) Ltd,TEM-80394-F,Hospitality,Midlands,BRK-014,Nadia Bright,nadia.bright@jespersenlaund.co.uk,2022-11-19,Active
CUS-10325,Marlow Tanning Partners,TEM-24729-D,Logistics,Wales,BRK-018,Sanjay Osei,sanjay.osei@marlowtanning.co.uk,04/11/2022,Active
CUS-10326,Thackery Optics Ltd,TEM-85445-B,Logistics,South West,BRK-017,Ben Voss,ben.voss@thackeryoptics.co.uk,11/06/2023,Lost
CUS-10327,Larkspur Distillery (UK) Ltd,TEM-77660-A,Education,Midlands,BRK-019,Emily Reid,emily.reid@larkspurdistil.co.uk,2025-09-10,Active
CUS-10328,Zephyr Print Partners,TEM-12067-A,Retail,Midlands,,Grace Okafor,grace.okafor@zephyrprint.co.uk,01/02/2022,Active
CUS-10329,Kestrel Salvage,TEM-56473-C,Manufacturing,North West,BRK-011,Anita Marsh,anita.marsh@kestrelsalvage.co.uk,2024-05-08,Active
CUS-10330,Merrivale Coachworks Ltd,TEM-73703-A,Retail,London,BRK-010,Noel Nowak,noel.nowak@merrivalecoach.co.uk,24/06/2023,Active
CUS-10331,Northgate Upholstery Ltd,TEM-96026-A,Leisure,East of England,BRK-025,Lewis Yates,lewis.yates@northgateuphol.co.uk,16/09/2024,Active
CUS-10332,Quarrington Gym Co,TEM-59664-A,Hospitality,North East,BRK-014,Chloe Chowdhury,chloe.chowdhury@quarringtongym.co.uk,21/02/2023,Active
CUS-10333,Orchard Retail (UK) Ltd,TEM-73508-G,Leisure,North West,BRK-022,Anita Hansen,anita.hansen@orchardretail.co.uk,2023-07-14,Active
CUS-10334,Redwing Kennels & Sons,TEM-69822-E,Professional Services,South West,BRK-009,Zara Nowak,zara.nowak@redwingkennels.co.uk,2023-08-27,Active
CUS-10335,Norbury Scaffolding Ltd,TEM-71828-E,Food & Drink,North East,BRK-016,Kirsty Vance,kirsty.vance@norburyscaffol.co.uk,28/06/2023,Active
CUS-10336,Ravenscar Pharmacy Ltd,TEM-94905-A,Leisure,North East,BRK-015,Peter Kaur,peter.kaur@ravenscarpharm.co.uk,2021-12-18,Active
CUS-10337,Harborne Padel Holdings,TEM-82900-F,Professional Services,South East,BRK-015,Tom Mercer,tom.mercer@harbornepadel.co.uk,15/11/2025,Active
CUS-10338,Orchard Studios Holdings,TEM-22658-B,Food & Drink,Wales,BRK-007,James Rowntree,james.rowntree@orchardstudios.co.uk,2022-02-20,Active
CUS-10339,Tredegar Textiles & Sons,TEM-19455-G,Hospitality,Wales,BRK-025,Megan Tate,megan.tate@tredegartextil.co.uk,2026-02-09,Active
CUS-10340,Farrier Motors (UK) Ltd,TEM-48137-D,Logistics,North West,BRK-004,Gareth Voss,gareth.voss@farriermotors.co.uk,2022-09-03,Active
CUS-10341,Marlow Farm Foods Partners,TEM-90305-A,Agriculture,Wales,BRK-014,Noel Bright,noel.bright@marlowfarmfood.co.uk,02/07/2025,Active
CUS-10342,Atlas Care Limited,TEM-29375-D,Professional Services,Scotland,BRK-020,Megan Brooke,megan.brooke@atlascare.co.uk,18/06/2024,Active
CUS-10343,Larkspur Bakehouse Ltd,TEM-63397-E,Professional Services,Midlands,BRK-014,Aisha Patel,aisha.patel@larkspurbakeho.co.uk,2023-07-26,Active
CUS-10344,Bluewater Salvage Ltd,TEM-33568-E,Healthcare,South West,BRK-028,James Chowdhury,james.chowdhury@bluewatersalva.co.uk,24/10/2025,Active
CUS-10345,Lowther Logistics & Sons,TEM-95969-D,Professional Services,London,BRK-011,Zara Nowak,zara.nowak@lowtherlogisti.co.uk,15/06/2022,Active
CUS-10346,Westcliff Bakehouse Co,TEM-10226-G,Leisure,London,BRK-035,Anita Okafor,anita.okafor@westcliffbakeh.co.uk,2024-04-11,Active
CUS-10347,Jarrow Gym Ltd,TEM-25972-D,Food & Drink,Midlands,BRK-022,Priya Hale,priya.hale@jarrowgym.co.uk,2023-02-09,Active
CUS-10348,Jarrow Restaurants Co,TEM-44103-D,Manufacturing,Yorkshire,BRK-014,Lewis Brooke,lewis.brooke@jarrowrestaura.co.uk,17/01/2026,Active
CUS-10349,Tredegar Robotics Ltd,TEM-37422-F,Healthcare,Scotland,BRK-017,Grace Mercer,grace.mercer@tredegarroboti.co.uk,2025-08-10,Active
CUS-10350,Foxglove Foundry Ltd,TEM-57382-A,Food & Drink,Wales,BRK-005,Ewan Grady,ewan.grady@foxglovefoundr.co.uk,2025-09-16,Active
CUS-10351,Ellerton Roofing Partners,TEM-63600-F,Food & Drink,South West,BRK-007,Sanjay Pryce,sanjay.pryce@ellertonroofin.co.uk,2023-11-28,Active
CUS-10352,Zetland Distillery & Sons,TEM-55973-F,Retail,East of England,BRK-015,Marcus Okafor,marcus.okafor@zetlanddistill.co.uk,2024-12-13,Lost
CUS-10353,Larkspur Cold Storage Ltd,TEM-22727-G,Hospitality,South East,BRK-012,Fatima Grady,fatima.grady@larkspurcoldst.co.uk,04/06/2023,Lost
CUS-10354,Wrenfield Precision (UK) Ltd,TEM-56579-C,Agriculture,Yorkshire,BRK-001,Nadia MacLeod,nadia.macleod@wrenfieldpreci.co.uk,2025-05-23,Active
CUS-10355,Oakhurst Chandlery Group,TEM-47392-G,Logistics,North West,BRK-008,Ben Keane,ben.keane@oakhurstchandl.co.uk,2025-03-11,Active
CUS-10356,Larkspur Forge Limited,TEM-16628-A,Logistics,London,BRK-031,Zara Keane,zara.keane@larkspurforge.co.uk,2026-01-29,Active
CUS-10357,Cranleigh Logistics Holdings,TEM-22285-D,Manufacturing,South West,BRK-030,Amber Sharpe,amber.sharpe@cranleighlogis.co.uk,13/05/2023,Active
CUS-10358,Bramble Data Rooms Co,TEM-71494-B,Retail,Wales,BRK-005,Amber MacLeod,amber.macleod@brambledataroo.co.uk,2023-08-19,Active
CUS-10359,Riverbank Textiles Limited,TEM-86491-C,Leisure,Wales,BRK-025,Kirsty Bright,kirsty.bright@riverbanktexti.co.uk,2023-09-13,Lost
CUS-10360,Garwood Maltings & Sons,TEM-27266-A,Education,London,BRK-017,Marcus Nowak,marcus.nowak@garwoodmalting.co.uk,2023-07-16,Active
CUS-10361,Redwing Cinemas,TEM-76785-A,Agriculture,North West,BRK-031,Ben Hansen,ben.hansen@redwingcinemas.co.uk,10/02/2025,Active
CUS-10362,Pennine Nurseries,TEM-60771-G,Retail,North West,BRK-009,Nadia Sharpe,nadia.sharpe@penninenurseri.co.uk,22/04/2025,Active
CUS-10363,Ironbridge Joinery Limited,TEM-14706-C,Education,Yorkshire,,James Quinn,james.quinn@ironbridgejoin.co.uk,2024-11-26,Lost
CUS-10364,Eastbrook Recycling & Sons,TEM-31650-A,Retail,South West,,Stefan Ogden,stefan.ogden@eastbrookrecyc.co.uk,2022-04-25,Active
CUS-10365,Foxglove Ice Cream & Sons,TEM-35218-G,Education,Midlands,BRK-014,Freya Sharpe,freya.sharpe@foxgloveicecre.co.uk,27/11/2024,Active
CUS-10366,Zetland Cinemas Limited,TEM-13008-E,Retail,Yorkshire,BRK-022,Iona Patel,iona.patel@zetlandcinemas.co.uk,2022-02-23,Active
CUS-10367,Harborne Studios (UK) Ltd,TEM-83675-A,Healthcare,South East,BRK-025,Lucy Quinn,lucy.quinn@harbornestudio.co.uk,2024-10-09,Lost
CUS-10368,Lighthouse Laundry Ltd,TEM-65423-B,Manufacturing,Scotland,,Stefan Hale,stefan.hale@lighthouselaun.co.uk,22/10/2024,Lost
CUS-10369,Tanfield Aggregates (UK) Ltd,TEM-63444-A,Hospitality,South East,,Nadia Sutton,nadia.sutton@tanfieldaggreg.co.uk,2022-02-16,Active
CUS-10370,Bluewater Kennels Group,TEM-19613-E,Logistics,East of England,BRK-012,Aisha Frost,aisha.frost@bluewaterkenne.co.uk,2023-10-07,Active
CUS-10371,Yewtree Restaurants Holdings,TEM-67146-A,Professional Services,East of England,,Lewis Keane,lewis.keane@yewtreerestaur.co.uk,15/01/2025,Active
CUS-10372,Ironbridge Maltings Group,TEM-17481-E,Education,Midlands,BRK-034,Peter Nairn,peter.nairn@ironbridgemalt.co.uk,16/09/2025,Active
CUS-10373,Kestrel Timber Holdings,TEM-66444-A,Leisure,Wales,BRK-021,Dev Ferris,dev.ferris@kestreltimber.co.uk,25/10/2024,Active
CUS-10374,Silverbeck Garden Limited,TEM-39172-F,Leisure,East of England,BRK-032,Ben Keane,ben.keane@silverbeckgard.co.uk,2025-05-28,Active
CUS-10375,Pennine Textiles Ltd,TEM-85623-E,Retail,London,BRK-031,Ewan Nairn,ewan.nairn@penninetextile.co.uk,04/04/2024,Active
CUS-10376,Halewood Farm Foods Holdings,TEM-48297-G,Agriculture,Midlands,BRK-008,James Vance,james.vance@halewoodfarmfo.co.uk,2021-10-27,Active
CUS-10377,Quenington Bookbinders Limited,TEM-69627-G,Professional Services,North West,BRK-011,Ben Grady,ben.grady@queningtonbook.co.uk,2022-10-01,Active
CUS-10378,Kestrel Foundry Partners,TEM-21243-F,Leisure,North West,BRK-005,Tara Wren,tara.wren@kestrelfoundry.co.uk,2025-02-24,Active
CUS-10379,Umberside Farm Foods Group,TEM-29479-D,Retail,North East,BRK-006,Peter Okafor,peter.okafor@umbersidefarmf.co.uk,03/01/2025,Active
CUS-10380,Halewood Plastics Co,TEM-21979-A,Professional Services,North West,BRK-006,Kirsty Marsh,kirsty.marsh@halewoodplasti.co.uk,19/08/2024,Active
CUS-10381,Northgate Chandlery & Sons,TEM-16717-G,Food & Drink,South East,BRK-013,Dev Tate,dev.tate@northgatechand.co.uk,24/12/2022,Active
CUS-10382,Dunmore Catering Ltd,TEM-29955-B,Education,South West,BRK-031,Nadia Grady,nadia.grady@dunmorecaterin.co.uk,2022-11-01,Lost
CUS-10383,Wrenfield Milling,TEM-38283-A,Education,Midlands,BRK-001,Kirsty Yates,kirsty.yates@wrenfieldmilli.co.uk,09/11/2022,Active
CUS-10384,Farrier Leisure Partners,TEM-38964-E,Healthcare,Midlands,BRK-002,Anita Iqbal,anita.iqbal@farrierleisure.co.uk,27/12/2025,Active
CUS-10385,Tredegar Print Ltd,TEM-30623-A,Leisure,South West,,Marcus Grady,marcus.grady@tredegarprint.co.uk,21/05/2025,Active
CUS-10386,Gilded Aquatics & Sons,TEM-52602-E,Leisure,Yorkshire,BRK-021,Lewis Grady,lewis.grady@gildedaquatics.co.uk,2025-11-05,Lost
CUS-10387,Westcliff Galvanising Ltd,TEM-99885-F,Education,Wales,BRK-033,Emily Hale,emily.hale@westcliffgalva.co.uk,01/02/2024,Active
CUS-10388,Riverbank Engineering,TEM-77312-B,Education,London,BRK-005,Aisha Lomax,aisha.lomax@riverbankengin.co.uk,16/05/2022,Active
CUS-10389,Ullswater Bookbinders & Sons,TEM-69733-A,Healthcare,Yorkshire,BRK-021,Anita Pryce,anita.pryce@ullswaterbookb.co.uk,2025-07-14,Active
CUS-10390,Maplin Garden Ltd,TEM-54669-D,Agriculture,North East,BRK-005,Noel Patel,noel.patel@maplingarden.co.uk,2022-06-02,Active
CUS-10391,Rosedale Joinery Ltd,TEM-19258-C,Food & Drink,Wales,BRK-009,Tom Patel,tom.patel@rosedalejoiner.co.uk,13/03/2022,Active
CUS-10392,Stanhope Restaurants Ltd,TEM-70041-E,Manufacturing,North East,BRK-024,Zara Osei,zara.osei@stanhoperestau.co.uk,04/10/2024,Lost
CUS-10393,Quarrington Ice Cream Limited,TEM-26991-F,Leisure,South West,BRK-026,Jack Frost,jack.frost@quarringtonice.co.uk,2022-01-02,Active
CUS-10394,Garwood Distillery Limited,TEM-52105-C,Food & Drink,London,BRK-010,James Marsh,james.marsh@garwooddistill.co.uk,2022-09-02,Active
CUS-10395,Ullswater Hotels Ltd,TEM-52868-B,Retail,East of England,BRK-017,Nadia Yates,nadia.yates@ullswaterhotel.co.uk,29/11/2025,Active
CUS-10396,Eastbrook Fabrications (UK) Ltd,TEM-98576-D,Professional Services,Midlands,BRK-008,Holly Mercer,holly.mercer@eastbrookfabri.co.uk,2026-01-19,Active
CUS-10397,Stanhope Glassworks Ltd,TEM-27510-B,Agriculture,London,BRK-021,Callum Marsh,callum.marsh@stanhopeglassw.co.uk,2024-05-26,Active
CUS-10398,Lowther Kennels Ltd,TEM-81797-D,Retail,South West,BRK-035,Iona Chowdhury,iona.chowdhury@lowtherkennels.co.uk,07/11/2025,Active
CUS-10399,Summerton Scaffolding & Sons,TEM-13351-B,Retail,North East,BRK-008,Ben Doyle,ben.doyle@summertonscaff.co.uk,2025-12-22,Active
CUS-10400,Ellerton Recycling Ltd,TEM-50616-F,Professional Services,South West,BRK-020,Emily Quinn,emily.quinn@ellertonrecycl.co.uk,01/01/2024,Active
CUS-10401,Lowther Scaffolding Group,TEM-18970-D,Education,South East,,Holly Yates,holly.yates@lowtherscaffol.co.uk,2023-03-20,Active
CUS-10402,Umberside Retail Limited,TEM-14572-D,Professional Services,Scotland,BRK-008,Ben Voss,ben.voss@umbersideretai.co.uk,07/12/2022,Active
CUS-10403,Marlow Catering Ltd,TEM-56742-A,Leisure,Scotland,BRK-019,Rhys Brooke,rhys.brooke@marlowcatering.co.uk,2021-12-11,Active
CUS-10404,Thackery Fabrications Co,TEM-52894-C,Retail,Wales,BRK-005,Fatima Lomax,fatima.lomax@thackeryfabric.co.uk,2024-12-27,Active
CUS-10405,Denholm Nurseries Partners,TEM-31504-B,Hospitality,Wales,BRK-025,Sarah Sutton,sarah.sutton@denholmnurseri.co.uk,2022-12-22,Active
CUS-10406,Norbury Fabrications Ltd,TEM-38194-E,Education,Yorkshire,BRK-033,Tom Bright,tom.bright@norburyfabrica.co.uk,2022-02-11,Active
CUS-10407,Fernhill Studios,TEM-65085-B,Agriculture,South West,BRK-017,Amber Okafor,amber.okafor@fernhillstudio.co.uk,2024-10-23,Active
CUS-10408,Wrenfield Bookbinders Ltd,TEM-77722-G,Food & Drink,Midlands,BRK-016,Dev Vance,dev.vance@wrenfieldbookb.co.uk,2024-10-26,Active
CUS-10409,Millpond Seafoods Ltd,TEM-74015-A,Education,North East,BRK-028,Noel Bright,noel.bright@millpondseafoo.co.uk,2025-10-29,Active
CUS-10410,Maplin Robotics Co,TEM-63510-G,Leisure,Midlands,BRK-014,Ryan Hale,ryan.hale@maplinrobotics.co.uk,2024-03-27,Active
CUS-10411,Elmwood Maltings Co,TEM-21139-B,Leisure,Scotland,BRK-011,Holly Osei,holly.osei@elmwoodmalting.co.uk,16/08/2023,Active
CUS-10412,Cedar Textiles Group,TEM-73733-D,Healthcare,South West,BRK-029,Jack Nairn,jack.nairn@cedartextiles.co.uk,2022-10-20,Active
CUS-10413,Bexley Seafoods Partners,TEM-19125-D,Manufacturing,London,BRK-005,Ryan Tate,ryan.tate@bexleyseafoods.co.uk,21/12/2023,Active
CUS-10414,Jespersen Schools Co,TEM-72495-C,Agriculture,South East,BRK-001,Ryan Quinn,ryan.quinn@jespersenschoo.co.uk,14/01/2022,Lost
CUS-10415,Eastbrook Gym Partners,TEM-84898-F,Leisure,London,BRK-026,Sarah Sutton,sarah.sutton@eastbrookgym.co.uk,2022-10-24,Active
CUS-10416,Langmere Motors Co,TEM-67778-D,Healthcare,London,BRK-002,Jack Frost,jack.frost@langmeremotors.co.uk,2023-06-07,Active
CUS-10417,Lowther Motors Partners,TEM-84095-G,Healthcare,North West,BRK-017,Iona Rowntree,iona.rowntree@lowthermotors.co.uk,15/09/2022,Active
CUS-10418,Quarrington Cold Storage & Sons,TEM-31000-F,Logistics,North West,BRK-022,Anita Whitfield,anita.whitfield@quarringtoncol.co.uk,2023-05-07,Active
CUS-10419,Larkspur Retail Ltd,TEM-25990-F,Manufacturing,Yorkshire,BRK-015,Chloe Sutton,chloe.sutton@larkspurretail.co.uk,2024-08-22,Lost
CUS-10420,Quayside Leisure Limited,TEM-33524-E,Food & Drink,East of England,BRK-025,Priya Sharpe,priya.sharpe@quaysideleisur.co.uk,2022-08-04,Active
CUS-10421,Cobalt Hotels Ltd,TEM-24039-B,Leisure,Scotland,BRK-011,Oliver Patel,oliver.patel@cobalthotels.co.uk,19/03/2025,Lost
CUS-10422,Millpond Fabrications Ltd,TEM-13207-F,Food & Drink,Yorkshire,BRK-017,Rhys Hale,rhys.hale@millpondfabric.co.uk,2023-05-31,Active
CUS-10423,Quayside Chandlery & Sons,TEM-85456-A,Education,South West,BRK-003,Tom Pryce,tom.pryce@quaysidechandl.co.uk,2023-01-20,Active
CUS-10424,Ravenscar Dairy & Sons,TEM-77703-B,Education,Yorkshire,,Ewan Tate,ewan.tate@ravenscardairy.co.uk,23/12/2022,Active
CUS-10425,Elmwood Joinery,TEM-64277-F,Leisure,Scotland,BRK-033,Sarah Tate,sarah.tate@elmwoodjoinery.co.uk,03/02/2024,Active
CUS-10426,Tanfield Distillery Holdings,TEM-97053-G,Professional Services,North West,BRK-025,Stefan Vance,stefan.vance@tanfielddistil.co.uk,08/12/2024,Active
CUS-10427,Halewood Roofing Partners,TEM-20875-D,Hospitality,Yorkshire,BRK-035,Lucy Iqbal,lucy.iqbal@halewoodroofin.co.uk,30/07/2024,Active
CUS-10428,Cobalt Precision Co,TEM-27511-A,Logistics,East of England,BRK-001,Grace Tate,grace.tate@cobaltprecisio.co.uk,2021-10-06,Lost
CUS-10429,Selworthy Maltings Co,TEM-14677-D,Healthcare,Midlands,BRK-029,Amber Marsh,amber.marsh@selworthymalti.co.uk,2025-07-29,Active
CUS-10430,Zephyr Cinemas & Sons,TEM-84941-F,Healthcare,South West,,Marcus Tate,marcus.tate@zephyrcinemas.co.uk,24/09/2023,Active
CUS-10431,Silverbeck Robotics Holdings,TEM-17015-E,Agriculture,Yorkshire,BRK-010,Oliver Patel,oliver.patel@silverbeckrobo.co.uk,19/06/2024,Active
CUS-10432,Pemberley Upholstery Limited,TEM-14510-B,Education,Scotland,BRK-031,Lucy Tate,lucy.tate@pemberleyuphol.co.uk,30/08/2025,Lost
CUS-10433,Cobalt Scaffolding Group,TEM-25740-F,Food & Drink,Wales,,Dev Ferris,dev.ferris@cobaltscaffold.co.uk,14/11/2021,Active
CUS-10434,Kingsmead Gym Ltd,TEM-38987-B,Professional Services,East of England,BRK-015,Nadia Rowntree,nadia.rowntree@kingsmeadgym.co.uk,2025-10-12,Active
CUS-10435,Quarrington Nurseries (UK) Ltd,TEM-17923-F,Logistics,Midlands,BRK-031,Amber Bright,amber.bright@quarringtonnur.co.uk,19/04/2022,Active
CUS-10436,Caldwell Milling Partners,TEM-31986-B,Education,South West,BRK-008,Emily Marsh,emily.marsh@caldwellmillin.co.uk,07/11/2023,Active
CUS-10437,Applegarth Precision & Sons,TEM-58192-D,Manufacturing,Yorkshire,BRK-022,Megan Wren,megan.wren@applegarthprec.co.uk,02/08/2025,Dormant
CUS-10438,Padstow Plastics & Sons,TEM-36813-D,Manufacturing,East of England,BRK-021,Zara Yates,zara.yates@padstowplastic.co.uk,04/05/2024,Active
CUS-10439,Oakhurst Precision,TEM-97149-F,Food & Drink,London,,Ben Rowntree,ben.rowntree@oakhurstprecis.co.uk,2023-01-28,Active
CUS-10440,Selworthy Print Group,TEM-82503-A,Leisure,Wales,BRK-005,Grace Doyle,grace.doyle@selworthyprint.co.uk,2024-12-11,Active
CUS-10441,Violetta Optics Ltd,TEM-97501-A,Healthcare,North West,,Grace Nowak,grace.nowak@violettaoptics.co.uk,14/02/2022,Active
CUS-10442,Wrenfield Cinemas & Sons,TEM-79830-G,Food & Drink,North West,BRK-023,Paula Whitfield,paula.whitfield@wrenfieldcinem.co.uk,2022-10-25,Active
CUS-10443,Bramble Kennels Limited,TEM-77575-C,Logistics,South East,,Megan Bright,megan.bright@bramblekennels.co.uk,2021-12-22,Active
CUS-10444,Foxglove Foundry Co,TEM-12893-A,Hospitality,South East,BRK-028,Oliver Ellison,oliver.ellison@foxglovefoundr.co.uk,30/05/2022,Active
CUS-10445,Elmwood Fabrications & Sons,TEM-31308-B,Food & Drink,Yorkshire,BRK-024,Craig Chowdhury,craig.chowdhury@elmwoodfabrica.co.uk,2025-04-29,Active
CUS-10446,Quenington Chandlery Ltd,TEM-70729-E,Hospitality,North West,BRK-007,Fatima Grady,fatima.grady@queningtonchan.co.uk,2023-10-22,Active
CUS-10447,Verity Garden Limited,TEM-22135-G,Education,Scotland,,Sarah Doyle,sarah.doyle@veritygarden.co.uk,13/10/2021,Active
CUS-10448,Verity Distillery Holdings,TEM-69326-E,Leisure,North West,,Priya Kaur,priya.kaur@veritydistille.co.uk,2025-11-05,Active
CUS-10449,Millpond Cold Storage Group,TEM-50438-A,Agriculture,South West,BRK-022,Daniel Iqbal,daniel.iqbal@millpondcoldst.co.uk,2023-09-30,Active
CUS-10450,Quayside Farm Foods Group,TEM-66209-B,Professional Services,North West,,Rhys Hale,rhys.hale@quaysidefarmfo.co.uk,30/03/2023,Lost
CUS-10451,Cedar Upholstery,TEM-78277-F,Leisure,Wales,BRK-003,Fatima MacLeod,fatima.macleod@cedarupholster.co.uk,19/07/2025,Active
CUS-10452,Stanhope Data Rooms,TEM-10467-F,Leisure,South East,BRK-030,Marcus Osei,marcus.osei@stanhopedataro.co.uk,2023-07-03,Lost
CUS-10453,Millpond Coachworks Ltd,TEM-96694-F,Retail,Midlands,,Anita Frost,anita.frost@millpondcoachw.co.uk,2024-08-17,Active
CUS-10454,Silverbeck Coachworks Co,TEM-92371-A,Logistics,Wales,BRK-004,Aisha Sutton,aisha.sutton@silverbeckcoac.co.uk,24/08/2024,Active
CUS-10455,Yarrow Print Ltd,TEM-72064-B,Food & Drink,North East,BRK-019,Omar Yates,omar.yates@yarrowprint.co.uk,26/10/2022,Lost
CUS-10456,Whitethorn Garden,TEM-24796-G,Retail,Midlands,BRK-003,James Ferris,james.ferris@whitethorngard.co.uk,2025-09-13,Active
CUS-10457,Thackery Seafoods Group,TEM-31207-D,Education,Yorkshire,BRK-024,Holly Vance,holly.vance@thackeryseafoo.co.uk,2024-07-26,Active
CUS-10458,Northgate Care Partners,TEM-25333-A,Logistics,North East,BRK-010,Rhys Doyle,rhys.doyle@northgatecare.co.uk,2024-08-29,Active
CUS-10459,Harborne Studios Ltd,TEM-83274-G,Professional Services,South West,BRK-021,Holly Brooke,holly.brooke@harbornestudio.co.uk,2021-12-03,Active
CUS-10460,Gilded Laundry Limited,TEM-39169-E,Healthcare,Wales,BRK-023,Kirsty Iqbal,kirsty.iqbal@gildedlaundry.co.uk,2022-10-28,Active
CUS-10461,Farrier Logistics Co,TEM-92363-F,Education,London,BRK-019,Rhys Ferris,rhys.ferris@farrierlogisti.co.uk,20/10/2021,Active
CUS-10462,Westcliff Catering Partners,TEM-14173-G,Healthcare,South West,BRK-019,Anita Lomax,anita.lomax@westcliffcater.co.uk,23/02/2022,Active
CUS-10463,Summerton Scaffolding Holdings,TEM-95741-B,Leisure,South East,BRK-006,Holly Grady,holly.grady@summertonscaff.co.uk,04/01/2022,Active
CUS-10464,Nettlebed Joinery Ltd,TEM-89736-E,Healthcare,Midlands,BRK-024,Sanjay Wren,sanjay.wren@nettlebedjoine.co.uk,02/09/2023,Active
CUS-10465,Kingsmead Ice Cream Ltd,TEM-15665-F,Food & Drink,London,BRK-013,Jack Sharpe,jack.sharpe@kingsmeadicecr.co.uk,23/05/2023,Active
CUS-10466,Exmoor Plastics Co,TEM-46822-A,Leisure,London,BRK-012,Ryan Hale,ryan.hale@exmoorplastics.co.uk,2024-02-23,Active
CUS-10467,Verity Leisure Limited,TEM-76913-D,Professional Services,East of England,BRK-008,Ryan Keane,ryan.keane@verityleisure.co.uk,2023-08-28,Active
CUS-10468,Rosedale Pharmacy Ltd,TEM-26612-F,Hospitality,Scotland,BRK-008,Zara Whitfield,zara.whitfield@rosedalepharma.co.uk,2024-04-03,Active
CUS-10469,Redwing Logistics (UK) Ltd,TEM-40584-D,Professional Services,Scotland,BRK-013,Paula Kaur,paula.kaur@redwinglogisti.co.uk,09/10/2024,Active
CUS-10470,Cedar Padel (UK) Ltd,TEM-41112-B,Education,East of England,BRK-006,Iona Underhill,iona.underhill@cedarpadel.co.uk,08/06/2025,Active
CUS-10471,Nettlebed Bakehouse Limited,TEM-41925-C,Professional Services,Midlands,,Oliver Iqbal,oliver.iqbal@nettlebedbakeh.co.uk,02/10/2023,Active
CUS-10472,Pennine Laundry Partners,TEM-17127-F,Logistics,South West,BRK-031,Callum Ellison,callum.ellison@penninelaundry.co.uk,2026-01-17,Active
CUS-10473,Ravenscar Packaging Ltd,TEM-44077-G,Education,North East,BRK-025,Nia Rowntree,nia.rowntree@ravenscarpacka.co.uk,14/07/2025,Dormant
CUS-10474,Ashcombe Maltings Limited,TEM-66700-D,Agriculture,South West,BRK-006,Sarah Hansen,sarah.hansen@ashcombemaltin.co.uk,04/02/2026,Active
CUS-10475,Lowther Laundry & Sons,TEM-80918-B,Leisure,South East,BRK-032,Fatima Nowak,fatima.nowak@lowtherlaundry.co.uk,29/06/2024,Lost
CUS-10476,Jespersen Foundry (UK) Ltd,TEM-58415-G,Manufacturing,London,BRK-006,Craig Yates,craig.yates@jespersenfound.co.uk,07/02/2022,Active
CUS-10477,Lighthouse Distillery,TEM-70386-A,Hospitality,Yorkshire,BRK-002,Oliver Iqbal,oliver.iqbal@lighthousedist.co.uk,2024-02-05,Active
CUS-10478,Jarrow Timber & Sons,TEM-17634-A,Logistics,Midlands,BRK-030,Ewan Marsh,ewan.marsh@jarrowtimber.co.uk,08/01/2024,Dormant
CUS-10479,Silverbeck Robotics Ltd,TEM-94572-B,Food & Drink,East of England,BRK-013,Omar Voss,omar.voss@silverbeckrobo.co.uk,2025-09-28,Active
CUS-10480,Tredegar Bookbinders Ltd,TEM-90817-A,Food & Drink,East of England,BRK-035,Freya Hale,freya.hale@tredegarbookbi.co.uk,31/05/2023,Lost
CUS-10481,Eastbrook Robotics Limited,TEM-84276-B,Retail,South West,BRK-029,Anita Yates,anita.yates@eastbrookrobot.co.uk,30/04/2024,Active
CUS-10482,Langmere Gym Ltd,TEM-77131-F,Food & Drink,East of England,BRK-003,Megan Brooke,megan.brooke@langmeregym.co.uk,2022-04-05,Active
CUS-10483,Bramble Kennels Partners,TEM-69496-E,Leisure,Yorkshire,BRK-015,James Okafor,james.okafor@bramblekennels.co.uk,2022-04-05,Active
CUS-10484,Halewood Kennels,TEM-12944-E,Manufacturing,North West,BRK-024,Dev Okafor,dev.okafor@halewoodkennel.co.uk,2025-09-19,Lost
CUS-10485,Dunmore Optics Group,TEM-82490-A,Hospitality,East of England,BRK-029,Callum Brooke,callum.brooke@dunmoreoptics.co.uk,2024-07-18,Active
CUS-10486,Gilded Care,TEM-70817-D,Education,Midlands,BRK-010,Craig Rowntree,craig.rowntree@gildedcare.co.uk,2023-01-29,Active
CUS-10487,Birchmoor Cinemas Partners,TEM-38478-D,Retail,South West,BRK-026,Peter Chowdhury,peter.chowdhury@birchmoorcinem.co.uk,03/08/2025,Lost
CUS-10488,Farrier Offices Ltd,TEM-96243-D,Food & Drink,Wales,BRK-011,Gareth Jennings,gareth.jennings@farrieroffices.co.uk,2022-01-06,Active
CUS-10489,Verity Farm Foods Holdings,TEM-56306-E,Manufacturing,East of England,BRK-013,Freya Bright,freya.bright@verityfarmfood.co.uk,22/09/2024,Active
CUS-10490,Lowther Dairy Ltd,TEM-49669-C,Food & Drink,Wales,BRK-014,Kirsty Frost,kirsty.frost@lowtherdairy.co.uk,2026-02-10,Active
CUS-10491,Stanhope Plastics,TEM-67251-B,Manufacturing,Yorkshire,BRK-028,Megan Osei,megan.osei@stanhopeplasti.co.uk,13/02/2022,Active
CUS-10492,Bramble Textiles Ltd,TEM-23075-B,Professional Services,Midlands,BRK-028,Iona Kaur,iona.kaur@brambletextile.co.uk,2025-04-15,Active
CUS-10493,Larkspur Timber,TEM-68236-A,Professional Services,North East,BRK-002,Freya Sharpe,freya.sharpe@larkspurtimber.co.uk,01/01/2025,Active
CUS-10494,Summerton Upholstery Group,TEM-58712-A,Education,North East,,Nia Kaur,nia.kaur@summertonuphol.co.uk,2024-03-05,Active
CUS-10495,Gilded Studios Group,TEM-21018-C,Healthcare,North East,BRK-004,Craig Nowak,craig.nowak@gildedstudios.co.uk,19/12/2024,Active
CUS-10496,Denholm Farm Foods Group,TEM-64206-A,Leisure,North West,,Sarah Grady,sarah.grady@denholmfarmfoo.co.uk,2024-10-05,Active
CUS-10497,Jespersen Recycling Ltd,TEM-51078-G,Logistics,South East,BRK-015,Amber Sharpe,amber.sharpe@jespersenrecyc.co.uk,30/11/2025,Active
CUS-10498,Riverbank Packaging Partners,TEM-45980-B,Logistics,South East,BRK-034,Amber Osei,amber.osei@riverbankpacka.co.uk,2023-06-15,Active
CUS-10499,Torque Motors Limited,TEM-25518-A,Retail,South East,,Noel Yates,noel.yates@torquemotors.co.uk,2023-04-09,Active
CUS-10500,Kestrel Aggregates,TEM-66889-F,Leisure,Yorkshire,BRK-031,Omar Vance,omar.vance@kestrelaggrega.co.uk,09/06/2024,Active
CUS-10501,Harborne Optics Group,TEM-54134-A,Food & Drink,North West,BRK-021,James Lomax,james.lomax@harborneoptics.co.uk,2024-10-27,Active
CUS-10502,Cranleigh Padel Group,TEM-94199-A,Healthcare,North West,BRK-011,Callum Voss,callum.voss@cranleighpadel.co.uk,08/01/2022,Lost
CUS-10503,Bramble Packaging Co,TEM-49335-D,Education,South East,,Freya Nairn,freya.nairn@bramblepackagi.co.uk,2023-07-09,Lost
CUS-10504,Whitethorn Data Rooms Co,TEM-82898-C,Manufacturing,Scotland,BRK-025,Emily Hale,emily.hale@whitethorndata.co.uk,2021-11-20,Active
CUS-10505,Yewtree Aggregates Limited,TEM-78059-B,Logistics,Yorkshire,BRK-018,Ryan Pryce,ryan.pryce@yewtreeaggrega.co.uk,27/09/2022,Active
CUS-10506,Violetta Breweries Partners,TEM-86824-D,Manufacturing,North East,BRK-029,James Nairn,james.nairn@violettabrewer.co.uk,2024-06-03,Active
CUS-10507,Silverbeck Marine Partners,TEM-29806-E,Leisure,North East,BRK-031,James Lomax,james.lomax@silverbeckmari.co.uk,2025-12-20,Lost
CUS-10508,Langmere Print (UK) Ltd,TEM-41585-C,Hospitality,Scotland,BRK-027,Lewis Hansen,lewis.hansen@langmereprint.co.uk,2022-11-01,Active
CUS-10509,Kelbrook Optics Co,TEM-38160-E,Healthcare,South West,BRK-007,Callum MacLeod,callum.macleod@kelbrookoptics.co.uk,30/11/2022,Active
CUS-10510,Ironbridge Precision Co,TEM-93683-F,Agriculture,North East,BRK-021,James Frost,james.frost@ironbridgeprec.co.uk,2024-07-31,Active
CUS-10511,Hatherley Offices & Sons,TEM-50378-C,Leisure,South East,BRK-033,Nadia Keane,nadia.keane@hatherleyoffic.co.uk,27/06/2024,Active
CUS-10512,Ravenscar Foundry Limited,TEM-94892-B,Agriculture,North West,BRK-014,Rhys Quinn,rhys.quinn@ravenscarfound.co.uk,2023-01-19,Lost
CUS-10513,Yarrow Maltings Ltd,TEM-95284-A,Healthcare,North East,BRK-013,Ben Marsh,ben.marsh@yarrowmaltings.co.uk,2025-02-22,Active
CUS-10514,Bexley Roofing,TEM-61254-F,Logistics,Midlands,BRK-013,Lewis Nairn,lewis.nairn@bexleyroofing.co.uk,04/12/2023,Active
CUS-10515,Maplin Recycling,TEM-61186-B,Agriculture,London,BRK-026,Grace Mercer,grace.mercer@maplinrecyclin.co.uk,25/01/2025,Active
CUS-10516,Pennine Salvage Ltd,TEM-45083-G,Education,South West,BRK-012,Peter Hansen,peter.hansen@penninesalvage.co.uk,27/09/2021,Active
CUS-10517,Gilded Foundry & Sons,TEM-79480-B,Education,London,BRK-011,Jack Voss,jack.voss@gildedfoundry.co.uk,2022-12-08,Lost
CUS-10518,Ingleby Studios Ltd,TEM-49665-A,Healthcare,Midlands,,Craig Kaur,craig.kaur@inglebystudios.co.uk,02/07/2024,Active
CUS-10519,Kestrel Leisure Limited,TEM-39940-D,Healthcare,Midlands,BRK-025,Zara Quinn,zara.quinn@kestrelleisure.co.uk,2025-08-05,Active
CUS-10520,Quenington Engineering Holdings,TEM-58789-E,Hospitality,North East,BRK-029,Tara Tate,tara.tate@queningtonengi.co.uk,2025-10-17,Active
CUS-10521,Quenington Tanning Holdings,TEM-44845-C,Logistics,Yorkshire,BRK-010,Craig Sutton,craig.sutton@queningtontann.co.uk,2023-07-12,Active
CUS-10522,Wrenfield Catering (UK) Ltd,TEM-99507-C,Hospitality,Wales,,Dev Osei,dev.osei@wrenfieldcater.co.uk,11/12/2022,Active
CUS-10523,Farrier Engineering Ltd,TEM-78660-D,Education,South West,BRK-017,Dev Marsh,dev.marsh@farrierenginee.co.uk,17/09/2023,Active
CUS-10524,Norbury Veterinary Ltd,TEM-26732-B,Food & Drink,Midlands,BRK-016,Gareth Ferris,gareth.ferris@norburyveterin.co.uk,28/04/2022,Active
CUS-10525,Yewtree Ice Cream Ltd,TEM-12337-D,Logistics,Wales,BRK-005,Jack MacLeod,jack.macleod@yewtreeicecrea.co.uk,2025-12-12,Lost
CUS-10526,Tanfield Data Rooms Ltd,TEM-61783-A,Agriculture,North West,BRK-020,Tom Nairn,tom.nairn@tanfielddataro.co.uk,16/10/2023,Active
CUS-10527,Pennine Foundry Co,TEM-65427-G,Education,South West,BRK-001,Emily Kaur,emily.kaur@penninefoundry.co.uk,23/10/2025,Lost
CUS-10528,Atlas Seafoods Co,TEM-91357-A,Education,Wales,BRK-025,Stefan Hale,stefan.hale@atlasseafoods.co.uk,29/10/2023,Active
CUS-10529,Silverbeck Optics Ltd,TEM-71556-G,Healthcare,North West,BRK-002,Omar Osei,omar.osei@silverbeckopti.co.uk,05/10/2022,Lost
CUS-10530,Ravenscar Cinemas,TEM-71411-D,Manufacturing,East of England,,Sarah Rowntree,sarah.rowntree@ravenscarcinem.co.uk,2022-11-20,Active
CUS-10531,Jespersen Marine Partners,TEM-93164-F,Professional Services,Yorkshire,BRK-002,Peter Yates,peter.yates@jespersenmarin.co.uk,09/01/2023,Active
CUS-10532,Eastbrook Dairy Partners,TEM-17818-G,Leisure,North West,,Priya Frost,priya.frost@eastbrookdairy.co.uk,2024-04-28,Lost
CUS-10533,Zephyr Restaurants Co,TEM-86901-B,Manufacturing,Midlands,,Nadia Underhill,nadia.underhill@zephyrrestaura.co.uk,04/09/2022,Active
CUS-10534,Hatherley Forge Co,TEM-47866-C,Hospitality,Wales,BRK-012,Holly Sutton,holly.sutton@hatherleyforge.co.uk,12/10/2021,Active
CUS-10535,Ellerton Hotels Ltd,TEM-30420-D,Food & Drink,East of England,BRK-005,Fatima Whitfield,fatima.whitfield@ellertonhotels.co.uk,2025-09-21,Active
CUS-10536,Padstow Forge Ltd,TEM-38412-B,Healthcare,Midlands,BRK-032,Noel Tate,noel.tate@padstowforge.co.uk,2025-06-11,Active
CUS-10537,Torque Maltings Group,TEM-26959-B,Retail,South East,BRK-034,Megan Ferris,megan.ferris@torquemaltings.co.uk,2024-04-13,Active
CUS-10538,Norbury Timber Group,TEM-12666-F,Manufacturing,Midlands,BRK-024,Lucy Voss,lucy.voss@norburytimber.co.uk,05/10/2024,Active
CUS-10539,Harborne Marine & Sons,TEM-30919-D,Manufacturing,North East,,Megan Frost,megan.frost@harbornemarine.co.uk,03/02/2023,Active
CUS-10540,Silverbeck Forge Ltd,TEM-62590-A,Food & Drink,Midlands,BRK-001,Fatima Bright,fatima.bright@silverbeckforg.co.uk,18/05/2022,Lost
CUS-10541,Torque Maltings Co,TEM-67098-F,Retail,South West,BRK-022,Amber Reid,amber.reid@torquemaltings.co.uk,29/10/2022,Active
CUS-10542,Northgate Forge Co,TEM-67245-C,Education,East of England,BRK-019,Aisha Frost,aisha.frost@northgateforge.co.uk,2024-12-02,Active
CUS-10543,Caldwell Marine Co,TEM-68197-G,Logistics,East of England,,Gareth Brooke,gareth.brooke@caldwellmarine.co.uk,11/12/2022,Active
CUS-10544,Zephyr Aquatics Ltd,TEM-10803-D,Logistics,London,BRK-011,Nadia Tate,nadia.tate@zephyraquatics.co.uk,19/01/2025,Active
CUS-10545,Cedar Motors,TEM-47718-C,Education,South West,BRK-020,Daniel Mercer,daniel.mercer@cedarmotors.co.uk,27/05/2025,Active
CUS-10546,Quenington Ice Cream (UK) Ltd,TEM-64178-F,Hospitality,East of England,BRK-017,Gareth Chowdhury,gareth.chowdhury@queningtonicec.co.uk,12/01/2026,Active
CUS-10547,Oakhurst Forge Limited,TEM-99439-F,Manufacturing,North East,BRK-027,Rhys Okafor,rhys.okafor@oakhurstforge.co.uk,2022-03-17,Active
CUS-10548,Gilded Pharmacy Limited,TEM-61006-A,Leisure,North East,BRK-030,Tara Keane,tara.keane@gildedpharmacy.co.uk,27/01/2024,Active
CUS-10549,Hatherley Breweries (UK) Ltd,TEM-92157-E,Agriculture,Wales,BRK-027,Amber Nairn,amber.nairn@hatherleybrewe.co.uk,10/10/2024,Active
CUS-10550,Jespersen Aggregates Co,TEM-76986-B,Hospitality,Yorkshire,BRK-003,Iona Sharpe,iona.sharpe@jespersenaggre.co.uk,2022-12-18,Active
CUS-10551,Lowther Marine Ltd,TEM-63652-E,Manufacturing,North West,BRK-020,Marcus Doyle,marcus.doyle@lowthermarine.co.uk,2023-02-09,Active
CUS-10552,Bramble Optics Limited,TEM-57378-A,Food & Drink,Wales,BRK-034,Daniel Lomax,daniel.lomax@brambleoptics.co.uk,05/06/2024,Active
CUS-10553,Verity Data Rooms Ltd,TEM-91988-F,Healthcare,London,BRK-003,Priya Brooke,priya.brooke@veritydataroom.co.uk,11/11/2023,Active
CUS-10554,Umberside Cinemas Ltd,TEM-27587-E,Logistics,Wales,BRK-030,Noel Ferris,noel.ferris@umbersidecinem.co.uk,2024-03-04,Active
CUS-10555,Larkspur Marine & Sons,TEM-40232-E,Retail,North West,BRK-007,Sanjay Voss,sanjay.voss@larkspurmarine.co.uk,2023-12-20,Active
CUS-10556,Exmoor Joinery Co,TEM-93046-C,Agriculture,South West,BRK-015,Ben Grady,ben.grady@exmoorjoinery.co.uk,25/01/2022,Active
CUS-10557,Pemberley Care Ltd,TEM-51292-D,Leisure,South East,BRK-025,Paula Okafor,paula.okafor@pemberleycare.co.uk,2022-06-28,Active
CUS-10558,Denholm Padel Holdings,TEM-97244-F,Food & Drink,South West,BRK-001,Marcus Hale,marcus.hale@denholmpadel.co.uk,2024-06-25,Active
CUS-10559,Cranleigh Nurseries Holdings,TEM-54953-A,Manufacturing,East of England,BRK-013,Nia Ferris,nia.ferris@cranleighnurse.co.uk,21/11/2023,Active
CUS-10560,Larkspur Precision Ltd,TEM-29361-A,Healthcare,East of England,BRK-008,Jack Nairn,jack.nairn@larkspurprecis.co.uk,26/10/2022,Active
CUS-10561,Applegarth Roofing Holdings,TEM-52077-G,Leisure,South East,BRK-001,Grace Wren,grace.wren@applegarthroof.co.uk,01/11/2024,Active
CUS-10562,Kingsmead Logistics,TEM-25295-F,Retail,London,BRK-018,Callum Frost,callum.frost@kingsmeadlogis.co.uk,2024-01-27,Lost
CUS-10563,Garwood Farm Foods Co,TEM-78935-E,Hospitality,London,BRK-029,Lucy Brooke,lucy.brooke@garwoodfarmfoo.co.uk,26/01/2024,Active
CUS-10564,Zephyr Motors Ltd,TEM-89735-F,Manufacturing,Midlands,BRK-009,Kirsty Sharpe,kirsty.sharpe@zephyrmotors.co.uk,2024-09-03,Active
CUS-10565,Westcliff Padel Limited,TEM-58951-F,Hospitality,Midlands,BRK-032,Lewis Doyle,lewis.doyle@westcliffpadel.co.uk,2023-04-30,Active
CUS-10566,Verity Laundry Holdings,TEM-25430-D,Food & Drink,Wales,BRK-003,Emily Patel,emily.patel@veritylaundry.co.uk,2024-02-29,Lost
CUS-10567,Atlas Laundry (UK) Ltd,TEM-71634-A,Education,London,BRK-014,Ryan Lomax,ryan.lomax@atlaslaundry.co.uk,31/03/2024,Active
CUS-10568,Redwing Bookbinders & Sons,TEM-75879-A,Education,Midlands,,James Sharpe,james.sharpe@redwingbookbin.co.uk,2023-01-23,Active
CUS-10569,Larkspur Chandlery Partners,TEM-15682-C,Logistics,South West,BRK-027,Iona Keane,iona.keane@larkspurchandl.co.uk,02/02/2023,Lost
CUS-10570,Applegarth Tanning & Sons,TEM-36771-G,Retail,Scotland,BRK-013,Callum Voss,callum.voss@applegarthtann.co.uk,04/09/2025,Active
CUS-10571,Larkspur Scaffolding Ltd,TEM-79040-D,Education,Scotland,BRK-003,Daniel Underhill,daniel.underhill@larkspurscaffo.co.uk,12/01/2026,Active
CUS-10572,Birchmoor Logistics Co,TEM-37511-B,Food & Drink,North West,BRK-018,Paula Ellison,paula.ellison@birchmoorlogis.co.uk,16/12/2024,Lost
CUS-10573,Northgate Offices Co,TEM-75326-E,Hospitality,South East,BRK-004,Ben Whitfield,ben.whitfield@northgateoffic.co.uk,2025-07-15,Active
CUS-10574,Ellerton Bookbinders Holdings,TEM-76004-D,Healthcare,East of England,BRK-026,Jack Sutton,jack.sutton@ellertonbookbi.co.uk,2025-05-20,Active
CUS-10575,Violetta Breweries Holdings,TEM-77864-B,Food & Drink,North West,BRK-033,Ben Yates,ben.yates@violettabrewer.co.uk,2025-02-03,Active
CUS-10576,Jespersen Data Rooms & Sons,TEM-73485-G,Leisure,South East,BRK-012,Nadia Reid,nadia.reid@jespersendatar.co.uk,11/06/2023,Lost
CUS-10577,Ravenscar Galvanising Holdings,TEM-37546-D,Manufacturing,North East,BRK-014,Fatima Patel,fatima.patel@ravenscargalva.co.uk,16/06/2025,Active
CUS-10578,Hatherley Bookbinders Partners,TEM-10944-D,Professional Services,South East,BRK-004,Stefan Wren,stefan.wren@hatherleybookb.co.uk,2022-10-27,Active
CUS-10579,Northgate Distillery Co,TEM-29321-D,Healthcare,London,BRK-034,Tara Hansen,tara.hansen@northgatedisti.co.uk,05/12/2023,Active
CUS-10580,Selworthy Care Holdings,TEM-87569-A,Retail,North West,BRK-026,James Hale,james.hale@selworthycare.co.uk,2025-02-20,Active
CUS-10581,Norbury Bakehouse Ltd,TEM-97717-B,Education,East of England,BRK-021,Tom Frost,tom.frost@norburybakehou.co.uk,20/10/2024,Active
CUS-10582,Exmoor Pharmacy Ltd,TEM-70192-B,Hospitality,South East,BRK-024,Nadia Ferris,nadia.ferris@exmoorpharmacy.co.uk,2022-10-17,Lost
CUS-10583,Foxglove Scaffolding Holdings,TEM-11029-D,Logistics,Midlands,BRK-009,Stefan Rowntree,stefan.rowntree@foxglovescaffo.co.uk,2022-10-27,Lost
CUS-10584,Quenington Data Rooms Holdings,TEM-33826-F,Agriculture,London,BRK-021,Dev Bright,dev.bright@queningtondata.co.uk,2022-09-09,Lost
CUS-10585,Ivybridge Maltings (UK) Ltd,TEM-14445-D,Manufacturing,London,BRK-012,James Reid,james.reid@ivybridgemalti.co.uk,2024-03-14,Active
CUS-10586,Stanhope Maltings Group,TEM-86794-F,Healthcare,South West,,Anita Sutton,anita.sutton@stanhopemaltin.co.uk,2024-09-10,Active
CUS-10587,Dunmore Aggregates Holdings,TEM-53548-B,Logistics,East of England,BRK-029,Marcus Vance,marcus.vance@dunmoreaggrega.co.uk,03/12/2024,Lost
CUS-10588,Bexley Aquatics Ltd,TEM-53715-F,Leisure,South East,BRK-017,Ben MacLeod,ben.macleod@bexleyaquatics.co.uk,06/03/2023,Active
CUS-10589,Lighthouse Garden & Sons,TEM-54073-F,Agriculture,East of England,BRK-014,Noel Tate,noel.tate@lighthousegard.co.uk,2022-07-06,Lost
CUS-10590,Whitethorn Farm Foods Ltd,TEM-88411-B,Healthcare,East of England,BRK-019,Lucy Brooke,lucy.brooke@whitethornfarm.co.uk,15/04/2024,Active
CUS-10591,Torque Joinery (UK) Ltd,TEM-20241-G,Professional Services,South East,BRK-011,Oliver Yates,oliver.yates@torquejoinery.co.uk,2023-02-28,Active
CUS-10592,Violetta Offices Partners,TEM-25371-D,Retail,Wales,BRK-020,Dev Quinn,dev.quinn@violettaoffice.co.uk,27/10/2021,Active
CUS-10593,Atlas Recycling Limited,TEM-15687-A,Professional Services,South East,BRK-018,Nia Hale,nia.hale@atlasrecycling.co.uk,22/10/2024,Active
CUS-10594,Ottershaw Farm Foods,TEM-92502-F,Agriculture,Wales,,Rhys Iqbal,rhys.iqbal@ottershawfarmf.co.uk,13/03/2025,Active
CUS-10595,Bramble Precision Ltd,TEM-27802-E,Logistics,Scotland,BRK-024,Craig Ferris,craig.ferris@brambleprecisi.co.uk,14/06/2023,Active
CUS-10596,Stanhope Padel & Sons,TEM-34068-B,Healthcare,East of England,BRK-010,Daniel Okafor,daniel.okafor@stanhopepadel.co.uk,2025-10-14,Lost
CUS-10597,Farrier Robotics Ltd,TEM-68861-B,Education,South East,BRK-019,Tara Sutton,tara.sutton@farrierrobotic.co.uk,2025-05-15,Active
CUS-10598,Northgate Marine Co,TEM-79374-C,Professional Services,South West,BRK-016,Chloe Wren,chloe.wren@northgatemarin.co.uk,2025-08-18,Active
CUS-10599,Jarrow Motors,TEM-52209-G,Logistics,North West,BRK-007,Paula Reid,paula.reid@jarrowmotors.co.uk,2024-04-12,Dormant
CUS-10600,Atlas Farm Foods Co,TEM-55538-C,Food & Drink,South West,BRK-018,Lucy Hale,lucy.hale@atlasfarmfoods.co.uk,15/01/2024,Active
CUS-10601,Orchard Distillery Group,TEM-79551-D,Retail,Wales,BRK-021,Iona Tate,iona.tate@orcharddistill.co.uk,21/02/2024,Active
CUS-10602,Yewtree Cinemas Ltd,TEM-15139-A,Agriculture,East of England,BRK-013,Aisha Grady,aisha.grady@yewtreecinemas.co.uk,2023-09-16,Active
CUS-10603,Tanfield Motors Partners,TEM-98147-D,Professional Services,North West,,Daniel Chowdhury,daniel.chowdhury@tanfieldmotors.co.uk,2025-05-05,Lost
CUS-10604,Torque Data Rooms Ltd,TEM-85518-D,Education,East of England,BRK-010,Peter Sutton,peter.sutton@torquedataroom.co.uk,2023-03-01,Dormant
CUS-10605,Umberside Robotics & Sons,TEM-57690-D,Food & Drink,Scotland,BRK-032,Callum Wren,callum.wren@umbersiderobot.co.uk,04/12/2025,Active
CUS-10606,Northgate Precision (UK) Ltd,TEM-74146-E,Agriculture,Yorkshire,,Lewis Iqbal,lewis.iqbal@northgatepreci.co.uk,2022-02-12,Lost
CUS-10607,Kingsmead Ice Cream Co,TEM-26141-D,Manufacturing,North East,,Ben Yates,ben.yates@kingsmeadicecr.co.uk,13/11/2025,Active
CUS-10608,Ivybridge Data Rooms Group,TEM-68253-E,Healthcare,Wales,BRK-035,Amber Brooke,amber.brooke@ivybridgedatar.co.uk,27/12/2022,Active
CUS-10609,Denholm Upholstery Limited,TEM-81074-D,Leisure,Midlands,BRK-033,Rhys Hansen,rhys.hansen@denholmupholst.co.uk,2025-05-31,Active
CUS-10610,Violetta Data Rooms & Sons,TEM-49398-F,Agriculture,South East,BRK-004,James Mercer,james.mercer@violettadataro.co.uk,10/10/2023,Lost
CUS-10611,Ottershaw Joinery,TEM-71080-E,Retail,Yorkshire,BRK-019,Fatima Rowntree,fatima.rowntree@ottershawjoine.co.uk,2025-07-29,Active
CUS-10612,Denholm Maltings Ltd,TEM-56306-C,Logistics,Scotland,BRK-008,Nadia Ellison,nadia.ellison@denholmmalting.co.uk,2022-11-10,Active
CUS-10613,Kingsmead Distillery & Sons,TEM-70518-E,Retail,Midlands,BRK-002,Callum Sutton,callum.sutton@kingsmeaddisti.co.uk,2025-10-07,Active
CUS-10614,Harborne Fabrications Limited,TEM-19834-E,Healthcare,Wales,BRK-022,Tara Voss,tara.voss@harbornefabric.co.uk,23/12/2025,Active
CUS-10615,Riverbank Precision Partners,TEM-48706-C,Hospitality,London,BRK-002,Zara Yates,zara.yates@riverbankpreci.co.uk,2025-12-25,Active
CUS-10616,Padstow Hotels Limited,TEM-19372-E,Healthcare,London,BRK-007,Craig Underhill,craig.underhill@padstowhotels.co.uk,2024-03-23,Active
CUS-10617,Fernhill Cold Storage Holdings,TEM-46033-E,Retail,South West,,Amber Doyle,amber.doyle@fernhillcoldst.co.uk,19/02/2023,Active
CUS-10618,Tanfield Packaging Partners,TEM-17527-B,Education,London,BRK-002,Paula Ogden,paula.ogden@tanfieldpackag.co.uk,2022-11-24,Active
CUS-10619,Tanfield Coachworks (UK) Ltd,TEM-27282-B,Healthcare,South West,BRK-006,Grace Osei,grace.osei@tanfieldcoachw.co.uk,2023-01-25,Active
CUS-10620,Harborne Glassworks Ltd,TEM-41673-E,Manufacturing,South West,BRK-004,Nia Keane,nia.keane@harborneglassw.co.uk,2024-10-16,Active
CUS-10621,Riverbank Dairy Limited,TEM-52510-D,Retail,South West,BRK-029,Megan Kaur,megan.kaur@riverbankdairy.co.uk,2025-06-27,Active
CUS-10622,Silverbeck Ice Cream Ltd,TEM-92205-A,Education,Wales,BRK-012,Iona Lomax,iona.lomax@silverbeckicec.co.uk,24/04/2022,Active
CUS-10623,Hollybush Cold Storage Limited,TEM-59472-F,Food & Drink,Scotland,BRK-027,Ben Chowdhury,ben.chowdhury@hollybushcolds.co.uk,22/06/2023,Active
CUS-10624,Ellerton Farm Foods Holdings,TEM-88129-F,Leisure,Midlands,BRK-011,Grace Wren,grace.wren@ellertonfarmfo.co.uk,14/11/2024,Active
CUS-10625,Rosedale Textiles Holdings,TEM-53398-A,Manufacturing,East of England,BRK-010,Rhys Voss,rhys.voss@rosedaletextil.co.uk,2024-03-08,Active
CUS-10626,Bexley Farm Foods Holdings,TEM-13543-E,Food & Drink,Midlands,BRK-003,Noel Whitfield,noel.whitfield@bexleyfarmfood.co.uk,25/01/2025,Active
CUS-10627,Tanfield Veterinary Limited,TEM-42712-C,Agriculture,North West,BRK-017,Holly Ogden,holly.ogden@tanfieldveteri.co.uk,2026-02-05,Active
CUS-10628,Eastbrook Bakehouse (UK) Ltd,TEM-67461-C,Hospitality,Scotland,BRK-025,Megan Okafor,megan.okafor@eastbrookbakeh.co.uk,05/10/2023,Active
CUS-10629,Fernhill Seafoods Ltd,TEM-71375-A,Healthcare,London,BRK-018,Fatima Quinn,fatima.quinn@fernhillseafoo.co.uk,20/02/2023,Active
CUS-10630,Bluewater Cold Storage Ltd,TEM-21963-G,Manufacturing,East of England,BRK-008,Amber Whitfield,amber.whitfield@bluewatercolds.co.uk,2023-06-07,Active
CUS-10631,Quarrington Care Partners,TEM-89641-A,Agriculture,South East,BRK-015,Lewis Doyle,lewis.doyle@quarringtoncar.co.uk,2024-04-19,Lost
CUS-10632,Ingleby Bookbinders,TEM-54765-D,Hospitality,London,BRK-015,Sarah Brooke,sarah.brooke@inglebybookbin.co.uk,20/04/2024,Active
CUS-10633,Northgate Textiles Holdings,TEM-37004-F,Education,Midlands,BRK-013,Emily Grady,emily.grady@northgatetexti.co.uk,21/10/2023,Active
CUS-10634,Orchard Upholstery & Sons,TEM-23856-C,Agriculture,North East,BRK-025,Zara Yates,zara.yates@orchardupholst.co.uk,30/07/2025,Lost
CUS-10635,Torque Maltings Ltd,TEM-79371-B,Professional Services,Scotland,BRK-009,Gareth Patel,gareth.patel@torquemaltings.co.uk,25/08/2022,Active
CUS-10636,Rosedale Restaurants Group,TEM-68804-C,Agriculture,South West,BRK-022,Holly Sutton,holly.sutton@rosedalerestau.co.uk,2025-02-26,Active
CUS-10637,Eastbrook Retail Partners,TEM-81064-G,Food & Drink,North East,BRK-024,Nadia Rowntree,nadia.rowntree@eastbrookretai.co.uk,2022-01-03,Active
CUS-10638,Thackery Recycling,TEM-57922-D,Leisure,South West,BRK-011,Chloe Okafor,chloe.okafor@thackeryrecycl.co.uk,2024-09-01,Lost
CUS-10639,Zephyr Robotics Limited,TEM-12510-E,Healthcare,Scotland,BRK-024,Iona Chowdhury,iona.chowdhury@zephyrrobotics.co.uk,19/04/2025,Active
CUS-10640,Harborne Roofing Limited,TEM-27794-A,Agriculture,South West,BRK-014,Daniel Rowntree,daniel.rowntree@harborneroofin.co.uk,2023-05-29,Active
CUS-10641,Harborne Veterinary Ltd,TEM-12116-B,Professional Services,East of England,BRK-025,Gareth Voss,gareth.voss@harborneveteri.co.uk,2022-06-07,Active
CUS-10642,Vantage Gym Holdings,TEM-44088-D,Professional Services,North East,BRK-025,Holly Reid,holly.reid@vantagegym.co.uk,05/01/2025,Active
CUS-10643,Umberside Aggregates Co,TEM-46430-B,Food & Drink,Wales,BRK-034,Tara Nowak,tara.nowak@umbersideaggre.co.uk,2025-05-11,Active
CUS-10644,Ellerton Nurseries Ltd,TEM-51851-F,Manufacturing,Midlands,BRK-026,Marcus Doyle,marcus.doyle@ellertonnurser.co.uk,2024-02-27,Lost
CUS-10645,Quenington Laundry Ltd,TEM-41503-E,Logistics,Wales,BRK-006,James Nowak,james.nowak@queningtonlaun.co.uk,18/01/2024,Lost
CUS-10646,Oakhurst Scaffolding Co,TEM-93644-A,Healthcare,Midlands,BRK-011,Paula Osei,paula.osei@oakhurstscaffo.co.uk,2023-02-06,Active
CUS-10647,Stanhope Precision Co,TEM-19446-D,Logistics,South East,BRK-031,Amber Kaur,amber.kaur@stanhopeprecis.co.uk,21/02/2022,Active
CUS-10648,Eastbrook Leisure Group,TEM-71622-B,Agriculture,East of England,BRK-023,Omar Patel,omar.patel@eastbrookleisu.co.uk,16/06/2022,Active
CUS-10649,Hollybush Offices Holdings,TEM-72657-E,Healthcare,Wales,,Aisha Hansen,aisha.hansen@hollybushoffic.co.uk,03/03/2024,Active
CUS-10650,Quarrington Packaging Ltd,TEM-29698-C,Retail,London,BRK-006,Noel Okafor,noel.okafor@quarringtonpac.co.uk,17/07/2024,Active
CUS-10651,Ellerton Foundry Ltd,TEM-62354-C,Logistics,Yorkshire,,Ryan Chowdhury,ryan.chowdhury@ellertonfoundr.co.uk,10/11/2024,Active
CUS-10652,Padstow Precision Partners,TEM-80038-E,Professional Services,North East,BRK-003,Priya Doyle,priya.doyle@padstowprecisi.co.uk,27/04/2025,Active
CUS-10653,Oakhurst Coachworks,TEM-77697-B,Leisure,South West,BRK-033,Omar Frost,omar.frost@oakhurstcoachw.co.uk,29/07/2024,Active
CUS-10654,Bramble Offices Partners,TEM-43515-G,Manufacturing,North East,BRK-005,Oliver Bright,oliver.bright@brambleoffices.co.uk,2023-04-15,Active
CUS-10655,Merrivale Offices Limited,TEM-29749-D,Food & Drink,North West,,Kirsty Brooke,kirsty.brooke@merrivaleoffic.co.uk,2024-09-04,Active
CUS-10656,Millpond Precision Holdings,TEM-62114-C,Leisure,Wales,BRK-018,Nia Sutton,nia.sutton@millpondprecis.co.uk,08/07/2025,Active
CUS-10657,Hollybush Plastics (UK) Ltd,TEM-27960-E,Agriculture,Scotland,BRK-011,Tom Marsh,tom.marsh@hollybushplast.co.uk,05/07/2022,Active
CUS-10658,Lighthouse Ice Cream Ltd,TEM-16758-C,Education,North East,BRK-035,Ryan Bright,ryan.bright@lighthouseicec.co.uk,2024-07-09,Active
CUS-10659,Quarrington Aggregates Holdings,TEM-38387-G,Education,Yorkshire,BRK-008,Ryan Marsh,ryan.marsh@quarringtonagg.co.uk,2023-04-14,Lost
CUS-10660,Halewood Galvanising & Sons,TEM-11536-G,Professional Services,South West,BRK-012,Lewis Lomax,lewis.lomax@halewoodgalvan.co.uk,2023-11-11,Dormant
CUS-10661,Foxglove Glassworks Ltd,TEM-52403-A,Manufacturing,South East,BRK-007,Rhys Vance,rhys.vance@foxgloveglassw.co.uk,08/11/2025,Active
CUS-10662,Atlas Catering Ltd,TEM-68466-G,Retail,North East,BRK-007,Lewis Chowdhury,lewis.chowdhury@atlascatering.co.uk,08/12/2021,Active
CUS-10663,Wrenfield Breweries Co,TEM-16148-C,Retail,North East,BRK-017,Megan Iqbal,megan.iqbal@wrenfieldbrewe.co.uk,02/01/2023,Active
CUS-10664,Westcliff Foundry Holdings,TEM-91807-G,Hospitality,North West,BRK-009,Oliver Bright,oliver.bright@westclifffound.co.uk,2025-05-15,Lost
CUS-10665,Bramble Aggregates (UK) Ltd,TEM-41331-E,Professional Services,North West,BRK-008,Lucy Bright,lucy.bright@brambleaggrega.co.uk,2024-03-27,Lost
CUS-10666,Selworthy Print (UK) Ltd,TEM-95599-A,Manufacturing,North East,BRK-008,Tara Tate,tara.tate@selworthyprint.co.uk,13/02/2025,Lost
CUS-10667,Yarrow Scaffolding Co,TEM-19161-E,Education,North West,BRK-003,Anita Mercer,anita.mercer@yarrowscaffold.co.uk,13/10/2024,Active
CUS-10668,Whitethorn Galvanising (UK) Ltd,TEM-29711-A,Agriculture,East of England,BRK-021,Zara Osei,zara.osei@whitethorngalv.co.uk,19/01/2026,Active
CUS-10669,Jarrow Foundry Holdings,TEM-79800-G,Leisure,South East,BRK-017,Noel Brooke,noel.brooke@jarrowfoundry.co.uk,16/12/2025,Lost
CUS-10670,Violetta Schools & Sons,TEM-86885-F,Professional Services,North West,BRK-024,Lucy Chowdhury,lucy.chowdhury@violettaschool.co.uk,2025-09-21,Active
CUS-10671,Eastbrook Distillery (UK) Ltd,TEM-21689-F,Education,Scotland,BRK-011,Amber Marsh,amber.marsh@eastbrookdisti.co.uk,2024-10-31,Active
CUS-10672,Vantage Retail Partners,TEM-65180-D,Hospitality,Wales,BRK-032,Lucy Patel,lucy.patel@vantageretail.co.uk,05/01/2023,Active
CUS-10673,Cranleigh Padel Holdings,TEM-21321-E,Hospitality,Wales,BRK-021,Tom Sharpe,tom.sharpe@cranleighpadel.co.uk,04/01/2025,Active
CUS-10674,Merrivale Restaurants Ltd,TEM-91329-E,Hospitality,North West,BRK-025,Daniel Mercer,daniel.mercer@merrivaleresta.co.uk,18/06/2022,Active
CUS-10675,Yewtree Laundry Ltd,TEM-81426-G,Food & Drink,Midlands,BRK-008,Nia Sutton,nia.sutton@yewtreelaundry.co.uk,2025-08-15,Active
CUS-10676,Applegarth Galvanising Co,TEM-83038-G,Professional Services,South West,BRK-023,Dev Sutton,dev.sutton@applegarthgalv.co.uk,2025-10-06,Lost
CUS-10677,Selworthy Precision & Sons,TEM-16055-F,Leisure,Yorkshire,,Jack Iqbal,jack.iqbal@selworthypreci.co.uk,2022-02-19,Active
CUS-10678,Riverbank Chandlery (UK) Ltd,TEM-52103-F,Food & Drink,Wales,,Anita Lomax,anita.lomax@riverbankchand.co.uk,2025-08-31,Active
CUS-10679,Ellerton Nurseries & Sons,TEM-50256-F,Agriculture,Midlands,BRK-030,Lucy Grady,lucy.grady@ellertonnurser.co.uk,2023-10-07,Active
CUS-10680,Elmwood Plastics Holdings,TEM-45013-G,Healthcare,North East,BRK-018,Ben Lomax,ben.lomax@elmwoodplastic.co.uk,2025-10-15,Active
CUS-10681,Atlas Offices Ltd,TEM-73219-G,Leisure,Wales,,Iona MacLeod,iona.macleod@atlasoffices.co.uk,2023-09-20,Active
CUS-10682,Riverbank Joinery Holdings,TEM-70970-D,Food & Drink,South East,BRK-008,Chloe Grady,chloe.grady@riverbankjoine.co.uk,2023-04-04,Active
CUS-10683,Lowther Pharmacy Ltd,TEM-74090-G,Leisure,East of England,,Lucy Tate,lucy.tate@lowtherpharmac.co.uk,26/03/2025,Active
CUS-10684,Vantage Roofing Ltd,TEM-43363-A,Logistics,London,BRK-035,Nia Ellison,nia.ellison@vantageroofing.co.uk,14/11/2024,Active
CUS-10685,Maplin Cold Storage (UK) Ltd,TEM-16939-C,Manufacturing,Yorkshire,BRK-033,Sanjay Sharpe,sanjay.sharpe@maplincoldstor.co.uk,2025-09-24,Active
CUS-10686,Ellerton Optics Group,TEM-36575-A,Manufacturing,London,BRK-022,Nadia MacLeod,nadia.macleod@ellertonoptics.co.uk,28/03/2023,Active
CUS-10687,Riverbank Nurseries Partners,TEM-88778-G,Leisure,North East,BRK-024,Oliver Quinn,oliver.quinn@riverbanknurse.co.uk,2025-10-29,Active
CUS-10688,Quarrington Leisure Group,TEM-37701-A,Agriculture,Scotland,BRK-024,Nia Keane,nia.keane@quarringtonlei.co.uk,2024-04-16,Active
CUS-10689,Ellerton Cold Storage Limited,TEM-37212-A,Retail,Wales,BRK-001,Ben Tate,ben.tate@ellertoncoldst.co.uk,2022-07-24,Active
CUS-10690,Northgate Glassworks & Sons,TEM-97670-E,Food & Drink,London,BRK-030,Chloe Jennings,chloe.jennings@northgateglass.co.uk,2022-08-05,Active
CUS-10691,Ivybridge Ice Cream Limited,TEM-70681-C,Manufacturing,Scotland,,Grace Rowntree,grace.rowntree@ivybridgeicecr.co.uk,2025-10-10,Lost
CUS-10692,Merrivale Pharmacy & Sons,TEM-46347-F,Agriculture,South West,BRK-029,Aisha Voss,aisha.voss@merrivalepharm.co.uk,2023-01-08,Active
CUS-10693,Farrier Care Co,TEM-15922-F,Agriculture,Yorkshire,BRK-009,Rhys Patel,rhys.patel@farriercare.co.uk,04/03/2022,Active
CUS-10694,Farrier Coachworks Ltd,TEM-46794-A,Agriculture,Midlands,BRK-021,Noel Osei,noel.osei@farriercoachwo.co.uk,2023-03-15,Active
CUS-10695,Langmere Schools Limited,TEM-66746-B,Retail,Wales,BRK-024,Holly Patel,holly.patel@langmereschool.co.uk,2024-06-09,Active
CUS-10696,Birchmoor Kennels,TEM-86526-E,Retail,Scotland,BRK-022,Omar Nairn,omar.nairn@birchmoorkenne.co.uk,24/07/2023,Active
CUS-10697,Ullswater Care Group,TEM-54676-B,Leisure,Midlands,BRK-012,Oliver Rowntree,oliver.rowntree@ullswatercare.co.uk,2022-05-30,Active
CUS-10698,Ashcombe Studios,TEM-89666-G,Agriculture,South West,BRK-005,Stefan Marsh,stefan.marsh@ashcombestudio.co.uk,2023-09-20,Active
CUS-10699,Nettlebed Ice Cream & Sons,TEM-50763-C,Agriculture,East of England,BRK-005,Oliver Hansen,oliver.hansen@nettlebedicecr.co.uk,2024-01-11,Active
CUS-10700,Redwing Maltings Ltd,TEM-31799-G,Logistics,North West,BRK-024,Aisha Tate,aisha.tate@redwingmalting.co.uk,2023-07-26,Active
CUS-10701,Larkspur Fabrications Group,TEM-29102-F,Agriculture,South West,BRK-028,Gareth Ellison,gareth.ellison@larkspurfabric.co.uk,11/11/2022,Lost
CUS-10702,Millpond Breweries Group,TEM-46283-A,Manufacturing,Midlands,BRK-019,Rhys Yates,rhys.yates@millpondbrewer.co.uk,2022-06-20,Active
CUS-10703,Maplin Bookbinders & Sons,TEM-36627-D,Food & Drink,Wales,BRK-034,Tom Brooke,tom.brooke@maplinbookbind.co.uk,19/06/2022,Active
CUS-10704,Larkspur Tanning Ltd,TEM-81135-D,Retail,North East,BRK-003,Nadia Bright,nadia.bright@larkspurtannin.co.uk,24/02/2022,Active
CUS-10705,Halewood Aquatics Partners,TEM-85969-C,Hospitality,East of England,BRK-003,Priya Nairn,priya.nairn@halewoodaquati.co.uk,2022-02-22,Active
CUS-10706,Pemberley Foundry Ltd,TEM-84055-E,Hospitality,South East,BRK-009,Craig Ogden,craig.ogden@pemberleyfound.co.uk,2025-03-17,Active
CUS-10707,Tredegar Breweries Partners,TEM-15504-B,Education,North East,BRK-027,Rhys Underhill,rhys.underhill@tredegarbrewer.co.uk,2023-05-19,Active
CUS-10708,Quenington Seafoods Holdings,TEM-90941-A,Logistics,Scotland,BRK-012,Nadia Patel,nadia.patel@queningtonseaf.co.uk,03/06/2023,Active
CUS-10709,Ashcombe Robotics Ltd,TEM-82764-E,Leisure,East of England,,Ewan Keane,ewan.keane@ashcomberoboti.co.uk,03/11/2021,Active
CUS-10710,Saltmarsh Breweries Ltd,TEM-69574-D,Healthcare,South East,BRK-032,Dev Underhill,dev.underhill@saltmarshbrewe.co.uk,2022-11-06,Active
CUS-10711,Pennine Bakehouse Limited,TEM-39494-A,Food & Drink,London,BRK-009,Noel Nowak,noel.nowak@penninebakehou.co.uk,24/10/2022,Lost
CUS-10712,Ravenscar Logistics Partners,TEM-34109-F,Manufacturing,South West,BRK-027,Ben Tate,ben.tate@ravenscarlogis.co.uk,2023-10-24,Active
CUS-10713,Kelbrook Ice Cream & Sons,TEM-88736-B,Retail,South West,BRK-034,Ben Nowak,ben.nowak@kelbrookicecre.co.uk,2022-03-27,Active
CUS-10714,Caldwell Studios Holdings,TEM-68826-D,Healthcare,South West,BRK-033,Jack Bright,jack.bright@caldwellstudio.co.uk,07/10/2024,Active
CUS-10715,Kestrel Coachworks Co,TEM-74661-G,Hospitality,Midlands,BRK-031,Nadia Rowntree,nadia.rowntree@kestrelcoachwo.co.uk,29/05/2022,Active
CUS-10716,Cranleigh Chandlery Partners,TEM-30048-G,Manufacturing,Wales,BRK-005,Grace Vance,grace.vance@cranleighchand.co.uk,2024-02-15,Lost
CUS-10717,Orchard Optics Group,TEM-83231-B,Professional Services,North East,BRK-020,Freya Hale,freya.hale@orchardoptics.co.uk,2023-08-18,Active
CUS-10718,Hatherley Bakehouse,TEM-90718-B,Professional Services,Wales,BRK-029,Nia Brooke,nia.brooke@hatherleybakeh.co.uk,2021-12-11,Active
CUS-10719,Quayside Cold Storage Partners,TEM-83360-F,Hospitality,Wales,BRK-030,Tara Patel,tara.patel@quaysidecoldst.co.uk,04/04/2023,Active
CUS-10720,Foxglove Packaging Co,TEM-11470-C,Retail,Wales,BRK-010,Lucy Rowntree,lucy.rowntree@foxglovepackag.co.uk,2025-03-21,Dormant
CUS-10721,Northgate Print Ltd,TEM-37869-C,Retail,North East,BRK-017,Priya MacLeod,priya.macleod@northgateprint.co.uk,05/06/2025,Lost
CUS-10722,Northgate Schools Holdings,TEM-74816-A,Leisure,Scotland,BRK-033,Oliver Sharpe,oliver.sharpe@northgateschoo.co.uk,2025-02-28,Active
CUS-10723,Stanhope Retail & Sons,TEM-18892-G,Retail,Scotland,BRK-022,Oliver Kaur,oliver.kaur@stanhoperetail.co.uk,20/04/2024,Active
CUS-10724,Wrenfield Fabrications Group,TEM-87662-F,Professional Services,East of England,BRK-016,Freya Jennings,freya.jennings@wrenfieldfabri.co.uk,2023-11-05,Active
CUS-10725,Thackery Marine Ltd,TEM-77427-D,Agriculture,North East,BRK-006,Ryan Voss,ryan.voss@thackerymarine.co.uk,2023-06-13,Active
CUS-10726,Zephyr Seafoods Group,TEM-10481-F,Healthcare,East of England,BRK-030,Omar Bright,omar.bright@zephyrseafoods.co.uk,2024-01-31,Active
CUS-10727,Vantage Catering Partners,TEM-91606-D,Manufacturing,Yorkshire,BRK-019,Omar Rowntree,omar.rowntree@vantagecaterin.co.uk,02/01/2023,Active
CUS-10728,Northgate Marine Group,TEM-42546-A,Agriculture,Midlands,,Oliver Mercer,oliver.mercer@northgatemarin.co.uk,08/09/2024,Lost
CUS-10729,Rosedale Kennels & Sons,TEM-76561-E,Leisure,East of England,BRK-026,Paula Vance,paula.vance@rosedalekennel.co.uk,21/03/2023,Active
CUS-10730,Elmwood Upholstery & Sons,TEM-68152-C,Logistics,Midlands,BRK-012,Sanjay Hansen,sanjay.hansen@elmwoodupholst.co.uk,29/01/2026,Active
CUS-10731,Ashcombe Hotels Ltd,TEM-63910-G,Food & Drink,East of England,BRK-010,Grace Marsh,grace.marsh@ashcombehotels.co.uk,11/10/2022,Lost
CUS-10732,Oakhurst Laundry Holdings,TEM-44681-D,Manufacturing,North East,BRK-008,Anita Jennings,anita.jennings@oakhurstlaundr.co.uk,2022-01-21,Lost
CUS-10733,Maplin Roofing,TEM-21206-E,Leisure,London,BRK-005,Emily Hale,emily.hale@maplinroofing.co.uk,2025-11-20,Active
CUS-10734,Northgate Maltings & Sons,TEM-20494-A,Agriculture,North West,BRK-006,Amber Yates,amber.yates@northgatemalti.co.uk,2023-06-17,Active
CUS-10735,Yewtree Optics Ltd,TEM-16846-E,Agriculture,South East,BRK-021,Sanjay Chowdhury,sanjay.chowdhury@yewtreeoptics.co.uk,22/11/2022,Active
CUS-10736,Dunmore Marine,TEM-25731-B,Professional Services,Wales,,Tara Hale,tara.hale@dunmoremarine.co.uk,2021-11-11,Active
CUS-10737,Cranleigh Foundry & Sons,TEM-52750-D,Food & Drink,Wales,BRK-018,Holly Hansen,holly.hansen@cranleighfound.co.uk,24/11/2023,Active
CUS-10738,Cranleigh Plastics Group,TEM-57220-A,Agriculture,London,BRK-002,Jack Reid,jack.reid@cranleighplast.co.uk,01/06/2025,Active
CUS-10739,Eastbrook Offices Ltd,TEM-83972-F,Food & Drink,North East,BRK-001,Peter Bright,peter.bright@eastbrookoffic.co.uk,21/06/2023,Active
CUS-10740,Wrenfield Garden Ltd,TEM-90136-C,Manufacturing,South East,BRK-032,Megan Patel,megan.patel@wrenfieldgarde.co.uk,2022-06-21,Active
CUS-10741,Bexley Padel Ltd,TEM-94715-G,Food & Drink,East of England,BRK-003,Ben Kaur,ben.kaur@bexleypadel.co.uk,29/09/2023,Active
CUS-10742,Umberside Aquatics Holdings,TEM-77498-B,Professional Services,Scotland,BRK-012,Marcus Lomax,marcus.lomax@umbersideaquat.co.uk,24/08/2022,Lost
CUS-10743,Langmere Nurseries Group,TEM-78264-F,Food & Drink,Midlands,BRK-014,Sanjay Bright,sanjay.bright@langmerenurser.co.uk,2023-12-05,Active
CUS-10744,Zetland Kennels Partners,TEM-43956-D,Retail,East of England,BRK-003,Noel Whitfield,noel.whitfield@zetlandkennels.co.uk,14/06/2025,Active
CUS-10745,Summerton Offices Group,TEM-51533-B,Healthcare,South East,BRK-024,Noel Doyle,noel.doyle@summertonoffic.co.uk,2023-04-25,Active
CUS-10746,Halewood Joinery Ltd,TEM-64296-D,Agriculture,London,BRK-024,Kirsty Nairn,kirsty.nairn@halewoodjoiner.co.uk,2022-01-14,Active
CUS-10747,Oakhurst Garden Ltd,TEM-27277-F,Logistics,Midlands,BRK-012,Tom Ogden,tom.ogden@oakhurstgarden.co.uk,2023-05-11,Active
CUS-10748,Halewood Robotics Ltd,TEM-48513-C,Leisure,South East,BRK-014,Iona Ellison,iona.ellison@halewoodroboti.co.uk,2021-11-22,Active
CUS-10749,Harborne Forge,TEM-93021-F,Food & Drink,Scotland,BRK-006,James Wren,james.wren@harborneforge.co.uk,2023-09-30,Active
CUS-10750,Umberside Recycling Ltd,TEM-20633-B,Leisure,Yorkshire,BRK-003,Jack Doyle,jack.doyle@umbersiderecyc.co.uk,2022-01-23,Active
CUS-10751,Wrenfield Plastics Ltd,TEM-22926-G,Hospitality,Wales,BRK-006,Aisha Vance,aisha.vance@wrenfieldplast.co.uk,05/06/2024,Active
CUS-10752,Kingsmead Recycling Ltd,TEM-36058-D,Healthcare,Midlands,BRK-009,Priya Nowak,priya.nowak@kingsmeadrecyc.co.uk,2021-11-02,Active
CUS-10753,Quayside Garden Ltd,TEM-99631-A,Leisure,East of England,BRK-011,Stefan Quinn,stefan.quinn@quaysidegarden.co.uk,2022-02-03,Active
CUS-10754,Bexley Dairy & Sons,TEM-95329-D,Agriculture,South West,BRK-024,Amber Whitfield,amber.whitfield@bexleydairy.co.uk,25/05/2025,Active
CUS-10755,Pennine Print Partners,TEM-38248-F,Education,Midlands,BRK-026,Omar Nairn,omar.nairn@pennineprint.co.uk,2024-05-16,Lost
CUS-10756,Cobalt Laundry Limited,TEM-24822-A,Professional Services,Yorkshire,BRK-032,Megan Lomax,megan.lomax@cobaltlaundry.co.uk,07/03/2024,Active
CUS-10757,Eastbrook Optics Ltd,TEM-86120-E,Professional Services,Yorkshire,BRK-009,Craig Yates,craig.yates@eastbrookoptic.co.uk,2025-04-23,Active
CUS-10758,Wrenfield Aggregates,TEM-93965-D,Manufacturing,East of England,,Nia Marsh,nia.marsh@wrenfieldaggre.co.uk,2024-05-31,Active
CUS-10759,Kestrel Dairy & Sons,TEM-76802-E,Manufacturing,Wales,BRK-006,Anita Hansen,anita.hansen@kestreldairy.co.uk,09/09/2025,Active
CUS-10760,Ingleby Retail Ltd,TEM-33766-D,Logistics,North West,BRK-010,Jack Kaur,jack.kaur@inglebyretail.co.uk,2022-12-28,Active
CUS-10761,Vantage Garden Ltd,TEM-78158-A,Leisure,Midlands,BRK-021,Oliver Grady,oliver.grady@vantagegarden.co.uk,13/12/2025,Active
CUS-10762,Orchard Care (UK) Ltd,TEM-19791-E,Agriculture,Wales,BRK-004,Kirsty Keane,kirsty.keane@orchardcare.co.uk,2025-09-06,Active
CUS-10763,Rosedale Breweries Limited,TEM-71375-C,Logistics,East of England,BRK-017,Anita Tate,anita.tate@rosedalebrewer.co.uk,25/09/2022,Active
CUS-10764,Saltmarsh Precision Co,TEM-85435-G,Healthcare,South East,BRK-007,Daniel Nairn,daniel.nairn@saltmarshpreci.co.uk,2023-04-14,Active
CUS-10765,Pemberley Hotels Limited,TEM-56150-F,Manufacturing,North West,BRK-013,Peter Kaur,peter.kaur@pemberleyhotel.co.uk,2024-05-21,Active
CUS-10766,Atlas Schools (UK) Ltd,TEM-95290-F,Retail,London,BRK-002,Aisha Pryce,aisha.pryce@atlasschools.co.uk,2021-09-28,Lost
CUS-10767,Kestrel Care Ltd,TEM-55722-B,Healthcare,Yorkshire,BRK-027,Lewis Mercer,lewis.mercer@kestrelcare.co.uk,09/12/2022,Active
CUS-10768,Exmoor Coachworks Holdings,TEM-57471-E,Education,Scotland,BRK-018,Gareth Reid,gareth.reid@exmoorcoachwor.co.uk,11/06/2023,Active
CUS-10769,Ellerton Restaurants Ltd,TEM-44322-D,Agriculture,Yorkshire,BRK-003,Paula Grady,paula.grady@ellertonrestau.co.uk,21/03/2024,Active
CUS-10770,Ullswater Laundry Ltd,TEM-64180-E,Retail,North West,BRK-032,Lewis Yates,lewis.yates@ullswaterlaund.co.uk,2021-11-21,Active
CUS-10771,Northgate Seafoods Holdings,TEM-57445-A,Professional Services,East of England,BRK-025,Tom Brooke,tom.brooke@northgateseafo.co.uk,2023-09-06,Active
CUS-10772,Quenington Retail Limited,TEM-53641-A,Retail,South East,BRK-007,Iona Whitfield,iona.whitfield@queningtonreta.co.uk,05/10/2023,Active
CUS-10773,Ironbridge Tanning Limited,TEM-99099-D,Manufacturing,South West,BRK-008,Iona Sharpe,iona.sharpe@ironbridgetann.co.uk,18/01/2026,Active
CUS-10774,Maplin Offices Ltd,TEM-67147-B,Healthcare,South West,BRK-011,Megan Jennings,megan.jennings@maplinoffices.co.uk,18/11/2025,Active
CUS-10775,Bramble Garden Group,TEM-21522-C,Retail,North East,BRK-022,Iona Iqbal,iona.iqbal@bramblegarden.co.uk,2024-10-14,Lost
CUS-10776,Ottershaw Forge Limited,TEM-64977-F,Professional Services,Scotland,BRK-012,Tom Rowntree,tom.rowntree@ottershawforge.co.uk,2024-10-04,Lost
CUS-10777,Atlas Plastics Ltd,TEM-43334-B,Healthcare,South West,BRK-010,Aisha Rowntree,aisha.rowntree@atlasplastics.co.uk,2024-12-17,Active
CUS-10778,Ingleby Hotels & Sons,TEM-33250-D,Hospitality,North West,,Sarah MacLeod,sarah.macleod@inglebyhotels.co.uk,28/08/2022,Lost
CUS-10779,Larkspur Seafoods (UK) Ltd,TEM-80449-F,Hospitality,Wales,BRK-018,Omar Iqbal,omar.iqbal@larkspurseafoo.co.uk,2025-10-06,Active
CUS-10780,Saltmarsh Foundry & Sons,TEM-11218-E,Manufacturing,East of England,BRK-019,Nadia Sutton,nadia.sutton@saltmarshfound.co.uk,03/06/2025,Active
CUS-10781,Zephyr Distillery & Sons,TEM-56850-C,Hospitality,South East,BRK-029,Gareth Wren,gareth.wren@zephyrdistille.co.uk,31/10/2024,Active
CUS-10782,Summerton Print Ltd,TEM-52076-F,Food & Drink,South West,BRK-022,Jack Ellison,jack.ellison@summertonprint.co.uk,2025-10-08,Active
CUS-10783,Whitethorn Cinemas,TEM-92690-E,Manufacturing,South East,BRK-034,Zara Underhill,zara.underhill@whitethorncine.co.uk,13/10/2025,Active
CUS-10784,Bluewater Studios Ltd,TEM-72164-A,Education,North West,BRK-034,James Doyle,james.doyle@bluewaterstudi.co.uk,05/03/2023,Dormant
CUS-10785,Selworthy Forge Ltd,TEM-28806-F,Logistics,North East,BRK-035,Ewan Wren,ewan.wren@selworthyforge.co.uk,2022-07-11,Active
CUS-10786,Cedar Veterinary Group,TEM-52078-E,Professional Services,North West,BRK-015,Tara Mercer,tara.mercer@cedarveterinar.co.uk,18/10/2025,Active
CUS-10787,Ottershaw Foundry & Sons,TEM-93653-D,Logistics,East of England,BRK-001,Zara Grady,zara.grady@ottershawfound.co.uk,04/03/2023,Active
CUS-10788,Rosedale Aquatics (UK) Ltd,TEM-29863-D,Hospitality,East of England,BRK-015,Kirsty Sutton,kirsty.sutton@rosedaleaquati.co.uk,09/01/2022,Active
CUS-10789,Ottershaw Milling Ltd,TEM-42312-F,Retail,Yorkshire,BRK-030,Grace Bright,grace.bright@ottershawmilli.co.uk,2025-09-25,Active
CUS-10790,Umberside Offices Ltd,TEM-46262-E,Manufacturing,South East,BRK-021,Sanjay Yates,sanjay.yates@umbersideoffic.co.uk,30/11/2021,Active
CUS-10791,Jarrow Glassworks Group,TEM-90462-A,Education,Yorkshire,BRK-002,Zara Jennings,zara.jennings@jarrowglasswor.co.uk,23/06/2022,Active
CUS-10792,Quenington Galvanising Holdings,TEM-48470-C,Logistics,Scotland,BRK-014,Ben Reid,ben.reid@queningtongalv.co.uk,25/10/2025,Active
CUS-10793,Bexley Plastics Ltd,TEM-57910-B,Logistics,Yorkshire,BRK-011,Paula Patel,paula.patel@bexleyplastics.co.uk,25/05/2025,Active
CUS-10794,Cranleigh Seafoods,TEM-73391-B,Food & Drink,South East,BRK-002,Lewis Hansen,lewis.hansen@cranleighseafo.co.uk,2024-05-20,Lost
CUS-10795,Nettlebed Galvanising,TEM-12742-C,Food & Drink,Yorkshire,BRK-009,Aisha Nairn,aisha.nairn@nettlebedgalva.co.uk,2025-04-09,Active
CUS-10796,Orchard Glassworks Ltd,TEM-51538-A,Healthcare,North East,BRK-020,Gareth Frost,gareth.frost@orchardglasswo.co.uk,25/04/2024,Active
CUS-10797,Nettlebed Seafoods & Sons,TEM-66043-E,Education,South West,BRK-015,Nadia Mercer,nadia.mercer@nettlebedseafo.co.uk,08/02/2022,Active
CUS-10798,Quayside Salvage Holdings,TEM-58999-F,Food & Drink,Wales,BRK-028,Nadia Nowak,nadia.nowak@quaysidesalvag.co.uk,07/02/2024,Active
CUS-10799,Ironbridge Bakehouse & Sons,TEM-50299-D,Healthcare,North West,BRK-001,Lewis Grady,lewis.grady@ironbridgebake.co.uk,29/11/2025,Dormant
CUS-10800,Kestrel Robotics,TEM-72622-G,Agriculture,Yorkshire,BRK-010,Dev Sharpe,dev.sharpe@kestrelrobotic.co.uk,08/11/2021,Active
CUS-10801,Ellerton Veterinary Holdings,TEM-37577-D,Logistics,North West,BRK-031,Paula Sharpe,paula.sharpe@ellertonveteri.co.uk,2021-10-07,Active
CUS-10802,Pemberley Schools Co,TEM-18411-G,Professional Services,Midlands,BRK-035,Nia Yates,nia.yates@pemberleyschoo.co.uk,21/03/2023,Active
CUS-10803,Silverbeck Scaffolding Ltd,TEM-38521-E,Education,South West,BRK-013,Amber Nairn,amber.nairn@silverbeckscaf.co.uk,31/03/2025,Active
CUS-10804,Denholm Tanning Holdings,TEM-59955-E,Professional Services,Scotland,BRK-012,Rhys Sharpe,rhys.sharpe@denholmtanning.co.uk,21/11/2025,Active
CUS-10805,Eastbrook Foundry,TEM-23759-C,Leisure,North West,BRK-032,Emily Keane,emily.keane@eastbrookfound.co.uk,13/12/2021,Active
CUS-10806,Bluewater Laundry Ltd,TEM-42085-C,Logistics,East of England,BRK-025,Nadia Lomax,nadia.lomax@bluewaterlaund.co.uk,17/01/2022,Active
CUS-10807,Kingsmead Studios Co,TEM-76616-F,Agriculture,East of England,BRK-006,Marcus MacLeod,marcus.macleod@kingsmeadstudi.co.uk,2022-12-26,Active
CUS-10808,Pemberley Kennels Holdings,TEM-93920-F,Food & Drink,North West,BRK-034,Nadia Marsh,nadia.marsh@pemberleykenne.co.uk,13/08/2023,Active
CUS-10809,Ottershaw Cinemas Ltd,TEM-34916-F,Logistics,Midlands,BRK-017,Tom Voss,tom.voss@ottershawcinem.co.uk,2024-02-06,Active
CUS-10810,Padstow Salvage Ltd,TEM-90780-E,Logistics,London,BRK-028,Craig Nairn,craig.nairn@padstowsalvage.co.uk,2023-10-08,Lost
CUS-10811,Tanfield Foundry Ltd,TEM-50708-B,Healthcare,North East,BRK-009,Sarah Vance,sarah.vance@tanfieldfoundr.co.uk,2024-12-02,Active
CUS-10812,Hollybush Marine Group,TEM-58894-A,Retail,London,BRK-012,Iona Underhill,iona.underhill@hollybushmarin.co.uk,2025-10-06,Active
CUS-10813,Dunmore Padel Co,TEM-97659-C,Manufacturing,East of England,BRK-009,Stefan Sharpe,stefan.sharpe@dunmorepadel.co.uk,2024-04-29,Active
CUS-10814,Atlas Gym Co,TEM-93550-D,Professional Services,London,,Tara MacLeod,tara.macleod@atlasgym.co.uk,05/12/2025,Active
CUS-10815,Rosedale Salvage Group,TEM-62690-B,Manufacturing,London,BRK-023,Ewan Yates,ewan.yates@rosedalesalvag.co.uk,2023-09-10,Active
CUS-10816,Caldwell Data Rooms Group,TEM-94731-F,Leisure,South West,BRK-032,Oliver Doyle,oliver.doyle@caldwelldataro.co.uk,2024-10-11,Active
CUS-10817,Maplin Marine & Sons,TEM-70323-F,Education,North East,,Sanjay Mercer,sanjay.mercer@maplinmarine.co.uk,15/01/2022,Active
CUS-10818,Ingleby Print Group,TEM-62181-G,Education,East of England,BRK-013,Lewis Sharpe,lewis.sharpe@inglebyprint.co.uk,29/03/2023,Active
CUS-10819,Yarrow Plastics (UK) Ltd,TEM-19581-A,Professional Services,North East,BRK-024,Tom Doyle,tom.doyle@yarrowplastics.co.uk,05/01/2023,Active
CUS-10820,Zetland Coachworks Ltd,TEM-23320-G,Healthcare,South West,BRK-006,Gareth Hale,gareth.hale@zetlandcoachwo.co.uk,2022-03-02,Active
CUS-10821,Kelbrook Optics (UK) Ltd,TEM-26318-E,Professional Services,North East,BRK-029,James Kaur,james.kaur@kelbrookoptics.co.uk,2025-08-13,Active
CUS-10822,Quenington Hotels Ltd,TEM-23142-B,Food & Drink,Wales,BRK-025,Dev Vance,dev.vance@queningtonhote.co.uk,18/12/2025,Active
CUS-10823,Zetland Distillery Holdings,TEM-10614-B,Logistics,Yorkshire,BRK-017,Freya Whitfield,freya.whitfield@zetlanddistill.co.uk,20/10/2025,Active
CUS-10824,Elmwood Breweries Partners,TEM-95191-G,Education,Yorkshire,,Iona Hansen,iona.hansen@elmwoodbreweri.co.uk,2025-05-02,Active
CUS-10825,Jespersen Upholstery Co,TEM-23040-A,Healthcare,Midlands,BRK-009,Priya Tate,priya.tate@jespersenuphol.co.uk,2024-09-09,Active
CUS-10826,Stanhope Marine Limited,TEM-57875-C,Healthcare,Yorkshire,BRK-028,Holly Kaur,holly.kaur@stanhopemarine.co.uk,13/12/2021,Active
CUS-10827,Farrier Cinemas (UK) Ltd,TEM-57695-G,Logistics,North East,BRK-009,Tom Frost,tom.frost@farriercinemas.co.uk,12/07/2024,Active
CUS-10828,Maplin Plastics Ltd,TEM-62074-G,Food & Drink,Midlands,BRK-029,Zara Wren,zara.wren@maplinplastics.co.uk,2025-12-28,Active
CUS-10829,Rosedale Cold Storage Group,TEM-66136-A,Food & Drink,South East,BRK-025,Anita Nowak,anita.nowak@rosedalecoldst.co.uk,15/10/2021,Active
CUS-10830,Selworthy Veterinary Ltd,TEM-26396-E,Manufacturing,London,BRK-010,James Grady,james.grady@selworthyveter.co.uk,2024-07-24,Active
CUS-10831,Wrenfield Marine (UK) Ltd,TEM-49829-G,Education,Scotland,BRK-033,Sanjay Nairn,sanjay.nairn@wrenfieldmarin.co.uk,26/10/2025,Active
CUS-10832,Millpond Recycling Partners,TEM-25322-B,Retail,Yorkshire,,Anita Patel,anita.patel@millpondrecycl.co.uk,26/09/2023,Lost
CUS-10833,Kestrel Milling Co,TEM-20342-E,Hospitality,North East,BRK-008,Aisha Pryce,aisha.pryce@kestrelmilling.co.uk,18/09/2022,Active
CUS-10834,Millpond Glassworks Holdings,TEM-65790-F,Manufacturing,Wales,BRK-019,Oliver Vance,oliver.vance@millpondglassw.co.uk,12/02/2023,Active
CUS-10835,Tanfield Catering Ltd,TEM-72183-E,Manufacturing,London,BRK-030,Ben Hansen,ben.hansen@tanfieldcateri.co.uk,2023-01-15,Active
CUS-10836,Summerton Leisure Ltd,TEM-81984-D,Professional Services,Yorkshire,BRK-013,Ryan Underhill,ryan.underhill@summertonleisu.co.uk,19/03/2023,Active
CUS-10837,Rosedale Salvage (UK) Ltd,TEM-77278-D,Hospitality,North East,BRK-004,Peter Iqbal,peter.iqbal@rosedalesalvag.co.uk,06/03/2023,Active
CUS-10838,Dunmore Aquatics Holdings,TEM-51615-B,Manufacturing,East of England,BRK-026,Omar MacLeod,omar.macleod@dunmoreaquatic.co.uk,06/01/2025,Active
CUS-10839,Lowther Laundry Partners,TEM-98156-D,Food & Drink,South East,BRK-003,Freya Ogden,freya.ogden@lowtherlaundry.co.uk,2022-03-10,Active
CUS-10840,Tredegar Hotels Group,TEM-19586-C,Logistics,London,BRK-020,Tara Ferris,tara.ferris@tredegarhotels.co.uk,28/03/2024,Lost
CUS-10841,Atlas Farm Foods Holdings,TEM-70466-A,Agriculture,North East,BRK-002,Lucy Ferris,lucy.ferris@atlasfarmfoods.co.uk,31/10/2022,Active
CUS-10842,Halewood Coachworks (UK) Ltd,TEM-42045-F,Food & Drink,East of England,BRK-011,Noel Nairn,noel.nairn@halewoodcoachw.co.uk,02/11/2025,Active
CUS-10843,Padstow Care,TEM-27195-B,Leisure,South East,BRK-017,Ben Marsh,ben.marsh@padstowcare.co.uk,2023-10-15,Active
CUS-10844,Stanhope Farm Foods Group,TEM-81540-F,Manufacturing,South West,BRK-032,Sarah MacLeod,sarah.macleod@stanhopefarmfo.co.uk,11/05/2022,Active
CUS-10845,Bluewater Bookbinders Ltd,TEM-73488-G,Manufacturing,Scotland,BRK-010,Craig Jennings,craig.jennings@bluewaterbookb.co.uk,2022-05-08,Active
CUS-10846,Silverbeck Schools Holdings,TEM-22988-C,Professional Services,North East,BRK-034,Zara Ellison,zara.ellison@silverbeckscho.co.uk,2024-05-21,Active
CUS-10847,Tanfield Robotics Co,TEM-85422-A,Hospitality,London,,Gareth Mercer,gareth.mercer@tanfieldroboti.co.uk,26/07/2025,Active
CUS-10848,Larkspur Studios Ltd,TEM-88620-A,Food & Drink,North West,BRK-001,Ewan Brooke,ewan.brooke@larkspurstudio.co.uk,29/11/2024,Active
CUS-10849,Summerton Forge Group,TEM-67346-E,Leisure,South East,BRK-012,Noel Mercer,noel.mercer@summertonforge.co.uk,17/02/2024,Active
CUS-10850,Farrier Farm Foods Ltd,TEM-71472-E,Hospitality,London,,Jack Jennings,jack.jennings@farrierfarmfoo.co.uk,2023-12-13,Lost
CUS-10851,Ironbridge Catering Ltd,TEM-81438-B,Logistics,Midlands,,Aisha Ellison,aisha.ellison@ironbridgecate.co.uk,06/01/2023,Lost
CUS-10852,Saltmarsh Veterinary Limited,TEM-84446-B,Healthcare,Yorkshire,BRK-021,Aisha Jennings,aisha.jennings@saltmarshveter.co.uk,17/01/2022,Active
CUS-10853,Kingsmead Optics,TEM-53150-D,Manufacturing,East of England,BRK-008,Noel Tate,noel.tate@kingsmeadoptic.co.uk,31/12/2021,Active
CUS-10854,Ironbridge Coachworks Group,TEM-54962-G,Food & Drink,East of England,BRK-028,Lewis Mercer,lewis.mercer@ironbridgecoac.co.uk,03/10/2025,Active
CUS-10855,Denholm Timber Holdings,TEM-76213-E,Hospitality,East of England,BRK-026,James Kaur,james.kaur@denholmtimber.co.uk,16/02/2023,Active
CUS-10856,Norbury Nurseries Holdings,TEM-77907-D,Education,East of England,BRK-010,Tom Patel,tom.patel@norburynurseri.co.uk,07/08/2024,Lost
CUS-10857,Stanhope Timber,TEM-11342-C,Hospitality,London,,Daniel Whitfield,daniel.whitfield@stanhopetimber.co.uk,14/11/2024,Lost
CUS-10858,Lowther Engineering Ltd,TEM-68312-D,Manufacturing,South West,BRK-017,Paula Brooke,paula.brooke@lowtherenginee.co.uk,29/09/2025,Active
CUS-10859,Foxglove Retail & Sons,TEM-15304-G,Food & Drink,North East,BRK-026,Nadia Frost,nadia.frost@foxgloveretail.co.uk,2025-07-18,Active
CUS-10860,Ullswater Optics & Sons,TEM-61238-C,Retail,Midlands,BRK-023,Lucy Patel,lucy.patel@ullswateroptic.co.uk,28/10/2023,Active
CUS-10861,Jespersen Gym Holdings,TEM-33182-D,Agriculture,South West,BRK-024,Freya Keane,freya.keane@jespersengym.co.uk,08/06/2022,Active
CUS-10862,Nettlebed Textiles Ltd,TEM-39185-G,Leisure,Scotland,BRK-006,Paula Lomax,paula.lomax@nettlebedtexti.co.uk,26/03/2022,Active
CUS-10863,Lighthouse Garden Ltd,TEM-58373-E,Manufacturing,North West,BRK-015,Priya Grady,priya.grady@lighthousegard.co.uk,28/04/2024,Active
CUS-10864,Jespersen Bakehouse Co,TEM-87942-F,Education,South East,BRK-024,Rhys Tate,rhys.tate@jespersenbakeh.co.uk,2024-03-06,Active
CUS-10865,Bluewater Ice Cream Co,TEM-64978-G,Hospitality,North East,BRK-023,Lucy Osei,lucy.osei@bluewatericecr.co.uk,2022-05-04,Active
CUS-10866,Ashcombe Dairy Holdings,TEM-16209-D,Retail,South West,,Grace Okafor,grace.okafor@ashcombedairy.co.uk,2023-06-07,Active
CUS-10867,Ottershaw Laundry Limited,TEM-23471-D,Healthcare,Midlands,,Callum Doyle,callum.doyle@ottershawlaund.co.uk,2024-06-18,Lost
CUS-10868,Marlow Robotics Group,TEM-70764-F,Professional Services,Wales,BRK-002,Sanjay Rowntree,sanjay.rowntree@marlowrobotics.co.uk,26/10/2025,Active
CUS-10869,Hollybush Milling Ltd,TEM-34536-F,Manufacturing,South West,BRK-032,Anita Hansen,anita.hansen@hollybushmilli.co.uk,2022-10-09,Active
CUS-10870,Kestrel Farm Foods Co,TEM-66176-C,Food & Drink,North West,BRK-033,Tara Quinn,tara.quinn@kestrelfarmfoo.co.uk,2023-02-15,Active
CUS-10871,Stanhope Forge (UK) Ltd,TEM-53508-G,Food & Drink,Wales,BRK-008,Priya Underhill,priya.underhill@stanhopeforge.co.uk,03/12/2025,Active
CUS-10872,Stanhope Joinery Ltd,TEM-29844-F,Retail,London,BRK-029,Nadia Nairn,nadia.nairn@stanhopejoiner.co.uk,2025-07-09,Lost
CUS-10873,Quenington Timber Limited,TEM-26009-E,Manufacturing,Yorkshire,BRK-005,Emily Pryce,emily.pryce@queningtontimb.co.uk,09/11/2025,Lost
CUS-10874,Langmere Leisure Ltd,TEM-97260-G,Agriculture,North East,BRK-004,Zara Tate,zara.tate@langmereleisur.co.uk,17/11/2021,Active
CUS-10875,Lighthouse Chandlery Group,TEM-47631-C,Logistics,Midlands,BRK-032,Anita Osei,anita.osei@lighthousechan.co.uk,2023-12-13,Active
CUS-10876,Cranleigh Coachworks,TEM-71556-B,Retail,London,BRK-018,Nadia Grady,nadia.grady@cranleighcoach.co.uk,11/02/2024,Active
CUS-10877,Elmwood Timber Ltd,TEM-44241-E,Logistics,Midlands,BRK-034,Amber Underhill,amber.underhill@elmwoodtimber.co.uk,2022-04-17,Active
CUS-10878,Rosedale Coachworks & Sons,TEM-24419-E,Logistics,East of England,,Iona Ferris,iona.ferris@rosedalecoachw.co.uk,2022-07-02,Active
CUS-10879,Quayside Tanning Partners,TEM-24008-C,Agriculture,Wales,BRK-009,Tara Underhill,tara.underhill@quaysidetannin.co.uk,2023-08-10,Active
CUS-10880,Jespersen Garden,TEM-85596-F,Logistics,Midlands,BRK-025,Holly Nairn,holly.nairn@jespersengarde.co.uk,2022-11-28,Active
CUS-10881,Halewood Fabrications Holdings,TEM-36102-F,Hospitality,North East,BRK-030,Iona Whitfield,iona.whitfield@halewoodfabric.co.uk,2023-06-06,Active
CUS-10882,Norbury Catering Partners,TEM-65143-C,Agriculture,South East,BRK-021,Priya Pryce,priya.pryce@norburycaterin.co.uk,01/11/2023,Active
CUS-10883,Summerton Galvanising,TEM-74749-E,Leisure,South East,BRK-033,Lewis Okafor,lewis.okafor@summertongalva.co.uk,09/02/2023,Active
CUS-10884,Norbury Optics Partners,TEM-43378-F,Healthcare,East of England,BRK-016,Lewis Nowak,lewis.nowak@norburyoptics.co.uk,2024-10-22,Active
CUS-10885,Bluewater Salvage Limited,TEM-63883-A,Food & Drink,Midlands,BRK-012,Lewis Doyle,lewis.doyle@bluewatersalva.co.uk,14/02/2025,Active
CUS-10886,Silverbeck Care Group,TEM-97351-B,Food & Drink,North West,BRK-015,Ben Ferris,ben.ferris@silverbeckcare.co.uk,2024-10-17,Active
CUS-10887,Farrier Optics Holdings,TEM-82799-F,Leisure,London,BRK-025,Marcus Kaur,marcus.kaur@farrieroptics.co.uk,10/11/2021,Lost
CUS-10888,Hollybush Data Rooms Partners,TEM-28933-C,Leisure,North West,BRK-016,Holly Sharpe,holly.sharpe@hollybushdatar.co.uk,2023-08-23,Active
CUS-10889,Whitethorn Packaging Limited,TEM-12066-A,Retail,London,BRK-031,Tara Mercer,tara.mercer@whitethornpack.co.uk,27/04/2025,Active
CUS-10890,Verity Fabrications Co,TEM-46031-G,Logistics,Midlands,BRK-027,Anita Kaur,anita.kaur@verityfabricat.co.uk,2022-03-29,Active
CUS-10891,Silverbeck Roofing Partners,TEM-69021-D,Hospitality,Yorkshire,BRK-002,Lewis Keane,lewis.keane@silverbeckroof.co.uk,2022-09-17,Active
CUS-10892,Ironbridge Optics Ltd,TEM-28272-C,Education,London,,Anita Osei,anita.osei@ironbridgeopti.co.uk,2022-10-11,Lost
CUS-10893,Norbury Padel & Sons,TEM-14033-G,Food & Drink,London,BRK-027,Sanjay Nairn,sanjay.nairn@norburypadel.co.uk,2025-04-07,Active
CUS-10894,Westcliff Gym Partners,TEM-53591-A,Food & Drink,East of England,BRK-028,Noel Chowdhury,noel.chowdhury@westcliffgym.co.uk,2023-09-03,Active
CUS-10895,Cranleigh Cinemas Ltd,TEM-12693-E,Agriculture,Wales,BRK-020,Chloe Osei,chloe.osei@cranleighcinem.co.uk,2023-04-26,Active
CUS-10896,Summerton Coachworks Group,TEM-27070-D,Professional Services,East of England,BRK-031,Lucy Ferris,lucy.ferris@summertoncoach.co.uk,2023-10-07,Active
CUS-10897,Cobalt Catering,TEM-20082-C,Professional Services,Scotland,BRK-016,Craig Mercer,craig.mercer@cobaltcatering.co.uk,2023-10-16,Active
CUS-10898,Ashcombe Seafoods Ltd,TEM-64292-G,Food & Drink,Wales,BRK-003,Callum Nowak,callum.nowak@ashcombeseafoo.co.uk,29/12/2023,Active
CUS-10899,Quenington Dairy Group,TEM-49941-D,Food & Drink,Scotland,BRK-026,Iona Nairn,iona.nairn@queningtondair.co.uk,14/01/2023,Active
CUS-10900,Vantage Catering Co,TEM-12449-E,Logistics,Scotland,,Stefan Underhill,stefan.underhill@vantagecaterin.co.uk,31/03/2022,Active
CUS-10901,Umberside Textiles Ltd,TEM-51593-E,Agriculture,Midlands,BRK-012,Rhys Ogden,rhys.ogden@umbersidetexti.co.uk,11/05/2025,Active
CUS-10902,Saltmarsh Coachworks Ltd,TEM-80432-G,Retail,South East,BRK-013,Peter Lomax,peter.lomax@saltmarshcoach.co.uk,09/03/2024,Active
CUS-10903,Merrivale Plastics (UK) Ltd,TEM-13993-B,Education,North West,BRK-032,Stefan Yates,stefan.yates@merrivaleplast.co.uk,08/06/2024,Active
CUS-10904,Cedar Care (UK) Ltd,TEM-24809-A,Retail,East of England,BRK-004,Lewis Iqbal,lewis.iqbal@cedarcare.co.uk,2026-02-11,Active
CUS-10905,Thackery Dairy Co,TEM-17460-E,Education,Wales,BRK-030,Kirsty Hansen,kirsty.hansen@thackerydairy.co.uk,01/02/2026,Lost
CUS-10906,Lowther Restaurants (UK) Ltd,TEM-85181-C,Logistics,London,BRK-014,Oliver Ellison,oliver.ellison@lowtherrestaur.co.uk,17/07/2023,Active
CUS-10907,Applegarth Gym & Sons,TEM-51943-A,Agriculture,North East,BRK-005,Sanjay Ellison,sanjay.ellison@applegarthgym.co.uk,05/06/2024,Active
CUS-10908,Cranleigh Logistics Group,TEM-48933-C,Manufacturing,London,BRK-019,Stefan Pryce,stefan.pryce@cranleighlogis.co.uk,2022-04-26,Active
CUS-10909,Hollybush Aggregates Limited,TEM-81140-A,Hospitality,Scotland,BRK-014,Paula Mercer,paula.mercer@hollybushaggre.co.uk,2024-01-21,Active
CUS-10910,Ironbridge Motors Co,TEM-74431-G,Education,Yorkshire,BRK-001,James Ogden,james.ogden@ironbridgemoto.co.uk,2024-11-28,Active
CUS-10911,Bexley Fabrications Ltd,TEM-51720-D,Agriculture,Midlands,BRK-006,Anita Kaur,anita.kaur@bexleyfabricat.co.uk,07/11/2024,Dormant
CUS-10912,Atlas Bookbinders Partners,TEM-64473-C,Retail,London,BRK-025,Marcus Ellison,marcus.ellison@atlasbookbinde.co.uk,14/12/2022,Active
CUS-10913,Larkspur Pharmacy Ltd,TEM-15234-B,Retail,East of England,BRK-034,Rhys Jennings,rhys.jennings@larkspurpharma.co.uk,07/01/2023,Lost
CUS-10914,Eastbrook Cold Storage & Sons,TEM-83880-D,Hospitality,Wales,BRK-032,Anita Nairn,anita.nairn@eastbrookcolds.co.uk,16/01/2023,Active
CUS-10915,Hatherley Roofing Partners,TEM-47287-A,Hospitality,Wales,BRK-014,Nia Jennings,nia.jennings@hatherleyroofi.co.uk,26/09/2025,Lost
CUS-10916,Wrenfield Precision Ltd,TEM-99084-E,Manufacturing,Wales,BRK-002,Peter Tate,peter.tate@wrenfieldpreci.co.uk,29/05/2024,Active
CUS-10917,Lighthouse Recycling Co,TEM-97268-D,Hospitality,South East,BRK-029,Ben Kaur,ben.kaur@lighthouserecy.co.uk,17/09/2024,Lost
CUS-10918,Whitethorn Veterinary,TEM-10648-E,Healthcare,Scotland,BRK-006,Peter Rowntree,peter.rowntree@whitethornvete.co.uk,2024-04-14,Active
CUS-10919,Elmwood Engineering Limited,TEM-83032-A,Food & Drink,North West,,Sanjay Jennings,sanjay.jennings@elmwoodenginee.co.uk,2023-11-18,Active
CUS-10920,Tredegar Seafoods Ltd,TEM-54890-F,Education,South East,BRK-002,Freya Whitfield,freya.whitfield@tredegarseafoo.co.uk,2022-09-14,Active
CUS-10921,Kingsmead Care,TEM-97284-C,Education,South West,BRK-034,Lucy Quinn,lucy.quinn@kingsmeadcare.co.uk,2023-06-08,Lost
CUS-10922,Gilded Schools Holdings,TEM-64515-D,Food & Drink,South East,,Nadia Wren,nadia.wren@gildedschools.co.uk,2022-07-03,Active
CUS-10923,Yarrow Chandlery Holdings,TEM-15011-B,Education,North West,BRK-013,Craig Yates,craig.yates@yarrowchandler.co.uk,19/10/2025,Active
CUS-10924,Bluewater Seafoods Ltd,TEM-84816-D,Healthcare,London,BRK-033,Nia Patel,nia.patel@bluewaterseafo.co.uk,2024-02-22,Active
CUS-10925,Ingleby Roofing (UK) Ltd,TEM-10658-D,Leisure,East of England,BRK-018,Ewan Iqbal,ewan.iqbal@inglebyroofing.co.uk,04/10/2023,Active
CUS-10926,Stanhope Logistics Ltd,TEM-62796-C,Logistics,South West,,Marcus Lomax,marcus.lomax@stanhopelogist.co.uk,20/08/2025,Active
CUS-10927,Marlow Padel Ltd,TEM-80276-G,Agriculture,North West,BRK-003,Lewis Lomax,lewis.lomax@marlowpadel.co.uk,2022-06-23,Active
CUS-10928,Gilded Restaurants (UK) Ltd,TEM-94734-C,Healthcare,South West,BRK-011,Tara Bright,tara.bright@gildedrestaura.co.uk,2022-05-19,Active
CUS-10929,Kestrel Dairy Ltd,TEM-36124-C,Logistics,London,,Nadia Reid,nadia.reid@kestreldairy.co.uk,11/04/2023,Active
CUS-10930,Garwood Motors Holdings,TEM-47225-E,Retail,Yorkshire,,Freya Tate,freya.tate@garwoodmotors.co.uk,2024-07-25,Active
CUS-10931,Yarrow Bookbinders Limited,TEM-76050-B,Education,South West,BRK-019,Aisha Nowak,aisha.nowak@yarrowbookbind.co.uk,2024-04-30,Active
CUS-10932,Nettlebed Restaurants & Sons,TEM-65971-G,Professional Services,North East,BRK-020,Chloe Jennings,chloe.jennings@nettlebedresta.co.uk,2024-10-15,Active
CUS-10933,Hatherley Print Limited,TEM-87221-A,Agriculture,Midlands,BRK-015,Omar Reid,omar.reid@hatherleyprint.co.uk,09/01/2022,Active
CUS-10934,Kelbrook Timber Group,TEM-64978-G,Healthcare,South East,BRK-023,Paula Ferris,paula.ferris@kelbrooktimber.co.uk,2025-11-28,Active
CUS-10935,Bexley Joinery & Sons,TEM-22911-G,Professional Services,North East,BRK-029,Nadia Patel,nadia.patel@bexleyjoinery.co.uk,30/11/2022,Active
CUS-10936,Kingsmead Restaurants Co,TEM-34293-G,Agriculture,Scotland,BRK-023,Rhys Ellison,rhys.ellison@kingsmeadresta.co.uk,2021-12-19,Active
CUS-10937,Eastbrook Packaging Group,TEM-77789-G,Manufacturing,East of England,BRK-019,Noel Underhill,noel.underhill@eastbrookpacka.co.uk,10/12/2021,Lost
CUS-10938,Rosedale Chandlery,TEM-53511-D,Hospitality,South East,BRK-025,Nadia Whitfield,nadia.whitfield@rosedalechandl.co.uk,2025-11-13,Active
CUS-10939,Torque Laundry Holdings,TEM-59210-E,Food & Drink,Midlands,BRK-021,James Ellison,james.ellison@torquelaundry.co.uk,2022-06-02,Active
CUS-10940,Padstow Nurseries Partners,TEM-25925-F,Logistics,Yorkshire,BRK-008,Noel Jennings,noel.jennings@padstownurseri.co.uk,2024-03-16,Active
CUS-10941,Larkspur Salvage Holdings,TEM-95494-D,Professional Services,Midlands,BRK-027,Marcus Rowntree,marcus.rowntree@larkspursalvag.co.uk,01/12/2023,Active
CUS-10942,Redwing Plastics Ltd,TEM-62249-D,Professional Services,South East,BRK-025,Callum Kaur,callum.kaur@redwingplastic.co.uk,14/09/2024,Active
CUS-10943,Kingsmead Galvanising Co,TEM-76915-A,Education,North East,BRK-030,Nadia Kaur,nadia.kaur@kingsmeadgalva.co.uk,2022-07-13,Active
CUS-10944,Langmere Foundry Partners,TEM-20332-D,Leisure,Scotland,BRK-026,Holly Marsh,holly.marsh@langmerefoundr.co.uk,06/09/2022,Active
CUS-10945,Lighthouse Seafoods Co,TEM-70496-D,Professional Services,South East,BRK-035,Amber Keane,amber.keane@lighthouseseaf.co.uk,25/01/2024,Active
CUS-10946,Norbury Timber Ltd,TEM-77387-E,Education,South West,BRK-011,Sarah Rowntree,sarah.rowntree@norburytimber.co.uk,16/05/2022,Lost
CUS-10947,Summerton Data Rooms Ltd,TEM-41857-A,Retail,North West,BRK-026,Paula Voss,paula.voss@summertondatar.co.uk,29/09/2024,Active
CUS-10948,Silverbeck Precision Co,TEM-59491-C,Retail,North East,BRK-035,Noel Whitfield,noel.whitfield@silverbeckprec.co.uk,28/04/2024,Active
CUS-10949,Wrenfield Engineering,TEM-22863-G,Healthcare,Wales,BRK-020,Craig Ferris,craig.ferris@wrenfieldengin.co.uk,2025-08-18,Lost
CUS-10950,Yewtree Recycling (UK) Ltd,TEM-51023-G,Leisure,London,BRK-025,Nadia Chowdhury,nadia.chowdhury@yewtreerecycli.co.uk,15/03/2023,Lost
CUS-10951,Lowther Cinemas Limited,TEM-90076-B,Agriculture,Scotland,BRK-003,Callum Frost,callum.frost@lowthercinemas.co.uk,26/04/2022,Active
CUS-10952,Jespersen Packaging Ltd,TEM-18432-C,Retail,London,BRK-010,James Whitfield,james.whitfield@jespersenpacka.co.uk,2025-10-13,Active
CUS-10953,Fernhill Care Ltd,TEM-16606-B,Professional Services,Wales,BRK-029,Omar Pryce,omar.pryce@fernhillcare.co.uk,13/11/2024,Active
CUS-10954,Bluewater Scaffolding Group,TEM-68976-D,Healthcare,Wales,BRK-019,Nadia Ellison,nadia.ellison@bluewaterscaff.co.uk,2022-05-31,Active
CUS-10955,Foxglove Upholstery & Sons,TEM-34381-C,Hospitality,Yorkshire,,Tara Chowdhury,tara.chowdhury@foxgloveuphols.co.uk,2022-05-28,Active
CUS-10956,Westcliff Care Group,TEM-53577-B,Professional Services,South East,BRK-019,Paula Ellison,paula.ellison@westcliffcare.co.uk,2024-04-22,Active
CUS-10957,Harborne Tanning Limited,TEM-94011-B,Manufacturing,Scotland,BRK-034,Zara Wren,zara.wren@harbornetannin.co.uk,2024-08-21,Active
CUS-10958,Zetland Milling Partners,TEM-77688-F,Logistics,London,BRK-033,Rhys Jennings,rhys.jennings@zetlandmilling.co.uk,2025-10-23,Active
CUS-10959,Ravenscar Timber Group,TEM-10607-G,Manufacturing,North East,,Daniel Sharpe,daniel.sharpe@ravenscartimbe.co.uk,2022-06-18,Active
CUS-10960,Cobalt Forge Co,TEM-89615-E,Logistics,Scotland,BRK-014,Tom Patel,tom.patel@cobaltforge.co.uk,2023-09-09,Active
CUS-10961,Wrenfield Kennels Partners,TEM-17362-G,Manufacturing,North East,BRK-015,Iona Chowdhury,iona.chowdhury@wrenfieldkenne.co.uk,2025-11-22,Active
CUS-10962,Applegarth Schools Ltd,TEM-23687-B,Logistics,Scotland,BRK-030,Oliver Yates,oliver.yates@applegarthscho.co.uk,31/12/2023,Lost
CUS-10963,Umberside Optics Group,TEM-29482-D,Leisure,Midlands,BRK-028,Fatima Yates,fatima.yates@umbersideoptic.co.uk,30/10/2025,Active
CUS-10964,Kingsmead Cold Storage Ltd,TEM-49954-C,Food & Drink,South East,BRK-011,Chloe Keane,chloe.keane@kingsmeadcolds.co.uk,2022-06-13,Active
CUS-10965,Westcliff Data Rooms Co,TEM-99496-C,Retail,Midlands,BRK-016,Peter Sutton,peter.sutton@westcliffdatar.co.uk,23/02/2025,Active
CUS-10966,Ingleby Laundry Limited,TEM-11099-A,Hospitality,Yorkshire,BRK-012,Megan Marsh,megan.marsh@inglebylaundry.co.uk,2021-10-28,Active
CUS-10967,Padstow Garden (UK) Ltd,TEM-58530-F,Manufacturing,North East,,Omar Yates,omar.yates@padstowgarden.co.uk,23/01/2024,Active
CUS-10968,Northgate Kennels Partners,TEM-73743-E,Healthcare,South West,BRK-035,Freya Ferris,freya.ferris@northgatekenne.co.uk,2023-01-01,Active
CUS-10969,Millpond Recycling Holdings,TEM-43517-G,Retail,Wales,BRK-030,Nia Reid,nia.reid@millpondrecycl.co.uk,2022-08-04,Active
CUS-10970,Denholm Roofing Ltd,TEM-12060-G,Leisure,South East,BRK-026,Aisha Nairn,aisha.nairn@denholmroofing.co.uk,2025-05-08,Active
CUS-10971,Kingsmead Packaging Ltd,TEM-66388-D,Food & Drink,Wales,BRK-031,Ben Vance,ben.vance@kingsmeadpacka.co.uk,2024-11-25,Lost
CUS-10972,Ingleby Gym & Sons,TEM-38598-A,Hospitality,Wales,BRK-022,Noel Tate,noel.tate@inglebygym.co.uk,15/04/2023,Active
CUS-10973,Pemberley Seafoods Ltd,TEM-79525-D,Food & Drink,London,BRK-010,Nia Sharpe,nia.sharpe@pemberleyseafo.co.uk,22/05/2024,Active
CUS-10974,Cedar Kennels Limited,TEM-53676-A,Retail,North East,BRK-029,Ryan Bright,ryan.bright@cedarkennels.co.uk,2025-10-02,Active
CUS-10975,Fernhill Forge Holdings,TEM-52648-A,Hospitality,North West,BRK-034,Iona Ferris,iona.ferris@fernhillforge.co.uk,04/01/2022,Active
CUS-10976,Birchmoor Motors (UK) Ltd,TEM-74915-G,Food & Drink,Midlands,BRK-013,Ewan Sutton,ewan.sutton@birchmoormotor.co.uk,24/12/2021,Active
CUS-10977,Padstow Textiles & Sons,TEM-46134-G,Logistics,Yorkshire,BRK-008,Fatima Whitfield,fatima.whitfield@padstowtextile.co.uk,2023-04-13,Active
CUS-10978,Saltmarsh Packaging Ltd,TEM-24396-A,Hospitality,North East,BRK-003,James Grady,james.grady@saltmarshpacka.co.uk,25/07/2022,Active
CUS-10979,Orchard Retail Holdings,TEM-37233-D,Education,East of England,BRK-009,Nadia Keane,nadia.keane@orchardretail.co.uk,2022-07-06,Lost
CUS-10980,Tanfield Schools Limited,TEM-82902-D,Manufacturing,South East,BRK-027,Stefan Nairn,stefan.nairn@tanfieldschool.co.uk,28/12/2025,Active
CUS-10981,Pennine Kennels Limited,TEM-29855-E,Agriculture,North West,BRK-015,Paula Ellison,paula.ellison@penninekennels.co.uk,2022-01-18,Active
CUS-10982,Redwing Glassworks Holdings,TEM-31124-G,Logistics,Wales,BRK-033,Emily Frost,emily.frost@redwingglasswo.co.uk,2024-10-05,Active
CUS-10983,Eastbrook Farm Foods,TEM-44007-C,Hospitality,London,BRK-013,Iona Nowak,iona.nowak@eastbrookfarmf.co.uk,11/04/2024,Active
CUS-10984,Saltmarsh Restaurants Ltd,TEM-26428-F,Professional Services,East of England,BRK-022,Kirsty Mercer,kirsty.mercer@saltmarshresta.co.uk,2024-03-27,Active
CUS-10985,Whitethorn Cold Storage Limited,TEM-93047-C,Hospitality,Wales,BRK-002,Lucy Iqbal,lucy.iqbal@whitethorncold.co.uk,15/12/2022,Active
CUS-10986,Pemberley Joinery Limited,TEM-17807-G,Leisure,East of England,BRK-005,James Whitfield,james.whitfield@pemberleyjoine.co.uk,2023-10-16,Active
CUS-10987,Bramble Garden Partners,TEM-31412-F,Education,Scotland,,Sanjay Vance,sanjay.vance@bramblegarden.co.uk,01/06/2022,Active
CUS-10988,Lighthouse Upholstery Partners,TEM-15169-C,Agriculture,East of England,BRK-017,Paula Underhill,paula.underhill@lighthouseupho.co.uk,2024-09-07,Lost
CUS-10989,Kingsmead Marine Holdings,TEM-66483-B,Education,North East,,James Nairn,james.nairn@kingsmeadmarin.co.uk,2021-11-02,Active
CUS-10990,Torque Joinery Partners,TEM-15239-A,Leisure,South East,,Jack Iqbal,jack.iqbal@torquejoinery.co.uk,21/07/2022,Active
CUS-10991,Kestrel Print,TEM-17420-G,Agriculture,Yorkshire,BRK-009,Aisha Chowdhury,aisha.chowdhury@kestrelprint.co.uk,2023-08-03,Active
CUS-10992,Nettlebed Ice Cream Ltd,TEM-27943-C,Logistics,Scotland,BRK-012,Dev Hansen,dev.hansen@nettlebedicecr.co.uk,2022-01-25,Active
CUS-10993,Lighthouse Catering Ltd,TEM-10645-F,Retail,Scotland,BRK-006,Marcus Yates,marcus.yates@lighthousecate.co.uk,03/05/2023,Active
CUS-10994,Jespersen Retail Holdings,TEM-62469-G,Hospitality,North East,BRK-015,Amber Grady,amber.grady@jespersenretai.co.uk,2022-11-13,Active
CUS-10995,Cedar Milling Ltd,TEM-40958-E,Manufacturing,Wales,BRK-035,Aisha Frost,aisha.frost@cedarmilling.co.uk,2024-04-20,Active
CUS-10996,Maplin Aquatics (UK) Ltd,TEM-46665-B,Professional Services,North West,BRK-020,Grace Yates,grace.yates@maplinaquatics.co.uk,2022-07-26,Active
CUS-10997,Ashcombe Cold Storage Group,TEM-92630-A,Hospitality,North West,BRK-032,Nadia Bright,nadia.bright@ashcombecoldst.co.uk,2024-02-12,Lost
CUS-10998,Redwing Fabrications & Sons,TEM-25059-F,Leisure,North West,BRK-022,Daniel Bright,daniel.bright@redwingfabrica.co.uk,2024-05-19,Lost
CUS-10999,Thackery Packaging Partners,TEM-96238-A,Logistics,Yorkshire,BRK-021,Dev Ellison,dev.ellison@thackerypackag.co.uk,2024-08-22,Active
CUS-11000,Langmere Nurseries Partners,TEM-49292-D,Agriculture,South West,BRK-019,Paula Jennings,paula.jennings@langmerenurser.co.uk,11/09/2024,Active
CUS-11001,Ravenscar Motors Partners,TEM-22545-F,Logistics,Wales,BRK-009,Nadia Tate,nadia.tate@ravenscarmotor.co.uk,02/10/2024,Active
CUS-11002,Pemberley Galvanising Partners,TEM-29412-F,Hospitality,South West,BRK-008,Jack Kaur,jack.kaur@pemberleygalva.co.uk,05/11/2023,Active
CUS-11003,Ottershaw Milling Partners,TEM-36156-G,Professional Services,London,BRK-004,Rhys Ogden,rhys.ogden@ottershawmilli.co.uk,2024-09-04,Active
CUS-11004,Eastbrook Breweries Ltd,TEM-53054-G,Professional Services,Yorkshire,BRK-012,Fatima Brooke,fatima.brooke@eastbrookbrewe.co.uk,15/01/2026,Active
CUS-11005,Saltmarsh Studios Ltd,TEM-45593-C,Leisure,Scotland,BRK-017,Lucy Marsh,lucy.marsh@saltmarshstudi.co.uk,2025-12-29,Active
CUS-11006,Silverbeck Distillery Ltd,TEM-33929-A,Retail,East of England,,Megan Whitfield,megan.whitfield@silverbeckdist.co.uk,2023-05-15,Active
CUS-11007,Redwing Bookbinders Limited,TEM-84915-C,Leisure,South West,BRK-035,Sanjay Ellison,sanjay.ellison@redwingbookbin.co.uk,2022-09-22,Active
CUS-11008,Ironbridge Textiles Co,TEM-13913-F,Agriculture,Wales,,Amber Keane,amber.keane@ironbridgetext.co.uk,2022-01-16,Active
CUS-11009,Millpond Breweries Partners,TEM-63242-D,Hospitality,North East,BRK-025,Noel Osei,noel.osei@millpondbrewer.co.uk,2022-12-28,Active
CUS-11010,Applegarth Bakehouse Limited,TEM-10305-G,Logistics,Wales,BRK-025,Noel Grady,noel.grady@applegarthbake.co.uk,02/04/2025,Active
CUS-11011,Yarrow Garden,TEM-96683-A,Retail,East of England,BRK-026,Paula Underhill,paula.underhill@yarrowgarden.co.uk,20/12/2021,Active
CUS-11012,Ivybridge Salvage Ltd,TEM-32531-C,Healthcare,South East,BRK-013,Rhys Doyle,rhys.doyle@ivybridgesalva.co.uk,20/09/2024,Dormant
CUS-11013,Langmere Pharmacy Holdings,TEM-98954-D,Education,South West,BRK-008,Priya Iqbal,priya.iqbal@langmerepharma.co.uk,2023-06-03,Lost
CUS-11014,Saltmarsh Robotics (UK) Ltd,TEM-42991-D,Food & Drink,Scotland,BRK-029,Ben Iqbal,ben.iqbal@saltmarshrobot.co.uk,2023-02-06,Active
CUS-11015,Ottershaw Roofing Ltd,TEM-45644-D,Education,North East,BRK-021,Freya Hansen,freya.hansen@ottershawroofi.co.uk,11/03/2024,Active
CUS-11016,Wrenfield Studios Ltd,TEM-27928-E,Retail,Wales,BRK-025,James Underhill,james.underhill@wrenfieldstudi.co.uk,2026-02-12,Lost
CUS-11017,Kingsmead Joinery,TEM-36735-B,Logistics,London,BRK-034,Zara MacLeod,zara.macleod@kingsmeadjoine.co.uk,2024-06-15,Active
CUS-11018,Westcliff Forge Partners,TEM-36644-B,Agriculture,Yorkshire,,Marcus Bright,marcus.bright@westcliffforge.co.uk,2023-02-23,Active
CUS-11019,Violetta Data Rooms Co,TEM-66461-D,Leisure,Yorkshire,BRK-010,Priya Doyle,priya.doyle@violettadataro.co.uk,17/08/2024,Active
CUS-11020,Torque Veterinary Ltd,TEM-36132-G,Professional Services,East of England,BRK-017,Kirsty Whitfield,kirsty.whitfield@torqueveterina.co.uk,07/06/2023,Lost
CUS-11021,Kelbrook Leisure (UK) Ltd,TEM-37249-D,Retail,South East,BRK-011,Iona Underhill,iona.underhill@kelbrookleisur.co.uk,2023-03-12,Active
CUS-11022,Tredegar Gym Limited,TEM-45705-D,Retail,Midlands,BRK-032,Daniel Tate,daniel.tate@tredegargym.co.uk,05/11/2022,Active
CUS-11023,Orchard Gym & Sons,TEM-71874-B,Hospitality,South West,BRK-013,Ben Frost,ben.frost@orchardgym.co.uk,2024-09-18,Active
CUS-11024,Bramble Data Rooms Ltd,TEM-65042-G,Healthcare,Midlands,BRK-030,Peter Patel,peter.patel@brambledataroo.co.uk,2025-08-15,Active
CUS-11025,Quarrington Logistics Limited,TEM-98325-D,Healthcare,Yorkshire,BRK-009,Anita Voss,anita.voss@quarringtonlog.co.uk,15/10/2024,Active
CUS-11026,Westcliff Recycling & Sons,TEM-40447-F,Agriculture,Wales,BRK-031,Kirsty Pryce,kirsty.pryce@westcliffrecyc.co.uk,2024-02-02,Active
CUS-11027,Tredegar Galvanising Limited,TEM-49587-D,Logistics,South West,,Freya Bright,freya.bright@tredegargalvan.co.uk,10/01/2024,Active
CUS-11028,Farrier Laundry (UK) Ltd,TEM-43578-B,Healthcare,Wales,BRK-016,Zara Marsh,zara.marsh@farrierlaundry.co.uk,2024-01-04,Active
CUS-11029,Zephyr Engineering Ltd,TEM-86740-D,Professional Services,North East,BRK-023,Stefan Marsh,stefan.marsh@zephyrengineer.co.uk,01/01/2024,Active
CUS-11030,Exmoor Cinemas & Sons,TEM-81973-B,Healthcare,East of England,BRK-025,Callum Kaur,callum.kaur@exmoorcinemas.co.uk,2022-12-25,Active
CUS-11031,Yewtree Precision Ltd,TEM-74047-E,Professional Services,Yorkshire,BRK-013,Lucy Frost,lucy.frost@yewtreeprecisi.co.uk,04/02/2022,Lost
CUS-11032,Fernhill Cinemas Ltd,TEM-92635-E,Logistics,London,,Paula Tate,paula.tate@fernhillcinema.co.uk,05/05/2022,Active
CUS-11033,Hollybush Glassworks & Sons,TEM-13206-B,Logistics,Scotland,BRK-015,Sarah Marsh,sarah.marsh@hollybushglass.co.uk,06/12/2025,Lost
CUS-11034,Cranleigh Kennels,TEM-32901-G,Professional Services,East of England,BRK-035,Ewan Quinn,ewan.quinn@cranleighkenne.co.uk,2022-04-09,Active
CUS-11035,Cedar Retail Ltd,TEM-33293-A,Professional Services,London,BRK-020,Anita Iqbal,anita.iqbal@cedarretail.co.uk,2024-05-22,Active
CUS-11036,Foxglove Laundry Ltd,TEM-86401-D,Professional Services,London,BRK-022,Callum Hansen,callum.hansen@foxglovelaundr.co.uk,2023-08-14,Active
CUS-11037,Kingsmead Plastics Ltd,TEM-30193-B,Manufacturing,Midlands,BRK-007,Daniel Quinn,daniel.quinn@kingsmeadplast.co.uk,2025-01-11,Active
CUS-11038,Maplin Recycling Limited,TEM-29287-G,Education,North East,BRK-013,Craig MacLeod,craig.macleod@maplinrecyclin.co.uk,2025-09-05,Active
CUS-11039,Selworthy Optics Holdings,TEM-60010-E,Healthcare,Scotland,BRK-022,Fatima Osei,fatima.osei@selworthyoptic.co.uk,2023-05-28,Lost
CUS-11040,Eastbrook Schools Ltd,TEM-97619-G,Professional Services,Wales,BRK-022,Noel Wren,noel.wren@eastbrookschoo.co.uk,2022-06-24,Active
CUS-11041,Jespersen Care Ltd,TEM-78378-B,Manufacturing,Wales,BRK-023,Holly Ogden,holly.ogden@jespersencare.co.uk,2025-03-08,Active
CUS-11042,Halewood Textiles Ltd,TEM-87162-G,Education,London,BRK-013,James Yates,james.yates@halewoodtextil.co.uk,2025-07-23,Active
CUS-11043,Jespersen Print Ltd,TEM-24610-A,Leisure,London,BRK-007,Freya Sutton,freya.sutton@jespersenprint.co.uk,19/05/2025,Lost
CUS-11044,Ullswater Ice Cream,TEM-44732-B,Hospitality,South East,BRK-017,Emily Osei,emily.osei@ullswatericecr.co.uk,22/12/2023,Active
CUS-11045,Dunmore Tanning,TEM-87018-F,Logistics,South East,BRK-013,Daniel Pryce,daniel.pryce@dunmoretanning.co.uk,2023-01-03,Active
CUS-11046,Ellerton Coachworks Group,TEM-58849-B,Professional Services,Yorkshire,BRK-026,Tara Patel,tara.patel@ellertoncoachw.co.uk,27/07/2023,Active
CUS-11047,Caldwell Precision Ltd,TEM-75518-G,Education,East of England,BRK-001,Anita Quinn,anita.quinn@caldwellprecis.co.uk,2025-03-21,Active
CUS-11048,Torque Milling & Sons,TEM-35466-E,Healthcare,North East,BRK-009,Daniel Jennings,daniel.jennings@torquemilling.co.uk,2024-11-20,Active
CUS-11049,Ellerton Fabrications,TEM-43329-D,Hospitality,Midlands,BRK-015,Ewan Doyle,ewan.doyle@ellertonfabric.co.uk,05/07/2023,Active
CUS-11050,Kelbrook Maltings Partners,TEM-38774-D,Logistics,Scotland,BRK-003,Fatima Sharpe,fatima.sharpe@kelbrookmaltin.co.uk,2022-11-03,Lost
CUS-11051,Farrier Chandlery Group,TEM-61002-E,Professional Services,East of England,BRK-016,Sanjay Sharpe,sanjay.sharpe@farrierchandle.co.uk,2022-02-20,Active
CUS-11052,Ashcombe Padel Limited,TEM-86357-D,Retail,South East,BRK-016,Iona Quinn,iona.quinn@ashcombepadel.co.uk,29/08/2022,Active
CUS-11053,Lowther Robotics Holdings,TEM-76628-E,Manufacturing,Midlands,,Fatima Grady,fatima.grady@lowtherrobotic.co.uk,2023-12-13,Active
CUS-11054,Nettlebed Galvanising & Sons,TEM-26462-E,Food & Drink,East of England,,Oliver Okafor,oliver.okafor@nettlebedgalva.co.uk,23/07/2022,Lost
CUS-11055,Harborne Aggregates Partners,TEM-75011-F,Logistics,London,BRK-003,Ryan Mercer,ryan.mercer@harborneaggreg.co.uk,2024-11-12,Lost
CUS-11056,Cobalt Retail Partners,TEM-61896-G,Education,Midlands,BRK-009,Iona Marsh,iona.marsh@cobaltretail.co.uk,30/12/2023,Active
CUS-11057,Cranleigh Retail Holdings,TEM-14597-D,Professional Services,Midlands,,Priya Mercer,priya.mercer@cranleighretai.co.uk,13/07/2024,Active
CUS-11058,Silverbeck Data Rooms Limited,TEM-48426-G,Manufacturing,East of England,BRK-027,Jack Ferris,jack.ferris@silverbeckdata.co.uk,2022-03-03,Active
CUS-11059,Harborne Galvanising Ltd,TEM-44806-G,Food & Drink,Yorkshire,BRK-033,Paula Ellison,paula.ellison@harbornegalvan.co.uk,07/04/2023,Active
CUS-11060,Riverbank Timber Co,TEM-27832-C,Agriculture,Midlands,BRK-008,Stefan Ferris,stefan.ferris@riverbanktimbe.co.uk,2025-01-12,Active
CUS-11061,Caldwell Motors & Sons,TEM-90752-C,Professional Services,Scotland,BRK-008,Priya Underhill,priya.underhill@caldwellmotors.co.uk,2023-06-18,Lost
CUS-11062,Selworthy Distillery Partners,TEM-62515-E,Logistics,Midlands,BRK-012,Rhys Kaur,rhys.kaur@selworthydisti.co.uk,24/11/2023,Active
CUS-11063,Caldwell Aggregates Ltd,TEM-78328-C,Manufacturing,North East,,Tom Bright,tom.bright@caldwellaggreg.co.uk,04/07/2023,Active
CUS-11064,Yewtree Veterinary Co,TEM-76519-F,Retail,Yorkshire,BRK-026,Oliver Sutton,oliver.sutton@yewtreeveterin.co.uk,21/12/2024,Dormant
CUS-11065,Torque Dairy Group,TEM-29515-E,Leisure,Wales,BRK-001,Grace Wren,grace.wren@torquedairy.co.uk,2022-06-24,Active
CUS-11066,Selworthy Roofing Group,TEM-67384-C,Healthcare,Midlands,BRK-035,Megan Wren,megan.wren@selworthyroofi.co.uk,17/11/2024,Active
CUS-11067,Ivybridge Plastics (UK) Ltd,TEM-27115-E,Healthcare,London,BRK-007,Gareth Nowak,gareth.nowak@ivybridgeplast.co.uk,2023-05-10,Lost
CUS-11068,Exmoor Cold Storage,TEM-13716-D,Manufacturing,Wales,BRK-002,Lucy Marsh,lucy.marsh@exmoorcoldstor.co.uk,2025-11-25,Active
CUS-11069,Ravenscar Care Limited,TEM-58509-D,Healthcare,South West,BRK-033,Rhys Okafor,rhys.okafor@ravenscarcare.co.uk,2021-10-27,Active
CUS-11070,Selworthy Cold Storage Co,TEM-49576-C,Hospitality,Yorkshire,BRK-029,Anita Underhill,anita.underhill@selworthycolds.co.uk,2025-09-04,Active
CUS-11071,Cobalt Forge Ltd,TEM-47001-G,Retail,North East,,Marcus Chowdhury,marcus.chowdhury@cobaltforge.co.uk,2024-12-27,Active
CUS-11072,Pennine Bakehouse Ltd,TEM-11091-G,Food & Drink,North West,BRK-031,Ewan Nowak,ewan.nowak@penninebakehou.co.uk,17/04/2024,Active
CUS-11073,Hatherley Cold Storage Ltd,TEM-83228-G,Professional Services,South West,BRK-031,Gareth Nairn,gareth.nairn@hatherleycolds.co.uk,02/11/2024,Active
CUS-11074,Kestrel Joinery Limited,TEM-24663-G,Agriculture,Midlands,BRK-004,Sanjay Ferris,sanjay.ferris@kestreljoinery.co.uk,2025-09-16,Lost
CUS-11075,Pemberley Motors Partners,TEM-43890-A,Logistics,Scotland,,Peter Grady,peter.grady@pemberleymotor.co.uk,08/03/2023,Active
CUS-11076,Wrenfield Ice Cream (UK) Ltd,TEM-72631-D,Hospitality,Midlands,,Stefan Osei,stefan.osei@wrenfieldicecr.co.uk,05/01/2026,Active
CUS-11077,Westcliff Ice Cream (UK) Ltd,TEM-75881-A,Leisure,Scotland,BRK-020,Sarah Pryce,sarah.pryce@westclifficecr.co.uk,18/09/2024,Active
CUS-11078,Torque Distillery Group,TEM-65877-E,Leisure,South West,BRK-019,Anita Sutton,anita.sutton@torquedistille.co.uk,07/09/2022,Lost
CUS-11079,Ullswater Recycling Holdings,TEM-95888-A,Education,Scotland,BRK-025,Oliver Keane,oliver.keane@ullswaterrecyc.co.uk,23/05/2025,Active
CUS-11080,Pemberley Cinemas Group,TEM-96941-E,Logistics,North West,BRK-024,Marcus Ogden,marcus.ogden@pemberleycinem.co.uk,20/07/2022,Active
CUS-11081,Hatherley Breweries,TEM-26981-E,Healthcare,South West,BRK-023,Emily Kaur,emily.kaur@hatherleybrewe.co.uk,2023-03-22,Lost
CUS-11082,Zetland Offices Group,TEM-64123-E,Retail,Midlands,,Anita Tate,anita.tate@zetlandoffices.co.uk,2025-10-06,Lost
CUS-11083,Umberside Kennels Holdings,TEM-43044-F,Food & Drink,South East,BRK-024,Lewis Sutton,lewis.sutton@umbersidekenne.co.uk,2024-01-25,Active
CUS-11084,Nettlebed Print Ltd,TEM-82271-B,Healthcare,South West,,Freya Whitfield,freya.whitfield@nettlebedprint.co.uk,12/02/2022,Lost
CUS-11085,Ashcombe Bakehouse (UK) Ltd,TEM-27428-G,Professional Services,Scotland,,Peter Voss,peter.voss@ashcombebakeho.co.uk,2024-04-01,Active
CUS-11086,Nettlebed Veterinary Group,TEM-10902-B,Agriculture,Wales,BRK-003,Peter Nowak,peter.nowak@nettlebedveter.co.uk,2022-02-13,Active
CUS-11087,Ivybridge Joinery,TEM-50908-F,Manufacturing,Yorkshire,BRK-011,Marcus Rowntree,marcus.rowntree@ivybridgejoine.co.uk,2024-12-29,Active
CUS-11088,Redwing Precision Ltd,TEM-79239-G,Manufacturing,North East,,Iona Wren,iona.wren@redwingprecisi.co.uk,30/11/2023,Active
CUS-11089,Wrenfield Breweries & Sons,TEM-73602-F,Logistics,South West,BRK-029,Noel Ferris,noel.ferris@wrenfieldbrewe.co.uk,2023-11-20,Active
CUS-11090,Quenington Veterinary Group,TEM-44950-F,Manufacturing,North West,BRK-001,Dev Marsh,dev.marsh@queningtonvete.co.uk,2023-12-15,Lost
CUS-11091,Redwing Veterinary Ltd,TEM-28721-E,Manufacturing,Midlands,BRK-004,Fatima Whitfield,fatima.whitfield@redwingveterin.co.uk,09/09/2025,Active
CUS-11092,Fernhill Distillery Partners,TEM-31621-F,Manufacturing,Midlands,BRK-008,Priya Wren,priya.wren@fernhilldistil.co.uk,10/08/2025,Active
CUS-11093,Quayside Fabrications & Sons,TEM-81785-D,Education,East of England,BRK-022,Freya Voss,freya.voss@quaysidefabric.co.uk,15/09/2025,Active
CUS-11094,Ullswater Cold Storage & Sons,TEM-59450-C,Agriculture,North West,BRK-006,Nadia Sharpe,nadia.sharpe@ullswatercolds.co.uk,02/10/2021,Active
CUS-11095,Caldwell Breweries & Sons,TEM-79116-G,Professional Services,North West,BRK-034,Rhys Voss,rhys.voss@caldwellbrewer.co.uk,2024-05-15,Active
CUS-11096,Quayside Upholstery Partners,TEM-39192-B,Agriculture,London,BRK-012,Iona Bright,iona.bright@quaysideuphols.co.uk,06/04/2025,Lost
CUS-11097,Pennine Distillery Ltd,TEM-18076-G,Logistics,South West,BRK-017,Oliver Ellison,oliver.ellison@penninedistill.co.uk,28/04/2023,Active
CUS-11098,Whitethorn Cold Storage Ltd,TEM-16902-D,Food & Drink,Scotland,BRK-010,Priya Tate,priya.tate@whitethorncold.co.uk,14/07/2023,Active
CUS-11099,Lowther Cold Storage Partners,TEM-28896-G,Manufacturing,South East,BRK-026,Iona Hale,iona.hale@lowthercoldsto.co.uk,2025-02-19,Active
CUS-11100,Cedar Maltings & Sons,TEM-35157-F,Agriculture,Wales,BRK-005,Sarah Grady,sarah.grady@cedarmaltings.co.uk,13/09/2023,Active
CUS-11101,Quayside Upholstery Ltd,TEM-33086-F,Hospitality,Wales,BRK-033,Rhys Vance,rhys.vance@quaysideuphols.co.uk,2026-01-05,Active
CUS-11102,Northgate Ice Cream Co,TEM-32000-B,Food & Drink,South East,BRK-019,Peter Nowak,peter.nowak@northgateicecr.co.uk,09/06/2023,Dormant
CUS-11103,Fernhill Bakehouse Holdings,TEM-39726-D,Professional Services,East of England,BRK-035,Tom Keane,tom.keane@fernhillbakeho.co.uk,23/12/2021,Active
CUS-11104,Yarrow Hotels Co,TEM-32914-F,Manufacturing,Yorkshire,BRK-032,Kirsty Bright,kirsty.bright@yarrowhotels.co.uk,2024-05-09,Active
CUS-11105,Summerton Catering Ltd,TEM-56127-F,Logistics,London,BRK-023,Anita Hansen,anita.hansen@summertoncater.co.uk,2021-11-01,Active
CUS-11106,Quayside Ice Cream Limited,TEM-82283-C,Professional Services,London,BRK-010,Jack Pryce,jack.pryce@quaysideicecre.co.uk,14/12/2021,Active
CUS-11107,Ullswater Motors Partners,TEM-21999-G,Leisure,South East,,Fatima Sutton,fatima.sutton@ullswatermotor.co.uk,2021-10-05,Active
CUS-11108,Verity Scaffolding Limited,TEM-52391-B,Retail,Scotland,BRK-032,Ben Rowntree,ben.rowntree@verityscaffold.co.uk,12/12/2024,Active
CUS-11109,Bluewater Forge Partners,TEM-82796-D,Agriculture,Midlands,BRK-030,Lucy Grady,lucy.grady@bluewaterforge.co.uk,26/11/2025,Active
CUS-11110,Dunmore Offices,TEM-66892-F,Hospitality,Midlands,BRK-015,Sanjay Mercer,sanjay.mercer@dunmoreoffices.co.uk,2024-09-14,Active
CUS-11111,Riverbank Distillery Ltd,TEM-84561-B,Agriculture,Yorkshire,,Marcus Wren,marcus.wren@riverbankdisti.co.uk,19/12/2021,Active
CUS-11112,Bexley Schools Co,TEM-16256-E,Manufacturing,Yorkshire,BRK-028,Sanjay Ogden,sanjay.ogden@bexleyschools.co.uk,23/09/2024,Active
CUS-11113,Northgate Nurseries Group,TEM-74006-C,Hospitality,London,BRK-026,Sanjay Quinn,sanjay.quinn@northgatenurse.co.uk,02/11/2022,Active
CUS-11114,Silverbeck Padel Co,TEM-77937-C,Logistics,North West,BRK-009,Stefan Lomax,stefan.lomax@silverbeckpade.co.uk,26/05/2024,Lost
CUS-11115,Elmwood Cinemas Ltd,TEM-86410-C,Professional Services,Yorkshire,BRK-023,Craig Quinn,craig.quinn@elmwoodcinemas.co.uk,2024-01-04,Active
CUS-11116,Caldwell Roofing Ltd,TEM-66155-D,Professional Services,Wales,BRK-019,Megan Pryce,megan.pryce@caldwellroofin.co.uk,2024-08-03,Active
CUS-11117,Bluewater Recycling Ltd,TEM-96836-B,Leisure,Scotland,BRK-006,Aisha Ogden,aisha.ogden@bluewaterrecyc.co.uk,18/08/2023,Active
CUS-11118,Cobalt Recycling Ltd,TEM-78770-C,Agriculture,London,BRK-019,Lewis Patel,lewis.patel@cobaltrecyclin.co.uk,2021-11-01,Active
CUS-11119,Foxglove Data Rooms Partners,TEM-55503-F,Agriculture,London,BRK-026,Craig Nowak,craig.nowak@foxglovedataro.co.uk,2023-09-13,Active
CUS-11120,Cranleigh Padel,TEM-42171-F,Manufacturing,North West,BRK-013,Nadia Ferris,nadia.ferris@cranleighpadel.co.uk,2025-09-15,Active
CUS-11121,Ingleby Robotics,TEM-12642-E,Hospitality,North West,BRK-004,Aisha Nowak,aisha.nowak@inglebyrobotic.co.uk,10/10/2022,Active
CUS-11122,Quayside Care Ltd,TEM-23700-A,Retail,Yorkshire,BRK-013,Tara MacLeod,tara.macleod@quaysidecare.co.uk,2022-09-18,Active
CUS-11123,Northgate Glassworks Limited,TEM-81981-F,Manufacturing,South East,,Anita Ellison,anita.ellison@northgateglass.co.uk,04/01/2026,Dormant
CUS-11124,Silverbeck Milling Ltd,TEM-41385-A,Logistics,Scotland,BRK-022,Callum Voss,callum.voss@silverbeckmill.co.uk,01/10/2021,Active
CUS-11125,Pemberley Gym Ltd,TEM-17760-B,Food & Drink,Scotland,BRK-010,Noel Quinn,noel.quinn@pemberleygym.co.uk,2022-04-16,Active
CUS-11126,Cranleigh Bookbinders (UK) Ltd,TEM-63917-E,Professional Services,Midlands,BRK-014,Grace Nowak,grace.nowak@cranleighbookb.co.uk,27/01/2025,Active
CUS-11127,Violetta Studios (UK) Ltd,TEM-82582-B,Leisure,North West,BRK-026,Megan Osei,megan.osei@violettastudio.co.uk,08/07/2023,Active
CUS-11128,Ellerton Precision Partners,TEM-36372-B,Education,Midlands,BRK-004,Noel Keane,noel.keane@ellertonprecis.co.uk,26/10/2025,Active
CUS-11129,Exmoor Gym Ltd,TEM-51532-E,Manufacturing,South West,,Callum Grady,callum.grady@exmoorgym.co.uk,2022-07-21,Active
CUS-11130,Verity Bookbinders Ltd,TEM-49540-B,Leisure,Scotland,BRK-027,Amber Chowdhury,amber.chowdhury@veritybookbind.co.uk,18/10/2025,Active
CUS-11131,Jespersen Roofing Co,TEM-85390-D,Retail,South West,BRK-027,Tom Vance,tom.vance@jespersenroofi.co.uk,2023-12-25,Active
CUS-11132,Ashcombe Ice Cream Co,TEM-57538-E,Logistics,South West,BRK-011,Lucy Ferris,lucy.ferris@ashcombeicecre.co.uk,21/02/2024,Active
CUS-11133,Northgate Garden Co,TEM-98712-D,Leisure,East of England,BRK-029,Peter Patel,peter.patel@northgategarde.co.uk,2023-07-08,Active
CUS-11134,Lighthouse Salvage (UK) Ltd,TEM-24199-D,Hospitality,South West,BRK-004,Rhys Underhill,rhys.underhill@lighthousesalv.co.uk,16/05/2022,Active
CUS-11135,Verity Cinemas,TEM-97150-B,Agriculture,North West,BRK-033,Anita Ogden,anita.ogden@veritycinemas.co.uk,26/06/2025,Active
CUS-11136,Elmwood Offices Group,TEM-22043-C,Education,Midlands,BRK-019,Kirsty Chowdhury,kirsty.chowdhury@elmwoodoffices.co.uk,21/11/2021,Active
CUS-11137,Selworthy Motors Ltd,TEM-99427-E,Healthcare,East of England,BRK-016,Nia Iqbal,nia.iqbal@selworthymotor.co.uk,2025-11-23,Active
CUS-11138,Tredegar Textiles Partners,TEM-88307-G,Hospitality,South West,BRK-017,Emily Mercer,emily.mercer@tredegartextil.co.uk,28/01/2023,Active
CUS-11139,Larkspur Catering Co,TEM-16004-D,Healthcare,Yorkshire,BRK-004,Emily Quinn,emily.quinn@larkspurcateri.co.uk,2025-07-18,Dormant
CUS-11140,Millpond Gym (UK) Ltd,TEM-14529-E,Hospitality,East of England,BRK-008,Holly Pryce,holly.pryce@millpondgym.co.uk,2025-03-28,Active
CUS-11141,Umberside Breweries Holdings,TEM-13512-F,Leisure,East of England,BRK-013,Freya Ferris,freya.ferris@umbersidebrewe.co.uk,2024-04-27,Lost
CUS-11142,Denholm Kennels Limited,TEM-62443-B,Healthcare,North West,BRK-004,Nia Keane,nia.keane@denholmkennels.co.uk,14/05/2024,Active
CUS-11143,Millpond Kennels Ltd,TEM-68308-E,Education,North West,BRK-001,Rhys Lomax,rhys.lomax@millpondkennel.co.uk,2025-05-09,Active
CUS-11144,Thackery Roofing Group,TEM-16551-F,Food & Drink,North West,,Kirsty Mercer,kirsty.mercer@thackeryroofin.co.uk,14/11/2021,Active
CUS-11145,Saltmarsh Seafoods Limited,TEM-92406-B,Logistics,South East,BRK-024,Craig Nairn,craig.nairn@saltmarshseafo.co.uk,2024-05-10,Active
CUS-11146,Larkspur Chandlery Ltd,TEM-66094-F,Retail,South East,BRK-012,Amber Jennings,amber.jennings@larkspurchandl.co.uk,23/12/2025,Active
CUS-11147,Selworthy Timber,TEM-70386-A,Professional Services,Yorkshire,BRK-013,Amber Rowntree,amber.rowntree@selworthytimbe.co.uk,2022-12-06,Active
CUS-11148,Whitethorn Scaffolding Ltd,TEM-82634-A,Professional Services,Midlands,BRK-005,Lewis Mercer,lewis.mercer@whitethornscaf.co.uk,2021-12-25,Active
CUS-11149,Umberside Optics Limited,TEM-75669-G,Logistics,North West,BRK-011,Iona Yates,iona.yates@umbersideoptic.co.uk,20/10/2024,Active
CUS-11150,Ivybridge Dairy Group,TEM-34928-D,Manufacturing,South West,,Sarah Chowdhury,sarah.chowdhury@ivybridgedairy.co.uk,2024-01-10,Active
CUS-11151,Torque Breweries Holdings,TEM-41686-F,Agriculture,North West,BRK-004,Chloe Vance,chloe.vance@torquebrewerie.co.uk,2023-12-24,Active
CUS-11152,Ravenscar Scaffolding Partners,TEM-34078-F,Professional Services,South West,BRK-010,Ben Okafor,ben.okafor@ravenscarscaff.co.uk,2025-07-21,Active
CUS-11153,Dunmore Logistics & Sons,TEM-62559-E,Manufacturing,Scotland,BRK-020,Jack Patel,jack.patel@dunmorelogisti.co.uk,2024-10-22,Lost
CUS-11154,Stanhope Ice Cream,TEM-77004-E,Manufacturing,North West,BRK-004,Fatima MacLeod,fatima.macleod@stanhopeicecre.co.uk,2023-09-17,Active
CUS-11155,Silverbeck Aggregates Limited,TEM-59227-F,Food & Drink,North East,BRK-022,Stefan MacLeod,stefan.macleod@silverbeckaggr.co.uk,2023-03-28,Active
CUS-11156,Pennine Coachworks & Sons,TEM-89822-G,Education,South West,BRK-013,Craig Voss,craig.voss@penninecoachwo.co.uk,2025-06-18,Lost
CUS-11157,Eastbrook Coachworks Group,TEM-77742-G,Professional Services,Scotland,BRK-006,Iona Keane,iona.keane@eastbrookcoach.co.uk,23/07/2024,Active
CUS-11158,Larkspur Breweries Holdings,TEM-79157-F,Agriculture,Yorkshire,BRK-012,Nia Mercer,nia.mercer@larkspurbrewer.co.uk,2023-10-21,Active
CUS-11159,Bluewater Galvanising Holdings,TEM-62035-G,Hospitality,North East,BRK-023,Nia Voss,nia.voss@bluewatergalva.co.uk,13/08/2025,Active
CUS-11160,Umberside Farm Foods Limited,TEM-94975-A,Healthcare,London,,Lewis Frost,lewis.frost@umbersidefarmf.co.uk,19/07/2025,Active
CUS-11161,Kestrel Leisure Group,TEM-29639-C,Retail,London,BRK-014,Zara Grady,zara.grady@kestrelleisure.co.uk,2022-10-08,Active
CUS-11162,Zetland Print Partners,TEM-35083-D,Healthcare,Midlands,BRK-035,Iona Hale,iona.hale@zetlandprint.co.uk,2025-10-15,Active
CUS-11163,Dunmore Salvage Holdings,TEM-93195-A,Education,London,BRK-025,Omar Vance,omar.vance@dunmoresalvage.co.uk,2025-10-09,Active
CUS-11164,Merrivale Chandlery (UK) Ltd,TEM-13367-A,Leisure,Wales,BRK-024,Peter Rowntree,peter.rowntree@merrivalechand.co.uk,2022-01-21,Active
CUS-11165,Millpond Milling (UK) Ltd,TEM-35492-D,Agriculture,East of England,BRK-020,Iona Reid,iona.reid@millpondmillin.co.uk,08/03/2022,Active
CUS-11166,Ingleby Timber Holdings,TEM-30313-B,Food & Drink,Scotland,BRK-020,Tara MacLeod,tara.macleod@inglebytimber.co.uk,2025-04-07,Active
CUS-11167,Ironbridge Cold Storage (UK) Ltd,TEM-33556-F,Food & Drink,London,,Freya Underhill,freya.underhill@ironbridgecold.co.uk,21/09/2025,Active
CUS-11168,Quayside Dairy (UK) Ltd,TEM-65538-G,Education,Yorkshire,BRK-021,Sanjay Doyle,sanjay.doyle@quaysidedairy.co.uk,20/03/2022,Active
CUS-11169,Quayside Veterinary,TEM-20376-F,Leisure,South East,BRK-013,Priya Keane,priya.keane@quaysideveteri.co.uk,2023-01-17,Active
CUS-11170,Atlas Upholstery Ltd,TEM-56853-C,Leisure,South West,,Stefan Yates,stefan.yates@atlasupholster.co.uk,2025-05-23,Active
CUS-11171,Cranleigh Studios Holdings,TEM-58495-G,Food & Drink,North West,BRK-028,Sanjay Ogden,sanjay.ogden@cranleighstudi.co.uk,17/12/2023,Active
CUS-11172,Nettlebed Dairy,TEM-30476-D,Manufacturing,East of England,BRK-031,Sarah Patel,sarah.patel@nettlebeddairy.co.uk,03/02/2026,Active
CUS-11173,Tredegar Catering Group,TEM-70730-F,Education,South East,BRK-017,Grace Marsh,grace.marsh@tredegarcateri.co.uk,01/09/2022,Active
CUS-11174,Marlow Timber Co,TEM-73110-E,Agriculture,Midlands,,Nia Chowdhury,nia.chowdhury@marlowtimber.co.uk,2025-04-10,Active
CUS-11175,Ottershaw Chandlery Holdings,TEM-38586-C,Healthcare,Scotland,BRK-003,Nadia Vance,nadia.vance@ottershawchand.co.uk,2024-12-20,Active
CUS-11176,Westcliff Recycling Ltd,TEM-28394-C,Logistics,South West,BRK-034,Sarah Osei,sarah.osei@westcliffrecyc.co.uk,2022-03-15,Active
CUS-11177,Millpond Leisure (UK) Ltd,TEM-11416-A,Manufacturing,Scotland,,Ewan Ferris,ewan.ferris@millpondleisur.co.uk,2022-10-14,Active
CUS-11178,Tanfield Fabrications Ltd,TEM-47429-C,Retail,Yorkshire,BRK-002,Lucy Ferris,lucy.ferris@tanfieldfabric.co.uk,2023-07-18,Lost
CUS-11179,Bexley Fabrications & Sons,TEM-27641-C,Retail,Wales,BRK-024,Iona Chowdhury,iona.chowdhury@bexleyfabricat.co.uk,16/11/2025,Active
CUS-11180,Hollybush Hotels (UK) Ltd,TEM-97931-C,Hospitality,North West,BRK-023,Peter MacLeod,peter.macleod@hollybushhotel.co.uk,2025-03-29,Active
CUS-11181,Fernhill Cinemas,TEM-98576-D,Retail,South West,BRK-005,Nadia Ferris,nadia.ferris@fernhillcinema.co.uk,2024-02-28,Active
CUS-11182,Umberside Aquatics,TEM-80608-A,Manufacturing,North East,BRK-023,Gareth Ogden,gareth.ogden@umbersideaquat.co.uk,22/07/2023,Dormant
CUS-11183,Verity Retail & Sons,TEM-59062-C,Logistics,Yorkshire,BRK-032,Stefan Frost,stefan.frost@verityretail.co.uk,16/01/2023,Active
CUS-11184,Ottershaw Farm Foods Group,TEM-16645-C,Education,London,BRK-006,Ryan Sutton,ryan.sutton@ottershawfarmf.co.uk,25/07/2022,Active
CUS-11185,Foxglove Padel Ltd,TEM-50028-B,Leisure,South West,BRK-026,Noel Keane,noel.keane@foxglovepadel.co.uk,29/01/2023,Active
CUS-11186,Fernhill Cold Storage Partners,TEM-55621-A,Hospitality,Yorkshire,BRK-025,Ewan Pryce,ewan.pryce@fernhillcoldst.co.uk,27/06/2025,Lost
CUS-11187,Ellerton Aquatics Partners,TEM-68984-G,Healthcare,South East,BRK-017,Gareth Doyle,gareth.doyle@ellertonaquati.co.uk,2023-12-02,Lost
CUS-11188,Quenington Farm Foods Ltd,TEM-58268-G,Leisure,North East,BRK-004,Nadia Patel,nadia.patel@queningtonfarm.co.uk,01/12/2021,Active
CUS-11189,Thackery Pharmacy Partners,TEM-40108-D,Healthcare,North East,BRK-028,Nia MacLeod,nia.macleod@thackerypharma.co.uk,2022-05-18,Active
CUS-11190,Riverbank Motors Group,TEM-41621-A,Agriculture,East of England,BRK-016,Nadia Osei,nadia.osei@riverbankmotor.co.uk,03/11/2023,Active
CUS-11191,Norbury Nurseries,TEM-63109-F,Healthcare,South East,BRK-017,Grace Iqbal,grace.iqbal@norburynurseri.co.uk,10/10/2025,Active
CUS-11192,Oakhurst Motors Co,TEM-78229-A,Agriculture,North West,,Dev Brooke,dev.brooke@oakhurstmotors.co.uk,2025-11-30,Active
CUS-11193,Cranleigh Coachworks Ltd,TEM-13552-E,Professional Services,East of England,BRK-035,Tara Keane,tara.keane@cranleighcoach.co.uk,25/08/2023,Active
CUS-11194,Summerton Retail Co,TEM-21342-B,Healthcare,South East,BRK-027,Callum Mercer,callum.mercer@summertonretai.co.uk,18/05/2024,Active
CUS-11195,Bramble Upholstery Ltd,TEM-46736-C,Leisure,North East,BRK-008,Grace Hale,grace.hale@brambleupholst.co.uk,2022-03-02,Active
CUS-11196,Bexley Ice Cream Co,TEM-20018-G,Professional Services,Midlands,,Lucy Grady,lucy.grady@bexleyicecream.co.uk,19/01/2025,Active
CUS-11197,Kingsmead Hotels Holdings,TEM-78567-D,Food & Drink,South East,BRK-010,Iona Okafor,iona.okafor@kingsmeadhotel.co.uk,2023-03-11,Active
CUS-11198,Bluewater Hotels Ltd,TEM-40943-F,Hospitality,Yorkshire,BRK-026,Iona Patel,iona.patel@bluewaterhotel.co.uk,30/03/2025,Active
CUS-11199,Hollybush Garden Group,TEM-56465-C,Retail,East of England,BRK-008,Zara Voss,zara.voss@hollybushgarde.co.uk,2022-12-19,Active
CUS-11200,Ingleby Tanning Partners,TEM-46556-B,Hospitality,Midlands,BRK-008,Emily Whitfield,emily.whitfield@inglebytanning.co.uk,24/01/2023,Lost
CUS-11201,Redwing Laundry Holdings,TEM-43456-C,Hospitality,London,,Lucy Whitfield,lucy.whitfield@redwinglaundry.co.uk,2021-12-08,Active
CUS-11202,Larkspur Galvanising Ltd,TEM-48419-E,Education,South West,BRK-008,Ryan Sutton,ryan.sutton@larkspurgalvan.co.uk,10/02/2025,Active
CUS-11203,Fernhill Aquatics Ltd,TEM-59828-C,Food & Drink,South East,BRK-011,Paula Hansen,paula.hansen@fernhillaquati.co.uk,08/04/2024,Dormant
CUS-11204,Cobalt Padel Limited,TEM-96279-B,Manufacturing,North East,BRK-008,Anita Pryce,anita.pryce@cobaltpadel.co.uk,03/04/2025,Active
CUS-11205,Ullswater Studios (UK) Ltd,TEM-91895-C,Logistics,South West,BRK-006,Freya Frost,freya.frost@ullswaterstudi.co.uk,07/02/2023,Lost
CUS-11206,Langmere Joinery Limited,TEM-65987-B,Manufacturing,Scotland,BRK-031,Tara Wren,tara.wren@langmerejoiner.co.uk,19/12/2024,Lost
CUS-11207,Atlas Textiles (UK) Ltd,TEM-26306-B,Hospitality,Scotland,BRK-018,Jack Jennings,jack.jennings@atlastextiles.co.uk,2022-11-12,Active
CUS-11208,Millpond Aquatics Ltd,TEM-64946-A,Healthcare,London,BRK-027,Megan Whitfield,megan.whitfield@millpondaquati.co.uk,01/11/2021,Lost
CUS-11209,Pemberley Aggregates Group,TEM-10296-A,Retail,East of England,BRK-035,Oliver Lomax,oliver.lomax@pemberleyaggre.co.uk,18/02/2024,Active
CUS-11210,Tanfield Seafoods Co,TEM-39922-C,Food & Drink,North East,BRK-015,Priya Okafor,priya.okafor@tanfieldseafoo.co.uk,2026-02-01,Lost
CUS-11211,Kelbrook Nurseries Co,TEM-68556-A,Logistics,East of England,BRK-031,Nadia Ogden,nadia.ogden@kelbrooknurser.co.uk,2025-01-04,Active
CUS-11212,Lowther Plastics Co,TEM-56783-B,Logistics,Scotland,BRK-009,Ewan Reid,ewan.reid@lowtherplastic.co.uk,2025-08-31,Active
CUS-11213,Zetland Pharmacy Group,TEM-26731-D,Hospitality,Scotland,BRK-026,Noel Wren,noel.wren@zetlandpharmac.co.uk,08/08/2024,Active
CUS-11214,Bramble Care Group,TEM-21558-G,Retail,South West,BRK-012,Tara Sharpe,tara.sharpe@bramblecare.co.uk,09/08/2023,Active
CUS-11215,Hatherley Forge & Sons,TEM-33681-D,Leisure,Midlands,BRK-025,Nadia Lomax,nadia.lomax@hatherleyforge.co.uk,01/06/2024,Lost
CUS-11216,Cranleigh Tanning,TEM-17645-A,Healthcare,London,BRK-015,Peter Hansen,peter.hansen@cranleightanni.co.uk,25/03/2025,Lost
CUS-11217,Westcliff Padel (UK) Ltd,TEM-97355-B,Leisure,London,BRK-016,Lewis Yates,lewis.yates@westcliffpadel.co.uk,22/12/2022,Active
CUS-11218,Quarrington Retail Limited,TEM-40508-F,Hospitality,North West,BRK-026,Oliver Vance,oliver.vance@quarringtonret.co.uk,28/01/2026,Active
CUS-11219,Harborne Plastics Limited,TEM-21496-F,Healthcare,Yorkshire,BRK-035,Sarah Reid,sarah.reid@harborneplasti.co.uk,2022-10-21,Active
CUS-11220,Thackery Kennels (UK) Ltd,TEM-14734-F,Retail,Scotland,BRK-026,Amber Tate,amber.tate@thackerykennel.co.uk,12/02/2023,Active
CUS-11221,Atlas Textiles Limited,TEM-70443-C,Education,London,BRK-013,Megan Jennings,megan.jennings@atlastextiles.co.uk,2024-05-16,Lost
CUS-11222,Lowther Upholstery Limited,TEM-96743-E,Logistics,North East,BRK-028,Grace Chowdhury,grace.chowdhury@lowtherupholst.co.uk,2021-11-10,Active
CUS-11223,Ottershaw Care Co,TEM-38080-D,Agriculture,Wales,BRK-029,Marcus Brooke,marcus.brooke@ottershawcare.co.uk,2025-03-29,Active
CUS-11224,Ivybridge Data Rooms Limited,TEM-16076-A,Hospitality,Wales,BRK-022,Tara MacLeod,tara.macleod@ivybridgedatar.co.uk,11/02/2026,Lost
CUS-11225,Zetland Bookbinders Holdings,TEM-50587-F,Professional Services,Midlands,BRK-010,Omar MacLeod,omar.macleod@zetlandbookbin.co.uk,15/01/2022,Active
CUS-11226,Lowther Bookbinders Co,TEM-94750-F,Food & Drink,South East,BRK-010,Rhys Hale,rhys.hale@lowtherbookbin.co.uk,2023-09-30,Active
CUS-11227,Tredegar Retail Partners,TEM-33770-B,Education,Wales,BRK-022,Oliver Underhill,oliver.underhill@tredegarretail.co.uk,2023-03-01,Active
CUS-11228,Cedar Timber (UK) Ltd,TEM-68074-E,Leisure,Midlands,BRK-020,Anita Pryce,anita.pryce@cedartimber.co.uk,26/05/2025,Active
CUS-11229,Ashcombe Forge Ltd,TEM-95805-C,Professional Services,North East,BRK-016,Tara Nairn,tara.nairn@ashcombeforge.co.uk,27/08/2022,Active
CUS-11230,Violetta Distillery Limited,TEM-47939-G,Healthcare,North East,BRK-018,Omar Okafor,omar.okafor@violettadistil.co.uk,2023-05-03,Lost
CUS-11231,Pemberley Ice Cream Holdings,TEM-73520-G,Hospitality,North East,,Nia Grady,nia.grady@pemberleyicecr.co.uk,26/05/2025,Lost
CUS-11232,Stanhope Coachworks Group,TEM-35794-F,Education,South East,BRK-032,Jack Doyle,jack.doyle@stanhopecoachw.co.uk,2023-02-07,Active
CUS-11233,Nettlebed Foundry Ltd,TEM-42856-G,Healthcare,Midlands,BRK-030,Aisha Jennings,aisha.jennings@nettlebedfound.co.uk,28/05/2025,Active
CUS-11234,Northgate Hotels Ltd,TEM-13748-D,Education,Wales,,Kirsty MacLeod,kirsty.macleod@northgatehotel.co.uk,29/02/2024,Active
CUS-11235,Tredegar Breweries & Sons,TEM-22130-B,Manufacturing,Scotland,BRK-032,Omar Underhill,omar.underhill@tredegarbrewer.co.uk,21/03/2022,Active
CUS-11236,Eastbrook Bakehouse Holdings,TEM-80928-A,Healthcare,Wales,,Nadia Ferris,nadia.ferris@eastbrookbakeh.co.uk,14/08/2023,Active
CUS-11237,Atlas Galvanising & Sons,TEM-54446-F,Retail,Midlands,BRK-015,James Grady,james.grady@atlasgalvanisi.co.uk,23/04/2025,Active
CUS-11238,Caldwell Padel Group,TEM-38672-A,Food & Drink,South East,BRK-017,Daniel Underhill,daniel.underhill@caldwellpadel.co.uk,15/10/2024,Active
CUS-11239,Yewtree Nurseries (UK) Ltd,TEM-43449-B,Professional Services,East of England,BRK-010,Aisha Wren,aisha.wren@yewtreenurseri.co.uk,2023-06-26,Active
CUS-11240,Pemberley Leisure Co,TEM-99909-C,Logistics,South West,BRK-009,Tara Grady,tara.grady@pemberleyleisu.co.uk,2024-04-06,Active
CUS-11241,Nettlebed Seafoods Ltd,TEM-75120-G,Healthcare,North East,BRK-031,Lucy Lomax,lucy.lomax@nettlebedseafo.co.uk,2024-03-08,Active
CUS-11242,Torque Joinery Group,TEM-63816-B,Retail,South West,BRK-033,Chloe Hale,chloe.hale@torquejoinery.co.uk,2025-07-09,Active
CUS-11243,Kestrel Chandlery Holdings,TEM-24748-F,Agriculture,South East,BRK-017,Tara Pryce,tara.pryce@kestrelchandle.co.uk,2022-10-06,Active
CUS-11244,Rosedale Precision Co,TEM-10203-B,Professional Services,Scotland,BRK-023,Zara Mercer,zara.mercer@rosedaleprecis.co.uk,12/02/2023,Active
CUS-11245,Caldwell Fabrications Holdings,TEM-26079-D,Agriculture,London,BRK-003,Lewis Tate,lewis.tate@caldwellfabric.co.uk,2023-09-24,Active
CUS-11246,Kelbrook Logistics Limited,TEM-50912-G,Agriculture,East of England,BRK-028,Craig Sharpe,craig.sharpe@kelbrooklogist.co.uk,2023-05-22,Active
CUS-11247,Elmwood Upholstery Partners,TEM-43138-G,Food & Drink,Wales,BRK-008,Nia Voss,nia.voss@elmwoodupholst.co.uk,2023-02-20,Active
CUS-11248,Garwood Precision Ltd,TEM-74847-F,Manufacturing,London,BRK-021,Chloe Voss,chloe.voss@garwoodprecisi.co.uk,23/02/2025,Active
CUS-11249,Verity Glassworks Ltd,TEM-33596-D,Manufacturing,North East,BRK-003,Lewis Nowak,lewis.nowak@verityglasswor.co.uk,04/06/2024,Active
CUS-11250,Langmere Garden & Sons,TEM-71735-D,Healthcare,London,BRK-002,Holly Reid,holly.reid@langmeregarden.co.uk,24/01/2023,Active
CUS-11251,Ottershaw Laundry Group,TEM-76460-B,Retail,Wales,BRK-023,Lewis Mercer,lewis.mercer@ottershawlaund.co.uk,2023-05-23,Active
CUS-11252,Kestrel Print (UK) Ltd,TEM-59799-D,Leisure,North East,BRK-003,Ewan Tate,ewan.tate@kestrelprint.co.uk,2025-03-29,Active
CUS-11253,Yarrow Aquatics Co,TEM-95066-C,Agriculture,East of England,BRK-016,Anita Ferris,anita.ferris@yarrowaquatics.co.uk,15/05/2025,Lost
CUS-11254,Violetta Bookbinders Group,TEM-67171-C,Manufacturing,Midlands,BRK-018,Lewis Ogden,lewis.ogden@violettabookbi.co.uk,03/08/2024,Active
CUS-11255,Quarrington Retail,TEM-35316-G,Leisure,South West,BRK-001,Paula Mercer,paula.mercer@quarringtonret.co.uk,2022-07-22,Active
CUS-11256,Bluewater Restaurants Co,TEM-24946-F,Healthcare,Scotland,BRK-001,Holly Voss,holly.voss@bluewaterresta.co.uk,2022-06-15,Active
CUS-11257,Ashcombe Bakehouse Ltd,TEM-44898-A,Leisure,South West,BRK-013,Grace Quinn,grace.quinn@ashcombebakeho.co.uk,2025-05-09,Active
CUS-11258,Selworthy Nurseries,TEM-66371-F,Professional Services,North West,BRK-024,Chloe Lomax,chloe.lomax@selworthynurse.co.uk,25/07/2022,Active
CUS-11259,Selworthy Marine Co,TEM-87119-D,Manufacturing,Midlands,BRK-025,Tom Nairn,tom.nairn@selworthymarin.co.uk,2025-07-31,Active
CUS-11260,Northgate Coachworks Group,TEM-29376-D,Agriculture,Yorkshire,BRK-010,Sarah Lomax,sarah.lomax@northgatecoach.co.uk,2021-12-23,Active
CUS-11261,Pennine Breweries Ltd,TEM-91739-G,Education,Midlands,BRK-020,Peter Lomax,peter.lomax@penninebreweri.co.uk,2025-05-10,Active
CUS-11262,Quarrington Optics Partners,TEM-40154-C,Retail,London,BRK-001,Freya Pryce,freya.pryce@quarringtonopt.co.uk,2023-03-30,Active
CUS-11263,Norbury Joinery (UK) Ltd,TEM-90355-G,Professional Services,Yorkshire,BRK-016,Ryan Sutton,ryan.sutton@norburyjoinery.co.uk,2025-08-22,Active
CUS-11264,Ivybridge Nurseries & Sons,TEM-82493-B,Leisure,North East,,Chloe Whitfield,chloe.whitfield@ivybridgenurse.co.uk,2024-10-20,Active
CUS-11265,Riverbank Motors Ltd,TEM-46648-B,Leisure,Yorkshire,BRK-033,Ryan Keane,ryan.keane@riverbankmotor.co.uk,22/10/2022,Lost
CUS-11266,Westcliff Tanning Group,TEM-82898-F,Retail,East of England,BRK-029,Callum Kaur,callum.kaur@westclifftanni.co.uk,19/12/2022,Active
CUS-11267,Marlow Precision,TEM-88516-E,Professional Services,North West,BRK-027,Iona Underhill,iona.underhill@marlowprecisio.co.uk,20/01/2022,Active
CUS-11268,Gilded Maltings Co,TEM-59732-F,Manufacturing,North West,BRK-008,Tom Okafor,tom.okafor@gildedmaltings.co.uk,2022-10-04,Active
CUS-11269,Harborne Leisure Ltd,TEM-22048-C,Leisure,Scotland,BRK-004,Chloe Sharpe,chloe.sharpe@harborneleisur.co.uk,2023-11-03,Active
CUS-11270,Dunmore Care (UK) Ltd,TEM-72898-C,Retail,Midlands,,Callum Jennings,callum.jennings@dunmorecare.co.uk,28/01/2025,Active
CUS-11271,Wrenfield Upholstery Limited,TEM-26690-F,Agriculture,London,BRK-015,Amber Nowak,amber.nowak@wrenfielduphol.co.uk,2024-07-22,Active
CUS-11272,Maplin Bookbinders Ltd,TEM-81755-D,Healthcare,East of England,BRK-034,Ryan Voss,ryan.voss@maplinbookbind.co.uk,2023-04-07,Active
CUS-11273,Summerton Milling Limited,TEM-27459-G,Education,North West,BRK-032,Omar Whitfield,omar.whitfield@summertonmilli.co.uk,2022-08-20,Lost
CUS-11274,Zetland Data Rooms Limited,TEM-57714-C,Professional Services,North West,BRK-022,Ryan Rowntree,ryan.rowntree@zetlanddataroo.co.uk,13/07/2024,Active
CUS-11275,Ullswater Fabrications (UK) Ltd,TEM-68828-F,Retail,East of England,BRK-014,Marcus Hansen,marcus.hansen@ullswaterfabri.co.uk,2025-10-29,Active
CUS-11276,Ivybridge Coachworks Limited,TEM-39975-C,Healthcare,Scotland,BRK-017,Fatima Lomax,fatima.lomax@ivybridgecoach.co.uk,2023-12-14,Lost
CUS-11277,Ottershaw Dairy (UK) Ltd,TEM-26362-A,Professional Services,Yorkshire,BRK-021,Tara Hale,tara.hale@ottershawdairy.co.uk,14/05/2022,Active
CUS-11278,Summerton Joinery & Sons,TEM-92527-E,Agriculture,London,BRK-024,Peter Bright,peter.bright@summertonjoine.co.uk,02/01/2025,Active
CUS-11279,Riverbank Fabrications Holdings,TEM-98989-A,Healthcare,Scotland,BRK-007,Noel Nowak,noel.nowak@riverbankfabri.co.uk,2023-06-27,Active
CUS-11280,Fernhill Precision Ltd,TEM-51976-F,Agriculture,London,BRK-020,Megan Ferris,megan.ferris@fernhillprecis.co.uk,08/01/2025,Active
CUS-11281,Jarrow Scaffolding (UK) Ltd,TEM-90461-A,Leisure,Scotland,BRK-009,Iona Ogden,iona.ogden@jarrowscaffold.co.uk,2024-02-10,Active
CUS-11282,Exmoor Tanning Ltd,TEM-61299-E,Education,South West,BRK-025,Chloe Reid,chloe.reid@exmoortanning.co.uk,25/12/2021,Active
CUS-11283,Stanhope Tanning Ltd,TEM-13775-G,Hospitality,South East,BRK-018,Emily Nairn,emily.nairn@stanhopetannin.co.uk,23/11/2024,Active
CUS-11284,Bramble Aggregates Ltd,TEM-43125-D,Logistics,Yorkshire,BRK-034,Tara Grady,tara.grady@brambleaggrega.co.uk,05/03/2023,Active
CUS-11285,Ironbridge Timber,TEM-54785-E,Food & Drink,Yorkshire,BRK-028,Aisha MacLeod,aisha.macleod@ironbridgetimb.co.uk,18/09/2025,Active
CUS-11286,Harborne Veterinary & Sons,TEM-45961-F,Retail,North East,BRK-002,Aisha Hale,aisha.hale@harborneveteri.co.uk,06/12/2025,Active
CUS-11287,Marlow Precision Partners,TEM-40605-B,Hospitality,Midlands,BRK-026,Jack Kaur,jack.kaur@marlowprecisio.co.uk,31/05/2023,Active
CUS-11288,Farrier Data Rooms (UK) Ltd,TEM-79607-E,Retail,London,BRK-016,Tom Patel,tom.patel@farrierdataroo.co.uk,30/11/2024,Active
CUS-11289,Garwood Bakehouse,TEM-40335-B,Education,Yorkshire,BRK-029,Rhys Iqbal,rhys.iqbal@garwoodbakehou.co.uk,09/09/2023,Active
CUS-11290,Rosedale Motors Ltd,TEM-18271-E,Retail,Wales,BRK-035,Callum Doyle,callum.doyle@rosedalemotors.co.uk,2023-10-06,Active
CUS-11291,Riverbank Aquatics Co,TEM-17853-F,Hospitality,Midlands,BRK-019,Stefan Yates,stefan.yates@riverbankaquat.co.uk,05/04/2022,Active
CUS-11292,Ironbridge Padel (UK) Ltd,TEM-60942-G,Professional Services,North West,BRK-023,Nadia Lomax,nadia.lomax@ironbridgepade.co.uk,05/08/2025,Dormant
CUS-11293,Kingsmead Motors (UK) Ltd,TEM-26418-D,Leisure,South East,BRK-033,Peter Chowdhury,peter.chowdhury@kingsmeadmotor.co.uk,2022-06-05,Active
CUS-11294,Ivybridge Padel,TEM-46504-B,Food & Drink,Yorkshire,BRK-012,Gareth Ferris,gareth.ferris@ivybridgepadel.co.uk,2023-05-03,Active
CUS-11295,Orchard Leisure Ltd,TEM-57756-D,Hospitality,North West,BRK-010,James Chowdhury,james.chowdhury@orchardleisure.co.uk,2025-11-14,Active
CUS-11296,Caldwell Pharmacy & Sons,TEM-75540-C,Professional Services,East of England,BRK-027,Noel Hansen,noel.hansen@caldwellpharma.co.uk,12/09/2025,Active
CUS-11297,Eastbrook Laundry Ltd,TEM-81307-B,Food & Drink,Wales,BRK-027,Peter Marsh,peter.marsh@eastbrooklaund.co.uk,20/04/2024,Active
CUS-11298,Tanfield Coachworks & Sons,TEM-31199-A,Leisure,South East,BRK-011,Lewis Rowntree,lewis.rowntree@tanfieldcoachw.co.uk,2023-05-21,Lost
CUS-11299,Farrier Print Co,TEM-93610-G,Agriculture,East of England,,Ben Jennings,ben.jennings@farrierprint.co.uk,2024-07-20,Active
CUS-11300,Merrivale Timber Group,TEM-93749-D,Hospitality,South West,,Grace Grady,grace.grady@merrivaletimbe.co.uk,2023-03-29,Lost
CUS-11301,Whitethorn Catering Partners,TEM-34978-A,Hospitality,Scotland,BRK-007,Nadia Voss,nadia.voss@whitethorncate.co.uk,2023-08-18,Active
CUS-11302,Padstow Foundry Partners,TEM-10911-B,Hospitality,North East,BRK-034,Zara Lomax,zara.lomax@padstowfoundry.co.uk,22/01/2022,Lost
CUS-11303,Nettlebed Packaging Group,TEM-98409-A,Manufacturing,South East,BRK-014,Nia Marsh,nia.marsh@nettlebedpacka.co.uk,2025-02-04,Active
CUS-11304,Zetland Timber Co,TEM-19563-C,Retail,Yorkshire,BRK-007,Chloe Frost,chloe.frost@zetlandtimber.co.uk,2022-05-16,Active
CUS-11305,Quarrington Aquatics Holdings,TEM-31007-C,Food & Drink,Scotland,BRK-012,Sarah Hale,sarah.hale@quarringtonaqu.co.uk,2022-08-06,Active
CUS-11306,Oakhurst Studios Partners,TEM-58269-G,Food & Drink,South East,BRK-022,Amber Kaur,amber.kaur@oakhurststudio.co.uk,07/03/2023,Active
CUS-11307,Ironbridge Distillery & Sons,TEM-53466-E,Retail,Wales,BRK-015,Dev Grady,dev.grady@ironbridgedist.co.uk,17/01/2022,Active
CUS-11308,Ivybridge Recycling Ltd,TEM-29637-D,Logistics,East of England,BRK-031,Jack Ferris,jack.ferris@ivybridgerecyc.co.uk,2025-10-01,Active
CUS-11309,Thackery Marine Group,TEM-54632-B,Food & Drink,Yorkshire,BRK-031,Callum Ogden,callum.ogden@thackerymarine.co.uk,03/02/2022,Active
CUS-11310,Torque Aquatics Co,TEM-78492-F,Food & Drink,Midlands,BRK-028,Ben Ellison,ben.ellison@torqueaquatics.co.uk,09/04/2024,Active
CUS-11311,Langmere Catering Partners,TEM-77215-B,Leisure,Scotland,BRK-016,Tara Voss,tara.voss@langmerecateri.co.uk,2024-05-14,Active
CUS-11312,Ellerton Glassworks Partners,TEM-53550-E,Education,Wales,BRK-022,Gareth Underhill,gareth.underhill@ellertonglassw.co.uk,05/06/2022,Active
CUS-11313,Garwood Foundry (UK) Ltd,TEM-19821-G,Education,South West,BRK-016,Aisha Pryce,aisha.pryce@garwoodfoundry.co.uk,23/04/2023,Active
CUS-11314,Quarrington Marine Ltd,TEM-94687-E,Professional Services,Wales,BRK-034,Anita Iqbal,anita.iqbal@quarringtonmar.co.uk,30/05/2022,Active
CUS-11315,Hollybush Chandlery Ltd,TEM-52585-E,Hospitality,Yorkshire,BRK-018,Sarah Reid,sarah.reid@hollybushchand.co.uk,21/07/2025,Active
CUS-11316,Jespersen Schools,TEM-97249-E,Retail,Yorkshire,,Ben Quinn,ben.quinn@jespersenschoo.co.uk,2025-11-11,Active
CUS-11317,Maplin Aquatics Group,TEM-93388-F,Healthcare,London,BRK-024,Peter Osei,peter.osei@maplinaquatics.co.uk,11/05/2024,Dormant
CUS-11318,Applegarth Bookbinders,TEM-38129-F,Logistics,East of England,BRK-035,Callum Tate,callum.tate@applegarthbook.co.uk,2024-03-02,Active
CUS-11319,Bramble Farm Foods Limited,TEM-81600-G,Professional Services,East of England,BRK-012,Ben Sutton,ben.sutton@bramblefarmfoo.co.uk,03/03/2024,Active
CUS-11320,Fernhill Maltings Co,TEM-60089-E,Leisure,East of England,BRK-028,Amber Grady,amber.grady@fernhillmaltin.co.uk,21/02/2023,Active
CUS-11321,Quenington Galvanising Ltd,TEM-59730-C,Leisure,South West,BRK-030,Grace Bright,grace.bright@queningtongalv.co.uk,27/01/2026,Active
CUS-11322,Cedar Recycling,TEM-12521-B,Leisure,East of England,BRK-009,Callum Reid,callum.reid@cedarrecycling.co.uk,06/01/2022,Lost
CUS-11323,Ironbridge Bookbinders Holdings,TEM-68732-F,Logistics,South East,BRK-023,Lucy Brooke,lucy.brooke@ironbridgebook.co.uk,03/05/2022,Lost
CUS-11324,Nettlebed Maltings Ltd,TEM-37249-E,Agriculture,London,BRK-022,Tara Whitfield,tara.whitfield@nettlebedmalti.co.uk,2025-09-18,Active
CUS-11325,Wrenfield Engineering Ltd,TEM-14637-B,Logistics,South East,BRK-002,Gareth Yates,gareth.yates@wrenfieldengin.co.uk,2022-06-07,Active
CUS-11326,Umberside Aggregates & Sons,TEM-77748-D,Education,North East,BRK-020,Omar Bright,omar.bright@umbersideaggre.co.uk,2025-04-06,Dormant
CUS-11327,Hatherley Kennels Group,TEM-89996-G,Manufacturing,North West,BRK-033,Tara Jennings,tara.jennings@hatherleykenne.co.uk,2023-11-19,Active
CUS-11328,Applegarth Care Ltd,TEM-92104-A,Retail,Wales,,Freya Rowntree,freya.rowntree@applegarthcare.co.uk,2023-04-29,Active
CUS-11329,Harborne Hotels (UK) Ltd,TEM-18113-C,Professional Services,London,BRK-029,James Tate,james.tate@harbornehotels.co.uk,2024-08-28,Active
CUS-11330,Elmwood Tanning Group,TEM-82689-E,Food & Drink,South West,BRK-022,Nadia Wren,nadia.wren@elmwoodtanning.co.uk,31/10/2024,Lost
CUS-11331,Cobalt Cold Storage Co,TEM-93826-D,Logistics,Wales,,Emily Ellison,emily.ellison@cobaltcoldstor.co.uk,2023-01-11,Lost
CUS-11332,Westcliff Nurseries Ltd,TEM-30875-D,Hospitality,East of England,BRK-028,Megan Doyle,megan.doyle@westcliffnurse.co.uk,2025-10-21,Active
CUS-11333,Ashcombe Kennels Ltd,TEM-49826-E,Education,Wales,BRK-022,Sanjay Hale,sanjay.hale@ashcombekennel.co.uk,08/05/2025,Active
CUS-11334,Lighthouse Fabrications,TEM-91924-F,Healthcare,East of England,BRK-007,Zara Whitfield,zara.whitfield@lighthousefabr.co.uk,2022-10-17,Active
CUS-11335,Thackery Aquatics Ltd,TEM-45483-B,Agriculture,North East,BRK-022,Dev Tate,dev.tate@thackeryaquati.co.uk,29/09/2022,Active
CUS-11336,Westcliff Farm Foods Limited,TEM-41022-G,Logistics,South West,BRK-001,Anita Nowak,anita.nowak@westclifffarmf.co.uk,03/08/2022,Lost
CUS-11337,Westcliff Packaging Partners,TEM-98760-D,Leisure,Scotland,BRK-023,Chloe Sharpe,chloe.sharpe@westcliffpacka.co.uk,10/02/2025,Active
CUS-11338,Umberside Maltings Ltd,TEM-69706-A,Agriculture,North East,BRK-022,Tom Rowntree,tom.rowntree@umbersidemalti.co.uk,2025-02-04,Active
CUS-11339,Cedar Optics & Sons,TEM-60980-G,Hospitality,Yorkshire,BRK-013,Holly Ellison,holly.ellison@cedaroptics.co.uk,04/03/2023,Lost
CUS-11340,Exmoor Foundry & Sons,TEM-94343-F,Education,South West,BRK-016,Amber Grady,amber.grady@exmoorfoundry.co.uk,28/05/2025,Active
CUS-11341,Whitethorn Recycling Ltd,TEM-24490-A,Food & Drink,London,BRK-003,Grace Grady,grace.grady@whitethornrecy.co.uk,2023-10-09,Lost
CUS-11342,Ivybridge Leisure Limited,TEM-51823-G,Education,Scotland,BRK-030,Lucy Kaur,lucy.kaur@ivybridgeleisu.co.uk,2023-09-27,Active
CUS-11343,Langmere Robotics & Sons,TEM-33254-G,Retail,Wales,BRK-014,Sarah Okafor,sarah.okafor@langmereroboti.co.uk,2024-05-15,Active
CUS-11344,Millpond Roofing Ltd,TEM-52996-F,Manufacturing,Yorkshire,BRK-034,Stefan Sutton,stefan.sutton@millpondroofin.co.uk,21/04/2023,Lost
CUS-11345,Eastbrook Precision Partners,TEM-82704-A,Logistics,North West,BRK-023,Peter Osei,peter.osei@eastbrookpreci.co.uk,04/07/2024,Lost
CUS-11346,Umberside Optics & Sons,TEM-83410-F,Retail,London,BRK-027,Freya Tate,freya.tate@umbersideoptic.co.uk,19/02/2023,Active
CUS-11347,Silverbeck Gym,TEM-13453-A,Professional Services,North West,BRK-030,Anita Kaur,anita.kaur@silverbeckgym.co.uk,2025-02-07,Active
CUS-11348,Lighthouse Milling Group,TEM-39270-F,Professional Services,South West,BRK-025,Priya Tate,priya.tate@lighthousemill.co.uk,19/06/2023,Active
CUS-11349,Saltmarsh Bookbinders Co,TEM-66238-A,Retail,North East,BRK-003,Gareth Tate,gareth.tate@saltmarshbookb.co.uk,13/07/2023,Lost
CUS-11350,Vantage Milling Partners,TEM-69889-C,Healthcare,South East,BRK-020,Stefan Doyle,stefan.doyle@vantagemilling.co.uk,18/08/2024,Active
CUS-11351,Hatherley Garden Ltd,TEM-55629-F,Logistics,Wales,BRK-035,Anita Vance,anita.vance@hatherleygarde.co.uk,19/03/2023,Active
CUS-11352,Hatherley Fabrications Group,TEM-54369-B,Healthcare,South East,BRK-004,Sarah Vance,sarah.vance@hatherleyfabri.co.uk,22/03/2022,Active
CUS-11353,Millpond Galvanising Group,TEM-79634-G,Hospitality,North West,BRK-032,Nadia Mercer,nadia.mercer@millpondgalvan.co.uk,28/02/2025,Active
CUS-11354,Langmere Milling Holdings,TEM-92326-E,Logistics,Scotland,BRK-008,Noel Okafor,noel.okafor@langmeremillin.co.uk,2026-01-28,Active
CUS-11355,Whitethorn Roofing (UK) Ltd,TEM-62739-D,Healthcare,London,BRK-007,Lucy Okafor,lucy.okafor@whitethornroof.co.uk,2024-10-02,Active
CUS-11356,Denholm Roofing (UK) Ltd,TEM-73680-F,Leisure,Wales,BRK-027,Lewis Mercer,lewis.mercer@denholmroofing.co.uk,02/02/2026,Active
CUS-11357,Umberside Marine,TEM-94168-D,Leisure,Yorkshire,BRK-009,Fatima Reid,fatima.reid@umbersidemarin.co.uk,2022-09-26,Active
CUS-11358,Ottershaw Bookbinders Ltd,TEM-30919-E,Retail,South East,BRK-015,Jack Whitfield,jack.whitfield@ottershawbookb.co.uk,2022-08-18,Active
CUS-11359,Quayside Veterinary Group,TEM-24457-D,Professional Services,East of England,BRK-026,Jack Rowntree,jack.rowntree@quaysideveteri.co.uk,2025-01-22,Active
CUS-11360,Westcliff Logistics Group,TEM-96440-A,Logistics,London,BRK-033,Callum Marsh,callum.marsh@westclifflogis.co.uk,2025-10-21,Active
CUS-11361,Northgate Care Ltd,TEM-42177-B,Logistics,Scotland,,Freya Tate,freya.tate@northgatecare.co.uk,2025-02-08,Active
CUS-11362,Violetta Forge Co,TEM-69728-F,Leisure,North West,BRK-024,Iona Wren,iona.wren@violettaforge.co.uk,08/01/2022,Active
CUS-11363,Ellerton Distillery (UK) Ltd,TEM-49420-D,Healthcare,Yorkshire,BRK-032,Zara Brooke,zara.brooke@ellertondistil.co.uk,2023-09-21,Lost
CUS-11364,Langmere Farm Foods Ltd,TEM-29137-B,Retail,East of England,BRK-024,Nadia Marsh,nadia.marsh@langmerefarmfo.co.uk,28/12/2025,Active
CUS-11365,Quenington Laundry Limited,TEM-46956-A,Hospitality,Scotland,BRK-010,Iona Rowntree,iona.rowntree@queningtonlaun.co.uk,25/12/2025,Active
CUS-11366,Yarrow Care,TEM-73512-E,Logistics,Wales,BRK-032,James Vance,james.vance@yarrowcare.co.uk,2024-10-31,Lost
CUS-11367,Nettlebed Laundry Holdings,TEM-23668-D,Retail,North East,BRK-006,Iona Tate,iona.tate@nettlebedlaund.co.uk,28/09/2025,Active
CUS-11368,Langmere Timber (UK) Ltd,TEM-31748-B,Food & Drink,Scotland,BRK-018,Fatima MacLeod,fatima.macleod@langmeretimber.co.uk,04/03/2022,Active
CUS-11369,Garwood Ice Cream Group,TEM-93421-E,Food & Drink,Yorkshire,BRK-003,Dev Ogden,dev.ogden@garwoodicecrea.co.uk,2023-06-23,Active
CUS-11370,Elmwood Veterinary Limited,TEM-83210-F,Manufacturing,East of England,BRK-027,Priya Iqbal,priya.iqbal@elmwoodveterin.co.uk,2022-03-14,Active
CUS-11371,Oakhurst Milling Co,TEM-63946-E,Professional Services,London,BRK-030,Megan Lomax,megan.lomax@oakhurstmillin.co.uk,16/06/2023,Active
CUS-11372,Maplin Engineering Co,TEM-87333-F,Logistics,East of England,BRK-034,Fatima Ogden,fatima.ogden@maplinengineer.co.uk,04/03/2025,Lost
CUS-11373,Ivybridge Roofing Partners,TEM-62016-G,Hospitality,Midlands,,Ben Whitfield,ben.whitfield@ivybridgeroofi.co.uk,04/08/2025,Active
CUS-11374,Pennine Upholstery Ltd,TEM-50484-E,Food & Drink,Wales,BRK-024,Lewis Wren,lewis.wren@pennineupholst.co.uk,11/08/2023,Lost
CUS-11375,Oakhurst Textiles Group,TEM-35472-G,Logistics,East of England,BRK-001,Megan Marsh,megan.marsh@oakhursttextil.co.uk,22/10/2023,Active
CUS-11376,Kelbrook Distillery Partners,TEM-90348-F,Healthcare,Wales,BRK-021,Tara Underhill,tara.underhill@kelbrookdistil.co.uk,26/05/2022,Active
CUS-11377,Wrenfield Bakehouse (UK) Ltd,TEM-37853-F,Agriculture,Wales,BRK-017,Ryan Bright,ryan.bright@wrenfieldbakeh.co.uk,2025-03-31,Active
CUS-11378,Halewood Nurseries & Sons,TEM-88824-G,Food & Drink,Yorkshire,BRK-003,Nadia Marsh,nadia.marsh@halewoodnurser.co.uk,12/01/2022,Active
CUS-11379,Pennine Offices Limited,TEM-37274-B,Logistics,Scotland,BRK-035,Marcus Reid,marcus.reid@pennineoffices.co.uk,2023-04-30,Active
CUS-11380,Quarrington Catering Ltd,TEM-12290-F,Leisure,East of England,BRK-032,Megan Bright,megan.bright@quarringtoncat.co.uk,2024-07-28,Active
CUS-11381,Quayside Print Ltd,TEM-58880-C,Education,Scotland,BRK-035,Craig Okafor,craig.okafor@quaysideprint.co.uk,03/12/2022,Active
CUS-11382,Violetta Coachworks Co,TEM-80426-G,Education,North West,BRK-010,Holly Frost,holly.frost@violettacoachw.co.uk,23/05/2022,Active
CUS-11383,Quayside Distillery Group,TEM-34676-G,Food & Drink,South East,BRK-035,Craig Vance,craig.vance@quaysidedistil.co.uk,06/07/2024,Lost
CUS-11384,Umberside Pharmacy,TEM-48114-A,Agriculture,North West,BRK-004,Lucy Okafor,lucy.okafor@umbersidepharm.co.uk,2023-06-15,Active
CUS-11385,Rosedale Marine (UK) Ltd,TEM-39194-A,Education,South East,BRK-019,Grace Brooke,grace.brooke@rosedalemarine.co.uk,2024-11-17,Active
CUS-11386,Torque Glassworks,TEM-46031-C,Education,Yorkshire,BRK-024,Priya Brooke,priya.brooke@torqueglasswor.co.uk,09/05/2025,Active
CUS-11387,Hollybush Dairy Ltd,TEM-67732-E,Professional Services,Midlands,BRK-022,Emily Whitfield,emily.whitfield@hollybushdairy.co.uk,2022-11-19,Dormant
CUS-11388,Ashcombe Glassworks (UK) Ltd,TEM-35456-B,Hospitality,Wales,BRK-019,Megan Osei,megan.osei@ashcombeglassw.co.uk,2023-12-27,Active
CUS-11389,Ivybridge Offices Group,TEM-42931-A,Agriculture,London,BRK-024,Zara Osei,zara.osei@ivybridgeoffic.co.uk,2025-03-31,Active
CUS-11390,Summerton Coachworks Ltd,TEM-92741-G,Food & Drink,North West,BRK-028,Iona Grady,iona.grady@summertoncoach.co.uk,2022-06-25,Active
CUS-11391,Marlow Galvanising,TEM-85129-D,Logistics,East of England,BRK-030,Grace Pryce,grace.pryce@marlowgalvanis.co.uk,12/10/2024,Lost
CUS-11392,Ingleby Bookbinders Ltd,TEM-46504-D,Logistics,Midlands,BRK-021,Kirsty Mercer,kirsty.mercer@inglebybookbin.co.uk,03/03/2024,Lost
CUS-11393,Farrier Laundry Ltd,TEM-22275-E,Logistics,Scotland,BRK-019,Megan Underhill,megan.underhill@farrierlaundry.co.uk,12/06/2022,Active
CUS-11394,Summerton Farm Foods Limited,TEM-15263-F,Retail,Scotland,,Stefan Ellison,stefan.ellison@summertonfarmf.co.uk,07/10/2022,Active
CUS-11395,Maplin Logistics Ltd,TEM-53881-B,Professional Services,Midlands,BRK-013,Marcus Nowak,marcus.nowak@maplinlogistic.co.uk,2021-11-09,Active
CUS-11396,Lighthouse Kennels Partners,TEM-95489-C,Agriculture,Yorkshire,BRK-033,Oliver Pryce,oliver.pryce@lighthousekenn.co.uk,2022-02-13,Lost
CUS-11397,Larkspur Plastics & Sons,TEM-25299-G,Leisure,Midlands,BRK-027,Daniel Jennings,daniel.jennings@larkspurplasti.co.uk,31/07/2022,Active
CUS-11398,Ravenscar Roofing Group,TEM-19071-C,Agriculture,North West,,Oliver MacLeod,oliver.macleod@ravenscarroofi.co.uk,2021-09-30,Active
CUS-11399,Yewtree Nurseries Limited,TEM-67447-C,Hospitality,North East,BRK-008,Stefan Vance,stefan.vance@yewtreenurseri.co.uk,2024-04-02,Active
CUS-11400,Ironbridge Offices Ltd,TEM-60246-A,Leisure,South East,BRK-001,Gareth Patel,gareth.patel@ironbridgeoffi.co.uk,03/01/2023,Active
CUS-11401,Birchmoor Precision Ltd,TEM-11646-B,Food & Drink,Wales,BRK-033,Omar Brooke,omar.brooke@birchmoorpreci.co.uk,2025-06-09,Active
CUS-11402,Silverbeck Studios Co,TEM-13481-F,Leisure,Midlands,BRK-035,Nadia Nairn,nadia.nairn@silverbeckstud.co.uk,19/10/2024,Lost
CUS-11403,Merrivale Seafoods Limited,TEM-98219-A,Professional Services,London,BRK-008,Zara Nairn,zara.nairn@merrivaleseafo.co.uk,2022-07-31,Active
CUS-11404,Northgate Studios,TEM-46387-C,Food & Drink,Midlands,BRK-010,Nadia Keane,nadia.keane@northgatestudi.co.uk,25/10/2024,Active
CUS-11405,Halewood Hotels Limited,TEM-56230-E,Healthcare,Yorkshire,BRK-008,Rhys Keane,rhys.keane@halewoodhotels.co.uk,2023-01-27,Active
CUS-11406,Violetta Print Holdings,TEM-94084-E,Retail,Scotland,BRK-018,Peter Iqbal,peter.iqbal@violettaprint.co.uk,13/05/2022,Active
CUS-11407,Farrier Foundry Group,TEM-87773-F,Healthcare,London,BRK-011,Anita Sutton,anita.sutton@farrierfoundry.co.uk,25/05/2022,Lost
CUS-11408,Riverbank Textiles,TEM-81120-C,Hospitality,South West,,Paula MacLeod,paula.macleod@riverbanktexti.co.uk,2023-04-30,Active
CUS-11409,Stanhope Gym Ltd,TEM-56756-D,Food & Drink,North West,BRK-022,Chloe Nairn,chloe.nairn@stanhopegym.co.uk,14/06/2025,Active
CUS-11410,Quenington Maltings & Sons,TEM-48748-G,Food & Drink,East of England,BRK-011,Gareth Quinn,gareth.quinn@queningtonmalt.co.uk,2022-11-23,Active
CUS-11411,Ashcombe Galvanising Co,TEM-47124-E,Healthcare,East of England,BRK-030,Omar Whitfield,omar.whitfield@ashcombegalvan.co.uk,08/03/2025,Active
CUS-11412,Verity Farm Foods Limited,TEM-71953-G,Agriculture,Yorkshire,BRK-020,Amber Hansen,amber.hansen@verityfarmfood.co.uk,2024-07-07,Active
CUS-11413,Cobalt Nurseries Ltd,TEM-76239-E,Logistics,Scotland,,Sanjay Iqbal,sanjay.iqbal@cobaltnurserie.co.uk,12/09/2024,Active
CUS-11414,Bramble Bookbinders Partners,TEM-93172-D,Hospitality,South West,BRK-014,Paula Okafor,paula.okafor@bramblebookbin.co.uk,09/08/2025,Active
CUS-11415,Redwing Engineering Partners,TEM-72652-G,Leisure,North West,BRK-020,Tara Rowntree,tara.rowntree@redwingenginee.co.uk,2023-08-29,Active
CUS-11416,Harborne Bakehouse Ltd,TEM-78790-C,Education,Yorkshire,,Freya Marsh,freya.marsh@harbornebakeho.co.uk,2026-01-26,Active
CUS-11417,Ashcombe Forge Holdings,TEM-52894-C,Hospitality,North West,BRK-021,Fatima Chowdhury,fatima.chowdhury@ashcombeforge.co.uk,18/04/2025,Active
CUS-11418,Bexley Studios Ltd,TEM-47720-F,Professional Services,Scotland,,Tom Frost,tom.frost@bexleystudios.co.uk,21/12/2023,Active
CUS-11419,Wrenfield Joinery Ltd,TEM-44631-G,Hospitality,Yorkshire,BRK-032,Nadia Chowdhury,nadia.chowdhury@wrenfieldjoine.co.uk,2022-05-22,Active
CUS-11420,Zetland Chandlery Partners,TEM-30518-A,Education,Scotland,BRK-002,Gareth Underhill,gareth.underhill@zetlandchandle.co.uk,31/07/2023,Active
CUS-11421,Gilded Maltings Holdings,TEM-24895-C,Agriculture,Yorkshire,BRK-018,Marcus Ellison,marcus.ellison@gildedmaltings.co.uk,17/12/2021,Lost
CUS-11422,Jarrow Forge Group,TEM-56695-D,Logistics,North West,,Anita Rowntree,anita.rowntree@jarrowforge.co.uk,04/09/2022,Active
CUS-11423,Tanfield Cinemas Ltd,TEM-64823-A,Professional Services,London,BRK-005,Anita Frost,anita.frost@tanfieldcinema.co.uk,08/12/2025,Lost
CUS-11424,Halewood Veterinary Ltd,TEM-79231-G,Retail,Yorkshire,BRK-035,Freya Chowdhury,freya.chowdhury@halewoodveteri.co.uk,2025-01-10,Active
CUS-11425,Birchmoor Schools Co,TEM-93891-F,Logistics,Wales,BRK-021,Tara Chowdhury,tara.chowdhury@birchmoorschoo.co.uk,2022-03-08,Active
CUS-11426,Ivybridge Roofing Co,TEM-67847-G,Retail,East of England,BRK-005,Ewan Pryce,ewan.pryce@ivybridgeroofi.co.uk,2022-01-27,Active
CUS-11427,Violetta Schools Group,TEM-71682-F,Healthcare,North East,BRK-024,Rhys Yates,rhys.yates@violettaschool.co.uk,2022-07-22,Active
CUS-11428,Marlow Marine Ltd,TEM-51299-B,Logistics,South West,BRK-031,Chloe MacLeod,chloe.macleod@marlowmarine.co.uk,2023-02-15,Active
CUS-11429,Saltmarsh Care Partners,TEM-19545-A,Leisure,East of England,BRK-010,Rhys Keane,rhys.keane@saltmarshcare.co.uk,05/10/2022,Active
CUS-11430,Verity Salvage Ltd,TEM-40353-G,Agriculture,North East,BRK-006,Omar Quinn,omar.quinn@veritysalvage.co.uk,29/12/2024,Active
CUS-11431,Jarrow Plastics & Sons,TEM-60716-B,Retail,North East,BRK-029,Lewis Tate,lewis.tate@jarrowplastics.co.uk,2023-03-03,Active
CUS-11432,Pemberley Marine Group,TEM-45123-E,Healthcare,North East,BRK-023,Marcus Lomax,marcus.lomax@pemberleymarin.co.uk,06/12/2022,Active
CUS-11433,Summerton Galvanising Group,TEM-79024-C,Manufacturing,Scotland,BRK-035,Callum Lomax,callum.lomax@summertongalva.co.uk,24/09/2024,Active
CUS-11434,Nettlebed Precision Ltd,TEM-49672-F,Leisure,East of England,BRK-031,Emily Hansen,emily.hansen@nettlebedpreci.co.uk,2021-10-11,Dormant
CUS-11435,Pennine Pharmacy Limited,TEM-49062-E,Retail,London,BRK-018,Callum Iqbal,callum.iqbal@penninepharmac.co.uk,2024-02-21,Active
CUS-11436,Saltmarsh Roofing & Sons,TEM-30282-D,Logistics,Yorkshire,BRK-032,Holly Mercer,holly.mercer@saltmarshroofi.co.uk,2024-11-26,Active
CUS-11437,Cobalt Distillery,TEM-14852-E,Manufacturing,North West,BRK-010,Ben Sharpe,ben.sharpe@cobaltdistille.co.uk,23/10/2021,Active
CUS-11438,Farrier Schools (UK) Ltd,TEM-88879-F,Leisure,North East,BRK-002,Dev MacLeod,dev.macleod@farrierschools.co.uk,2023-07-03,Active
CUS-11439,Eastbrook Offices,TEM-85998-E,Retail,Midlands,BRK-017,Oliver Underhill,oliver.underhill@eastbrookoffic.co.uk,2023-08-09,Active
CUS-11440,Applegarth Seafoods Co,TEM-18245-E,Retail,Wales,BRK-017,Freya Underhill,freya.underhill@applegarthseaf.co.uk,31/07/2024,Dormant
CUS-11441,Tanfield Scaffolding Group,TEM-18309-B,Retail,South West,BRK-004,Stefan Vance,stefan.vance@tanfieldscaffo.co.uk,31/05/2025,Active
CUS-11442,Northgate Data Rooms & Sons,TEM-39280-F,Professional Services,North West,BRK-018,Lewis Keane,lewis.keane@northgatedatar.co.uk,26/11/2025,Active
CUS-11443,Denholm Bakehouse Co,TEM-31178-A,Leisure,London,BRK-016,Stefan Underhill,stefan.underhill@denholmbakehou.co.uk,2022-05-06,Active
CUS-11444,Bexley Galvanising,TEM-94039-G,Retail,South East,BRK-020,Peter Chowdhury,peter.chowdhury@bexleygalvanis.co.uk,19/07/2025,Active
CUS-11445,Tredegar Plastics Limited,TEM-33655-G,Hospitality,Wales,BRK-020,Lewis Lomax,lewis.lomax@tredegarplasti.co.uk,23/09/2022,Active
CUS-11446,Zetland Galvanising Group,TEM-35968-E,Leisure,Wales,BRK-024,Priya Sharpe,priya.sharpe@zetlandgalvani.co.uk,2025-12-02,Active
CUS-11447,Quarrington Milling Ltd,TEM-65558-A,Agriculture,East of England,BRK-029,Gareth Voss,gareth.voss@quarringtonmil.co.uk,27/09/2024,Active
CUS-11448,Millpond Bookbinders Co,TEM-31789-D,Professional Services,Wales,BRK-012,Oliver Bright,oliver.bright@millpondbookbi.co.uk,2025-02-11,Active
CUS-11449,Saltmarsh Laundry Holdings,TEM-20357-A,Hospitality,East of England,BRK-011,Grace Ferris,grace.ferris@saltmarshlaund.co.uk,29/03/2023,Active
CUS-11450,Jarrow Catering & Sons,TEM-79966-D,Logistics,East of England,BRK-017,Ben Grady,ben.grady@jarrowcatering.co.uk,2025-02-18,Active
CUS-11451,Riverbank Pharmacy & Sons,TEM-16376-E,Logistics,South East,BRK-034,Holly Osei,holly.osei@riverbankpharm.co.uk,2025-10-25,Active
CUS-11452,Kelbrook Cold Storage Partners,TEM-95694-B,Retail,East of England,BRK-025,Omar Wren,omar.wren@kelbrookcoldst.co.uk,2025-11-20,Active
CUS-11453,Pemberley Data Rooms Limited,TEM-45328-F,Agriculture,South West,BRK-016,Grace Tate,grace.tate@pemberleydatar.co.uk,2025-09-27,Lost
CUS-11454,Westcliff Bakehouse & Sons,TEM-39740-B,Hospitality,South East,BRK-027,Emily Jennings,emily.jennings@westcliffbakeh.co.uk,10/07/2023,Lost
CUS-11455,Bexley Care Ltd,TEM-60309-C,Professional Services,East of England,BRK-001,Holly Grady,holly.grady@bexleycare.co.uk,2024-05-15,Active
CUS-11456,Verity Ice Cream Ltd,TEM-86548-A,Education,North West,BRK-031,Amber Voss,amber.voss@verityicecream.co.uk,10/10/2023,Active
CUS-11457,Torque Recycling Group,TEM-16264-B,Food & Drink,London,BRK-017,Holly Okafor,holly.okafor@torquerecyclin.co.uk,2025-08-06,Active
CUS-11458,Langmere Maltings Limited,TEM-71644-A,Professional Services,London,BRK-006,Fatima Jennings,fatima.jennings@langmeremaltin.co.uk,2022-03-22,Active
CUS-11459,Hollybush Breweries Ltd,TEM-72713-D,Logistics,Scotland,BRK-031,Tara Iqbal,tara.iqbal@hollybushbrewe.co.uk,2022-05-12,Active
CUS-11460,Hollybush Plastics Holdings,TEM-33972-A,Food & Drink,Midlands,BRK-035,James Wren,james.wren@hollybushplast.co.uk,2024-04-28,Active
CUS-11461,Ullswater Retail (UK) Ltd,TEM-86667-F,Hospitality,North East,BRK-005,Rhys Quinn,rhys.quinn@ullswaterretai.co.uk,2022-08-18,Active
CUS-11462,Saltmarsh Farm Foods Limited,TEM-87644-C,Leisure,South West,BRK-026,Fatima Ogden,fatima.ogden@saltmarshfarmf.co.uk,26/12/2021,Active
CUS-11463,Northgate Print,TEM-45628-B,Manufacturing,Yorkshire,BRK-026,Peter Ferris,peter.ferris@northgateprint.co.uk,2025-05-29,Active
CUS-11464,Farrier Nurseries & Sons,TEM-48238-B,Hospitality,London,BRK-015,Gareth Ferris,gareth.ferris@farriernurseri.co.uk,19/11/2024,Active
CUS-11465,Thackery Restaurants Partners,TEM-99264-A,Leisure,London,BRK-034,Freya Quinn,freya.quinn@thackeryrestau.co.uk,10/12/2024,Active
CUS-11466,Riverbank Timber Group,TEM-59060-E,Retail,North East,BRK-017,Stefan Reid,stefan.reid@riverbanktimbe.co.uk,17/02/2024,Active
CUS-11467,Oakhurst Seafoods Limited,TEM-41491-F,Healthcare,Midlands,BRK-021,Holly Bright,holly.bright@oakhurstseafoo.co.uk,02/05/2025,Active
CUS-11468,Maplin Kennels (UK) Ltd,TEM-75448-A,Manufacturing,North East,,Freya Reid,freya.reid@maplinkennels.co.uk,2023-03-11,Active
CUS-11469,Ullswater Packaging Partners,TEM-53534-E,Healthcare,Wales,BRK-015,Iona Nairn,iona.nairn@ullswaterpacka.co.uk,24/01/2023,Active
CUS-11470,Halewood Garden Group,TEM-49360-G,Leisure,Midlands,BRK-030,Gareth Grady,gareth.grady@halewoodgarden.co.uk,2022-06-16,Active
CUS-11471,Summerton Packaging Group,TEM-73054-A,Logistics,South East,BRK-008,Sarah Mercer,sarah.mercer@summertonpacka.co.uk,2022-01-27,Active
CUS-11472,Merrivale Milling Group,TEM-39156-B,Retail,Yorkshire,BRK-015,Peter Reid,peter.reid@merrivalemilli.co.uk,18/05/2025,Active
CUS-11473,Bramble Roofing Ltd,TEM-15708-D,Agriculture,South East,,Craig Underhill,craig.underhill@brambleroofing.co.uk,23/11/2024,Active
CUS-11474,Jarrow Maltings & Sons,TEM-12630-A,Logistics,Wales,,Nadia Jennings,nadia.jennings@jarrowmaltings.co.uk,2023-04-02,Lost
CUS-11475,Stanhope Pharmacy Holdings,TEM-66229-B,Agriculture,London,BRK-028,Omar Reid,omar.reid@stanhopepharma.co.uk,17/09/2022,Active
CUS-11476,Bramble Studios Co,TEM-62918-A,Education,Scotland,BRK-035,Ben Voss,ben.voss@bramblestudios.co.uk,2024-10-24,Lost
CUS-11477,Zephyr Gym Limited,TEM-54674-D,Retail,South West,BRK-034,James Bright,james.bright@zephyrgym.co.uk,21/04/2022,Active
CUS-11478,Larkspur Leisure (UK) Ltd,TEM-45027-G,Food & Drink,Yorkshire,BRK-011,Megan Ellison,megan.ellison@larkspurleisur.co.uk,01/11/2023,Dormant
CUS-11479,Padstow Bakehouse Limited,TEM-47613-F,Agriculture,North West,BRK-014,Sanjay Reid,sanjay.reid@padstowbakehou.co.uk,04/03/2023,Active
CUS-11480,Bramble Timber Ltd,TEM-41962-F,Professional Services,South West,BRK-023,Sanjay Quinn,sanjay.quinn@brambletimber.co.uk,08/05/2023,Active
CUS-11481,Atlas Glassworks & Sons,TEM-74212-C,Agriculture,North West,BRK-025,James Hansen,james.hansen@atlasglasswork.co.uk,2025-11-11,Active
CUS-11482,Verity Farm Foods Partners,TEM-61050-F,Healthcare,North West,BRK-005,Aisha Ellison,aisha.ellison@verityfarmfood.co.uk,24/09/2022,Active
CUS-11483,Northgate Padel Partners,TEM-44612-E,Professional Services,Midlands,BRK-008,Rhys Hale,rhys.hale@northgatepadel.co.uk,2023-07-14,Active
CUS-11484,Kestrel Aquatics Partners,TEM-55698-D,Education,Yorkshire,BRK-026,Noel Wren,noel.wren@kestrelaquatic.co.uk,16/02/2025,Lost
CUS-11485,Umberside Coachworks,TEM-93747-C,Professional Services,South East,BRK-016,Aisha Marsh,aisha.marsh@umbersidecoach.co.uk,2023-09-06,Dormant
CUS-11486,Atlas Motors,TEM-68916-A,Hospitality,South East,BRK-024,Anita Keane,anita.keane@atlasmotors.co.uk,29/04/2023,Active
CUS-11487,Zephyr Dairy Holdings,TEM-15338-F,Retail,East of England,BRK-031,Amber Wren,amber.wren@zephyrdairy.co.uk,12/04/2025,Active
CUS-11488,Birchmoor Schools Limited,TEM-20237-E,Healthcare,London,BRK-007,Sanjay Ogden,sanjay.ogden@birchmoorschoo.co.uk,20/01/2024,Active
CUS-11489,Gilded Textiles Group,TEM-34547-B,Professional Services,North East,BRK-015,Megan Lomax,megan.lomax@gildedtextiles.co.uk,2022-05-06,Dormant
CUS-11490,Kingsmead Veterinary Group,TEM-37270-G,Professional Services,North East,BRK-034,James Voss,james.voss@kingsmeadveter.co.uk,2023-06-12,Lost
CUS-11491,Wrenfield Care,TEM-77033-D,Leisure,London,BRK-005,Craig Vance,craig.vance@wrenfieldcare.co.uk,14/03/2023,Active
CUS-11492,Nettlebed Garden Ltd,TEM-38914-G,Leisure,South East,BRK-031,Jack Kaur,jack.kaur@nettlebedgarde.co.uk,30/03/2022,Active
CUS-11493,Yarrow Veterinary,TEM-62266-D,Retail,North West,BRK-028,Nadia Underhill,nadia.underhill@yarrowveterina.co.uk,2022-12-22,Active
CUS-11494,Eastbrook Studios,TEM-44288-B,Professional Services,Wales,BRK-004,Jack Jennings,jack.jennings@eastbrookstudi.co.uk,2024-03-23,Active
CUS-11495,Fernhill Print Limited,TEM-32378-D,Healthcare,East of England,,Ryan Hansen,ryan.hansen@fernhillprint.co.uk,2022-08-08,Lost
CUS-11496,Applegarth Ice Cream Partners,TEM-87173-D,Logistics,Midlands,BRK-017,Iona Mercer,iona.mercer@applegarthicec.co.uk,02/01/2024,Active
CUS-11497,Lowther Galvanising (UK) Ltd,TEM-53683-G,Manufacturing,East of England,BRK-020,Amber Vance,amber.vance@lowthergalvani.co.uk,2023-10-21,Active
CUS-11498,Norbury Aquatics (UK) Ltd,TEM-61023-F,Food & Drink,North East,BRK-012,Tara Grady,tara.grady@norburyaquatic.co.uk,2022-09-05,Active
CUS-11499,Orchard Nurseries Limited,TEM-99794-E,Food & Drink,North East,BRK-032,Priya Rowntree,priya.rowntree@orchardnurseri.co.uk,2025-03-07,Active
CUS-11500,Verity Glassworks Limited,TEM-95497-A,Education,London,,Stefan Kaur,stefan.kaur@verityglasswor.co.uk,17/09/2024,Active
CUS-11501,Eastbrook Hotels Partners,TEM-12797-F,Logistics,North West,BRK-034,James Frost,james.frost@eastbrookhotel.co.uk,2023-01-01,Active
CUS-11502,Caldwell Nurseries Holdings,TEM-31824-A,Leisure,East of England,BRK-005,Dev Sutton,dev.sutton@caldwellnurser.co.uk,2025-02-07,Active
CUS-11503,Riverbank Foundry Group,TEM-69754-G,Hospitality,East of England,BRK-032,Lucy Marsh,lucy.marsh@riverbankfound.co.uk,2022-10-02,Active
CUS-11504,Silverbeck Hotels Group,TEM-62362-D,Retail,East of England,BRK-020,Gareth Jennings,gareth.jennings@silverbeckhote.co.uk,2024-02-04,Active
CUS-11505,Summerton Data Rooms Group,TEM-90540-F,Leisure,Midlands,BRK-018,Marcus Voss,marcus.voss@summertondatar.co.uk,2022-11-29,Active
CUS-11506,Kelbrook Leisure Group,TEM-38746-F,Hospitality,Scotland,BRK-007,Lewis Kaur,lewis.kaur@kelbrookleisur.co.uk,2025-05-10,Active
CUS-11507,Zephyr Milling Ltd,TEM-24603-F,Professional Services,South East,BRK-018,Lewis Nowak,lewis.nowak@zephyrmilling.co.uk,16/09/2024,Active
CUS-11508,Orchard Restaurants,TEM-99537-C,Leisure,Scotland,BRK-003,Kirsty Patel,kirsty.patel@orchardrestaur.co.uk,2022-06-01,Active
CUS-11509,Quarrington Restaurants Holdings,TEM-35871-B,Retail,East of England,BRK-034,Aisha Wren,aisha.wren@quarringtonres.co.uk,2024-09-16,Active
CUS-11510,Whitethorn Retail & Sons,TEM-49352-D,Hospitality,Yorkshire,BRK-031,Callum Hansen,callum.hansen@whitethornreta.co.uk,21/07/2024,Active
CUS-11511,Bramble Chandlery & Sons,TEM-11571-B,Food & Drink,Wales,BRK-017,Megan Ogden,megan.ogden@bramblechandle.co.uk,2023-05-13,Active
CUS-11512,Pennine Packaging (UK) Ltd,TEM-40748-C,Healthcare,Yorkshire,BRK-016,Stefan Underhill,stefan.underhill@penninepackagi.co.uk,2023-02-24,Active
CUS-11513,Umberside Precision & Sons,TEM-70735-G,Retail,London,BRK-017,Sanjay Patel,sanjay.patel@umbersidepreci.co.uk,24/02/2023,Active
CUS-11514,Ullswater Aggregates (UK) Ltd,TEM-28926-B,Food & Drink,London,BRK-035,Emily Grady,emily.grady@ullswateraggre.co.uk,2024-05-24,Active
CUS-11515,Zetland Roofing Ltd,TEM-69261-A,Leisure,North East,,Lewis Kaur,lewis.kaur@zetlandroofing.co.uk,04/12/2023,Active
CUS-11516,Torque Upholstery & Sons,TEM-40698-D,Logistics,London,BRK-020,Callum Sharpe,callum.sharpe@torqueupholste.co.uk,2024-07-30,Active
CUS-11517,Ironbridge Data Rooms Partners,TEM-63908-D,Retail,Scotland,,Iona Hale,iona.hale@ironbridgedata.co.uk,2025-08-29,Active
CUS-11518,Bluewater Roofing Co,TEM-43901-E,Food & Drink,South West,BRK-025,Omar Voss,omar.voss@bluewaterroofi.co.uk,25/12/2022,Active
CUS-11519,Farrier Kennels Ltd,TEM-41622-B,Education,Yorkshire,BRK-002,Tom Ferris,tom.ferris@farrierkennels.co.uk,2025-12-31,Lost
CUS-11520,Kingsmead Retail Ltd,TEM-60647-F,Food & Drink,Midlands,BRK-005,Callum Vance,callum.vance@kingsmeadretai.co.uk,29/01/2024,Active
CUS-11521,Dunmore Padel Limited,TEM-73278-C,Retail,South West,BRK-032,Lewis Iqbal,lewis.iqbal@dunmorepadel.co.uk,25/01/2023,Active
CUS-11522,Lighthouse Dairy Holdings,TEM-33907-E,Education,London,,Jack Lomax,jack.lomax@lighthousedair.co.uk,01/02/2022,Lost
CUS-11523,Hatherley Farm Foods Partners,TEM-24309-D,Manufacturing,Scotland,BRK-028,Zara Jennings,zara.jennings@hatherleyfarmf.co.uk,2023-08-05,Active
CUS-11524,Oakhurst Dairy Group,TEM-10745-C,Education,Yorkshire,BRK-002,James Voss,james.voss@oakhurstdairy.co.uk,17/07/2025,Active
CUS-11525,Ashcombe Tanning,TEM-50282-B,Professional Services,Midlands,BRK-012,Kirsty Keane,kirsty.keane@ashcombetannin.co.uk,14/05/2025,Active
CUS-11526,Tanfield Farm Foods,TEM-77200-D,Food & Drink,South East,BRK-031,Sarah Sharpe,sarah.sharpe@tanfieldfarmfo.co.uk,2025-11-20,Lost
CUS-11527,Ellerton Farm Foods (UK) Ltd,TEM-70592-A,Logistics,Scotland,,Lewis Hale,lewis.hale@ellertonfarmfo.co.uk,2025-10-25,Active
CUS-11528,Hatherley Logistics Group,TEM-90558-B,Agriculture,Wales,BRK-025,James Voss,james.voss@hatherleylogis.co.uk,30/08/2024,Active
CUS-11529,Cedar Roofing Holdings,TEM-16525-F,Manufacturing,Scotland,BRK-016,Stefan Brooke,stefan.brooke@cedarroofing.co.uk,10/10/2022,Active
CUS-11530,Cedar Engineering,TEM-80017-A,Retail,North West,,Sanjay Mercer,sanjay.mercer@cedarengineeri.co.uk,15/03/2025,Active
CUS-11531,Quarrington Seafoods Ltd,TEM-20503-D,Manufacturing,Yorkshire,BRK-014,Lucy Hansen,lucy.hansen@quarringtonsea.co.uk,14/11/2025,Active
CUS-11532,Pemberley Plastics Ltd,TEM-47620-B,Leisure,East of England,BRK-001,Lucy Reid,lucy.reid@pemberleyplast.co.uk,08/02/2023,Active
CUS-11533,Westcliff Cinemas Co,TEM-77710-D,Retail,Wales,BRK-003,Fatima Bright,fatima.bright@westcliffcinem.co.uk,2025-12-08,Lost
CUS-11534,Jarrow Bakehouse Limited,TEM-81069-D,Agriculture,South East,BRK-030,Oliver Kaur,oliver.kaur@jarrowbakehous.co.uk,2025-06-10,Active
CUS-11535,Riverbank Fabrications,TEM-73119-B,Agriculture,Wales,BRK-002,Megan Chowdhury,megan.chowdhury@riverbankfabri.co.uk,2023-04-04,Lost
CUS-11536,Pemberley Nurseries Ltd,TEM-96742-B,Hospitality,South East,,Amber Brooke,amber.brooke@pemberleynurse.co.uk,2024-07-01,Active
CUS-11537,Nettlebed Padel & Sons,TEM-47296-E,Leisure,London,,Craig Marsh,craig.marsh@nettlebedpadel.co.uk,2025-05-15,Active
CUS-11538,Tanfield Packaging (UK) Ltd,TEM-87627-A,Retail,East of England,BRK-027,Anita Bright,anita.bright@tanfieldpackag.co.uk,29/09/2021,Lost
CUS-11539,Wrenfield Robotics Partners,TEM-63590-B,Retail,London,BRK-030,Peter Ellison,peter.ellison@wrenfieldrobot.co.uk,2022-02-16,Active
CUS-11540,Kelbrook Studios Co,TEM-52115-A,Agriculture,Wales,BRK-003,Freya Hale,freya.hale@kelbrookstudio.co.uk,2025-09-21,Active
CUS-11541,Lighthouse Fabrications Ltd,TEM-76562-F,Professional Services,North East,BRK-003,Craig Hale,craig.hale@lighthousefabr.co.uk,2024-09-16,Active
CUS-11542,Exmoor Packaging (UK) Ltd,TEM-29046-B,Retail,Midlands,BRK-034,Sarah Tate,sarah.tate@exmoorpackagin.co.uk,01/01/2025,Active
CUS-11543,Lowther Padel Group,TEM-10614-C,Logistics,South East,BRK-003,Ryan Keane,ryan.keane@lowtherpadel.co.uk,29/03/2024,Active
CUS-11544,Padstow Textiles,TEM-43019-F,Logistics,Wales,,Iona Grady,iona.grady@padstowtextile.co.uk,09/07/2022,Active
CUS-11545,Fernhill Textiles Ltd,TEM-23612-E,Leisure,South West,BRK-032,Omar Voss,omar.voss@fernhilltextil.co.uk,2024-12-14,Active
CUS-11546,Ellerton Cold Storage Ltd,TEM-79801-G,Education,London,BRK-022,Rhys Whitfield,rhys.whitfield@ellertoncoldst.co.uk,11/02/2022,Active
CUS-11547,Birchmoor Forge Co,TEM-19085-E,Retail,London,BRK-025,Craig Underhill,craig.underhill@birchmoorforge.co.uk,2022-10-10,Active
CUS-11548,Bramble Print Holdings,TEM-30574-E,Healthcare,East of England,BRK-013,Nia Okafor,nia.okafor@brambleprint.co.uk,19/08/2022,Dormant
CUS-11549,Jarrow Offices (UK) Ltd,TEM-90949-B,Retail,North East,,Ben Voss,ben.voss@jarrowoffices.co.uk,2022-02-23,Active
CUS-11550,Zephyr Upholstery Holdings,TEM-91974-E,Agriculture,South East,BRK-033,Daniel Frost,daniel.frost@zephyrupholste.co.uk,2023-02-24,Active
CUS-11551,Cobalt Marine Group,TEM-68320-G,Agriculture,Midlands,BRK-014,James Yates,james.yates@cobaltmarine.co.uk,17/06/2022,Active
CUS-11552,Kelbrook Dairy,TEM-70688-D,Education,North East,BRK-017,Iona Reid,iona.reid@kelbrookdairy.co.uk,2023-07-16,Lost
CUS-11553,Lowther Catering Ltd,TEM-87082-C,Healthcare,Wales,BRK-027,Paula Underhill,paula.underhill@lowthercaterin.co.uk,2025-08-18,Active
CUS-11554,Lighthouse Fabrications Co,TEM-98172-D,Manufacturing,South East,BRK-004,Craig Rowntree,craig.rowntree@lighthousefabr.co.uk,2025-03-13,Active
CUS-11555,Atlas Fabrications Ltd,TEM-25233-B,Manufacturing,South East,BRK-031,Noel Osei,noel.osei@atlasfabricati.co.uk,2024-03-22,Active
CUS-11556,Farrier Motors Limited,TEM-54460-D,Manufacturing,North East,BRK-019,Peter Underhill,peter.underhill@farriermotors.co.uk,2022-02-13,Active
CUS-11557,Maplin Packaging Ltd,TEM-31729-D,Retail,Scotland,BRK-017,Noel Grady,noel.grady@maplinpackagin.co.uk,2025-11-15,Active
CUS-11558,Ottershaw Kennels Holdings,TEM-53490-B,Food & Drink,North West,BRK-030,Priya Grady,priya.grady@ottershawkenne.co.uk,2022-10-20,Active
CUS-11559,Stanhope Studios Limited,TEM-80819-C,Retail,Yorkshire,BRK-005,Marcus Reid,marcus.reid@stanhopestudio.co.uk,07/09/2022,Lost
CUS-11560,Oakhurst Roofing Holdings,TEM-47031-G,Agriculture,East of England,BRK-004,Anita Nairn,anita.nairn@oakhurstroofin.co.uk,11/06/2022,Active
CUS-11561,Ellerton Salvage (UK) Ltd,TEM-25829-A,Retail,North East,BRK-005,Holly Nowak,holly.nowak@ellertonsalvag.co.uk,2022-08-04,Active
CUS-11562,Ravenscar Packaging Group,TEM-39014-D,Healthcare,Wales,,Holly Yates,holly.yates@ravenscarpacka.co.uk,2022-05-06,Active
CUS-11563,Foxglove Salvage Group,TEM-50221-D,Logistics,South East,BRK-032,Holly Kaur,holly.kaur@foxglovesalvag.co.uk,02/01/2022,Active
CUS-11564,Selworthy Milling Ltd,TEM-13972-E,Leisure,North West,BRK-007,James Grady,james.grady@selworthymilli.co.uk,22/02/2024,Lost
CUS-11565,Ivybridge Textiles (UK) Ltd,TEM-72222-B,Hospitality,South West,,Nia Yates,nia.yates@ivybridgetexti.co.uk,08/07/2023,Active
CUS-11566,Tredegar Print (UK) Ltd,TEM-34480-B,Hospitality,East of England,BRK-004,Marcus Nowak,marcus.nowak@tredegarprint.co.uk,2023-02-02,Active
CUS-11567,Ullswater Offices Ltd,TEM-73360-F,Healthcare,Midlands,BRK-011,Grace Tate,grace.tate@ullswateroffic.co.uk,27/06/2023,Active
CUS-11568,Ashcombe Gym Ltd,TEM-59847-C,Manufacturing,Yorkshire,BRK-014,Craig Quinn,craig.quinn@ashcombegym.co.uk,2023-02-25,Active
CUS-11569,Maplin Farm Foods Partners,TEM-31952-G,Agriculture,North East,BRK-029,Gareth Hansen,gareth.hansen@maplinfarmfood.co.uk,04/03/2025,Active
CUS-11570,Tanfield Marine Group,TEM-92493-B,Professional Services,Yorkshire,BRK-009,Grace Chowdhury,grace.chowdhury@tanfieldmarine.co.uk,07/02/2022,Lost
CUS-11571,Dunmore Plastics Limited,TEM-47818-F,Food & Drink,North West,BRK-002,Lucy Whitfield,lucy.whitfield@dunmoreplastic.co.uk,18/05/2025,Active
CUS-11572,Silverbeck Leisure Ltd,TEM-51293-G,Education,North East,BRK-033,Amber Keane,amber.keane@silverbeckleis.co.uk,22/02/2022,Lost
CUS-11573,Pemberley Care Partners,TEM-37331-A,Manufacturing,Yorkshire,BRK-012,Rhys Doyle,rhys.doyle@pemberleycare.co.uk,20/06/2023,Active
CUS-11574,Ironbridge Leisure & Sons,TEM-28820-B,Healthcare,South East,BRK-019,Paula Osei,paula.osei@ironbridgeleis.co.uk,01/06/2024,Active
CUS-11575,Eastbrook Precision (UK) Ltd,TEM-11468-C,Leisure,Wales,BRK-019,Jack Quinn,jack.quinn@eastbrookpreci.co.uk,2021-11-06,Active
CUS-11576,Oakhurst Gym Ltd,TEM-55216-B,Healthcare,Scotland,BRK-027,Daniel Ellison,daniel.ellison@oakhurstgym.co.uk,2022-10-06,Active
CUS-11577,Ravenscar Fabrications Ltd,TEM-59186-G,Agriculture,London,BRK-017,Zara Underhill,zara.underhill@ravenscarfabri.co.uk,26/10/2023,Active
CUS-11578,Whitethorn Veterinary Holdings,TEM-47340-B,Food & Drink,East of England,BRK-017,Zara Vance,zara.vance@whitethornvete.co.uk,2023-09-03,Active
CUS-11579,Applegarth Bakehouse Holdings,TEM-93487-G,Manufacturing,East of England,,Noel Lomax,noel.lomax@applegarthbake.co.uk,2025-12-20,Active
CUS-11580,Atlas Leisure Ltd,TEM-84796-G,Retail,East of England,BRK-008,Daniel Ferris,daniel.ferris@atlasleisure.co.uk,2025-03-20,Active
CUS-11581,Selworthy Leisure Group,TEM-46997-G,Agriculture,North East,BRK-006,Marcus Sutton,marcus.sutton@selworthyleisu.co.uk,09/02/2024,Active
CUS-11582,Ellerton Marine Group,TEM-49580-D,Food & Drink,North East,BRK-025,Daniel Yates,daniel.yates@ellertonmarine.co.uk,2022-02-20,Active
CUS-11583,Ashcombe Fabrications Co,TEM-75612-F,Professional Services,Midlands,BRK-020,Emily Patel,emily.patel@ashcombefabric.co.uk,07/04/2024,Active
CUS-11584,Merrivale Cinemas Ltd,TEM-72793-F,Education,Wales,BRK-025,Oliver Ellison,oliver.ellison@merrivalecinem.co.uk,2021-10-06,Active
CUS-11585,Padstow Foundry Ltd,TEM-87778-D,Food & Drink,Yorkshire,BRK-010,Dev Yates,dev.yates@padstowfoundry.co.uk,28/06/2024,Active
CUS-11586,Kingsmead Garden Ltd,TEM-68771-C,Professional Services,South East,BRK-009,Kirsty Hansen,kirsty.hansen@kingsmeadgarde.co.uk,14/12/2022,Active
CUS-11587,Lowther Motors & Sons,TEM-14425-B,Leisure,North West,BRK-023,Oliver Wren,oliver.wren@lowthermotors.co.uk,2024-05-17,Active
CUS-11588,Summerton Optics Co,TEM-79898-C,Healthcare,North West,BRK-025,Marcus Patel,marcus.patel@summertonoptic.co.uk,2024-12-28,Active
CUS-11589,Lowther Distillery Ltd,TEM-36928-E,Logistics,North West,BRK-004,Chloe Rowntree,chloe.rowntree@lowtherdistill.co.uk,2022-03-08,Active
CUS-11590,Quarrington Plastics (UK) Ltd,TEM-36702-F,Logistics,Wales,BRK-012,Freya MacLeod,freya.macleod@quarringtonpla.co.uk,2025-04-07,Active
CUS-11591,Cedar Glassworks Holdings,TEM-62493-B,Education,Wales,BRK-030,Ben Wren,ben.wren@cedarglasswork.co.uk,01/10/2025,Active
CUS-11592,Zetland Restaurants Co,TEM-69274-B,Professional Services,Scotland,BRK-031,Grace Keane,grace.keane@zetlandrestaur.co.uk,2025-04-04,Active
CUS-11593,Denholm Joinery Partners,TEM-88885-B,Healthcare,South East,BRK-035,Holly Rowntree,holly.rowntree@denholmjoinery.co.uk,2021-09-30,Active
CUS-11594,Kingsmead Plastics Holdings,TEM-41784-G,Education,London,BRK-004,Gareth Iqbal,gareth.iqbal@kingsmeadplast.co.uk,2025-07-05,Active
CUS-11595,Farrier Robotics (UK) Ltd,TEM-40412-F,Agriculture,South East,BRK-017,Chloe Iqbal,chloe.iqbal@farrierrobotic.co.uk,2025-07-05,Active
CUS-11596,Tanfield Laundry Ltd,TEM-12706-G,Food & Drink,Yorkshire,BRK-009,Lucy Tate,lucy.tate@tanfieldlaundr.co.uk,20/10/2023,Active
CUS-11597,Cranleigh Robotics (UK) Ltd,TEM-69758-B,Logistics,Wales,BRK-015,Ryan Brooke,ryan.brooke@cranleighrobot.co.uk,2025-05-10,Active
CUS-11598,Zetland Pharmacy Limited,TEM-24576-F,Education,London,BRK-029,Stefan Lomax,stefan.lomax@zetlandpharmac.co.uk,11/10/2021,Active
CUS-11599,Atlas Distillery,TEM-51262-F,Leisure,Midlands,BRK-002,Freya Ferris,freya.ferris@atlasdistiller.co.uk,2026-01-12,Dormant
CUS-11600,Ingleby Leisure Ltd,TEM-55389-A,Hospitality,South East,,Ryan Patel,ryan.patel@inglebyleisure.co.uk,13/01/2023,Active
CUS-11601,Lighthouse Foundry Ltd,TEM-20505-D,Healthcare,North East,BRK-017,Stefan Doyle,stefan.doyle@lighthousefoun.co.uk,26/11/2021,Dormant
CUS-11602,Hatherley Chandlery Partners,TEM-16307-A,Manufacturing,Yorkshire,,Marcus Voss,marcus.voss@hatherleychand.co.uk,15/01/2023,Active
CUS-11603,Tredegar Breweries,TEM-21875-G,Food & Drink,Midlands,BRK-031,Dev Doyle,dev.doyle@tredegarbrewer.co.uk,2025-11-05,Active
CUS-11604,Oakhurst Upholstery,TEM-26087-G,Food & Drink,North East,BRK-028,James Wren,james.wren@oakhurstuphols.co.uk,2022-08-26,Active
CUS-11605,Lowther Logistics Co,TEM-55744-B,Logistics,Wales,BRK-008,Holly Iqbal,holly.iqbal@lowtherlogisti.co.uk,2022-08-14,Active
CUS-11606,Northgate Tanning Group,TEM-91966-E,Manufacturing,South East,BRK-034,Oliver Hansen,oliver.hansen@northgatetanni.co.uk,07/02/2022,Active
CUS-11607,Ravenscar Tanning Ltd,TEM-19810-A,Logistics,East of England,BRK-035,Ewan Jennings,ewan.jennings@ravenscartanni.co.uk,2024-01-15,Active
CUS-11608,Exmoor Breweries Group,TEM-15264-G,Education,Wales,BRK-026,Ben Underhill,ben.underhill@exmoorbrewerie.co.uk,2025-05-03,Active
CUS-11609,Yewtree Milling,TEM-97988-B,Logistics,North West,BRK-005,Craig Jennings,craig.jennings@yewtreemilling.co.uk,2024-04-16,Active
CUS-11610,Umberside Maltings Limited,TEM-11696-C,Logistics,South East,BRK-012,Aisha Whitfield,aisha.whitfield@umbersidemalti.co.uk,2025-08-16,Active
CUS-11611,Thackery Seafoods Ltd,TEM-99518-B,Education,East of England,BRK-030,Holly Nowak,holly.nowak@thackeryseafoo.co.uk,2021-11-03,Active
CUS-11612,Harborne Studios & Sons,TEM-90786-C,Agriculture,North East,BRK-001,Callum Ferris,callum.ferris@harbornestudio.co.uk,2023-08-22,Active
CUS-11613,Yewtree Restaurants Ltd,TEM-15027-E,Leisure,East of England,BRK-022,Ryan Wren,ryan.wren@yewtreerestaur.co.uk,2022-01-10,Active
CUS-11614,Quarrington Logistics & Sons,TEM-81048-A,Hospitality,Midlands,BRK-032,Lucy Quinn,lucy.quinn@quarringtonlog.co.uk,2022-06-30,Active
CUS-11615,Lighthouse Scaffolding Limited,TEM-75999-A,Healthcare,Midlands,BRK-011,Daniel Hale,daniel.hale@lighthousescaf.co.uk,2023-03-31,Active
CUS-11616,Cranleigh Roofing Group,TEM-28655-D,Leisure,Scotland,BRK-012,Iona Jennings,iona.jennings@cranleighroofi.co.uk,17/12/2025,Active
CUS-11617,Ellerton Robotics,TEM-48910-G,Logistics,Wales,BRK-016,Grace Ferris,grace.ferris@ellertonroboti.co.uk,23/11/2023,Active
CUS-11618,Vantage Optics,TEM-89352-C,Education,North East,,Zara Okafor,zara.okafor@vantageoptics.co.uk,22/09/2025,Active
CUS-11619,Hatherley Hotels Ltd,TEM-22787-A,Professional Services,South East,,Fatima Bright,fatima.bright@hatherleyhotel.co.uk,07/09/2024,Active
CUS-11620,Millpond Salvage,TEM-29440-E,Professional Services,South West,BRK-002,Paula Voss,paula.voss@millpondsalvag.co.uk,2024-08-29,Lost
CUS-11621,Ellerton Padel (UK) Ltd,TEM-97802-G,Agriculture,Yorkshire,BRK-001,Omar Yates,omar.yates@ellertonpadel.co.uk,2023-06-20,Active
CUS-11622,Ellerton Precision Holdings,TEM-47606-G,Leisure,Wales,BRK-007,James Hale,james.hale@ellertonprecis.co.uk,03/08/2023,Active
CUS-11623,Kelbrook Padel,TEM-74292-C,Manufacturing,East of England,BRK-015,James Tate,james.tate@kelbrookpadel.co.uk,2023-02-24,Active
CUS-11624,Cobalt Care Ltd,TEM-44954-A,Retail,North East,BRK-029,James Ferris,james.ferris@cobaltcare.co.uk,2024-04-11,Active
CUS-11625,Gilded Print Partners,TEM-42523-D,Hospitality,Yorkshire,BRK-035,Nadia Ogden,nadia.ogden@gildedprint.co.uk,04/08/2022,Active
CUS-11626,Northgate Plastics Partners,TEM-51302-E,Hospitality,East of England,BRK-035,Dev Hale,dev.hale@northgateplast.co.uk,19/06/2025,Active
CUS-11627,Eastbrook Packaging & Sons,TEM-80336-A,Logistics,East of England,BRK-005,Paula Frost,paula.frost@eastbrookpacka.co.uk,02/05/2024,Active
CUS-11628,Nettlebed Logistics & Sons,TEM-45877-D,Education,London,BRK-012,Oliver Nairn,oliver.nairn@nettlebedlogis.co.uk,07/12/2025,Active
CUS-11629,Fernhill Fabrications,TEM-12180-G,Logistics,South West,BRK-010,Kirsty Nairn,kirsty.nairn@fernhillfabric.co.uk,2023-12-16,Active
CUS-11630,Northgate Packaging Ltd,TEM-87478-F,Agriculture,London,,Nia Whitfield,nia.whitfield@northgatepacka.co.uk,15/03/2024,Lost
CUS-11631,Padstow Studios Co,TEM-57487-B,Education,North West,,Marcus Iqbal,marcus.iqbal@padstowstudios.co.uk,22/11/2021,Lost
CUS-11632,Tanfield Recycling Ltd,TEM-35237-F,Education,North West,BRK-003,Priya Tate,priya.tate@tanfieldrecycl.co.uk,2023-08-23,Active
CUS-11633,Elmwood Optics Group,TEM-13723-A,Retail,East of England,BRK-015,Kirsty Hansen,kirsty.hansen@elmwoodoptics.co.uk,2022-12-30,Active
CUS-11634,Kingsmead Coachworks Partners,TEM-39873-F,Logistics,East of England,BRK-022,Holly MacLeod,holly.macleod@kingsmeadcoach.co.uk,2022-10-14,Active
CUS-11635,Bexley Salvage Ltd,TEM-14932-G,Hospitality,East of England,BRK-026,Ewan Brooke,ewan.brooke@bexleysalvage.co.uk,04/03/2025,Lost
CUS-11636,Wrenfield Galvanising Ltd,TEM-34718-E,Retail,Scotland,BRK-005,Zara Quinn,zara.quinn@wrenfieldgalva.co.uk,2022-05-18,Active
CUS-11637,Bexley Ice Cream Limited,TEM-95233-D,Hospitality,South East,BRK-008,Grace Pryce,grace.pryce@bexleyicecream.co.uk,2023-08-23,Active
CUS-11638,Silverbeck Padel,TEM-42911-A,Hospitality,North West,BRK-010,Sanjay Voss,sanjay.voss@silverbeckpade.co.uk,03/11/2023,Active
CUS-11639,Elmwood Breweries & Sons,TEM-47592-D,Professional Services,South East,BRK-007,Zara Rowntree,zara.rowntree@elmwoodbreweri.co.uk,2022-08-04,Active
CUS-11640,Ironbridge Breweries,TEM-73923-G,Leisure,London,BRK-002,Paula MacLeod,paula.macleod@ironbridgebrew.co.uk,2023-07-29,Active
CUS-11641,Foxglove Textiles Co,TEM-19151-C,Manufacturing,London,BRK-034,Tom Rowntree,tom.rowntree@foxglovetextil.co.uk,2025-05-19,Active
CUS-11642,Ingleby Care Holdings,TEM-65000-F,Leisure,Wales,BRK-016,Freya Voss,freya.voss@inglebycare.co.uk,29/09/2025,Active
CUS-11643,Northgate Distillery Ltd,TEM-60824-C,Professional Services,Scotland,BRK-003,Ryan Rowntree,ryan.rowntree@northgatedisti.co.uk,26/01/2026,Active
CUS-11644,Denholm Cinemas Ltd,TEM-13261-D,Healthcare,South West,BRK-016,Grace Ogden,grace.ogden@denholmcinemas.co.uk,2023-12-07,Active
CUS-11645,Caldwell Maltings (UK) Ltd,TEM-84263-E,Agriculture,North East,,Oliver Wren,oliver.wren@caldwellmaltin.co.uk,2022-10-20,Active
CUS-11646,Maplin Robotics Group,TEM-80146-C,Food & Drink,Scotland,,Nadia Chowdhury,nadia.chowdhury@maplinrobotics.co.uk,04/01/2025,Active
CUS-11647,Denholm Forge Ltd,TEM-82462-F,Manufacturing,North East,BRK-023,Gareth Reid,gareth.reid@denholmforge.co.uk,28/12/2024,Dormant
CUS-11648,Quarrington Bookbinders Holdings,TEM-23451-G,Agriculture,London,BRK-023,Craig Ogden,craig.ogden@quarringtonboo.co.uk,25/03/2023,Lost
CUS-11649,Zetland Retail Co,TEM-64201-E,Logistics,East of England,BRK-008,Oliver Sharpe,oliver.sharpe@zetlandretail.co.uk,28/10/2023,Active
CUS-11650,Stanhope Distillery Ltd,TEM-47204-C,Food & Drink,North East,BRK-002,Freya Keane,freya.keane@stanhopedistil.co.uk,2025-02-02,Active
CUS-11651,Bexley Studios & Sons,TEM-24480-C,Hospitality,Yorkshire,BRK-003,Stefan Ferris,stefan.ferris@bexleystudios.co.uk,23/01/2024,Active
CUS-11652,Elmwood Distillery (UK) Ltd,TEM-52575-B,Retail,South West,BRK-017,Stefan Chowdhury,stefan.chowdhury@elmwooddistill.co.uk,20/05/2024,Lost
CUS-11653,Saltmarsh Aquatics,TEM-46036-B,Manufacturing,Midlands,BRK-006,Tom Nairn,tom.nairn@saltmarshaquat.co.uk,2025-08-26,Active
CUS-11654,Selworthy Schools & Sons,TEM-45809-B,Healthcare,London,BRK-009,Lewis Iqbal,lewis.iqbal@selworthyschoo.co.uk,2024-08-15,Active
CUS-11655,Wrenfield Veterinary Partners,TEM-61591-G,Manufacturing,Yorkshire,BRK-029,Gareth Sutton,gareth.sutton@wrenfieldveter.co.uk,24/03/2022,Active
CUS-11656,Yewtree Veterinary Ltd,TEM-24683-G,Logistics,East of England,,Noel Patel,noel.patel@yewtreeveterin.co.uk,2025-02-11,Active
CUS-11657,Kelbrook Cinemas Partners,TEM-28792-C,Professional Services,Wales,BRK-017,Iona Ellison,iona.ellison@kelbrookcinema.co.uk,27/11/2025,Active
CUS-11658,Eastbrook Logistics Holdings,TEM-23690-E,Leisure,London,BRK-030,Marcus Voss,marcus.voss@eastbrooklogis.co.uk,2025-02-17,Active
CUS-11659,Norbury Textiles Ltd,TEM-43601-F,Leisure,East of England,BRK-020,Omar Tate,omar.tate@norburytextile.co.uk,27/09/2021,Active
CUS-11660,Garwood Salvage Group,TEM-11702-C,Healthcare,London,BRK-011,Oliver Marsh,oliver.marsh@garwoodsalvage.co.uk,16/09/2023,Active
CUS-11661,Harborne Timber Limited,TEM-36739-A,Leisure,East of England,BRK-032,Aisha Rowntree,aisha.rowntree@harbornetimber.co.uk,2023-12-18,Dormant
CUS-11662,Harborne Forge Partners,TEM-33658-E,Healthcare,Yorkshire,,Emily Ellison,emily.ellison@harborneforge.co.uk,04/01/2023,Active
CUS-11663,Torque Bookbinders Holdings,TEM-87066-G,Agriculture,Wales,BRK-016,Craig Lomax,craig.lomax@torquebookbind.co.uk,2022-02-15,Active
CUS-11664,Caldwell Nurseries Co,TEM-88938-D,Logistics,North West,,Sarah Sutton,sarah.sutton@caldwellnurser.co.uk,2024-07-14,Active
CUS-11665,Foxglove Bakehouse Ltd,TEM-58915-G,Healthcare,South East,BRK-030,Sarah Sutton,sarah.sutton@foxglovebakeho.co.uk,2022-11-23,Active
CUS-11666,Gilded Plastics,TEM-64740-F,Logistics,Scotland,BRK-035,Callum Bright,callum.bright@gildedplastics.co.uk,2024-03-15,Active
CUS-11667,Umberside Seafoods Holdings,TEM-11025-D,Food & Drink,East of England,BRK-027,Oliver Osei,oliver.osei@umbersideseafo.co.uk,2025-01-27,Active
CUS-11668,Denholm Pharmacy,TEM-62951-C,Healthcare,South East,BRK-023,Omar Nowak,omar.nowak@denholmpharmac.co.uk,2023-08-13,Active
CUS-11669,Padstow Coachworks,TEM-61171-E,Hospitality,North East,BRK-025,Iona Ellison,iona.ellison@padstowcoachwo.co.uk,2025-11-25,Lost
CUS-11670,Birchmoor Optics Limited,TEM-71214-D,Agriculture,Midlands,BRK-002,Paula Wren,paula.wren@birchmooroptic.co.uk,25/03/2023,Active
CUS-11671,Whitethorn Distillery Limited,TEM-95416-F,Food & Drink,Scotland,BRK-019,Anita Hansen,anita.hansen@whitethorndist.co.uk,11/09/2022,Active
CUS-11672,Vantage Seafoods (UK) Ltd,TEM-90234-C,Leisure,East of England,,Megan Iqbal,megan.iqbal@vantageseafood.co.uk,2024-03-03,Lost
CUS-11673,Ingleby Print & Sons,TEM-79853-A,Food & Drink,North West,BRK-035,Anita Tate,anita.tate@inglebyprint.co.uk,24/12/2024,Active
CUS-11674,Cedar Offices Ltd,TEM-46766-C,Hospitality,South East,BRK-009,Jack Patel,jack.patel@cedaroffices.co.uk,10/01/2025,Active
CUS-11675,Ironbridge Nurseries Ltd,TEM-45829-A,Manufacturing,South East,BRK-020,Stefan Iqbal,stefan.iqbal@ironbridgenurs.co.uk,04/05/2022,Lost
CUS-11676,Oakhurst Offices Group,TEM-67551-G,Agriculture,Midlands,BRK-022,Rhys Jennings,rhys.jennings@oakhurstoffice.co.uk,14/12/2022,Active
CUS-11677,Zetland Salvage Ltd,TEM-12126-D,Retail,North East,BRK-007,Sarah Keane,sarah.keane@zetlandsalvage.co.uk,2025-05-10,Active
CUS-11678,Ingleby Cinemas,TEM-27970-E,Food & Drink,North East,BRK-001,Tom Ellison,tom.ellison@inglebycinemas.co.uk,08/06/2025,Active
CUS-11679,Quenington Foundry Ltd,TEM-68176-A,Leisure,Wales,BRK-034,Aisha Nowak,aisha.nowak@queningtonfoun.co.uk,2024-04-28,Active
CUS-11680,Cobalt Pharmacy & Sons,TEM-68968-C,Education,Yorkshire,BRK-032,Sarah Osei,sarah.osei@cobaltpharmacy.co.uk,2022-10-30,Lost
CUS-11681,Bexley Aquatics Limited,TEM-16618-B,Manufacturing,Yorkshire,BRK-028,Nadia Jennings,nadia.jennings@bexleyaquatics.co.uk,2024-11-05,Active
CUS-11682,Denholm Farm Foods (UK) Ltd,TEM-34706-B,Manufacturing,North East,BRK-033,Craig Ogden,craig.ogden@denholmfarmfoo.co.uk,22/01/2026,Active
CUS-11683,Oakhurst Ice Cream Group,TEM-39150-C,Hospitality,Midlands,BRK-001,Dev Doyle,dev.doyle@oakhursticecre.co.uk,2023-09-27,Lost
CUS-11684,Umberside Forge Holdings,TEM-33688-B,Leisure,Scotland,BRK-010,Rhys Reid,rhys.reid@umbersideforge.co.uk,04/01/2022,Active
CUS-11685,Quenington Glassworks Co,TEM-52117-B,Logistics,Scotland,BRK-013,Zara Rowntree,zara.rowntree@queningtonglas.co.uk,2023-11-23,Active
CUS-11686,Orchard Salvage (UK) Ltd,TEM-99141-E,Education,South West,BRK-006,Lucy Nowak,lucy.nowak@orchardsalvage.co.uk,03/10/2021,Active
CUS-11687,Jarrow Joinery Ltd,TEM-83200-B,Logistics,South East,BRK-028,Ryan Bright,ryan.bright@jarrowjoinery.co.uk,2025-07-25,Active
CUS-11688,Quayside Packaging Partners,TEM-15388-A,Professional Services,South East,BRK-030,Zara Mercer,zara.mercer@quaysidepackag.co.uk,2022-07-21,Active
CUS-11689,Gilded Coachworks Group,TEM-19593-A,Leisure,South East,BRK-002,Kirsty Nowak,kirsty.nowak@gildedcoachwor.co.uk,07/06/2023,Active
CUS-11690,Cobalt Padel,TEM-17924-G,Hospitality,South West,BRK-009,Ewan Vance,ewan.vance@cobaltpadel.co.uk,14/12/2022,Active
CUS-11691,Riverbank Forge & Sons,TEM-72442-C,Food & Drink,North West,BRK-028,Anita Whitfield,anita.whitfield@riverbankforge.co.uk,2024-06-13,Active
CUS-11692,Cedar Motors Group,TEM-59443-F,Education,Midlands,,Priya Grady,priya.grady@cedarmotors.co.uk,2024-10-04,Active
CUS-11693,Dunmore Forge Holdings,TEM-98751-G,Agriculture,East of England,,Rhys Jennings,rhys.jennings@dunmoreforge.co.uk,2023-07-29,Lost
CUS-11694,Pennine Farm Foods & Sons,TEM-64607-A,Professional Services,North West,BRK-003,Sarah Ferris,sarah.ferris@penninefarmfoo.co.uk,20/12/2022,Active
CUS-11695,Foxglove Data Rooms,TEM-35195-C,Food & Drink,North West,,Nadia Doyle,nadia.doyle@foxglovedataro.co.uk,17/07/2025,Active
CUS-11696,Umberside Milling & Sons,TEM-31327-E,Hospitality,South West,BRK-031,Peter Jennings,peter.jennings@umbersidemilli.co.uk,2025-03-08,Active
CUS-11697,Riverbank Distillery Holdings,TEM-65240-C,Agriculture,North East,BRK-015,Grace Wren,grace.wren@riverbankdisti.co.uk,17/05/2023,Active
CUS-11698,Silverbeck Veterinary Co,TEM-90186-F,Education,Scotland,,Chloe Underhill,chloe.underhill@silverbeckvete.co.uk,15/12/2025,Active
CUS-11699,Westcliff Precision (UK) Ltd,TEM-84479-A,Agriculture,London,BRK-021,Ryan Grady,ryan.grady@westcliffpreci.co.uk,2021-11-04,Active
CUS-11700,Larkspur Cold Storage Group,TEM-91519-C,Logistics,East of England,,Rhys Ferris,rhys.ferris@larkspurcoldst.co.uk,2022-04-22,Active
CUS-11701,Birchmoor Offices Ltd,TEM-77111-A,Food & Drink,South West,BRK-013,Noel Brooke,noel.brooke@birchmooroffic.co.uk,2023-11-24,Active
CUS-11702,Torque Timber Ltd,TEM-40398-E,Food & Drink,Wales,BRK-031,Peter Sutton,peter.sutton@torquetimber.co.uk,24/11/2024,Active
CUS-11703,Yewtree Bakehouse Co,TEM-79011-B,Education,Scotland,BRK-033,Chloe Hale,chloe.hale@yewtreebakehou.co.uk,2025-08-12,Active
CUS-11704,Birchmoor Seafoods Ltd,TEM-45553-G,Agriculture,London,BRK-006,Craig Nairn,craig.nairn@birchmoorseafo.co.uk,2025-12-27,Active
CUS-11705,Kestrel Robotics Group,TEM-35221-C,Logistics,Yorkshire,,Anita Tate,anita.tate@kestrelrobotic.co.uk,2025-04-19,Active
CUS-11706,Ottershaw Recycling Limited,TEM-37761-C,Agriculture,South East,BRK-023,Kirsty Reid,kirsty.reid@ottershawrecyc.co.uk,2025-03-25,Active
CUS-11707,Ellerton Breweries Ltd,TEM-41161-C,Healthcare,North West,BRK-010,Tom MacLeod,tom.macleod@ellertonbrewer.co.uk,2023-06-08,Active
CUS-11708,Jarrow Engineering Limited,TEM-71157-G,Manufacturing,London,BRK-030,James Hansen,james.hansen@jarrowengineer.co.uk,2022-11-23,Active
CUS-11709,Norbury Marine (UK) Ltd,TEM-99894-F,Healthcare,North East,BRK-031,Holly Yates,holly.yates@norburymarine.co.uk,25/11/2024,Dormant
CUS-11710,Summerton Laundry Limited,TEM-66280-C,Leisure,South West,BRK-024,Kirsty Grady,kirsty.grady@summertonlaund.co.uk,2023-01-10,Active
CUS-11711,Marlow Ice Cream Limited,TEM-27198-B,Leisure,North West,BRK-010,Aisha Nowak,aisha.nowak@marlowicecream.co.uk,2024-02-21,Active
CUS-11712,Fernhill Cold Storage Group,TEM-28137-C,Hospitality,Scotland,BRK-019,Ewan Yates,ewan.yates@fernhillcoldst.co.uk,06/02/2023,Active
CUS-11713,Yarrow Milling Ltd,TEM-23877-F,Agriculture,Yorkshire,BRK-032,Sarah Hansen,sarah.hansen@yarrowmilling.co.uk,24/12/2022,Lost
CUS-11714,Tredegar Breweries Ltd,TEM-25902-C,Agriculture,London,BRK-031,Peter Voss,peter.voss@tredegarbrewer.co.uk,2025-03-20,Lost
CUS-11715,Kelbrook Robotics Ltd,TEM-28265-E,Logistics,Yorkshire,BRK-006,Marcus Marsh,marcus.marsh@kelbrookroboti.co.uk,18/07/2023,Active
CUS-11716,Atlas Textiles Holdings,TEM-78895-A,Food & Drink,Midlands,BRK-025,Amber Sutton,amber.sutton@atlastextiles.co.uk,2024-12-12,Active
CUS-11717,Cobalt Retail Ltd,TEM-94785-B,Food & Drink,Scotland,BRK-013,Freya Grady,freya.grady@cobaltretail.co.uk,2023-08-12,Lost
CUS-11718,Applegarth Chandlery Ltd,TEM-30931-E,Manufacturing,North East,BRK-016,Sarah Keane,sarah.keane@applegarthchan.co.uk,2025-04-21,Active
CUS-11719,Violetta Salvage Co,TEM-67479-F,Agriculture,Scotland,BRK-003,Chloe Patel,chloe.patel@violettasalvag.co.uk,2023-08-11,Active
CUS-11720,Dunmore Cinemas Holdings,TEM-76248-E,Retail,London,,Gareth Mercer,gareth.mercer@dunmorecinemas.co.uk,27/09/2021,Active
CUS-11721,Eastbrook Plastics Limited,TEM-70488-F,Agriculture,Wales,BRK-027,Noel Iqbal,noel.iqbal@eastbrookplast.co.uk,20/05/2023,Active
CUS-11722,Eastbrook Print Ltd,TEM-92251-C,Logistics,Midlands,BRK-007,Aisha Pryce,aisha.pryce@eastbrookprint.co.uk,26/11/2021,Active
CUS-11723,Dunmore Logistics Partners,TEM-16238-A,Manufacturing,South West,BRK-003,Aisha Mercer,aisha.mercer@dunmorelogisti.co.uk,2025-12-14,Active
CUS-11724,Saltmarsh Bakehouse,TEM-23724-D,Hospitality,Scotland,BRK-007,Amber Sharpe,amber.sharpe@saltmarshbakeh.co.uk,2021-09-29,Active
CUS-11725,Eastbrook Aggregates (UK) Ltd,TEM-77961-F,Hospitality,Wales,BRK-025,Holly Tate,holly.tate@eastbrookaggre.co.uk,10/01/2026,Active
CUS-11726,Tredegar Leisure Ltd,TEM-72047-C,Retail,North East,,Amber Osei,amber.osei@tredegarleisur.co.uk,23/08/2025,Active
CUS-11727,Umberside Textiles Partners,TEM-46689-G,Agriculture,Yorkshire,BRK-033,Chloe Frost,chloe.frost@umbersidetexti.co.uk,2024-07-28,Active
CUS-11728,Verity Veterinary (UK) Ltd,TEM-74854-A,Hospitality,London,BRK-031,Ewan Iqbal,ewan.iqbal@verityveterina.co.uk,2025-01-26,Active
CUS-11729,Vantage Aquatics (UK) Ltd,TEM-83566-F,Hospitality,Midlands,BRK-002,Marcus Ferris,marcus.ferris@vantageaquatic.co.uk,07/05/2024,Active
CUS-11730,Ivybridge Print & Sons,TEM-26241-F,Healthcare,London,BRK-034,Kirsty Patel,kirsty.patel@ivybridgeprint.co.uk,27/01/2024,Active
CUS-11731,Pemberley Breweries Limited,TEM-91938-A,Education,Yorkshire,BRK-033,Lucy Jennings,lucy.jennings@pemberleybrewe.co.uk,27/08/2023,Active
CUS-11732,Umberside Pharmacy Holdings,TEM-71406-D,Hospitality,North East,BRK-030,Dev Grady,dev.grady@umbersidepharm.co.uk,31/01/2022,Active
CUS-11733,Cobalt Logistics Ltd,TEM-72033-C,Retail,Yorkshire,BRK-016,Dev Nairn,dev.nairn@cobaltlogistic.co.uk,2024-02-21,Active
CUS-11734,Harborne Glassworks Group,TEM-60754-G,Food & Drink,North West,BRK-023,Lewis Hale,lewis.hale@harborneglassw.co.uk,2023-09-11,Active
CUS-11735,Whitethorn Engineering Ltd,TEM-46927-C,Healthcare,East of England,BRK-012,Nadia Marsh,nadia.marsh@whitethornengi.co.uk,03/11/2023,Active
CUS-11736,Verity Milling & Sons,TEM-33751-G,Healthcare,South West,BRK-008,Rhys Ferris,rhys.ferris@veritymilling.co.uk,2022-11-01,Active
CUS-11737,Denholm Robotics Holdings,TEM-79101-D,Manufacturing,London,,Megan Okafor,megan.okafor@denholmrobotic.co.uk,2023-04-11,Active
CUS-11738,Vantage Bookbinders,TEM-64043-A,Professional Services,Midlands,BRK-027,Oliver Rowntree,oliver.rowntree@vantagebookbin.co.uk,2023-12-18,Active
CUS-11739,Whitethorn Optics (UK) Ltd,TEM-75991-F,Professional Services,South East,BRK-014,Priya Nairn,priya.nairn@whitethornopti.co.uk,03/07/2023,Active
CUS-11740,Cobalt Retail Holdings,TEM-23053-G,Food & Drink,South East,BRK-015,Holly MacLeod,holly.macleod@cobaltretail.co.uk,2022-10-02,Active
CUS-11741,Marlow Tanning & Sons,TEM-43012-A,Retail,Wales,BRK-021,Rhys Sharpe,rhys.sharpe@marlowtanning.co.uk,10/04/2023,Lost
CUS-11742,Umberside Recycling Co,TEM-60293-A,Logistics,London,BRK-006,Ryan Grady,ryan.grady@umbersiderecyc.co.uk,2025-08-29,Active
CUS-11743,Ingleby Care Co,TEM-29166-B,Agriculture,South West,BRK-015,Grace Yates,grace.yates@inglebycare.co.uk,2025-05-16,Active
CUS-11744,Vantage Bakehouse Ltd,TEM-88416-A,Healthcare,North East,BRK-002,Ben Ellison,ben.ellison@vantagebakehou.co.uk,01/06/2024,Active
CUS-11745,Ivybridge Coachworks Co,TEM-75332-E,Professional Services,North West,BRK-011,Amber Jennings,amber.jennings@ivybridgecoach.co.uk,2022-04-25,Active
CUS-11746,Selworthy Fabrications Limited,TEM-73599-E,Retail,North West,BRK-030,Daniel Reid,daniel.reid@selworthyfabri.co.uk,19/07/2022,Active
CUS-11747,Tredegar Packaging Holdings,TEM-17665-C,Healthcare,North West,BRK-023,Priya Frost,priya.frost@tredegarpackag.co.uk,14/05/2022,Lost
CUS-11748,Riverbank Textiles Group,TEM-88784-F,Education,North West,BRK-014,Paula Ellison,paula.ellison@riverbanktexti.co.uk,04/11/2022,Active
CUS-11749,Farrier Care Holdings,TEM-62290-A,Professional Services,London,,Ryan Hansen,ryan.hansen@farriercare.co.uk,2022-07-03,Active
CUS-11750,Rosedale Forge Partners,TEM-80623-C,Professional Services,East of England,BRK-029,Amber Bright,amber.bright@rosedaleforge.co.uk,2025-05-03,Active
CUS-11751,Padstow Data Rooms & Sons,TEM-71009-D,Hospitality,Yorkshire,BRK-005,Priya Yates,priya.yates@padstowdataroo.co.uk,2025-05-25,Lost
CUS-11752,Langmere Joinery (UK) Ltd,TEM-77359-A,Hospitality,South East,BRK-026,Zara Brooke,zara.brooke@langmerejoiner.co.uk,2025-08-17,Active
CUS-11753,Umberside Cold Storage Co,TEM-82185-D,Hospitality,East of England,BRK-027,Amber Underhill,amber.underhill@umbersidecolds.co.uk,2024-12-26,Active
CUS-11754,Summerton Studios Ltd,TEM-28479-F,Agriculture,Wales,BRK-025,Nadia Nairn,nadia.nairn@summertonstudi.co.uk,2024-11-04,Dormant
CUS-11755,Wrenfield Retail Ltd,TEM-51578-F,Agriculture,Scotland,,Priya Wren,priya.wren@wrenfieldretai.co.uk,2022-10-24,Active
CUS-11756,Elmwood Restaurants Ltd,TEM-49916-B,Food & Drink,Scotland,BRK-025,Freya Ellison,freya.ellison@elmwoodrestaur.co.uk,2024-10-13,Active
CUS-11757,Birchmoor Laundry Limited,TEM-39188-A,Food & Drink,East of England,BRK-017,Freya Jennings,freya.jennings@birchmoorlaund.co.uk,2022-06-24,Active
CUS-11758,Zetland Joinery (UK) Ltd,TEM-21157-D,Professional Services,Midlands,BRK-013,Tom Sharpe,tom.sharpe@zetlandjoinery.co.uk,2023-02-25,Active
CUS-11759,Selworthy Bookbinders Limited,TEM-14008-D,Leisure,South East,BRK-024,Jack Pryce,jack.pryce@selworthybookb.co.uk,14/05/2022,Lost
CUS-11760,Bexley Engineering Partners,TEM-95310-D,Agriculture,Yorkshire,BRK-001,Noel Vance,noel.vance@bexleyengineer.co.uk,2024-12-13,Active
CUS-11761,Whitethorn Milling Co,TEM-11885-E,Hospitality,Yorkshire,BRK-027,Tara Frost,tara.frost@whitethornmill.co.uk,2024-02-16,Lost
CUS-11762,Lowther Packaging Limited,TEM-81817-F,Leisure,North West,BRK-002,Daniel Patel,daniel.patel@lowtherpackagi.co.uk,28/01/2022,Lost
CUS-11763,Oakhurst Upholstery Ltd,TEM-66877-E,Leisure,North East,BRK-027,Ben Ellison,ben.ellison@oakhurstuphols.co.uk,20/04/2022,Active
CUS-11764,Hatherley Bakehouse & Sons,TEM-28223-E,Education,London,,James Voss,james.voss@hatherleybakeh.co.uk,08/03/2022,Active
CUS-11765,Atlas Galvanising Ltd,TEM-17168-A,Healthcare,South West,BRK-017,Amber Ellison,amber.ellison@atlasgalvanisi.co.uk,24/08/2022,Active
CUS-11766,Dunmore Retail Holdings,TEM-34226-C,Food & Drink,East of England,BRK-013,Craig Tate,craig.tate@dunmoreretail.co.uk,06/01/2026,Active
CUS-11767,Kelbrook Motors,TEM-43149-G,Manufacturing,North West,,Freya Sharpe,freya.sharpe@kelbrookmotors.co.uk,15/06/2024,Active
CUS-11768,Maplin Cold Storage Ltd,TEM-51004-C,Logistics,Wales,BRK-015,Dev Iqbal,dev.iqbal@maplincoldstor.co.uk,2021-10-20,Active
CUS-11769,Westcliff Gym Group,TEM-74975-A,Education,North East,BRK-013,Lucy Sharpe,lucy.sharpe@westcliffgym.co.uk,16/12/2023,Active
CUS-11770,Thackery Engineering Ltd,TEM-74252-C,Leisure,Yorkshire,BRK-025,Gareth Brooke,gareth.brooke@thackeryengine.co.uk,14/09/2024,Active
CUS-11771,Ashcombe Laundry Group,TEM-79268-A,Food & Drink,North West,BRK-027,Holly Chowdhury,holly.chowdhury@ashcombelaundr.co.uk,15/11/2023,Active
CUS-11772,Stanhope Pharmacy Ltd,TEM-25950-A,Logistics,Wales,BRK-023,Tara Yates,tara.yates@stanhopepharma.co.uk,07/07/2025,Lost
CUS-11773,Riverbank Gym Ltd,TEM-90589-D,Retail,London,BRK-010,Aisha Doyle,aisha.doyle@riverbankgym.co.uk,28/02/2025,Lost
CUS-11774,Redwing Bookbinders,TEM-79474-D,Retail,Scotland,BRK-001,Megan Kaur,megan.kaur@redwingbookbin.co.uk,25/04/2024,Active
CUS-11775,Norbury Restaurants (UK) Ltd,TEM-51422-E,Food & Drink,North West,BRK-020,Fatima Whitfield,fatima.whitfield@norburyrestaur.co.uk,02/08/2023,Active
CUS-11776,Merrivale Scaffolding Co,TEM-90298-F,Hospitality,Wales,,Paula Doyle,paula.doyle@merrivalescaff.co.uk,24/04/2023,Active
CUS-11777,Saltmarsh Scaffolding Group,TEM-34169-C,Education,Yorkshire,BRK-008,Iona Whitfield,iona.whitfield@saltmarshscaff.co.uk,11/10/2025,Active
CUS-11778,Cedar Coachworks Holdings,TEM-68370-F,Hospitality,North East,BRK-022,Sarah Ferris,sarah.ferris@cedarcoachwork.co.uk,2025-01-17,Active
CUS-11779,Cobalt Glassworks Ltd,TEM-86386-A,Professional Services,North East,BRK-024,Megan Hansen,megan.hansen@cobaltglasswor.co.uk,2022-01-24,Active
CUS-11780,Lighthouse Aquatics Ltd,TEM-21412-A,Healthcare,North East,BRK-013,Gareth Jennings,gareth.jennings@lighthouseaqua.co.uk,2024-01-08,Active
CUS-11781,Kestrel Bakehouse Partners,TEM-95434-D,Food & Drink,Yorkshire,BRK-016,Iona Frost,iona.frost@kestrelbakehou.co.uk,02/02/2022,Active
CUS-11782,Bluewater Forge Ltd,TEM-87121-F,Retail,North East,BRK-001,Marcus Jennings,marcus.jennings@bluewaterforge.co.uk,2023-08-19,Active
CUS-11783,Cobalt Precision (UK) Ltd,TEM-72888-D,Education,London,BRK-033,Lewis Yates,lewis.yates@cobaltprecisio.co.uk,19/06/2025,Active
CUS-11784,Bexley Scaffolding (UK) Ltd,TEM-89527-E,Logistics,North East,,Ben Jennings,ben.jennings@bexleyscaffold.co.uk,28/12/2022,Active
CUS-11785,Elmwood Marine Ltd,TEM-17688-E,Manufacturing,Scotland,BRK-016,Daniel Keane,daniel.keane@elmwoodmarine.co.uk,30/12/2025,Active
CUS-11786,Silverbeck Cold Storage (UK) Ltd,TEM-51131-F,Agriculture,East of England,BRK-002,Omar Frost,omar.frost@silverbeckcold.co.uk,26/10/2022,Active
CUS-11787,Elmwood Padel Ltd,TEM-83602-D,Logistics,South East,BRK-027,Freya Sutton,freya.sutton@elmwoodpadel.co.uk,2022-03-18,Active
CUS-11788,Elmwood Care Limited,TEM-62829-G,Food & Drink,Midlands,BRK-031,Priya Sharpe,priya.sharpe@elmwoodcare.co.uk,2026-01-14,Lost
CUS-11789,Zetland Cinemas Ltd,TEM-84626-G,Manufacturing,Midlands,,Marcus Doyle,marcus.doyle@zetlandcinemas.co.uk,29/01/2023,Active
CUS-11790,Cranleigh Pharmacy Limited,TEM-15201-D,Leisure,South West,BRK-017,Daniel Voss,daniel.voss@cranleighpharm.co.uk,2024-05-17,Active
CUS-11791,Quayside Pharmacy Partners,TEM-12341-G,Agriculture,London,BRK-018,Oliver Okafor,oliver.okafor@quaysidepharma.co.uk,07/03/2023,Active
CUS-11792,Applegarth Motors Limited,TEM-29831-C,Retail,Yorkshire,BRK-008,Noel Wren,noel.wren@applegarthmoto.co.uk,29/07/2024,Lost
CUS-11793,Exmoor Aggregates,TEM-96083-D,Leisure,North West,BRK-008,Sarah Vance,sarah.vance@exmooraggregat.co.uk,2021-11-06,Active
CUS-11794,Marlow Engineering,TEM-35249-C,Agriculture,North East,BRK-015,Fatima Yates,fatima.yates@marlowengineer.co.uk,09/12/2023,Active
CUS-11795,Ivybridge Scaffolding Co,TEM-52693-D,Agriculture,South East,BRK-029,Daniel Sharpe,daniel.sharpe@ivybridgescaff.co.uk,2025-07-28,Active
CUS-11796,Saltmarsh Maltings (UK) Ltd,TEM-66143-B,Education,South West,BRK-033,Sarah Sutton,sarah.sutton@saltmarshmalti.co.uk,28/02/2022,Active
CUS-11797,Vantage Print Co,TEM-31427-C,Manufacturing,Scotland,BRK-025,Paula Okafor,paula.okafor@vantageprint.co.uk,09/08/2023,Lost
CUS-11798,Jarrow Bakehouse Group,TEM-83086-G,Retail,Yorkshire,BRK-035,Zara Lomax,zara.lomax@jarrowbakehous.co.uk,23/04/2022,Active
CUS-11799,Bluewater Coachworks & Sons,TEM-91121-B,Food & Drink,London,BRK-030,Callum Ellison,callum.ellison@bluewatercoach.co.uk,23/11/2021,Active
CUS-11800,Northgate Distillery Holdings,TEM-56009-C,Professional Services,North West,BRK-026,Sarah Ogden,sarah.ogden@northgatedisti.co.uk,23/04/2025,Lost
CUS-11801,Thackery Fabrications Ltd,TEM-95466-G,Hospitality,South East,BRK-005,Grace Hansen,grace.hansen@thackeryfabric.co.uk,2021-09-29,Active
CUS-11802,Saltmarsh Nurseries Partners,TEM-32448-A,Hospitality,Wales,BRK-008,Fatima Grady,fatima.grady@saltmarshnurse.co.uk,11/12/2025,Lost
CUS-11803,Garwood Milling (UK) Ltd,TEM-12231-F,Food & Drink,South West,BRK-030,Ryan Tate,ryan.tate@garwoodmilling.co.uk,21/12/2022,Active
CUS-11804,Lowther Print (UK) Ltd,TEM-23545-C,Food & Drink,South East,BRK-026,Jack Jennings,jack.jennings@lowtherprint.co.uk,2024-02-26,Active
CUS-11805,Whitethorn Farm Foods & Sons,TEM-18516-E,Education,Wales,BRK-032,Ryan Ogden,ryan.ogden@whitethornfarm.co.uk,15/01/2022,Active
CUS-11806,Lowther Motors,TEM-49123-A,Healthcare,Midlands,BRK-025,Craig Kaur,craig.kaur@lowthermotors.co.uk,2025-05-18,Active
CUS-11807,Pennine Care & Sons,TEM-54871-D,Leisure,North East,BRK-035,Tara Wren,tara.wren@penninecare.co.uk,2025-02-24,Active
CUS-11808,Umberside Timber Limited,TEM-83323-A,Hospitality,North East,BRK-002,Emily Voss,emily.voss@umbersidetimbe.co.uk,15/02/2024,Active
CUS-11809,Wrenfield Retail Group,TEM-62212-F,Hospitality,North East,BRK-027,Kirsty Quinn,kirsty.quinn@wrenfieldretai.co.uk,28/06/2022,Active
CUS-11810,Saltmarsh Gym Ltd,TEM-12154-F,Leisure,North West,BRK-011,Peter Sharpe,peter.sharpe@saltmarshgym.co.uk,2025-06-18,Active
CUS-11811,Cedar Precision (UK) Ltd,TEM-71324-D,Food & Drink,South West,BRK-031,Craig Quinn,craig.quinn@cedarprecision.co.uk,29/06/2022,Active
CUS-11812,Kestrel Bookbinders Co,TEM-58990-G,Retail,Scotland,BRK-003,Anita Kaur,anita.kaur@kestrelbookbin.co.uk,2022-07-13,Active
CUS-11813,Cranleigh Garden Ltd,TEM-67599-D,Hospitality,South East,BRK-031,Sanjay Patel,sanjay.patel@cranleighgarde.co.uk,2024-06-24,Lost
CUS-11814,Applegarth Print Ltd,TEM-71340-F,Agriculture,Wales,BRK-012,Freya Reid,freya.reid@applegarthprin.co.uk,05/01/2026,Dormant
CUS-11815,Atlas Timber Limited,TEM-44159-C,Manufacturing,North West,BRK-031,Aisha Chowdhury,aisha.chowdhury@atlastimber.co.uk,2022-09-01,Active
CUS-11816,Caldwell Fabrications Ltd,TEM-36470-F,Agriculture,South West,BRK-007,Iona Doyle,iona.doyle@caldwellfabric.co.uk,2023-03-31,Active
CUS-11817,Larkspur Glassworks,TEM-30694-F,Logistics,North West,BRK-033,Craig Patel,craig.patel@larkspurglassw.co.uk,15/08/2022,Active
CUS-11818,Garwood Gym Group,TEM-99110-C,Manufacturing,North East,BRK-030,Jack Underhill,jack.underhill@garwoodgym.co.uk,2024-07-04,Lost
CUS-11819,Larkspur Salvage Partners,TEM-47829-B,Hospitality,East of England,BRK-034,Dev Jennings,dev.jennings@larkspursalvag.co.uk,2022-07-28,Active
CUS-11820,Selworthy Restaurants,TEM-93400-E,Agriculture,London,BRK-001,Callum Kaur,callum.kaur@selworthyresta.co.uk,14/07/2024,Active
CUS-11821,Merrivale Timber Limited,TEM-67042-F,Education,Scotland,BRK-005,Sanjay Nairn,sanjay.nairn@merrivaletimbe.co.uk,06/12/2024,Active
CUS-11822,Pemberley Seafoods Holdings,TEM-18023-C,Food & Drink,North East,BRK-010,Stefan Bright,stefan.bright@pemberleyseafo.co.uk,17/05/2023,Active
CUS-11823,Quayside Farm Foods Limited,TEM-85075-F,Healthcare,Scotland,BRK-032,Ewan Voss,ewan.voss@quaysidefarmfo.co.uk,2022-11-08,Active
CUS-11824,Ravenscar Offices Group,TEM-93265-E,Leisure,Wales,BRK-034,Noel Vance,noel.vance@ravenscaroffic.co.uk,10/02/2026,Active
CUS-11825,Zephyr Recycling Co,TEM-78761-B,Manufacturing,South East,BRK-035,Rhys Brooke,rhys.brooke@zephyrrecyclin.co.uk,2026-02-08,Active
CUS-11826,Thackery Milling Holdings,TEM-52041-F,Professional Services,Midlands,,Nia Jennings,nia.jennings@thackerymillin.co.uk,25/06/2023,Lost
CUS-11827,Ullswater Salvage (UK) Ltd,TEM-10897-C,Hospitality,South East,BRK-013,Peter Sutton,peter.sutton@ullswatersalva.co.uk,12/08/2024,Active
CUS-11828,Quarrington Laundry Holdings,TEM-80702-E,Hospitality,North East,BRK-015,Paula Ferris,paula.ferris@quarringtonlau.co.uk,2026-01-05,Active
CUS-11829,Garwood Galvanising (UK) Ltd,TEM-85717-G,Hospitality,Wales,,Emily Ferris,emily.ferris@garwoodgalvani.co.uk,29/10/2023,Active
CUS-11830,Ullswater Salvage Co,TEM-25895-D,Education,East of England,BRK-001,Ewan Okafor,ewan.okafor@ullswatersalva.co.uk,01/05/2024,Active
CUS-11831,Orchard Salvage & Sons,TEM-98824-C,Healthcare,Wales,BRK-023,Tom Osei,tom.osei@orchardsalvage.co.uk,04/04/2024,Active
CUS-11832,Fernhill Care Holdings,TEM-83344-B,Professional Services,Wales,BRK-003,Rhys Marsh,rhys.marsh@fernhillcare.co.uk,14/02/2024,Active
CUS-11833,Yewtree Upholstery Ltd,TEM-49828-F,Leisure,East of England,BRK-025,Aisha Brooke,aisha.brooke@yewtreeupholst.co.uk,01/04/2024,Active
CUS-11834,Merrivale Chandlery,TEM-58307-A,Logistics,North East,BRK-027,Nia Chowdhury,nia.chowdhury@merrivalechand.co.uk,16/01/2022,Active
CUS-11835,Gilded Foundry (UK) Ltd,TEM-55034-C,Logistics,North West,BRK-011,Nia Ellison,nia.ellison@gildedfoundry.co.uk,04/11/2024,Active
CUS-11836,Eastbrook Chandlery Group,TEM-19027-E,Leisure,Midlands,BRK-004,Stefan Bright,stefan.bright@eastbrookchand.co.uk,01/10/2022,Lost
CUS-11837,Tanfield Laundry Co,TEM-52363-B,Agriculture,Scotland,BRK-019,Iona MacLeod,iona.macleod@tanfieldlaundr.co.uk,23/01/2024,Active
CUS-11838,Ashcombe Textiles Group,TEM-35498-C,Agriculture,North East,BRK-032,Emily Hansen,emily.hansen@ashcombetextil.co.uk,13/12/2021,Active
CUS-11839,Farrier Milling,TEM-64981-C,Food & Drink,Wales,BRK-022,Marcus Whitfield,marcus.whitfield@farriermilling.co.uk,2022-09-30,Lost
CUS-11840,Ullswater Coachworks Group,TEM-66329-B,Professional Services,South East,BRK-021,Noel Underhill,noel.underhill@ullswatercoach.co.uk,2024-02-20,Active
CUS-11841,Zetland Cinemas & Sons,TEM-53077-G,Logistics,North West,BRK-002,Paula Osei,paula.osei@zetlandcinemas.co.uk,2024-11-07,Active
CUS-11842,Lighthouse Laundry,TEM-16198-G,Leisure,Midlands,BRK-014,Megan Okafor,megan.okafor@lighthouselaun.co.uk,2024-07-28,Active
CUS-11843,Exmoor Farm Foods & Sons,TEM-62410-G,Manufacturing,London,BRK-020,Gareth Osei,gareth.osei@exmoorfarmfood.co.uk,2023-01-04,Active
CUS-11844,Quayside Timber Group,TEM-87083-B,Manufacturing,Scotland,BRK-017,Paula Brooke,paula.brooke@quaysidetimber.co.uk,2026-01-10,Lost
CUS-11845,Torque Tanning & Sons,TEM-21926-F,Professional Services,North West,,James Rowntree,james.rowntree@torquetanning.co.uk,2023-02-18,Active
CUS-11846,Orchard Ice Cream Co,TEM-13761-F,Manufacturing,Scotland,BRK-011,Peter Mercer,peter.mercer@orchardicecrea.co.uk,04/03/2024,Active
CUS-11847,Ashcombe Garden Co,TEM-44301-C,Professional Services,Scotland,BRK-005,Ben Sutton,ben.sutton@ashcombegarden.co.uk,31/07/2023,Lost
CUS-11848,Orchard Breweries,TEM-68537-A,Retail,Scotland,BRK-020,Lewis Iqbal,lewis.iqbal@orchardbreweri.co.uk,27/06/2022,Lost
CUS-11849,Wrenfield Seafoods Holdings,TEM-49645-F,Healthcare,Wales,BRK-030,Lucy Brooke,lucy.brooke@wrenfieldseafo.co.uk,2022-02-23,Active
CUS-11850,Exmoor Hotels Limited,TEM-21519-G,Professional Services,Wales,BRK-003,Ryan Patel,ryan.patel@exmoorhotels.co.uk,10/04/2022,Active
CUS-11851,Lighthouse Robotics Ltd,TEM-42963-B,Healthcare,East of England,BRK-023,Tom Marsh,tom.marsh@lighthouserobo.co.uk,15/11/2025,Active
CUS-11852,Verity Garden Group,TEM-32426-F,Education,Wales,BRK-033,Sanjay Osei,sanjay.osei@veritygarden.co.uk,2024-01-02,Active
CUS-11853,Cranleigh Ice Cream (UK) Ltd,TEM-60843-D,Manufacturing,Scotland,,Jack Mercer,jack.mercer@cranleighicecr.co.uk,19/12/2021,Active
CUS-11854,Cobalt Fabrications Partners,TEM-20680-B,Leisure,North East,BRK-034,Tara Jennings,tara.jennings@cobaltfabricat.co.uk,07/06/2024,Active
CUS-11855,Westcliff Offices (UK) Ltd,TEM-13489-B,Food & Drink,Yorkshire,BRK-015,Tom Brooke,tom.brooke@westcliffoffic.co.uk,2025-06-07,Active
CUS-11856,Marlow Coachworks Ltd,TEM-44386-D,Agriculture,South East,BRK-031,Craig Keane,craig.keane@marlowcoachwor.co.uk,31/07/2025,Active
CUS-11857,Hollybush Motors Ltd,TEM-39701-C,Leisure,North West,BRK-009,Kirsty Ogden,kirsty.ogden@hollybushmotor.co.uk,13/03/2023,Lost
CUS-11858,Lighthouse Offices Holdings,TEM-81861-F,Leisure,Midlands,BRK-001,Aisha Pryce,aisha.pryce@lighthouseoffi.co.uk,2022-09-08,Active
CUS-11859,Foxglove Marine (UK) Ltd,TEM-93744-D,Hospitality,South West,BRK-024,Marcus Reid,marcus.reid@foxglovemarine.co.uk,2025-07-08,Active
CUS-11860,Lighthouse Textiles Holdings,TEM-32542-F,Agriculture,North East,BRK-006,Fatima Voss,fatima.voss@lighthousetext.co.uk,2023-04-01,Active
CUS-11861,Birchmoor Leisure Co,TEM-11400-A,Leisure,Scotland,,Anita Mercer,anita.mercer@birchmoorleisu.co.uk,19/08/2023,Active
CUS-11862,Kingsmead Aggregates Partners,TEM-99079-C,Logistics,East of England,BRK-007,Kirsty Ferris,kirsty.ferris@kingsmeadaggre.co.uk,2024-08-28,Active
CUS-11863,Quayside Cold Storage Co,TEM-21474-G,Logistics,North West,BRK-035,Ryan Pryce,ryan.pryce@quaysidecoldst.co.uk,18/10/2023,Lost
CUS-11864,Tredegar Data Rooms Group,TEM-25595-A,Food & Drink,East of England,BRK-014,Daniel Bright,daniel.bright@tredegardataro.co.uk,07/06/2024,Lost
CUS-11865,Jarrow Seafoods Ltd,TEM-22679-G,Logistics,Wales,BRK-032,Chloe Reid,chloe.reid@jarrowseafoods.co.uk,21/10/2023,Active
CUS-11866,Kingsmead Foundry (UK) Ltd,TEM-66354-F,Food & Drink,North West,BRK-002,Fatima Kaur,fatima.kaur@kingsmeadfound.co.uk,09/09/2022,Active
CUS-11867,Padstow Laundry Ltd,TEM-44601-D,Food & Drink,North East,BRK-003,Iona Whitfield,iona.whitfield@padstowlaundry.co.uk,2025-01-13,Lost
CUS-11868,Hollybush Foundry Group,TEM-63472-F,Education,North East,BRK-014,Craig Frost,craig.frost@hollybushfound.co.uk,2024-04-13,Active
CUS-11869,Maplin Catering Holdings,TEM-59626-C,Retail,East of England,,Sanjay Ellison,sanjay.ellison@maplincatering.co.uk,21/08/2025,Dormant
CUS-11870,Padstow Offices Limited,TEM-88127-D,Leisure,North East,,Ewan Quinn,ewan.quinn@padstowoffices.co.uk,2024-03-10,Active
CUS-11871,Farrier Upholstery Ltd,TEM-76954-F,Healthcare,Wales,BRK-013,Fatima Nowak,fatima.nowak@farrierupholst.co.uk,2021-11-17,Active
CUS-11872,Ottershaw Care & Sons,TEM-57585-B,Food & Drink,South West,BRK-017,Oliver Hansen,oliver.hansen@ottershawcare.co.uk,2025-10-06,Active
CUS-11873,Wrenfield Aggregates Partners,TEM-94828-C,Food & Drink,North East,BRK-019,James Nairn,james.nairn@wrenfieldaggre.co.uk,19/05/2023,Lost
CUS-11874,Ullswater Maltings Ltd,TEM-12612-F,Logistics,South West,,Iona Marsh,iona.marsh@ullswatermalti.co.uk,23/11/2025,Active
CUS-11875,Summerton Joinery Ltd,TEM-28503-F,Logistics,East of England,BRK-029,Peter Mercer,peter.mercer@summertonjoine.co.uk,17/07/2024,Active
CUS-11876,Ravenscar Logistics Ltd,TEM-43196-B,Education,Wales,BRK-011,Stefan Grady,stefan.grady@ravenscarlogis.co.uk,20/01/2022,Active
CUS-11877,Foxglove Veterinary Partners,TEM-61034-C,Education,Midlands,BRK-017,Oliver Ellison,oliver.ellison@foxgloveveteri.co.uk,2024-10-22,Active
CUS-11878,Atlas Padel & Sons,TEM-76424-D,Education,Scotland,BRK-033,Peter Sharpe,peter.sharpe@atlaspadel.co.uk,2023-12-18,Active
CUS-11879,Farrier Bookbinders Holdings,TEM-55141-G,Agriculture,Scotland,BRK-002,Oliver Doyle,oliver.doyle@farrierbookbin.co.uk,2024-06-21,Active
CUS-11880,Gilded Garden Group,TEM-36673-G,Healthcare,London,,Marcus Lomax,marcus.lomax@gildedgarden.co.uk,2022-12-23,Active
CUS-11881,Zephyr Studios (UK) Ltd,TEM-76267-A,Hospitality,North East,BRK-022,Rhys Whitfield,rhys.whitfield@zephyrstudios.co.uk,05/11/2025,Active
CUS-11882,Kelbrook Ice Cream Co,TEM-79283-A,Education,London,BRK-011,Megan Doyle,megan.doyle@kelbrookicecre.co.uk,11/08/2022,Active
CUS-11883,Cobalt Laundry Ltd,TEM-91381-F,Healthcare,South East,BRK-007,Sanjay MacLeod,sanjay.macleod@cobaltlaundry.co.uk,2023-10-26,Active
CUS-11884,Verity Print & Sons,TEM-71001-A,Retail,London,BRK-010,Freya Iqbal,freya.iqbal@verityprint.co.uk,2022-03-29,Active
CUS-11885,Pemberley Bakehouse Partners,TEM-98057-E,Professional Services,North East,,Callum Sharpe,callum.sharpe@pemberleybakeh.co.uk,29/09/2022,Active
CUS-11886,Millpond Cinemas Limited,TEM-53567-F,Food & Drink,Midlands,BRK-016,Lucy Nowak,lucy.nowak@millpondcinema.co.uk,2024-11-30,Active
CUS-11887,Verity Robotics Co,TEM-87650-E,Agriculture,South East,BRK-026,Noel Nairn,noel.nairn@verityrobotics.co.uk,29/11/2025,Active
CUS-11888,Stanhope Joinery (UK) Ltd,TEM-15941-D,Manufacturing,North East,,Callum Kaur,callum.kaur@stanhopejoiner.co.uk,08/04/2024,Active
CUS-11889,Ellerton Schools Partners,TEM-53726-E,Professional Services,Wales,BRK-027,Holly Iqbal,holly.iqbal@ellertonschool.co.uk,04/12/2022,Active
CUS-11890,Ravenscar Seafoods Limited,TEM-71701-E,Hospitality,South West,BRK-001,Daniel Kaur,daniel.kaur@ravenscarseafo.co.uk,29/12/2024,Active
CUS-11891,Saltmarsh Dairy Group,TEM-46830-D,Logistics,London,BRK-002,Oliver Wren,oliver.wren@saltmarshdairy.co.uk,2025-06-25,Active
CUS-11892,Tanfield Gym Partners,TEM-11664-A,Education,Yorkshire,,Rhys Mercer,rhys.mercer@tanfieldgym.co.uk,04/06/2023,Active
CUS-11893,Maplin Motors & Sons,TEM-37130-F,Healthcare,East of England,BRK-024,Freya Sharpe,freya.sharpe@maplinmotors.co.uk,2024-10-18,Active
CUS-11894,Hatherley Optics Partners,TEM-10395-C,Leisure,North West,BRK-005,Nadia Doyle,nadia.doyle@hatherleyoptic.co.uk,23/07/2025,Active
CUS-11895,Redwing Kennels Partners,TEM-60061-D,Professional Services,South West,BRK-018,Chloe Tate,chloe.tate@redwingkennels.co.uk,27/03/2023,Active
CUS-11896,Oakhurst Salvage Holdings,TEM-46707-F,Retail,North East,BRK-007,Rhys Okafor,rhys.okafor@oakhurstsalvag.co.uk,2024-02-14,Active
CUS-11897,Quayside Data Rooms & Sons,TEM-56184-B,Healthcare,South West,BRK-035,Peter Tate,peter.tate@quaysidedataro.co.uk,25/05/2023,Active
CUS-11898,Cobalt Robotics,TEM-82421-F,Healthcare,London,BRK-028,Aisha Quinn,aisha.quinn@cobaltrobotics.co.uk,09/03/2025,Active
CUS-11899,Ingleby Packaging Partners,TEM-90621-B,Logistics,Midlands,BRK-015,Ryan Ogden,ryan.ogden@inglebypackagi.co.uk,2022-05-11,Active
CUS-11900,Bramble Coachworks Co,TEM-27158-A,Manufacturing,North West,,Ryan Hansen,ryan.hansen@bramblecoachwo.co.uk,2024-07-31,Active
CUS-11901,Rosedale Foundry Limited,TEM-78863-F,Leisure,South West,BRK-025,Peter Frost,peter.frost@rosedalefoundr.co.uk,2025-03-26,Lost
CUS-11902,Kelbrook Dairy Group,TEM-72468-C,Food & Drink,Scotland,BRK-005,Noel Whitfield,noel.whitfield@kelbrookdairy.co.uk,24/12/2023,Active
CUS-11903,Westcliff Engineering Ltd,TEM-30073-A,Agriculture,North East,BRK-010,Amber Voss,amber.voss@westcliffengin.co.uk,12/01/2025,Lost
CUS-11904,Ivybridge Veterinary Partners,TEM-51832-G,Logistics,Yorkshire,BRK-029,Nia Vance,nia.vance@ivybridgeveter.co.uk,09/11/2024,Active
CUS-11905,Hollybush Kennels,TEM-60082-F,Agriculture,East of England,BRK-001,Anita Ferris,anita.ferris@hollybushkenne.co.uk,2023-02-03,Active
CUS-11906,Silverbeck Retail Holdings,TEM-44188-G,Professional Services,Midlands,BRK-016,Stefan Pryce,stefan.pryce@silverbeckreta.co.uk,2025-03-04,Active
CUS-11907,Vantage Nurseries Group,TEM-55069-B,Education,London,BRK-033,Amber Patel,amber.patel@vantagenurseri.co.uk,2022-03-06,Active
CUS-11908,Padstow Bakehouse,TEM-36328-A,Leisure,Wales,BRK-011,Freya Lomax,freya.lomax@padstowbakehou.co.uk,2022-07-30,Active
CUS-11909,Nettlebed Joinery Co,TEM-59575-C,Retail,Yorkshire,BRK-008,Lewis Voss,lewis.voss@nettlebedjoine.co.uk,2025-08-01,Active
CUS-11910,Tanfield Studios,TEM-46930-F,Hospitality,South West,BRK-025,Amber Wren,amber.wren@tanfieldstudio.co.uk,2022-08-04,Active
CUS-11911,Zetland Timber (UK) Ltd,TEM-95776-F,Manufacturing,Scotland,BRK-021,Lucy Chowdhury,lucy.chowdhury@zetlandtimber.co.uk,2022-10-14,Active
CUS-11912,Saltmarsh Optics Group,TEM-82019-E,Leisure,South East,BRK-015,Sarah Okafor,sarah.okafor@saltmarshoptic.co.uk,2021-12-07,Active
CUS-11913,Torque Restaurants,TEM-38037-G,Education,Wales,,Gareth Okafor,gareth.okafor@torquerestaura.co.uk,2022-11-17,Active
CUS-11914,Orchard Kennels Limited,TEM-50778-A,Leisure,East of England,BRK-025,Marcus Ellison,marcus.ellison@orchardkennels.co.uk,2024-11-10,Active
CUS-11915,Vantage Joinery Ltd,TEM-73057-F,Retail,Yorkshire,BRK-011,Tara Quinn,tara.quinn@vantagejoinery.co.uk,2025-08-14,Active
CUS-11916,Silverbeck Tanning & Sons,TEM-11681-E,Leisure,North West,BRK-006,Dev Reid,dev.reid@silverbecktann.co.uk,2021-10-09,Lost
CUS-11917,Summerton Garden,TEM-32432-C,Hospitality,Scotland,BRK-018,Daniel Sharpe,daniel.sharpe@summertongarde.co.uk,2023-06-05,Lost
CUS-11918,Ingleby Veterinary Ltd,TEM-88039-G,Retail,South East,BRK-017,Tara Vance,tara.vance@inglebyveterin.co.uk,30/09/2024,Active
CUS-11919,Birchmoor Laundry (UK) Ltd,TEM-51906-E,Agriculture,Midlands,BRK-011,Fatima Hale,fatima.hale@birchmoorlaund.co.uk,03/11/2025,Lost
CUS-11920,Vantage Nurseries & Sons,TEM-45958-C,Agriculture,Wales,BRK-033,Marcus Rowntree,marcus.rowntree@vantagenurseri.co.uk,2023-08-31,Lost
CUS-11921,Zetland Forge Ltd,TEM-45921-E,Manufacturing,Midlands,BRK-029,Stefan Hale,stefan.hale@zetlandforge.co.uk,17/05/2023,Active
CUS-11922,Kestrel Aquatics Ltd,TEM-67076-C,Logistics,London,BRK-009,Fatima Nowak,fatima.nowak@kestrelaquatic.co.uk,29/01/2024,Active
CUS-11923,Larkspur Galvanising Partners,TEM-41994-D,Education,Wales,BRK-028,Lewis Whitfield,lewis.whitfield@larkspurgalvan.co.uk,18/07/2024,Active
CUS-11924,Elmwood Hotels & Sons,TEM-97097-A,Professional Services,East of England,,Iona Ellison,iona.ellison@elmwoodhotels.co.uk,14/06/2024,Active
CUS-11925,Hatherley Joinery Limited,TEM-22923-A,Retail,North East,BRK-025,Sanjay Marsh,sanjay.marsh@hatherleyjoine.co.uk,2021-10-28,Active
CUS-11926,Zetland Gym Ltd,TEM-83404-E,Agriculture,London,BRK-012,Ben Wren,ben.wren@zetlandgym.co.uk,28/08/2022,Active
CUS-11927,Pemberley Coachworks,TEM-38201-D,Professional Services,Midlands,BRK-022,Ryan Grady,ryan.grady@pemberleycoach.co.uk,2022-07-31,Active
CUS-11928,Ravenscar Cinemas Holdings,TEM-94104-F,Education,North West,BRK-026,Ryan Jennings,ryan.jennings@ravenscarcinem.co.uk,14/07/2025,Lost
CUS-11929,Bluewater Packaging Co,TEM-48969-A,Agriculture,South East,BRK-003,Rhys Rowntree,rhys.rowntree@bluewaterpacka.co.uk,08/07/2025,Active
CUS-11930,Langmere Studios (UK) Ltd,TEM-14410-D,Professional Services,East of England,BRK-019,Nia Vance,nia.vance@langmerestudio.co.uk,2021-10-22,Lost
CUS-11931,Ivybridge Catering,TEM-48572-G,Retail,South West,BRK-005,Oliver Pryce,oliver.pryce@ivybridgecater.co.uk,27/04/2023,Active
CUS-11932,Hollybush Ice Cream Co,TEM-84480-D,Food & Drink,South East,BRK-003,Ben Kaur,ben.kaur@hollybushicecr.co.uk,09/04/2025,Lost
CUS-11933,Denholm Logistics Ltd,TEM-43633-F,Retail,London,BRK-001,Tom Lomax,tom.lomax@denholmlogisti.co.uk,2024-01-26,Active
CUS-11934,Saltmarsh Offices (UK) Ltd,TEM-69235-C,Logistics,East of England,BRK-034,Oliver Underhill,oliver.underhill@saltmarshoffic.co.uk,15/08/2025,Active
CUS-11935,Torque Cold Storage Co,TEM-41680-C,Healthcare,London,,Freya Osei,freya.osei@torquecoldstor.co.uk,2024-12-06,Lost
CUS-11936,Maplin Foundry Partners,TEM-59595-C,Retail,East of England,BRK-027,Anita Nairn,anita.nairn@maplinfoundry.co.uk,2025-02-26,Active
CUS-11937,Thackery Maltings Group,TEM-86949-D,Leisure,South West,BRK-019,Stefan Vance,stefan.vance@thackerymaltin.co.uk,2023-10-04,Active
CUS-11938,Marlow Ice Cream Holdings,TEM-81174-C,Healthcare,South West,BRK-026,Lewis Doyle,lewis.doyle@marlowicecream.co.uk,04/01/2025,Active
CUS-11939,Tredegar Maltings Co,TEM-93422-G,Food & Drink,Scotland,BRK-018,Emily Okafor,emily.okafor@tredegarmaltin.co.uk,2022-08-02,Active
CUS-11940,Violetta Cinemas Limited,TEM-89434-A,Logistics,North East,BRK-008,Priya Patel,priya.patel@violettacinema.co.uk,2023-03-08,Active
CUS-11941,Ullswater Coachworks Limited,TEM-40019-E,Professional Services,London,BRK-029,Ryan Nairn,ryan.nairn@ullswatercoach.co.uk,24/01/2023,Lost
CUS-11942,Hatherley Schools Co,TEM-76465-C,Leisure,Yorkshire,BRK-017,Priya Grady,priya.grady@hatherleyschoo.co.uk,2024-08-22,Active
CUS-11943,Redwing Aggregates Ltd,TEM-98434-D,Retail,South East,BRK-021,Daniel Rowntree,daniel.rowntree@redwingaggrega.co.uk,2025-03-04,Active
CUS-11944,Cedar Pharmacy Co,TEM-33568-A,Retail,London,BRK-006,Peter Mercer,peter.mercer@cedarpharmacy.co.uk,18/02/2024,Active
CUS-11945,Selworthy Dairy,TEM-46106-D,Leisure,South East,BRK-003,Ben Grady,ben.grady@selworthydairy.co.uk,24/11/2024,Active
CUS-11946,Thackery Care Limited,TEM-50629-E,Leisure,North West,BRK-005,Nadia Okafor,nadia.okafor@thackerycare.co.uk,2025-10-27,Active
CUS-11947,Nettlebed Care Ltd,TEM-55420-E,Food & Drink,London,BRK-022,Lewis MacLeod,lewis.macleod@nettlebedcare.co.uk,2022-06-08,Active
CUS-11948,Marlow Joinery & Sons,TEM-40262-C,Agriculture,North West,BRK-030,Tom Brooke,tom.brooke@marlowjoinery.co.uk,15/09/2022,Active
CUS-11949,Saltmarsh Milling Limited,TEM-72013-E,Agriculture,North West,BRK-005,Lucy Hale,lucy.hale@saltmarshmilli.co.uk,31/01/2024,Active
CUS-11950,Applegarth Maltings Group,TEM-77533-F,Retail,Scotland,BRK-033,Sanjay Lomax,sanjay.lomax@applegarthmalt.co.uk,2025-07-23,Active
CUS-11951,Ivybridge Optics Partners,TEM-31623-D,Hospitality,East of England,BRK-003,Dev Vance,dev.vance@ivybridgeoptic.co.uk,02/07/2022,Active
CUS-11952,Norbury Garden Ltd,TEM-52888-B,Food & Drink,Yorkshire,BRK-031,Grace Okafor,grace.okafor@norburygarden.co.uk,2024-11-20,Active
CUS-11953,Norbury Aquatics Partners,TEM-41257-F,Logistics,London,BRK-015,Nia Vance,nia.vance@norburyaquatic.co.uk,2025-04-28,Active
CUS-11954,Bexley Dairy Limited,TEM-21821-G,Professional Services,North East,,Tara Nairn,tara.nairn@bexleydairy.co.uk,28/10/2022,Active
CUS-11955,Garwood Offices (UK) Ltd,TEM-83355-E,Manufacturing,Midlands,BRK-002,Nadia Bright,nadia.bright@garwoodoffices.co.uk,30/07/2023,Active
CUS-11956,Nettlebed Veterinary (UK) Ltd,TEM-48050-A,Manufacturing,North West,BRK-019,Omar Vance,omar.vance@nettlebedveter.co.uk,24/01/2022,Active
CUS-11957,Tanfield Marine Limited,TEM-88950-F,Healthcare,Wales,BRK-002,Ewan Hansen,ewan.hansen@tanfieldmarine.co.uk,2023-01-20,Active
CUS-11958,Ellerton Robotics Limited,TEM-30735-B,Healthcare,North West,BRK-028,Noel Grady,noel.grady@ellertonroboti.co.uk,07/10/2021,Active
CUS-11959,Quayside Farm Foods,TEM-18109-G,Agriculture,North West,BRK-029,James Vance,james.vance@quaysidefarmfo.co.uk,28/12/2023,Active
CUS-11960,Quayside Joinery Ltd,TEM-56822-B,Leisure,Scotland,BRK-012,Kirsty Brooke,kirsty.brooke@quaysidejoiner.co.uk,2023-03-04,Lost
CUS-11961,Padstow Plastics Co,TEM-10193-F,Retail,London,BRK-030,Omar Keane,omar.keane@padstowplastic.co.uk,26/11/2023,Active
CUS-11962,Ravenscar Precision Partners,TEM-56077-C,Retail,London,BRK-010,Dev Okafor,dev.okafor@ravenscarpreci.co.uk,2022-11-25,Active
CUS-11963,Ullswater Restaurants Limited,TEM-10010-A,Food & Drink,South East,BRK-002,Marcus Okafor,marcus.okafor@ullswaterresta.co.uk,2023-01-11,Active
CUS-11964,Atlas Nurseries Ltd,TEM-99395-D,Leisure,South West,,James Quinn,james.quinn@atlasnurseries.co.uk,28/06/2025,Active
CUS-11965,Gilded Timber Ltd,TEM-98154-F,Agriculture,Midlands,,Nadia Doyle,nadia.doyle@gildedtimber.co.uk,2025-09-15,Active
CUS-11966,Padstow Ice Cream & Sons,TEM-18292-B,Logistics,Wales,BRK-035,Tara Ellison,tara.ellison@padstowicecrea.co.uk,28/10/2025,Active
CUS-11967,Marlow Retail Partners,TEM-20539-B,Agriculture,South West,BRK-031,Tom Whitfield,tom.whitfield@marlowretail.co.uk,2023-07-27,Active
CUS-11968,Ivybridge Care,TEM-28964-G,Manufacturing,Midlands,BRK-012,Lucy Voss,lucy.voss@ivybridgecare.co.uk,2025-12-05,Active
CUS-11969,Saltmarsh Cold Storage Group,TEM-57938-D,Agriculture,Yorkshire,BRK-030,Iona Yates,iona.yates@saltmarshcolds.co.uk,2025-01-18,Active
CUS-11970,Ironbridge Retail (UK) Ltd,TEM-35960-F,Professional Services,North East,,Jack Whitfield,jack.whitfield@ironbridgereta.co.uk,2022-01-12,Active
CUS-11971,Torque Padel & Sons,TEM-60381-E,Professional Services,South West,BRK-020,Tara Brooke,tara.brooke@torquepadel.co.uk,2024-12-20,Active
CUS-11972,Denholm Forge Partners,TEM-86260-D,Leisure,North West,BRK-001,Sanjay Marsh,sanjay.marsh@denholmforge.co.uk,2024-01-01,Active
CUS-11973,Harborne Hotels Limited,TEM-26020-G,Healthcare,South East,BRK-015,Anita Yates,anita.yates@harbornehotels.co.uk,2022-06-15,Active
CUS-11974,Ottershaw Hotels & Sons,TEM-92203-F,Logistics,London,,Tara Frost,tara.frost@ottershawhotel.co.uk,02/07/2022,Active
CUS-11975,Lighthouse Gym Ltd,TEM-87705-G,Food & Drink,Wales,BRK-011,Megan Grady,megan.grady@lighthousegym.co.uk,28/06/2025,Active
CUS-11976,Birchmoor Nurseries & Sons,TEM-46669-C,Leisure,East of England,BRK-028,Zara Sutton,zara.sutton@birchmoornurse.co.uk,2021-09-29,Active
CUS-11977,Hatherley Marine Ltd,TEM-78479-G,Agriculture,North West,BRK-007,Megan Chowdhury,megan.chowdhury@hatherleymarin.co.uk,2023-05-12,Dormant
CUS-11978,Quenington Cinemas (UK) Ltd,TEM-50272-D,Agriculture,London,BRK-023,Omar Doyle,omar.doyle@queningtoncine.co.uk,12/05/2023,Active
CUS-11979,Birchmoor Fabrications Holdings,TEM-68142-E,Professional Services,Yorkshire,BRK-020,Ryan Pryce,ryan.pryce@birchmoorfabri.co.uk,2025-12-04,Dormant
CUS-11980,Ironbridge Offices & Sons,TEM-91195-B,Education,North West,BRK-007,Tara Ferris,tara.ferris@ironbridgeoffi.co.uk,2024-04-21,Active
CUS-11981,Cobalt Hotels & Sons,TEM-98538-G,Education,North West,BRK-033,Stefan Frost,stefan.frost@cobalthotels.co.uk,20/10/2025,Lost
CUS-11982,Tanfield Galvanising Partners,TEM-28004-D,Manufacturing,North West,BRK-006,Chloe Hansen,chloe.hansen@tanfieldgalvan.co.uk,10/08/2025,Active
CUS-11983,Marlow Foundry & Sons,TEM-59573-B,Education,South West,BRK-017,Chloe Mercer,chloe.mercer@marlowfoundry.co.uk,2024-11-28,Active
CUS-11984,Applegarth Farm Foods Holdings,TEM-84125-D,Hospitality,Wales,BRK-005,Tom Brooke,tom.brooke@applegarthfarm.co.uk,18/11/2024,Active
CUS-11985,Bexley Galvanising Ltd,TEM-86911-F,Healthcare,London,BRK-024,Ben Pryce,ben.pryce@bexleygalvanis.co.uk,14/10/2021,Lost
CUS-11986,Cobalt Fabrications Limited,TEM-56907-F,Leisure,South West,BRK-034,Chloe Bright,chloe.bright@cobaltfabricat.co.uk,2023-04-23,Active
CUS-11987,Oakhurst Fabrications & Sons,TEM-95358-A,Retail,East of England,BRK-014,Craig Reid,craig.reid@oakhurstfabric.co.uk,2025-09-08,Active
CUS-11988,Yarrow Joinery Ltd,TEM-30822-C,Logistics,South West,BRK-026,Kirsty Rowntree,kirsty.rowntree@yarrowjoinery.co.uk,24/08/2025,Active
CUS-11989,Vantage Motors Holdings,TEM-63851-G,Healthcare,Wales,BRK-018,Daniel Quinn,daniel.quinn@vantagemotors.co.uk,07/03/2024,Active
CUS-11990,Ivybridge Pharmacy,TEM-38245-F,Leisure,East of England,BRK-029,Oliver Mercer,oliver.mercer@ivybridgepharm.co.uk,2026-01-01,Active
CUS-11991,Thackery Farm Foods,TEM-20399-E,Professional Services,North West,BRK-010,Craig Hale,craig.hale@thackeryfarmfo.co.uk,07/01/2026,Active
CUS-11992,Quarrington Recycling Ltd,TEM-69213-E,Manufacturing,Wales,BRK-015,Craig Ellison,craig.ellison@quarringtonrec.co.uk,25/11/2023,Active
CUS-11993,Kestrel Bakehouse (UK) Ltd,TEM-46442-D,Logistics,Wales,BRK-026,Sarah Patel,sarah.patel@kestrelbakehou.co.uk,18/10/2021,Active
CUS-11994,Denholm Restaurants (UK) Ltd,TEM-20126-G,Leisure,South West,BRK-008,Priya Chowdhury,priya.chowdhury@denholmrestaur.co.uk,2024-04-19,Active
CUS-11995,Caldwell Ice Cream Group,TEM-97396-B,Hospitality,North East,BRK-021,Freya Tate,freya.tate@caldwellicecre.co.uk,2022-11-18,Active
CUS-11996,Garwood Seafoods Limited,TEM-75793-E,Logistics,Scotland,BRK-022,Callum Patel,callum.patel@garwoodseafood.co.uk,02/02/2025,Lost
CUS-11997,Cobalt Maltings,TEM-81547-C,Education,Midlands,BRK-033,Amber Hale,amber.hale@cobaltmaltings.co.uk,16/02/2022,Lost
CUS-11998,Selworthy Tanning Partners,TEM-85643-B,Healthcare,Midlands,BRK-012,Priya Nairn,priya.nairn@selworthytanni.co.uk,2024-03-10,Active
CUS-11999,Thackery Precision Group,TEM-53009-B,Healthcare,North West,BRK-017,Jack Rowntree,jack.rowntree@thackeryprecis.co.uk,24/10/2024,Active
CUS-12000,Norbury Gym Limited,TEM-46335-G,Food & Drink,North East,,Peter Lomax,peter.lomax@norburygym.co.uk,2022-08-30,Active
CUS-12001,Maplin Breweries Co,TEM-58702-B,Leisure,Scotland,BRK-032,Ryan Mercer,ryan.mercer@maplinbrewerie.co.uk,30/03/2023,Active
CUS-12002,Summerton Padel Limited,TEM-59352-B,Manufacturing,Midlands,BRK-016,Craig Ferris,craig.ferris@summertonpadel.co.uk,23/04/2022,Active
CUS-12003,Kestrel Veterinary Ltd,TEM-38997-F,Manufacturing,Midlands,BRK-030,Craig Frost,craig.frost@kestrelveterin.co.uk,2023-08-13,Lost
CUS-12004,Hollybush Robotics (UK) Ltd,TEM-40572-C,Leisure,Yorkshire,BRK-020,Gareth Tate,gareth.tate@hollybushrobot.co.uk,17/02/2023,Active
CUS-12005,Silverbeck Farm Foods Limited,TEM-49266-C,Food & Drink,South West,BRK-003,Jack Nowak,jack.nowak@silverbeckfarm.co.uk,2021-10-20,Active
CUS-12006,Vantage Plastics Co,TEM-14945-B,Hospitality,Yorkshire,BRK-029,Ben Jennings,ben.jennings@vantageplastic.co.uk,22/08/2023,Active
CUS-12007,Torque Ice Cream Holdings,TEM-94843-D,Food & Drink,South East,,Paula Yates,paula.yates@torqueicecream.co.uk,28/08/2024,Active
CUS-12008,Selworthy Distillery (UK) Ltd,TEM-87323-B,Leisure,Yorkshire,BRK-011,Zara Okafor,zara.okafor@selworthydisti.co.uk,25/01/2024,Active
CUS-12009,Farrier Print Limited,TEM-80255-E,Manufacturing,Wales,BRK-032,Sanjay Underhill,sanjay.underhill@farrierprint.co.uk,2022-03-04,Lost
CUS-12010,Cedar Gym & Sons,TEM-44752-G,Agriculture,London,BRK-007,Freya Bright,freya.bright@cedargym.co.uk,2025-07-13,Active
CUS-12011,Ironbridge Logistics Limited,TEM-96123-G,Food & Drink,Scotland,BRK-019,Amber Kaur,amber.kaur@ironbridgelogi.co.uk,15/12/2022,Active
CUS-12012,Langmere Scaffolding Ltd,TEM-13995-C,Manufacturing,South West,BRK-035,Omar Yates,omar.yates@langmerescaffo.co.uk,2026-01-13,Active
CUS-12013,Bexley Cold Storage Partners,TEM-72853-F,Manufacturing,North East,BRK-011,Ben Ferris,ben.ferris@bexleycoldstor.co.uk,2023-02-10,Dormant
CUS-12014,Tanfield Timber,TEM-32293-B,Retail,Midlands,,Tara Whitfield,tara.whitfield@tanfieldtimber.co.uk,27/12/2025,Active
CUS-12015,Selworthy Bookbinders Co,TEM-16117-F,Food & Drink,Wales,BRK-023,Fatima Lomax,fatima.lomax@selworthybookb.co.uk,24/11/2023,Active
CUS-12016,Exmoor Offices (UK) Ltd,TEM-35103-C,Manufacturing,East of England,BRK-019,Sanjay Frost,sanjay.frost@exmooroffices.co.uk,2024-10-31,Active
CUS-12017,Eastbrook Retail Co,TEM-92801-G,Agriculture,North East,BRK-023,Emily Chowdhury,emily.chowdhury@eastbrookretai.co.uk,2025-10-14,Active
CUS-12018,Kestrel Nurseries Ltd,TEM-68568-B,Retail,North West,BRK-020,Holly Osei,holly.osei@kestrelnurseri.co.uk,2021-12-03,Active
CUS-12019,Zetland Marine Co,TEM-26353-E,Professional Services,Scotland,BRK-017,Gareth Quinn,gareth.quinn@zetlandmarine.co.uk,2022-03-26,Dormant
CUS-12020,Ottershaw Bakehouse (UK) Ltd,TEM-59667-B,Logistics,Scotland,BRK-034,Stefan Vance,stefan.vance@ottershawbakeh.co.uk,15/12/2024,Active
CUS-12021,Millpond Timber (UK) Ltd,TEM-79423-G,Logistics,South West,BRK-020,Stefan Tate,stefan.tate@millpondtimber.co.uk,26/07/2025,Active
CUS-12022,Yarrow Galvanising & Sons,TEM-21446-A,Manufacturing,Yorkshire,BRK-029,Ryan Mercer,ryan.mercer@yarrowgalvanis.co.uk,17/03/2025,Active
CUS-12023,Cranleigh Marine Ltd,TEM-95956-E,Agriculture,South West,BRK-022,Noel Mercer,noel.mercer@cranleighmarin.co.uk,2025-11-22,Active
CUS-12024,Cedar Optics Co,TEM-33380-G,Logistics,London,BRK-014,Fatima Sharpe,fatima.sharpe@cedaroptics.co.uk,2023-06-23,Active
CUS-12025,Lighthouse Restaurants (UK) Ltd,TEM-94874-G,Manufacturing,Yorkshire,BRK-026,Oliver Ellison,oliver.ellison@lighthouserest.co.uk,04/04/2023,Active
CUS-12026,Larkspur Restaurants & Sons,TEM-86895-B,Food & Drink,Yorkshire,,Ben Nairn,ben.nairn@larkspurrestau.co.uk,17/08/2022,Lost
CUS-12027,Marlow Leisure & Sons,TEM-28778-G,Agriculture,Yorkshire,BRK-023,Lucy Brooke,lucy.brooke@marlowleisure.co.uk,05/11/2022,Active
CUS-12028,Thackery Pharmacy (UK) Ltd,TEM-54097-A,Manufacturing,North East,BRK-013,Peter Frost,peter.frost@thackerypharma.co.uk,2023-04-01,Active
CUS-12029,Wrenfield Aquatics Group,TEM-57768-E,Logistics,North East,BRK-022,Nia Doyle,nia.doyle@wrenfieldaquat.co.uk,21/03/2025,Active
CUS-12030,Cedar Galvanising & Sons,TEM-48692-E,Retail,South East,BRK-001,Freya Lomax,freya.lomax@cedargalvanisi.co.uk,2022-05-29,Active
CUS-12031,Garwood Galvanising Holdings,TEM-30055-F,Food & Drink,South East,BRK-014,Ryan Patel,ryan.patel@garwoodgalvani.co.uk,2025-04-08,Active
CUS-12032,Quenington Cinemas Holdings,TEM-28951-D,Education,Wales,BRK-014,Tom Voss,tom.voss@queningtoncine.co.uk,10/01/2023,Active
CUS-12033,Quenington Print & Sons,TEM-33356-F,Food & Drink,Wales,BRK-005,Fatima Jennings,fatima.jennings@queningtonprin.co.uk,09/12/2021,Active
CUS-12034,Zephyr Coachworks (UK) Ltd,TEM-94749-D,Retail,Scotland,BRK-014,Kirsty Keane,kirsty.keane@zephyrcoachwor.co.uk,2023-02-28,Active
CUS-12035,Hatherley Upholstery Ltd,TEM-41659-F,Leisure,South West,BRK-002,Zara Lomax,zara.lomax@hatherleyuphol.co.uk,15/08/2024,Active
CUS-12036,Pennine Cold Storage Ltd,TEM-23588-A,Food & Drink,South East,BRK-029,Aisha Tate,aisha.tate@penninecoldsto.co.uk,08/05/2025,Active
CUS-12037,Saltmarsh Hotels Partners,TEM-50259-E,Retail,North East,BRK-033,Marcus Bright,marcus.bright@saltmarshhotel.co.uk,2021-10-06,Active
CUS-12038,Fernhill Galvanising Ltd,TEM-66399-A,Hospitality,East of England,BRK-007,Tom Nairn,tom.nairn@fernhillgalvan.co.uk,13/04/2022,Active
CUS-12039,Quarrington Precision Holdings,TEM-54747-G,Food & Drink,North West,BRK-005,Amber Ellison,amber.ellison@quarringtonpre.co.uk,01/11/2024,Active
CUS-12040,Zephyr Fabrications Limited,TEM-81484-A,Education,East of England,BRK-028,Lucy Mercer,lucy.mercer@zephyrfabricat.co.uk,13/11/2021,Active
CUS-12041,Bramble Padel & Sons,TEM-83832-D,Manufacturing,East of England,BRK-022,Aisha Osei,aisha.osei@bramblepadel.co.uk,2022-04-12,Active
CUS-12042,Langmere Laundry,TEM-72538-G,Hospitality,East of England,BRK-012,Amber Osei,amber.osei@langmerelaundr.co.uk,2022-10-04,Active
CUS-12043,Exmoor Kennels Ltd,TEM-16833-B,Education,London,BRK-028,Iona Pryce,iona.pryce@exmoorkennels.co.uk,18/11/2024,Dormant
CUS-12044,Langmere Plastics Partners,TEM-17983-G,Leisure,South East,BRK-032,Zara Ellison,zara.ellison@langmereplasti.co.uk,2024-12-21,Active
CUS-12045,Wrenfield Logistics (UK) Ltd,TEM-20390-D,Hospitality,Wales,BRK-007,Craig Marsh,craig.marsh@wrenfieldlogis.co.uk,2022-05-25,Active
CUS-12046,Wrenfield Schools & Sons,TEM-96077-C,Education,North East,BRK-011,Callum Underhill,callum.underhill@wrenfieldschoo.co.uk,2022-08-18,Active
CUS-12047,Ashcombe Chandlery Co,TEM-23141-D,Hospitality,Wales,BRK-006,Peter Yates,peter.yates@ashcombechandl.co.uk,25/02/2022,Active
CUS-12048,Garwood Distillery Partners,TEM-38297-E,Logistics,Wales,BRK-018,Sanjay Whitfield,sanjay.whitfield@garwooddistill.co.uk,13/02/2023,Active
CUS-12049,Ivybridge Maltings Ltd,TEM-15949-C,Education,North West,,Grace Mercer,grace.mercer@ivybridgemalti.co.uk,2022-11-09,Active
CUS-12050,Zephyr Upholstery Partners,TEM-38613-G,Hospitality,South East,,Aisha Marsh,aisha.marsh@zephyrupholste.co.uk,2024-11-17,Active
CUS-12051,Norbury Forge Co,TEM-95825-C,Leisure,Midlands,BRK-002,Ben Wren,ben.wren@norburyforge.co.uk,15/11/2023,Active
CUS-12052,Saltmarsh Optics Ltd,TEM-11822-B,Logistics,East of England,BRK-031,Sarah Lomax,sarah.lomax@saltmarshoptic.co.uk,2022-07-03,Active
CUS-12053,Ingleby Roofing Limited,TEM-11391-F,Leisure,North East,,Oliver Iqbal,oliver.iqbal@inglebyroofing.co.uk,2023-02-20,Active
CUS-12054,Pemberley Packaging & Sons,TEM-15350-D,Healthcare,London,BRK-032,James Brooke,james.brooke@pemberleypacka.co.uk,30/08/2023,Lost
CUS-12055,Vantage Plastics Group,TEM-59721-D,Agriculture,London,BRK-013,Noel Wren,noel.wren@vantageplastic.co.uk,2023-06-08,Lost
CUS-12056,Saltmarsh Engineering Holdings,TEM-67240-G,Professional Services,Scotland,BRK-004,Tara Kaur,tara.kaur@saltmarshengin.co.uk,20/06/2024,Active
CUS-12057,Oakhurst Bookbinders Ltd,TEM-45256-G,Education,Yorkshire,BRK-012,Aisha Chowdhury,aisha.chowdhury@oakhurstbookbi.co.uk,2025-12-13,Active
CUS-12058,Quenington Forge,TEM-71381-E,Manufacturing,Yorkshire,BRK-013,Dev Chowdhury,dev.chowdhury@queningtonforg.co.uk,19/11/2021,Active
CUS-12059,Zetland Restaurants Holdings,TEM-89530-G,Leisure,Scotland,,Nadia Tate,nadia.tate@zetlandrestaur.co.uk,03/09/2022,Active
CUS-12060,Bexley Offices Ltd,TEM-93748-E,Healthcare,North West,BRK-034,Priya Frost,priya.frost@bexleyoffices.co.uk,2022-08-04,Active
CUS-12061,Violetta Offices Holdings,TEM-26590-A,Education,Wales,BRK-018,Chloe Rowntree,chloe.rowntree@violettaoffice.co.uk,02/07/2022,Active
CUS-12062,Vantage Tanning Ltd,TEM-50531-A,Logistics,Wales,BRK-010,Amber Underhill,amber.underhill@vantagetanning.co.uk,2024-07-15,Active
CUS-12063,Ingleby Aggregates Holdings,TEM-62435-G,Hospitality,East of England,BRK-008,Gareth Whitfield,gareth.whitfield@inglebyaggrega.co.uk,21/12/2024,Active
CUS-12064,Ivybridge Salvage (UK) Ltd,TEM-66776-D,Hospitality,North West,BRK-006,Sanjay Nairn,sanjay.nairn@ivybridgesalva.co.uk,12/11/2023,Active
CUS-12065,Merrivale Coachworks (UK) Ltd,TEM-70962-A,Food & Drink,Wales,BRK-012,Ewan Ferris,ewan.ferris@merrivalecoach.co.uk,2022-11-22,Active
CUS-12066,Quenington Offices Holdings,TEM-31161-A,Retail,East of England,BRK-020,Marcus Iqbal,marcus.iqbal@queningtonoffi.co.uk,08/01/2025,Active
CUS-12067,Ravenscar Salvage Ltd,TEM-22878-E,Hospitality,South West,BRK-017,Paula Brooke,paula.brooke@ravenscarsalva.co.uk,2022-11-03,Active
CUS-12068,Jarrow Fabrications Group,TEM-85970-G,Leisure,London,BRK-028,Fatima Wren,fatima.wren@jarrowfabricat.co.uk,2025-12-26,Active
CUS-12069,Fernhill Fabrications Group,TEM-92824-D,Retail,London,BRK-027,Omar Mercer,omar.mercer@fernhillfabric.co.uk,2023-12-11,Active
CUS-12070,Norbury Recycling,TEM-21702-E,Logistics,North West,BRK-023,Tom Marsh,tom.marsh@norburyrecycli.co.uk,19/01/2024,Dormant
CUS-12071,Caldwell Engineering Ltd,TEM-40577-E,Professional Services,North West,BRK-007,Nadia Bright,nadia.bright@caldwellengine.co.uk,21/12/2025,Active
CUS-12072,Westcliff Ice Cream & Sons,TEM-91127-C,Hospitality,East of England,,Jack Reid,jack.reid@westclifficecr.co.uk,2022-02-20,Active
CUS-12073,Bexley Ice Cream Group,TEM-45381-D,Education,Scotland,BRK-027,Sanjay Okafor,sanjay.okafor@bexleyicecream.co.uk,2022-03-15,Active
CUS-12074,Cedar Tanning Co,TEM-10460-C,Manufacturing,North West,BRK-003,Ewan Lomax,ewan.lomax@cedartanning.co.uk,06/08/2025,Active
CUS-12075,Umberside Garden Co,TEM-43204-E,Agriculture,North East,BRK-030,Chloe Voss,chloe.voss@umbersidegarde.co.uk,2025-07-07,Active
CUS-12076,Norbury Offices Ltd,TEM-11607-A,Professional Services,London,,Fatima Reid,fatima.reid@norburyoffices.co.uk,2023-01-09,Dormant
CUS-12077,Farrier Glassworks Limited,TEM-54603-C,Healthcare,East of England,BRK-030,James Vance,james.vance@farrierglasswo.co.uk,29/12/2021,Active
CUS-12078,Verity Kennels Holdings,TEM-72256-F,Food & Drink,North East,BRK-019,Rhys Whitfield,rhys.whitfield@veritykennels.co.uk,2024-11-10,Active
CUS-12079,Farrier Scaffolding Ltd,TEM-70908-C,Hospitality,Yorkshire,BRK-022,Holly Quinn,holly.quinn@farrierscaffol.co.uk,22/11/2024,Lost
CUS-12080,Oakhurst Packaging Holdings,TEM-57582-A,Hospitality,Wales,BRK-024,Ben Chowdhury,ben.chowdhury@oakhurstpackag.co.uk,24/05/2023,Active
CUS-12081,Fernhill Dairy Holdings,TEM-84605-A,Professional Services,Wales,BRK-005,Amber Grady,amber.grady@fernhilldairy.co.uk,05/08/2025,Active
CUS-12082,Wrenfield Packaging Co,TEM-81018-E,Logistics,South East,BRK-002,James Ellison,james.ellison@wrenfieldpacka.co.uk,25/06/2025,Active
CUS-12083,Whitethorn Bookbinders,TEM-64107-F,Food & Drink,London,BRK-030,Paula Iqbal,paula.iqbal@whitethornbook.co.uk,2023-04-03,Active
CUS-12084,Marlow Schools Ltd,TEM-44313-F,Leisure,London,,Stefan Whitfield,stefan.whitfield@marlowschools.co.uk,25/11/2021,Active
CUS-12085,Bramble Offices Limited,TEM-90500-F,Professional Services,Scotland,BRK-018,Iona Marsh,iona.marsh@brambleoffices.co.uk,2025-10-19,Active
CUS-12086,Marlow Glassworks Partners,TEM-81468-C,Education,East of England,BRK-030,Callum Jennings,callum.jennings@marlowglasswor.co.uk,2026-01-21,Active
CUS-12087,Hollybush Plastics Ltd,TEM-23931-D,Manufacturing,East of England,BRK-006,Peter Hale,peter.hale@hollybushplast.co.uk,15/09/2024,Active
CUS-12088,Cranleigh Coachworks (UK) Ltd,TEM-45701-F,Leisure,North West,BRK-019,Nia Bright,nia.bright@cranleighcoach.co.uk,19/01/2024,Lost
CUS-12089,Applegarth Textiles Partners,TEM-81869-A,Professional Services,Midlands,,Oliver Pryce,oliver.pryce@applegarthtext.co.uk,07/06/2023,Active
CUS-12090,Atlas Logistics (UK) Ltd,TEM-24237-C,Leisure,South East,BRK-002,Tara Iqbal,tara.iqbal@atlaslogistics.co.uk,14/03/2023,Active
CUS-12091,Riverbank Garden Ltd,TEM-36027-G,Healthcare,London,,Craig Rowntree,craig.rowntree@riverbankgarde.co.uk,2022-01-26,Active
CUS-12092,Nettlebed Plastics Holdings,TEM-39438-E,Manufacturing,North East,BRK-021,Jack Mercer,jack.mercer@nettlebedplast.co.uk,2024-08-26,Active
CUS-12093,Birchmoor Foundry (UK) Ltd,TEM-69871-B,Leisure,Yorkshire,BRK-006,Dev Okafor,dev.okafor@birchmoorfound.co.uk,10/02/2022,Active
CUS-12094,Selworthy Joinery Co,TEM-59538-A,Logistics,South West,BRK-035,Daniel Keane,daniel.keane@selworthyjoine.co.uk,13/11/2024,Lost
CUS-12095,Vantage Robotics Group,TEM-25933-E,Retail,North East,,Gareth Brooke,gareth.brooke@vantagerobotic.co.uk,2024-03-23,Active
CUS-12096,Saltmarsh Cold Storage & Sons,TEM-27097-E,Logistics,North East,BRK-024,Rhys Patel,rhys.patel@saltmarshcolds.co.uk,18/05/2023,Active
CUS-12097,Fernhill Pharmacy (UK) Ltd,TEM-12806-F,Manufacturing,Yorkshire,BRK-016,Noel Quinn,noel.quinn@fernhillpharma.co.uk,2024-10-01,Active
CUS-12098,Wrenfield Glassworks,TEM-14926-A,Agriculture,Midlands,BRK-002,Oliver Mercer,oliver.mercer@wrenfieldglass.co.uk,2024-06-06,Active
CUS-12099,Atlas Garden,TEM-24620-A,Hospitality,South West,BRK-002,Dev Ogden,dev.ogden@atlasgarden.co.uk,2024-02-25,Lost
CUS-12100,Redwing Kennels (UK) Ltd,TEM-32963-A,Logistics,East of England,BRK-013,Callum Yates,callum.yates@redwingkennels.co.uk,2025-08-16,Active
CUS-12101,Bexley Cold Storage Holdings,TEM-10086-A,Hospitality,Scotland,BRK-021,Paula Tate,paula.tate@bexleycoldstor.co.uk,2021-10-17,Active
CUS-12102,Cedar Studios Holdings,TEM-99573-E,Leisure,London,BRK-003,Sarah Yates,sarah.yates@cedarstudios.co.uk,30/06/2022,Active
CUS-12103,Tanfield Hotels (UK) Ltd,TEM-36373-E,Hospitality,Scotland,,Marcus Underhill,marcus.underhill@tanfieldhotels.co.uk,2023-03-06,Active
CUS-12104,Harborne Chandlery (UK) Ltd,TEM-56558-D,Agriculture,London,BRK-022,Ryan Voss,ryan.voss@harbornechandl.co.uk,2024-11-11,Active
CUS-12105,Westcliff Engineering Partners,TEM-50451-G,Professional Services,Wales,BRK-009,Freya Sutton,freya.sutton@westcliffengin.co.uk,2022-06-19,Active
CUS-12106,Padstow Timber Co,TEM-67421-C,Food & Drink,Wales,BRK-026,Ben Rowntree,ben.rowntree@padstowtimber.co.uk,2022-10-31,Active
CUS-12107,Northgate Marine Ltd,TEM-56679-F,Education,South East,BRK-009,Sarah Wren,sarah.wren@northgatemarin.co.uk,2021-10-06,Active
CUS-12108,Yewtree Garden Limited,TEM-97268-D,Professional Services,Scotland,BRK-009,Emily Brooke,emily.brooke@yewtreegarden.co.uk,13/01/2026,Active
CUS-12109,Bramble Kennels (UK) Ltd,TEM-62820-B,Logistics,Yorkshire,BRK-012,Sanjay Tate,sanjay.tate@bramblekennels.co.uk,26/07/2024,Active
CUS-12110,Applegarth Maltings & Sons,TEM-37259-D,Logistics,Yorkshire,BRK-002,Emily Nairn,emily.nairn@applegarthmalt.co.uk,2023-09-13,Active
CUS-12111,Summerton Optics & Sons,TEM-11650-G,Agriculture,Yorkshire,BRK-032,Lucy Voss,lucy.voss@summertonoptic.co.uk,2024-02-21,Lost
CUS-12112,Saltmarsh Optics (UK) Ltd,TEM-99034-D,Healthcare,Scotland,BRK-017,Anita Jennings,anita.jennings@saltmarshoptic.co.uk,2025-06-18,Active
CUS-12113,Wrenfield Precision Co,TEM-37332-G,Logistics,North East,BRK-025,Holly Brooke,holly.brooke@wrenfieldpreci.co.uk,2025-03-31,Active
CUS-12114,Larkspur Marine Ltd,TEM-16578-G,Retail,London,BRK-005,Sarah Underhill,sarah.underhill@larkspurmarine.co.uk,27/10/2022,Active
CUS-12115,Denholm Leisure Ltd,TEM-71910-B,Manufacturing,South East,,Priya Nowak,priya.nowak@denholmleisure.co.uk,2023-05-11,Active
CUS-12116,Yarrow Dairy Limited,TEM-79122-A,Retail,North West,BRK-026,Stefan Osei,stefan.osei@yarrowdairy.co.uk,27/05/2023,Active
CUS-12117,Verity Fabrications Holdings,TEM-38554-A,Healthcare,Scotland,BRK-009,Lucy Frost,lucy.frost@verityfabricat.co.uk,29/03/2023,Active
CUS-12118,Summerton Distillery (UK) Ltd,TEM-48058-E,Agriculture,Midlands,BRK-032,Nadia Whitfield,nadia.whitfield@summertondisti.co.uk,2022-06-25,Active
CUS-12119,Quenington Care Holdings,TEM-41241-A,Agriculture,East of England,,Tom Grady,tom.grady@queningtoncare.co.uk,2025-03-02,Active
CUS-12120,Wrenfield Farm Foods (UK) Ltd,TEM-71568-B,Leisure,Midlands,BRK-012,Paula Keane,paula.keane@wrenfieldfarmf.co.uk,04/12/2021,Active
CUS-12121,Riverbank Foundry Holdings,TEM-73883-B,Manufacturing,Yorkshire,BRK-007,Amber MacLeod,amber.macleod@riverbankfound.co.uk,05/09/2023,Active
CUS-12122,Atlas Veterinary & Sons,TEM-22797-A,Hospitality,London,BRK-021,Tom Chowdhury,tom.chowdhury@atlasveterinar.co.uk,13/07/2022,Lost
CUS-12123,Tanfield Precision & Sons,TEM-86780-C,Healthcare,North East,BRK-023,Tara Pryce,tara.pryce@tanfieldprecis.co.uk,14/08/2022,Active
CUS-12124,Whitethorn Coachworks Co,TEM-81522-A,Retail,North East,,Gareth Marsh,gareth.marsh@whitethorncoac.co.uk,2023-02-28,Lost
CUS-12125,Vantage Kennels Ltd,TEM-93836-D,Leisure,Midlands,BRK-017,Dev Quinn,dev.quinn@vantagekennels.co.uk,2024-03-30,Active
CUS-12126,Quenington Bakehouse Limited,TEM-95745-E,Agriculture,North East,BRK-013,Holly Brooke,holly.brooke@queningtonbake.co.uk,03/01/2024,Active
CUS-12127,Kestrel Salvage Ltd,TEM-10298-F,Healthcare,North West,BRK-009,Amber Nairn,amber.nairn@kestrelsalvage.co.uk,13/02/2024,Active
CUS-12128,Vantage Schools (UK) Ltd,TEM-85235-B,Hospitality,Scotland,BRK-001,Peter Osei,peter.osei@vantageschools.co.uk,2023-03-05,Active
CUS-12129,Norbury Leisure Ltd,TEM-98147-A,Education,London,BRK-028,Peter Brooke,peter.brooke@norburyleisure.co.uk,2023-07-28,Active
CUS-12130,Cedar Roofing,TEM-96094-G,Logistics,Wales,BRK-033,Nadia Wren,nadia.wren@cedarroofing.co.uk,2024-12-09,Lost
CUS-12131,Jespersen Logistics Ltd,TEM-83733-D,Agriculture,Midlands,BRK-028,Priya Yates,priya.yates@jespersenlogis.co.uk,2023-11-20,Active
CUS-12132,Selworthy Motors (UK) Ltd,TEM-56875-E,Logistics,Midlands,BRK-025,Gareth Rowntree,gareth.rowntree@selworthymotor.co.uk,2024-11-14,Active
CUS-12133,Kingsmead Print Group,TEM-98237-E,Agriculture,South West,BRK-004,Zara Bright,zara.bright@kingsmeadprint.co.uk,2026-01-15,Active
CUS-12134,Foxglove Seafoods Limited,TEM-73632-B,Logistics,South East,BRK-034,Stefan Sutton,stefan.sutton@foxgloveseafoo.co.uk,2023-05-29,Active
CUS-12135,Zetland Maltings Partners,TEM-99842-G,Education,North East,BRK-003,Dev Reid,dev.reid@zetlandmalting.co.uk,24/09/2022,Active
CUS-12136,Tanfield Gym Ltd,TEM-29405-F,Food & Drink,Scotland,BRK-034,Sanjay Grady,sanjay.grady@tanfieldgym.co.uk,2023-07-10,Active
CUS-12137,Ellerton Galvanising Ltd,TEM-81766-E,Manufacturing,North West,BRK-019,James Sharpe,james.sharpe@ellertongalvan.co.uk,02/06/2023,Active
CUS-12138,Violetta Bakehouse Co,TEM-63481-D,Hospitality,North East,BRK-003,Sanjay Voss,sanjay.voss@violettabakeho.co.uk,2025-10-07,Lost
CUS-12139,Cedar Recycling Ltd,TEM-49268-F,Professional Services,Midlands,BRK-035,Callum Hale,callum.hale@cedarrecycling.co.uk,17/11/2023,Active
CUS-12140,Applegarth Nurseries Ltd,TEM-89667-B,Logistics,Scotland,BRK-034,Zara Chowdhury,zara.chowdhury@applegarthnurs.co.uk,29/06/2025,Active
CUS-12141,Selworthy Garden Ltd,TEM-37199-B,Professional Services,North West,,Holly Keane,holly.keane@selworthygarde.co.uk,2024-06-27,Active
CUS-12142,Fernhill Plastics Ltd,TEM-12002-G,Healthcare,Scotland,BRK-005,Kirsty Mercer,kirsty.mercer@fernhillplasti.co.uk,2025-06-03,Active
CUS-12143,Merrivale Marine (UK) Ltd,TEM-13486-A,Agriculture,North East,BRK-009,Stefan Nowak,stefan.nowak@merrivalemarin.co.uk,28/10/2022,Active
CUS-12144,Westcliff Fabrications Ltd,TEM-90599-D,Leisure,Scotland,BRK-009,Chloe Hale,chloe.hale@westclifffabri.co.uk,2024-08-11,Active
CUS-12145,Dunmore Garden Ltd,TEM-69697-A,Leisure,South East,BRK-029,Amber Quinn,amber.quinn@dunmoregarden.co.uk,2022-08-04,Dormant
CUS-12146,Ottershaw Ice Cream Group,TEM-31302-F,Education,South East,BRK-030,Peter Sharpe,peter.sharpe@ottershawicecr.co.uk,10/07/2023,Active
CUS-12147,Kingsmead Care Ltd,TEM-66205-E,Logistics,Wales,,Lucy Jennings,lucy.jennings@kingsmeadcare.co.uk,2021-10-31,Lost
CUS-12148,Ellerton Padel Ltd,TEM-79313-C,Healthcare,Yorkshire,BRK-031,Gareth Lomax,gareth.lomax@ellertonpadel.co.uk,2022-08-29,Active
CUS-12149,Redwing Cold Storage Limited,TEM-64108-G,Retail,North East,,Peter Underhill,peter.underhill@redwingcoldsto.co.uk,18/12/2024,Active
CUS-12150,Redwing Galvanising Limited,TEM-31127-A,Manufacturing,East of England,BRK-014,Oliver Voss,oliver.voss@redwinggalvani.co.uk,2022-01-23,Active
CUS-12151,Riverbank Plastics Limited,TEM-76717-C,Retail,North East,BRK-023,Sanjay Nairn,sanjay.nairn@riverbankplast.co.uk,15/01/2024,Active
CUS-12152,Quarrington Padel Group,TEM-69764-E,Professional Services,Midlands,,Sanjay Hale,sanjay.hale@quarringtonpad.co.uk,2021-10-22,Active
CUS-12153,Ironbridge Kennels Ltd,TEM-32767-D,Education,East of England,BRK-017,Noel Ellison,noel.ellison@ironbridgekenn.co.uk,21/09/2025,Active
CUS-12154,Langmere Foundry & Sons,TEM-20513-F,Agriculture,Wales,BRK-011,Ryan Keane,ryan.keane@langmerefoundr.co.uk,15/04/2024,Dormant
CUS-12155,Farrier Marine Partners,TEM-85578-B,Logistics,South East,BRK-015,Amber Underhill,amber.underhill@farriermarine.co.uk,2022-10-06,Active
CUS-12156,Ashcombe Fabrications Limited,TEM-64574-C,Food & Drink,Wales,BRK-015,Daniel Okafor,daniel.okafor@ashcombefabric.co.uk,2022-11-23,Active
CUS-12157,Garwood Upholstery & Sons,TEM-76619-C,Professional Services,London,BRK-005,Holly Nairn,holly.nairn@garwoodupholst.co.uk,2022-09-08,Active
CUS-12158,Saltmarsh Logistics,TEM-99997-C,Agriculture,North West,BRK-010,Paula Nowak,paula.nowak@saltmarshlogis.co.uk,2023-02-15,Dormant
CUS-12159,Jarrow Chandlery Ltd,TEM-37215-D,Manufacturing,East of England,BRK-006,Marcus Yates,marcus.yates@jarrowchandler.co.uk,27/08/2024,Active
CUS-12160,Padstow Plastics Group,TEM-79118-G,Logistics,South West,BRK-005,Zara Underhill,zara.underhill@padstowplastic.co.uk,2021-12-06,Lost
CUS-12161,Yewtree Schools (UK) Ltd,TEM-53095-C,Manufacturing,Midlands,BRK-031,Megan Reid,megan.reid@yewtreeschools.co.uk,31/05/2024,Active
CUS-12162,Westcliff Timber Co,TEM-40508-E,Food & Drink,Scotland,BRK-004,Tom Sharpe,tom.sharpe@westclifftimbe.co.uk,22/04/2025,Active
CUS-12163,Oakhurst Tanning Holdings,TEM-23952-F,Retail,North West,BRK-011,Sarah Vance,sarah.vance@oakhursttannin.co.uk,2022-06-14,Active
CUS-12164,Hatherley Tanning Limited,TEM-99621-B,Hospitality,London,BRK-016,Omar Underhill,omar.underhill@hatherleytanni.co.uk,2023-04-10,Active
CUS-12165,Langmere Engineering Ltd,TEM-85247-C,Agriculture,Wales,BRK-007,Sarah Pryce,sarah.pryce@langmereengine.co.uk,22/12/2022,Active
CUS-12166,Hollybush Hotels,TEM-91905-A,Manufacturing,North East,BRK-032,Sarah Pryce,sarah.pryce@hollybushhotel.co.uk,2025-03-17,Active
CUS-12167,Ivybridge Aggregates Limited,TEM-28755-D,Food & Drink,North West,BRK-001,Anita MacLeod,anita.macleod@ivybridgeaggre.co.uk,2022-05-18,Active
CUS-12168,Langmere Retail (UK) Ltd,TEM-67962-F,Professional Services,North East,BRK-011,Iona Yates,iona.yates@langmereretail.co.uk,2023-11-01,Active
CUS-12169,Zetland Padel Holdings,TEM-51798-F,Retail,Scotland,BRK-004,Noel Brooke,noel.brooke@zetlandpadel.co.uk,28/02/2024,Active
CUS-12170,Violetta Pharmacy,TEM-13144-F,Hospitality,Wales,,Freya Ogden,freya.ogden@violettapharma.co.uk,28/10/2022,Dormant
CUS-12171,Ironbridge Cold Storage & Sons,TEM-43408-F,Retail,East of England,BRK-018,Gareth Tate,gareth.tate@ironbridgecold.co.uk,21/12/2024,Active
CUS-12172,Ellerton Dairy Ltd,TEM-98285-D,Education,East of England,BRK-010,Amber Iqbal,amber.iqbal@ellertondairy.co.uk,2024-06-14,Lost
CUS-12173,Riverbank Maltings Ltd,TEM-63926-F,Professional Services,East of England,BRK-003,Grace Iqbal,grace.iqbal@riverbankmalti.co.uk,08/10/2022,Lost
CUS-12174,Thackery Distillery Ltd,TEM-99016-E,Hospitality,Wales,BRK-025,Holly Doyle,holly.doyle@thackerydistil.co.uk,16/03/2024,Active
CUS-12175,Nettlebed Optics Ltd,TEM-29142-D,Manufacturing,Scotland,BRK-026,Grace Lomax,grace.lomax@nettlebedoptic.co.uk,2022-11-16,Active
CUS-12176,Ingleby Offices Partners,TEM-12400-B,Professional Services,North West,BRK-019,Tara Kaur,tara.kaur@inglebyoffices.co.uk,16/11/2024,Active
CUS-12177,Ullswater Optics Ltd,TEM-24938-B,Education,East of England,BRK-005,Gareth Sutton,gareth.sutton@ullswateroptic.co.uk,31/05/2025,Active
CUS-12178,Orchard Hotels Ltd,TEM-73250-D,Healthcare,South East,BRK-004,Rhys Mercer,rhys.mercer@orchardhotels.co.uk,18/06/2023,Active
CUS-12179,Ravenscar Garden Ltd,TEM-39870-C,Healthcare,East of England,BRK-026,Daniel Nowak,daniel.nowak@ravenscargarde.co.uk,25/09/2024,Active
CUS-12180,Jarrow Offices Ltd,TEM-26549-E,Healthcare,Yorkshire,BRK-019,Dev Osei,dev.osei@jarrowoffices.co.uk,2025-03-26,Active
CUS-12181,Exmoor Milling Partners,TEM-97368-F,Food & Drink,South West,BRK-016,Dev Nowak,dev.nowak@exmoormilling.co.uk,2023-07-03,Active
CUS-12182,Riverbank Upholstery Group,TEM-31099-F,Retail,Midlands,BRK-003,Noel Brooke,noel.brooke@riverbankuphol.co.uk,2021-11-25,Active
CUS-12183,Kingsmead Kennels Ltd,TEM-78890-D,Manufacturing,Midlands,BRK-032,Freya Underhill,freya.underhill@kingsmeadkenne.co.uk,27/12/2021,Active
CUS-12184,Pennine Optics Ltd,TEM-63892-F,Retail,London,,Holly Okafor,holly.okafor@pennineoptics.co.uk,20/08/2024,Active
CUS-12185,Westcliff Cinemas (UK) Ltd,TEM-72999-E,Logistics,Scotland,BRK-002,Megan Lomax,megan.lomax@westcliffcinem.co.uk,2024-09-19,Active
CUS-12186,Stanhope Joinery Co,TEM-21870-G,Healthcare,East of England,BRK-018,Ewan Yates,ewan.yates@stanhopejoiner.co.uk,03/04/2025,Active
CUS-12187,Whitethorn Gym Ltd,TEM-77400-D,Education,Midlands,BRK-020,Stefan Sharpe,stefan.sharpe@whitethorngym.co.uk,12/06/2025,Active
CUS-12188,Atlas Chandlery Partners,TEM-38075-E,Leisure,Midlands,BRK-034,Noel Voss,noel.voss@atlaschandlery.co.uk,2025-12-14,Active
CUS-12189,Foxglove Salvage Ltd,TEM-33134-E,Agriculture,North East,,Daniel Tate,daniel.tate@foxglovesalvag.co.uk,2025-08-24,Active
CUS-12190,Harborne Tanning (UK) Ltd,TEM-74087-A,Professional Services,East of England,,Daniel Jennings,daniel.jennings@harbornetannin.co.uk,12/04/2024,Active
CUS-12191,Padstow Leisure Co,TEM-34905-D,Leisure,Wales,BRK-009,Daniel Grady,daniel.grady@padstowleisure.co.uk,2023-01-27,Active
CUS-12192,Ellerton Milling Ltd,TEM-82093-E,Retail,North East,BRK-013,Marcus Sutton,marcus.sutton@ellertonmillin.co.uk,17/04/2024,Active
CUS-12193,Zetland Marine Ltd,TEM-99997-E,Healthcare,Wales,BRK-014,Omar Brooke,omar.brooke@zetlandmarine.co.uk,18/01/2025,Active
CUS-12194,Ravenscar Seafoods Co,TEM-14303-E,Education,Midlands,BRK-015,Iona Doyle,iona.doyle@ravenscarseafo.co.uk,2022-12-28,Active
CUS-12195,Garwood Milling Partners,TEM-95267-A,Manufacturing,Scotland,BRK-031,Aisha Nairn,aisha.nairn@garwoodmilling.co.uk,23/11/2024,Active
CUS-12196,Pennine Coachworks Holdings,TEM-62860-G,Food & Drink,East of England,BRK-027,Emily Ellison,emily.ellison@penninecoachwo.co.uk,14/01/2022,Active
CUS-12197,Cedar Studios Co,TEM-90150-E,Hospitality,Midlands,BRK-004,James Ferris,james.ferris@cedarstudios.co.uk,2024-12-20,Lost
CUS-12198,Riverbank Forge Ltd,TEM-20931-A,Retail,London,BRK-024,Dev Mercer,dev.mercer@riverbankforge.co.uk,12/04/2024,Active
CUS-12199,Marlow Laundry Ltd,TEM-39582-A,Manufacturing,Midlands,BRK-010,Kirsty Bright,kirsty.bright@marlowlaundry.co.uk,28/11/2025,Active
CUS-12200,Yewtree Print Ltd,TEM-87335-C,Hospitality,Wales,,Emily MacLeod,emily.macleod@yewtreeprint.co.uk,2022-02-18,Active
CUS-12201,Ivybridge Aggregates Partners,TEM-64115-A,Retail,Yorkshire,BRK-029,Aisha Mercer,aisha.mercer@ivybridgeaggre.co.uk,25/01/2025,Active
CUS-12202,Ellerton Schools Holdings,TEM-39334-A,Professional Services,London,BRK-007,Priya Mercer,priya.mercer@ellertonschool.co.uk,22/12/2023,Active
CUS-12203,Westcliff Offices,TEM-61754-D,Food & Drink,Midlands,BRK-012,Rhys Ellison,rhys.ellison@westcliffoffic.co.uk,01/01/2026,Lost
CUS-12204,Cobalt Precision Limited,TEM-52655-E,Manufacturing,North East,BRK-009,James Kaur,james.kaur@cobaltprecisio.co.uk,2022-10-19,Active
CUS-12205,Garwood Logistics Ltd,TEM-56016-D,Education,Midlands,BRK-028,Lewis Okafor,lewis.okafor@garwoodlogisti.co.uk,12/06/2022,Lost
CUS-12206,Torque Distillery Co,TEM-93932-F,Agriculture,Wales,,James Yates,james.yates@torquedistille.co.uk,2023-09-07,Lost
CUS-12207,Yewtree Dairy Ltd,TEM-28112-A,Professional Services,Scotland,BRK-008,Tara Wren,tara.wren@yewtreedairy.co.uk,2024-10-21,Active
CUS-12208,Hollybush Kennels Holdings,TEM-74500-C,Education,Scotland,BRK-028,Emily Wren,emily.wren@hollybushkenne.co.uk,2025-11-13,Active
CUS-12209,Hatherley Motors Limited,TEM-34890-G,Hospitality,North East,BRK-029,Lewis Jennings,lewis.jennings@hatherleymotor.co.uk,2024-04-28,Active
CUS-12210,Ellerton Galvanising (UK) Ltd,TEM-73161-E,Logistics,South West,BRK-025,Chloe Ferris,chloe.ferris@ellertongalvan.co.uk,2024-03-22,Active
CUS-12211,Ravenscar Textiles Holdings,TEM-33931-A,Education,London,BRK-012,James Frost,james.frost@ravenscartexti.co.uk,19/11/2021,Active
CUS-12212,Bramble Tanning Co,TEM-81247-D,Education,North East,,Aisha Chowdhury,aisha.chowdhury@brambletanning.co.uk,2022-12-09,Active
CUS-12213,Ironbridge Milling Holdings,TEM-77754-C,Agriculture,South East,BRK-013,Aisha Osei,aisha.osei@ironbridgemill.co.uk,02/04/2022,Active
CUS-12214,Maplin Nurseries Limited,TEM-97398-A,Healthcare,Scotland,BRK-001,Callum Ferris,callum.ferris@maplinnurserie.co.uk,18/05/2025,Lost
CUS-12215,Pennine Cinemas Limited,TEM-13144-C,Logistics,South West,BRK-022,Lucy Patel,lucy.patel@penninecinemas.co.uk,2021-12-08,Lost
CUS-12216,Redwing Upholstery,TEM-89189-D,Agriculture,Wales,,Amber Wren,amber.wren@redwingupholst.co.uk,2025-02-28,Active
CUS-12217,Lowther Packaging Ltd,TEM-83735-F,Agriculture,South West,BRK-017,Aisha Reid,aisha.reid@lowtherpackagi.co.uk,09/07/2025,Active
CUS-12218,Ottershaw Farm Foods Holdings,TEM-52752-G,Food & Drink,North East,BRK-019,Ben Brooke,ben.brooke@ottershawfarmf.co.uk,2024-08-10,Active
CUS-12219,Yewtree Plastics Holdings,TEM-86836-G,Food & Drink,Wales,BRK-033,James Hansen,james.hansen@yewtreeplastic.co.uk,2022-10-19,Active
CUS-12220,Orchard Logistics Ltd,TEM-71528-F,Agriculture,Scotland,BRK-012,Daniel Pryce,daniel.pryce@orchardlogisti.co.uk,10/01/2023,Active
CUS-12221,Foxglove Farm Foods Ltd,TEM-76946-B,Food & Drink,Yorkshire,BRK-013,Marcus Brooke,marcus.brooke@foxglovefarmfo.co.uk,2026-01-06,Active
CUS-12222,Cedar Veterinary Co,TEM-79001-F,Professional Services,North East,BRK-021,Nia Quinn,nia.quinn@cedarveterinar.co.uk,14/07/2024,Active
CUS-12223,Tanfield Engineering Co,TEM-37391-A,Education,Wales,BRK-003,Zara Grady,zara.grady@tanfieldengine.co.uk,06/02/2024,Lost
CUS-12224,Kelbrook Timber,TEM-77132-E,Logistics,South West,BRK-018,Tara Marsh,tara.marsh@kelbrooktimber.co.uk,16/04/2022,Active
CUS-12225,Pemberley Aggregates (UK) Ltd,TEM-84987-G,Education,South East,BRK-015,Callum Ferris,callum.ferris@pemberleyaggre.co.uk,2025-12-08,Active
CUS-12226,Kestrel Maltings (UK) Ltd,TEM-25411-G,Logistics,South West,BRK-020,Emily Chowdhury,emily.chowdhury@kestrelmalting.co.uk,24/01/2025,Active
CUS-12227,Northgate Fabrications,TEM-32491-B,Manufacturing,North West,BRK-021,Marcus Grady,marcus.grady@northgatefabri.co.uk,2022-04-27,Active
CUS-12228,Bramble Plastics,TEM-48299-G,Hospitality,Wales,BRK-012,Amber Ogden,amber.ogden@brambleplastic.co.uk,11/09/2022,Active
CUS-12229,Eastbrook Marine (UK) Ltd,TEM-16256-B,Agriculture,Midlands,BRK-009,Craig Hale,craig.hale@eastbrookmarin.co.uk,2024-01-04,Active
CUS-12230,Foxglove Cold Storage Limited,TEM-50437-E,Agriculture,Yorkshire,BRK-035,Megan Brooke,megan.brooke@foxglovecoldst.co.uk,26/11/2023,Active
CUS-12231,Oakhurst Studios Holdings,TEM-77238-F,Logistics,Midlands,BRK-016,Callum Reid,callum.reid@oakhurststudio.co.uk,06/06/2025,Active
CUS-12232,Kingsmead Studios Partners,TEM-87759-F,Logistics,North West,BRK-002,Nadia Patel,nadia.patel@kingsmeadstudi.co.uk,18/09/2025,Active
CUS-12233,Garwood Dairy Holdings,TEM-11468-A,Food & Drink,Scotland,BRK-032,Priya Nairn,priya.nairn@garwooddairy.co.uk,2024-07-03,Active
CUS-12234,Zetland Tanning Holdings,TEM-44214-E,Healthcare,Wales,BRK-024,Aisha Grady,aisha.grady@zetlandtanning.co.uk,23/06/2022,Active
CUS-12235,Bramble Laundry Co,TEM-68433-A,Hospitality,South East,BRK-021,Aisha Mercer,aisha.mercer@bramblelaundry.co.uk,2025-01-06,Active
CUS-12236,Bramble Optics Holdings,TEM-36097-E,Education,Scotland,BRK-024,Sarah Pryce,sarah.pryce@brambleoptics.co.uk,2026-02-12,Active
CUS-12237,Applegarth Offices Limited,TEM-17652-C,Education,London,BRK-002,Nadia Quinn,nadia.quinn@applegarthoffi.co.uk,2023-01-25,Lost
CUS-12238,Fernhill Forge Ltd,TEM-79940-F,Manufacturing,Scotland,BRK-003,Amber Wren,amber.wren@fernhillforge.co.uk,27/05/2023,Lost
CUS-12239,Bexley Milling Holdings,TEM-10433-D,Logistics,Yorkshire,BRK-017,Nadia Wren,nadia.wren@bexleymilling.co.uk,2025-05-12,Active
CUS-12240,Applegarth Chandlery Co,TEM-56626-G,Leisure,South East,BRK-007,Callum MacLeod,callum.macleod@applegarthchan.co.uk,15/09/2023,Active
CUS-12241,Thackery Textiles,TEM-20022-F,Healthcare,East of England,BRK-010,Paula Underhill,paula.underhill@thackerytextil.co.uk,2022-06-01,Active
CUS-12242,Kingsmead Galvanising Limited,TEM-73156-C,Leisure,Wales,,Megan Osei,megan.osei@kingsmeadgalva.co.uk,22/05/2023,Active
CUS-12243,Umberside Print Limited,TEM-33390-F,Logistics,North West,BRK-023,Daniel Kaur,daniel.kaur@umbersideprint.co.uk,2024-08-21,Active
CUS-12244,Riverbank Forge,TEM-90137-C,Healthcare,South East,BRK-009,Anita Hale,anita.hale@riverbankforge.co.uk,2024-10-01,Active
CUS-12245,Eastbrook Garden Ltd,TEM-75125-F,Healthcare,London,BRK-033,Dev Patel,dev.patel@eastbrookgarde.co.uk,18/01/2025,Active
CUS-12246,Nettlebed Engineering Ltd,TEM-33731-F,Healthcare,Midlands,BRK-008,Ewan Ferris,ewan.ferris@nettlebedengin.co.uk,22/04/2022,Active
CUS-12247,Foxglove Dairy Co,TEM-44227-E,Leisure,Wales,BRK-033,Dev Grady,dev.grady@foxglovedairy.co.uk,05/06/2022,Active
CUS-12248,Zephyr Tanning Limited,TEM-30072-A,Manufacturing,London,BRK-012,Sanjay Doyle,sanjay.doyle@zephyrtanning.co.uk,2022-10-24,Dormant
CUS-12249,Yarrow Laundry Partners,TEM-25989-D,Leisure,Midlands,BRK-026,Sanjay Ellison,sanjay.ellison@yarrowlaundry.co.uk,2025-11-19,Active
CUS-12250,Norbury Catering & Sons,TEM-77025-C,Agriculture,South West,BRK-015,Aisha Yates,aisha.yates@norburycaterin.co.uk,22/10/2024,Lost
CUS-12251,Riverbank Logistics Holdings,TEM-78374-G,Manufacturing,London,,Nia Rowntree,nia.rowntree@riverbanklogis.co.uk,2024-08-10,Lost
CUS-12252,Yewtree Restaurants & Sons,TEM-39481-B,Retail,Scotland,BRK-033,Lewis Hansen,lewis.hansen@yewtreerestaur.co.uk,2022-08-16,Active
CUS-12253,Exmoor Salvage & Sons,TEM-31964-C,Logistics,Midlands,BRK-033,Aisha Nowak,aisha.nowak@exmoorsalvage.co.uk,2024-10-10,Active
CUS-12254,Yewtree Motors Holdings,TEM-79327-A,Hospitality,North East,,James Grady,james.grady@yewtreemotors.co.uk,29/09/2022,Active
CUS-12255,Garwood Cold Storage Ltd,TEM-13922-F,Professional Services,Wales,,Jack Ellison,jack.ellison@garwoodcoldsto.co.uk,20/03/2022,Lost
CUS-12256,Ironbridge Packaging,TEM-10275-C,Manufacturing,Yorkshire,BRK-023,Daniel Chowdhury,daniel.chowdhury@ironbridgepack.co.uk,2024-08-09,Lost
CUS-12257,Norbury Bookbinders Limited,TEM-85734-G,Agriculture,South East,BRK-022,Tom Ellison,tom.ellison@norburybookbin.co.uk,2022-11-28,Active
CUS-12258,Oakhurst Data Rooms Limited,TEM-43860-D,Retail,Scotland,BRK-019,Daniel Sutton,daniel.sutton@oakhurstdataro.co.uk,04/01/2024,Active
CUS-12259,Jarrow Marine Partners,TEM-79184-C,Manufacturing,South West,BRK-007,Kirsty Rowntree,kirsty.rowntree@jarrowmarine.co.uk,2023-07-02,Dormant
CUS-12260,Northgate Salvage (UK) Ltd,TEM-39236-C,Hospitality,Yorkshire,BRK-013,Ewan Kaur,ewan.kaur@northgatesalva.co.uk,2023-06-26,Active
CUS-12261,Silverbeck Breweries Group,TEM-87917-A,Education,Scotland,BRK-013,Oliver Sutton,oliver.sutton@silverbeckbrew.co.uk,2025-07-18,Active
CUS-12262,Riverbank Retail Partners,TEM-94475-B,Leisure,South West,BRK-026,Stefan Ellison,stefan.ellison@riverbankretai.co.uk,2024-06-10,Active
CUS-12263,Kelbrook Offices Limited,TEM-51371-C,Healthcare,South East,BRK-031,Grace Rowntree,grace.rowntree@kelbrookoffice.co.uk,07/10/2024,Active
CUS-12264,Cedar Schools (UK) Ltd,TEM-50111-C,Education,East of England,BRK-023,Stefan Underhill,stefan.underhill@cedarschools.co.uk,2023-12-28,Active
CUS-12265,Ravenscar Seafoods Holdings,TEM-36276-G,Education,London,BRK-005,Stefan Voss,stefan.voss@ravenscarseafo.co.uk,2023-12-30,Active
CUS-12266,Violetta Offices Ltd,TEM-80288-G,Leisure,North East,BRK-025,Omar Okafor,omar.okafor@violettaoffice.co.uk,14/10/2024,Active
CUS-12267,Zephyr Timber Ltd,TEM-86243-F,Food & Drink,South West,,Kirsty Iqbal,kirsty.iqbal@zephyrtimber.co.uk,04/08/2024,Active
CUS-12268,Fernhill Foundry,TEM-89708-G,Food & Drink,South East,BRK-002,Paula Tate,paula.tate@fernhillfoundr.co.uk,2025-05-27,Lost
CUS-12269,Harborne Print Partners,TEM-25847-A,Professional Services,North West,BRK-031,Zara Pryce,zara.pryce@harborneprint.co.uk,2025-07-10,Active
CUS-12270,Eastbrook Aggregates Partners,TEM-26429-A,Food & Drink,North East,BRK-007,Oliver Vance,oliver.vance@eastbrookaggre.co.uk,2025-08-25,Dormant
CUS-12271,Ottershaw Aggregates Group,TEM-81828-C,Manufacturing,Wales,BRK-034,Megan Iqbal,megan.iqbal@ottershawaggre.co.uk,2024-02-07,Active
CUS-12272,Tredegar Aggregates Ltd,TEM-98352-D,Retail,Wales,BRK-003,Dev Okafor,dev.okafor@tredegaraggreg.co.uk,07/01/2024,Lost
CUS-12273,Langmere Forge Ltd,TEM-86491-C,Hospitality,East of England,BRK-005,Nadia Kaur,nadia.kaur@langmereforge.co.uk,2024-05-26,Active
CUS-12274,Birchmoor Nurseries Co,TEM-58361-E,Hospitality,South West,BRK-004,Freya Iqbal,freya.iqbal@birchmoornurse.co.uk,23/07/2022,Active
CUS-12275,Gilded Galvanising Partners,TEM-69635-F,Education,London,BRK-019,Stefan Sharpe,stefan.sharpe@gildedgalvanis.co.uk,2025-01-01,Active
CUS-12276,Tanfield Laundry Limited,TEM-38178-E,Leisure,South West,,Sanjay Hansen,sanjay.hansen@tanfieldlaundr.co.uk,2024-09-22,Active
CUS-12277,Halewood Pharmacy Ltd,TEM-42349-B,Leisure,North East,BRK-033,Tom Doyle,tom.doyle@halewoodpharma.co.uk,2026-01-27,Active
CUS-12278,Dunmore Roofing & Sons,TEM-32023-G,Hospitality,Scotland,BRK-009,Amber Sharpe,amber.sharpe@dunmoreroofing.co.uk,06/07/2025,Active
CUS-12279,Northgate Data Rooms Group,TEM-33109-A,Logistics,Scotland,BRK-004,Freya Ferris,freya.ferris@northgatedatar.co.uk,2024-06-08,Active
CUS-12280,Torque Recycling Ltd,TEM-79804-G,Agriculture,North East,BRK-020,Chloe Iqbal,chloe.iqbal@torquerecyclin.co.uk,2023-07-31,Lost
CUS-12281,Oakhurst Care Co,TEM-27318-B,Agriculture,Midlands,BRK-017,Gareth Reid,gareth.reid@oakhurstcare.co.uk,2023-12-06,Active
CUS-12282,Garwood Forge (UK) Ltd,TEM-96331-F,Logistics,North East,BRK-017,Anita Tate,anita.tate@garwoodforge.co.uk,2025-11-30,Active
CUS-12283,Harborne Logistics,TEM-85474-G,Healthcare,South East,BRK-034,Zara Bright,zara.bright@harbornelogist.co.uk,10/11/2021,Active
CUS-12284,Bramble Aggregates & Sons,TEM-98040-G,Healthcare,North West,BRK-005,Paula Quinn,paula.quinn@brambleaggrega.co.uk,20/03/2023,Active
CUS-12285,Stanhope Marine Partners,TEM-17982-A,Healthcare,South East,BRK-018,Sarah Ferris,sarah.ferris@stanhopemarine.co.uk,2024-03-16,Active
CUS-12286,Jarrow Chandlery Co,TEM-16879-E,Hospitality,Yorkshire,BRK-013,Priya Hale,priya.hale@jarrowchandler.co.uk,26/09/2022,Active
CUS-12287,Thackery Recycling Ltd,TEM-71790-E,Retail,Scotland,BRK-013,Anita Grady,anita.grady@thackeryrecycl.co.uk,2025-05-20,Lost
CUS-12288,Quayside Textiles Co,TEM-43490-D,Education,Wales,BRK-035,Ryan Nairn,ryan.nairn@quaysidetextil.co.uk,2024-08-03,Active
CUS-12289,Atlas Bakehouse Partners,TEM-36916-D,Healthcare,South East,BRK-027,Fatima Ferris,fatima.ferris@atlasbakehouse.co.uk,20/10/2023,Active
CUS-12290,Selworthy Restaurants Group,TEM-72290-A,Hospitality,Midlands,BRK-030,Ryan Wren,ryan.wren@selworthyresta.co.uk,2024-10-21,Active
CUS-12291,Ironbridge Robotics,TEM-60121-D,Logistics,East of England,BRK-021,Omar Sutton,omar.sutton@ironbridgerobo.co.uk,27/10/2021,Active
CUS-12292,Orchard Galvanising,TEM-20411-G,Agriculture,London,BRK-022,Lewis Kaur,lewis.kaur@orchardgalvani.co.uk,2021-10-14,Active
CUS-12293,Zephyr Cold Storage Group,TEM-47682-D,Retail,Yorkshire,BRK-002,Stefan Wren,stefan.wren@zephyrcoldstor.co.uk,2022-03-25,Active
CUS-12294,Marlow Nurseries Partners,TEM-75166-E,Agriculture,South West,,Freya Ellison,freya.ellison@marlownurserie.co.uk,2022-06-08,Active
CUS-12295,Thackery Chandlery Ltd,TEM-65969-E,Healthcare,Scotland,BRK-022,Tom Keane,tom.keane@thackerychandl.co.uk,17/08/2025,Active
CUS-12296,Birchmoor Breweries,TEM-14457-B,Retail,Scotland,BRK-035,Chloe Rowntree,chloe.rowntree@birchmoorbrewe.co.uk,26/02/2024,Active
CUS-12297,Quarrington Fabrications Ltd,TEM-39115-B,Healthcare,Midlands,BRK-023,Callum Reid,callum.reid@quarringtonfab.co.uk,2023-09-07,Active
CUS-12298,Rosedale Veterinary,TEM-53300-E,Professional Services,Wales,BRK-030,Daniel Chowdhury,daniel.chowdhury@rosedaleveteri.co.uk,2023-01-25,Active
CUS-12299,Orchard Forge Limited,TEM-46857-E,Leisure,South East,BRK-016,Anita Hansen,anita.hansen@orchardforge.co.uk,24/12/2023,Active
CUS-12300,Yarrow Salvage Limited,TEM-97321-B,Retail,East of England,BRK-026,Dev Hale,dev.hale@yarrowsalvage.co.uk,14/10/2025,Active
CUS-12301,Quarrington Aquatics Partners,TEM-58644-D,Education,North West,BRK-001,Tom Chowdhury,tom.chowdhury@quarringtonaqu.co.uk,27/05/2025,Active
CUS-12302,Marlow Laundry Partners,TEM-37470-C,Healthcare,London,BRK-001,Ben Nowak,ben.nowak@marlowlaundry.co.uk,2024-04-25,Active
CUS-12303,Cranleigh Foundry Ltd,TEM-53106-A,Education,South West,BRK-015,Iona Kaur,iona.kaur@cranleighfound.co.uk,2024-04-28,Active
CUS-12304,Fernhill Robotics Co,TEM-28108-E,Hospitality,Wales,BRK-006,James Brooke,james.brooke@fernhillroboti.co.uk,2025-06-29,Active
CUS-12305,Bexley Recycling & Sons,TEM-76693-C,Healthcare,Yorkshire,,Marcus Grady,marcus.grady@bexleyrecyclin.co.uk,11/11/2025,Active
CUS-12306,Riverbank Joinery & Sons,TEM-61166-F,Retail,Yorkshire,BRK-025,Nia MacLeod,nia.macleod@riverbankjoine.co.uk,10/05/2024,Active
CUS-12307,Cranleigh Glassworks Co,TEM-56178-C,Education,South West,BRK-004,Ryan Patel,ryan.patel@cranleighglass.co.uk,22/09/2024,Active
CUS-12308,Ellerton Textiles,TEM-69317-F,Leisure,North West,BRK-029,Grace Bright,grace.bright@ellertontextil.co.uk,01/01/2022,Active
CUS-12309,Saltmarsh Catering Limited,TEM-59404-C,Hospitality,Midlands,BRK-032,Sarah Mercer,sarah.mercer@saltmarshcater.co.uk,2023-06-04,Active
CUS-12310,Ingleby Recycling Holdings,TEM-58153-A,Professional Services,Wales,BRK-008,Marcus Rowntree,marcus.rowntree@inglebyrecycli.co.uk,2023-06-19,Active
CUS-12311,Yewtree Bakehouse & Sons,TEM-13494-D,Healthcare,Yorkshire,,Dev Doyle,dev.doyle@yewtreebakehou.co.uk,29/04/2025,Lost
CUS-12312,Langmere Tanning Partners,TEM-51184-B,Food & Drink,Midlands,BRK-005,Sarah Lomax,sarah.lomax@langmeretannin.co.uk,2024-04-07,Active
CUS-12313,Norbury Scaffolding,TEM-27682-G,Retail,East of England,BRK-001,Tom Ferris,tom.ferris@norburyscaffol.co.uk,07/05/2025,Active
CUS-12314,Marlow Seafoods Co,TEM-79966-D,Healthcare,Scotland,BRK-021,Rhys Lomax,rhys.lomax@marlowseafoods.co.uk,2026-01-17,Lost
CUS-12315,Hatherley Cold Storage (UK) Ltd,TEM-68270-G,Retail,Yorkshire,BRK-035,Marcus Yates,marcus.yates@hatherleycolds.co.uk,15/09/2023,Active
CUS-12316,Whitethorn Galvanising Group,TEM-97760-F,Manufacturing,North East,,Holly Ellison,holly.ellison@whitethorngalv.co.uk,01/11/2021,Active
CUS-12317,Pemberley Print Ltd,TEM-59825-C,Manufacturing,North East,BRK-032,Callum Bright,callum.bright@pemberleyprint.co.uk,2022-01-07,Active
CUS-12318,Zephyr Galvanising Limited,TEM-95340-A,Education,South East,BRK-033,Omar Okafor,omar.okafor@zephyrgalvanis.co.uk,17/06/2024,Dormant
CUS-12319,Eastbrook Bakehouse Limited,TEM-16307-G,Retail,South West,,James Sutton,james.sutton@eastbrookbakeh.co.uk,2023-05-04,Active
CUS-12320,Nettlebed Upholstery Ltd,TEM-67477-B,Agriculture,South West,,Ben MacLeod,ben.macleod@nettlebeduphol.co.uk,2022-01-30,Active
CUS-12321,Birchmoor Logistics (UK) Ltd,TEM-91393-C,Education,South East,BRK-030,Jack Hansen,jack.hansen@birchmoorlogis.co.uk,16/12/2021,Active
CUS-12322,Denholm Padel Group,TEM-41674-A,Agriculture,Scotland,BRK-014,Tom Hansen,tom.hansen@denholmpadel.co.uk,2023-01-31,Active
CUS-12323,Silverbeck Cinemas Group,TEM-91782-G,Professional Services,Midlands,BRK-022,Chloe MacLeod,chloe.macleod@silverbeckcine.co.uk,09/10/2024,Active
CUS-12324,Padstow Hotels Co,TEM-79575-A,Education,Wales,BRK-004,Priya Nairn,priya.nairn@padstowhotels.co.uk,2025-10-02,Active
CUS-12325,Saltmarsh Farm Foods Holdings,TEM-86807-E,Healthcare,North East,BRK-019,Megan Nairn,megan.nairn@saltmarshfarmf.co.uk,05/11/2022,Dormant
CUS-12326,Zephyr Salvage Limited,TEM-98826-B,Food & Drink,Yorkshire,BRK-019,Tom Ellison,tom.ellison@zephyrsalvage.co.uk,2023-04-24,Active
CUS-12327,Padstow Care Limited,TEM-61295-B,Food & Drink,Midlands,BRK-019,Priya Yates,priya.yates@padstowcare.co.uk,2021-10-20,Active
CUS-12328,Kingsmead Laundry Ltd,TEM-63229-C,Leisure,North West,,Kirsty Osei,kirsty.osei@kingsmeadlaund.co.uk,2025-05-05,Active
CUS-12329,Eastbrook Optics Partners,TEM-55678-E,Food & Drink,Wales,BRK-023,Lucy Reid,lucy.reid@eastbrookoptic.co.uk,31/01/2023,Dormant
CUS-12330,Foxglove Restaurants Holdings,TEM-55531-E,Leisure,Wales,BRK-033,Craig Okafor,craig.okafor@foxgloverestau.co.uk,2023-11-26,Active
CUS-12331,Padstow Scaffolding Group,TEM-59550-E,Manufacturing,Midlands,BRK-030,Daniel Whitfield,daniel.whitfield@padstowscaffol.co.uk,2024-02-17,Lost
CUS-12332,Quenington Textiles Co,TEM-91261-D,Agriculture,Midlands,BRK-013,Dev Pryce,dev.pryce@queningtontext.co.uk,2022-08-01,Active
CUS-12333,Atlas Bookbinders Ltd,TEM-63193-E,Professional Services,Scotland,BRK-031,Ryan Hansen,ryan.hansen@atlasbookbinde.co.uk,17/04/2024,Active
CUS-12334,Farrier Scaffolding Partners,TEM-36966-B,Leisure,London,BRK-007,Tom Ferris,tom.ferris@farrierscaffol.co.uk,24/08/2025,Active
CUS-12335,Quenington Pharmacy (UK) Ltd,TEM-18204-D,Manufacturing,London,BRK-026,Daniel Frost,daniel.frost@queningtonphar.co.uk,03/09/2022,Active
CUS-12336,Cobalt Coachworks Ltd,TEM-52342-D,Healthcare,Midlands,BRK-011,Peter Sharpe,peter.sharpe@cobaltcoachwor.co.uk,08/09/2024,Active
CUS-12337,Larkspur Veterinary,TEM-72413-C,Manufacturing,Scotland,BRK-019,Noel Reid,noel.reid@larkspurveteri.co.uk,2023-10-21,Lost
CUS-12338,Violetta Bookbinders & Sons,TEM-71754-B,Manufacturing,East of England,BRK-021,Nia Yates,nia.yates@violettabookbi.co.uk,08/10/2022,Active
CUS-12339,Whitethorn Ice Cream Co,TEM-78285-F,Education,North West,BRK-034,Jack Pryce,jack.pryce@whitethornicec.co.uk,17/03/2023,Active
CUS-12340,Merrivale Precision & Sons,TEM-54260-F,Manufacturing,Wales,BRK-004,Anita Ferris,anita.ferris@merrivalepreci.co.uk,17/10/2024,Active
CUS-12341,Northgate Pharmacy Group,TEM-73259-A,Education,London,BRK-028,Ewan Whitfield,ewan.whitfield@northgatepharm.co.uk,27/10/2022,Active
CUS-12342,Yewtree Padel & Sons,TEM-56305-G,Education,Scotland,BRK-007,Marcus Doyle,marcus.doyle@yewtreepadel.co.uk,2025-11-13,Lost
CUS-12343,Tredegar Restaurants Ltd,TEM-42988-A,Retail,Yorkshire,BRK-005,Zara Bright,zara.bright@tredegarrestau.co.uk,11/09/2025,Dormant
CUS-12344,Jespersen Leisure (UK) Ltd,TEM-48683-G,Food & Drink,North West,BRK-026,Anita Voss,anita.voss@jespersenleisu.co.uk,11/10/2021,Active
CUS-12345,Ashcombe Timber Ltd,TEM-97781-F,Retail,Scotland,BRK-011,Grace Kaur,grace.kaur@ashcombetimber.co.uk,2024-08-27,Active
CUS-12346,Selworthy Laundry Ltd,TEM-62986-G,Retail,Wales,BRK-029,Paula Brooke,paula.brooke@selworthylaund.co.uk,19/07/2023,Lost
CUS-12347,Verity Nurseries Ltd,TEM-30008-F,Education,East of England,BRK-016,Peter Lomax,peter.lomax@veritynurserie.co.uk,02/02/2022,Active
CUS-12348,Ellerton Bakehouse Limited,TEM-40123-E,Retail,North East,BRK-030,Zara Bright,zara.bright@ellertonbakeho.co.uk,25/10/2025,Active
CUS-12349,Ravenscar Recycling,TEM-47366-C,Hospitality,North West,BRK-030,Jack Voss,jack.voss@ravenscarrecyc.co.uk,2021-10-19,Active
CUS-12350,Stanhope Milling Group,TEM-53422-F,Professional Services,South West,BRK-012,Nadia Patel,nadia.patel@stanhopemillin.co.uk,15/07/2025,Active
CUS-12351,Quarrington Aquatics Limited,TEM-61827-C,Retail,North West,BRK-018,Sarah Nairn,sarah.nairn@quarringtonaqu.co.uk,2023-11-15,Active
CUS-12352,Millpond Packaging Ltd,TEM-67619-F,Leisure,Yorkshire,BRK-035,Gareth Osei,gareth.osei@millpondpackag.co.uk,11/01/2023,Dormant
CUS-12353,Thackery Bookbinders Holdings,TEM-71875-F,Manufacturing,London,,Gareth Whitfield,gareth.whitfield@thackerybookbi.co.uk,2023-01-03,Active
CUS-12354,Zephyr Catering Partners,TEM-45123-E,Leisure,North East,BRK-028,Tom Quinn,tom.quinn@zephyrcatering.co.uk,2026-01-25,Active
CUS-12355,Exmoor Cold Storage Limited,TEM-17354-A,Food & Drink,Midlands,BRK-014,Dev Mercer,dev.mercer@exmoorcoldstor.co.uk,02/07/2025,Active
CUS-12356,Hollybush Farm Foods Partners,TEM-29880-D,Leisure,Yorkshire,,Iona Mercer,iona.mercer@hollybushfarmf.co.uk,26/03/2022,Active
CUS-12357,Larkspur Veterinary Holdings,TEM-74200-F,Manufacturing,London,BRK-019,Jack Yates,jack.yates@larkspurveteri.co.uk,2025-01-16,Active
CUS-12358,Merrivale Robotics & Sons,TEM-90327-B,Hospitality,North West,BRK-015,Paula Marsh,paula.marsh@merrivalerobot.co.uk,2025-06-21,Lost
CUS-12359,Maplin Scaffolding & Sons,TEM-40655-F,Manufacturing,Midlands,BRK-025,Fatima Grady,fatima.grady@maplinscaffold.co.uk,08/08/2024,Active
CUS-12360,Exmoor Schools (UK) Ltd,TEM-38607-F,Logistics,East of England,BRK-025,Sanjay Ferris,sanjay.ferris@exmoorschools.co.uk,24/11/2023,Lost
CUS-12361,Padstow Milling,TEM-70942-C,Hospitality,Wales,BRK-013,Nia Voss,nia.voss@padstowmilling.co.uk,2023-04-21,Lost
CUS-12362,Cranleigh Care (UK) Ltd,TEM-28195-G,Manufacturing,Wales,BRK-020,Gareth Nowak,gareth.nowak@cranleighcare.co.uk,22/01/2026,Dormant
CUS-12363,Marlow Optics & Sons,TEM-82690-C,Food & Drink,Wales,BRK-021,Lewis Ogden,lewis.ogden@marlowoptics.co.uk,2021-11-17,Active
CUS-12364,Ravenscar Robotics Holdings,TEM-31675-F,Healthcare,North West,BRK-030,Sanjay MacLeod,sanjay.macleod@ravenscarrobot.co.uk,08/03/2023,Active
CUS-12365,Ashcombe Ice Cream (UK) Ltd,TEM-76465-G,Logistics,Yorkshire,BRK-005,Marcus Jennings,marcus.jennings@ashcombeicecre.co.uk,2024-10-03,Active
CUS-12366,Zephyr Milling Holdings,TEM-55852-C,Logistics,North West,,Ben Hale,ben.hale@zephyrmilling.co.uk,2022-01-27,Active
CUS-12367,Eastbrook Farm Foods & Sons,TEM-69849-D,Manufacturing,London,BRK-035,Gareth Hansen,gareth.hansen@eastbrookfarmf.co.uk,27/02/2024,Active
CUS-12368,Kelbrook Plastics Co,TEM-47621-A,Healthcare,South East,BRK-017,Jack Kaur,jack.kaur@kelbrookplasti.co.uk,2022-09-03,Active
CUS-12369,Denholm Breweries (UK) Ltd,TEM-75615-E,Professional Services,Yorkshire,BRK-008,Aisha Jennings,aisha.jennings@denholmbreweri.co.uk,21/10/2023,Lost
CUS-12370,Garwood Dairy Ltd,TEM-34584-D,Retail,Wales,BRK-030,Rhys Kaur,rhys.kaur@garwooddairy.co.uk,25/10/2022,Active
CUS-12371,Oakhurst Hotels Limited,TEM-57282-D,Manufacturing,Wales,BRK-034,Anita Okafor,anita.okafor@oakhursthotels.co.uk,03/01/2023,Active
CUS-12372,Dunmore Dairy Co,TEM-74411-C,Food & Drink,South West,BRK-018,Jack Doyle,jack.doyle@dunmoredairy.co.uk,07/11/2023,Active
CUS-12373,Kingsmead Timber,TEM-48324-E,Retail,Wales,BRK-019,Nadia MacLeod,nadia.macleod@kingsmeadtimbe.co.uk,2024-06-16,Active
CUS-12374,Cobalt Seafoods Limited,TEM-69326-A,Leisure,Wales,,Rhys Brooke,rhys.brooke@cobaltseafoods.co.uk,2026-01-09,Active
CUS-12375,Cedar Data Rooms Ltd,TEM-14892-F,Retail,South West,BRK-001,Jack Sutton,jack.sutton@cedardatarooms.co.uk,2024-11-29,Active
CUS-12376,Redwing Data Rooms Limited,TEM-35790-E,Leisure,Scotland,BRK-003,Ryan Tate,ryan.tate@redwingdataroo.co.uk,2024-09-19,Active
CUS-12377,Eastbrook Motors Ltd,TEM-12952-C,Education,North West,BRK-020,Sarah Reid,sarah.reid@eastbrookmotor.co.uk,2024-07-13,Active
CUS-12378,Bexley Schools (UK) Ltd,TEM-33593-A,Logistics,Midlands,BRK-023,Grace Grady,grace.grady@bexleyschools.co.uk,03/10/2025,Active
CUS-12379,Nettlebed Laundry Group,TEM-63736-A,Retail,Wales,BRK-001,Iona Iqbal,iona.iqbal@nettlebedlaund.co.uk,2023-07-06,Active
CUS-12380,Thackery Aggregates Ltd,TEM-95833-B,Logistics,London,BRK-012,Sarah Nowak,sarah.nowak@thackeryaggreg.co.uk,05/08/2023,Active
CUS-12381,Stanhope Farm Foods Ltd,TEM-58506-F,Logistics,North West,BRK-011,Stefan Nowak,stefan.nowak@stanhopefarmfo.co.uk,02/01/2022,Active
CUS-12382,Garwood Aquatics,TEM-67517-E,Logistics,Midlands,BRK-025,Holly Brooke,holly.brooke@garwoodaquatic.co.uk,22/12/2023,Active
CUS-12383,Halewood Pharmacy (UK) Ltd,TEM-95453-G,Manufacturing,London,BRK-016,Holly MacLeod,holly.macleod@halewoodpharma.co.uk,2023-01-20,Lost
CUS-12384,Umberside Data Rooms Ltd,TEM-26434-E,Healthcare,South West,BRK-014,Craig Ferris,craig.ferris@umbersidedatar.co.uk,21/12/2022,Active
CUS-12385,Pemberley Galvanising (UK) Ltd,TEM-90765-C,Education,North East,,Gareth Iqbal,gareth.iqbal@pemberleygalva.co.uk,2024-04-03,Active
CUS-12386,Ashcombe Packaging Partners,TEM-70983-E,Retail,South West,BRK-034,Emily Hale,emily.hale@ashcombepackag.co.uk,2022-04-04,Active
CUS-12387,Ashcombe Milling Ltd,TEM-99505-F,Hospitality,North East,BRK-034,Freya Ogden,freya.ogden@ashcombemillin.co.uk,2024-09-29,Lost
CUS-12388,Fernhill Maltings Ltd,TEM-31505-C,Hospitality,Yorkshire,BRK-019,Marcus Voss,marcus.voss@fernhillmaltin.co.uk,17/11/2023,Active
CUS-12389,Oakhurst Logistics & Sons,TEM-34514-F,Hospitality,North West,BRK-032,Megan Chowdhury,megan.chowdhury@oakhurstlogist.co.uk,2022-05-21,Active
CUS-12390,Ravenscar Bookbinders Limited,TEM-57690-A,Food & Drink,North West,,Dev Patel,dev.patel@ravenscarbookb.co.uk,2023-04-19,Lost
CUS-12391,Torque Foundry Ltd,TEM-86962-C,Professional Services,North East,BRK-031,Tara Vance,tara.vance@torquefoundry.co.uk,2025-10-24,Dormant
CUS-12392,Bexley Timber (UK) Ltd,TEM-10546-B,Professional Services,South East,BRK-002,Amber Voss,amber.voss@bexleytimber.co.uk,04/05/2025,Active
CUS-12393,Whitethorn Packaging,TEM-35727-F,Leisure,Midlands,BRK-004,Ewan Whitfield,ewan.whitfield@whitethornpack.co.uk,2025-10-02,Active
CUS-12394,Selworthy Leisure Holdings,TEM-30687-G,Logistics,North West,BRK-021,Priya Wren,priya.wren@selworthyleisu.co.uk,04/09/2024,Lost
CUS-12395,Garwood Hotels (UK) Ltd,TEM-76867-B,Manufacturing,North East,BRK-008,Nia Yates,nia.yates@garwoodhotels.co.uk,01/01/2025,Active
CUS-12396,Lowther Aggregates Co,TEM-55205-G,Food & Drink,South West,BRK-028,Aisha Pryce,aisha.pryce@lowtheraggrega.co.uk,09/07/2025,Lost
CUS-12397,Dunmore Print & Sons,TEM-42456-F,Professional Services,Wales,BRK-034,Tom Lomax,tom.lomax@dunmoreprint.co.uk,2025-06-05,Active
CUS-12398,Marlow Engineering Holdings,TEM-63676-G,Food & Drink,Wales,BRK-025,Callum Doyle,callum.doyle@marlowengineer.co.uk,2022-08-17,Lost
CUS-12399,Ottershaw Data Rooms (UK) Ltd,TEM-38145-E,Food & Drink,Yorkshire,BRK-030,Kirsty Bright,kirsty.bright@ottershawdatar.co.uk,04/12/2024,Active
CUS-12400,Ullswater Catering Partners,TEM-47318-G,Food & Drink,Scotland,BRK-032,Megan Ferris,megan.ferris@ullswatercater.co.uk,2022-03-25,Lost
CUS-12401,Rosedale Scaffolding (UK) Ltd,TEM-47886-D,Food & Drink,South East,BRK-022,Tara MacLeod,tara.macleod@rosedalescaffo.co.uk,2024-01-14,Active
CUS-12402,Elmwood Studios Ltd,TEM-97036-G,Professional Services,Yorkshire,BRK-025,Sarah Ellison,sarah.ellison@elmwoodstudios.co.uk,24/10/2024,Lost
CUS-12403,Atlas Offices Co,TEM-74884-B,Hospitality,North East,,Grace Reid,grace.reid@atlasoffices.co.uk,18/11/2023,Lost
CUS-12404,Wrenfield Coachworks Ltd,TEM-51629-A,Leisure,South East,BRK-023,Ryan Marsh,ryan.marsh@wrenfieldcoach.co.uk,2022-09-12,Lost
CUS-12405,Ingleby Seafoods & Sons,TEM-24433-A,Manufacturing,Midlands,BRK-023,Lucy Ogden,lucy.ogden@inglebyseafood.co.uk,09/12/2021,Active
CUS-12406,Kelbrook Cold Storage Limited,TEM-69429-F,Healthcare,Yorkshire,,Aisha Jennings,aisha.jennings@kelbrookcoldst.co.uk,2023-07-25,Active
CUS-12407,Kingsmead Precision Partners,TEM-49327-G,Education,South West,BRK-006,Megan Ferris,megan.ferris@kingsmeadpreci.co.uk,2024-06-04,Active
CUS-12408,Merrivale Leisure & Sons,TEM-56804-G,Education,London,BRK-017,Grace Hansen,grace.hansen@merrivaleleisu.co.uk,2024-10-12,Active
CUS-12409,Ottershaw Ice Cream Co,TEM-69696-E,Education,London,BRK-003,Tara Mercer,tara.mercer@ottershawicecr.co.uk,27/01/2026,Active
CUS-12410,Yarrow Upholstery Ltd,TEM-81197-A,Logistics,London,BRK-008,Craig Tate,craig.tate@yarrowupholste.co.uk,2023-01-11,Active
CUS-12411,Ashcombe Engineering (UK) Ltd,TEM-56559-C,Retail,London,BRK-034,Ewan Doyle,ewan.doyle@ashcombeengine.co.uk,2023-10-12,Active
CUS-12412,Zephyr Data Rooms Ltd,TEM-42828-E,Food & Drink,Wales,BRK-007,Zara Reid,zara.reid@zephyrdataroom.co.uk,12/08/2023,Dormant
CUS-12413,Padstow Breweries & Sons,TEM-27309-G,Manufacturing,East of England,BRK-001,Iona Nairn,iona.nairn@padstowbreweri.co.uk,02/06/2023,Lost
CUS-12414,Ivybridge Upholstery Partners,TEM-48789-E,Hospitality,South East,BRK-034,Tara Tate,tara.tate@ivybridgeuphol.co.uk,08/11/2024,Active
CUS-12415,Ellerton Laundry (UK) Ltd,TEM-20149-A,Education,East of England,BRK-006,Sanjay Brooke,sanjay.brooke@ellertonlaundr.co.uk,2022-01-26,Active
CUS-12416,Umberside Marine Ltd,TEM-13632-A,Manufacturing,East of England,BRK-020,Ryan Mercer,ryan.mercer@umbersidemarin.co.uk,13/07/2023,Active
CUS-12417,Whitethorn Chandlery Limited,TEM-67496-F,Hospitality,North East,BRK-022,Dev Chowdhury,dev.chowdhury@whitethornchan.co.uk,2022-06-09,Active
CUS-12418,Ivybridge Dairy Partners,TEM-47347-G,Healthcare,South East,BRK-020,Noel Patel,noel.patel@ivybridgedairy.co.uk,2024-09-06,Active
CUS-12419,Rosedale Upholstery Group,TEM-88988-A,Leisure,South East,BRK-032,Emily Okafor,emily.okafor@rosedaleuphols.co.uk,19/12/2025,Active
CUS-12420,Quayside Logistics Group,TEM-22019-F,Hospitality,South East,BRK-010,Gareth Tate,gareth.tate@quaysidelogist.co.uk,2022-08-06,Active
CUS-12421,Silverbeck Breweries Partners,TEM-88978-C,Hospitality,Scotland,BRK-006,Nadia Wren,nadia.wren@silverbeckbrew.co.uk,2024-06-05,Active
CUS-12422,Cedar Aquatics Group,TEM-36320-A,Healthcare,Midlands,BRK-023,Nia Okafor,nia.okafor@cedaraquatics.co.uk,2022-08-16,Active
CUS-12423,Birchmoor Laundry Ltd,TEM-17261-F,Manufacturing,South West,BRK-033,Emily Brooke,emily.brooke@birchmoorlaund.co.uk,18/07/2024,Active
CUS-12424,Saltmarsh Cinemas Holdings,TEM-44631-G,Manufacturing,North East,BRK-006,Oliver Osei,oliver.osei@saltmarshcinem.co.uk,08/08/2023,Active
CUS-12425,Kestrel Scaffolding Ltd,TEM-37460-G,Professional Services,North West,BRK-016,Oliver Lomax,oliver.lomax@kestrelscaffol.co.uk,2023-03-02,Active
CUS-12426,Farrier Distillery Limited,TEM-50867-C,Manufacturing,East of England,BRK-019,Tara Whitfield,tara.whitfield@farrierdistill.co.uk,04/03/2025,Dormant
CUS-12427,Saltmarsh Aquatics Co,TEM-16689-G,Education,South West,BRK-001,Stefan Sharpe,stefan.sharpe@saltmarshaquat.co.uk,2022-07-29,Active
CUS-12428,Denholm Pharmacy Limited,TEM-88231-B,Food & Drink,South West,BRK-007,Gareth Yates,gareth.yates@denholmpharmac.co.uk,2022-10-31,Active
CUS-12429,Kingsmead Garden,TEM-34349-A,Hospitality,Wales,,Paula Iqbal,paula.iqbal@kingsmeadgarde.co.uk,2024-01-24,Active
CUS-12430,Tanfield Engineering Ltd,TEM-73957-F,Retail,Wales,BRK-012,Rhys Ogden,rhys.ogden@tanfieldengine.co.uk,22/08/2025,Lost
CUS-12431,Pennine Robotics Holdings,TEM-19028-D,Professional Services,North West,BRK-035,Sanjay Rowntree,sanjay.rowntree@penninerobotic.co.uk,11/08/2022,Active
CUS-12432,Bramble Joinery Group,TEM-30192-B,Professional Services,Yorkshire,BRK-003,Megan Iqbal,megan.iqbal@bramblejoinery.co.uk,2022-02-11,Active
CUS-12433,Whitethorn Veterinary Co,TEM-57076-F,Logistics,South East,BRK-022,Oliver Doyle,oliver.doyle@whitethornvete.co.uk,2022-08-23,Active
CUS-12434,Ravenscar Cold Storage Partners,TEM-69631-E,Manufacturing,South West,BRK-003,Aisha Quinn,aisha.quinn@ravenscarcolds.co.uk,2023-01-10,Lost
CUS-12435,Maplin Marine Ltd,TEM-72593-E,Professional Services,South East,BRK-015,Anita Tate,anita.tate@maplinmarine.co.uk,01/07/2024,Active
CUS-12436,Padstow Schools Limited,TEM-38022-G,Education,East of England,BRK-032,Noel Vance,noel.vance@padstowschools.co.uk,29/08/2022,Active
CUS-12437,Selworthy Data Rooms Group,TEM-76911-G,Logistics,Scotland,BRK-033,Callum Jennings,callum.jennings@selworthydatar.co.uk,2023-05-14,Active
CUS-12438,Nettlebed Robotics Group,TEM-99878-C,Education,Yorkshire,BRK-030,Emily Iqbal,emily.iqbal@nettlebedrobot.co.uk,2025-07-21,Active
CUS-12439,Denholm Tanning,TEM-27740-E,Retail,East of England,BRK-016,Sarah Sharpe,sarah.sharpe@denholmtanning.co.uk,2024-01-09,Active
CUS-12440,Ingleby Catering (UK) Ltd,TEM-44486-E,Agriculture,South East,BRK-033,Zara Marsh,zara.marsh@inglebycaterin.co.uk,2025-07-05,Active
CUS-12441,Cobalt Fabrications Ltd,TEM-36208-C,Manufacturing,East of England,BRK-017,Ben Kaur,ben.kaur@cobaltfabricat.co.uk,10/01/2026,Lost
CUS-12442,Hatherley Catering & Sons,TEM-51844-D,Professional Services,Yorkshire,BRK-002,Chloe Hale,chloe.hale@hatherleycater.co.uk,2023-09-17,Active
CUS-12443,Denholm Milling Co,TEM-27951-F,Healthcare,Midlands,BRK-010,Iona Underhill,iona.underhill@denholmmilling.co.uk,2025-03-10,Active
CUS-12444,Padstow Tanning & Sons,TEM-34453-F,Retail,South West,BRK-019,Oliver Reid,oliver.reid@padstowtanning.co.uk,18/02/2025,Active
CUS-12445,Kestrel Engineering (UK) Ltd,TEM-71094-B,Logistics,London,BRK-006,Daniel Reid,daniel.reid@kestrelenginee.co.uk,2023-10-02,Active
CUS-12446,Halewood Bookbinders Ltd,TEM-22333-E,Manufacturing,North East,BRK-028,Peter Ogden,peter.ogden@halewoodbookbi.co.uk,2025-01-19,Active
CUS-12447,Marlow Care Holdings,TEM-51357-G,Professional Services,North West,,Emily Pryce,emily.pryce@marlowcare.co.uk,07/10/2025,Active
CUS-12448,Ashcombe Gym Co,TEM-74055-B,Education,Scotland,,Priya Sharpe,priya.sharpe@ashcombegym.co.uk,26/10/2021,Active
CUS-12449,Quenington Motors Partners,TEM-36951-E,Agriculture,East of England,,Dev Rowntree,dev.rowntree@queningtonmoto.co.uk,18/11/2023,Active
CUS-12450,Harborne Chandlery Partners,TEM-33990-E,Education,Midlands,,Aisha Hale,aisha.hale@harbornechandl.co.uk,2023-07-31,Active
CUS-12451,Yarrow Roofing Holdings,TEM-96253-A,Retail,Wales,,Nadia Brooke,nadia.brooke@yarrowroofing.co.uk,22/03/2024,Active
CUS-12452,Merrivale Laundry Holdings,TEM-48269-D,Food & Drink,Wales,BRK-006,Ben Lomax,ben.lomax@merrivalelaund.co.uk,2025-04-28,Active
CUS-12453,Ottershaw Logistics Ltd,TEM-43560-B,Leisure,East of England,BRK-003,Gareth Underhill,gareth.underhill@ottershawlogis.co.uk,2023-01-16,Active
CUS-12454,Saltmarsh Robotics & Sons,TEM-46222-C,Manufacturing,Wales,BRK-016,Omar Nairn,omar.nairn@saltmarshrobot.co.uk,2024-12-23,Active
CUS-12455,Saltmarsh Data Rooms Ltd,TEM-55393-E,Education,Yorkshire,,Daniel Ogden,daniel.ogden@saltmarshdatar.co.uk,2021-10-25,Lost
CUS-12456,Millpond Glassworks Ltd,TEM-63513-G,Hospitality,Midlands,BRK-014,Fatima Hale,fatima.hale@millpondglassw.co.uk,02/02/2024,Lost
CUS-12457,Silverbeck Fabrications Partners,TEM-94994-B,Hospitality,East of England,BRK-017,Grace Reid,grace.reid@silverbeckfabr.co.uk,2023-05-28,Active
CUS-12458,Applegarth Salvage Limited,TEM-55389-C,Hospitality,Yorkshire,,Fatima Nowak,fatima.nowak@applegarthsalv.co.uk,2024-09-02,Active
CUS-12459,Tredegar Padel Group,TEM-77627-E,Education,Yorkshire,BRK-035,Omar Brooke,omar.brooke@tredegarpadel.co.uk,11/11/2022,Active
CUS-12460,Langmere Packaging & Sons,TEM-48989-C,Leisure,Yorkshire,BRK-029,Dev Whitfield,dev.whitfield@langmerepackag.co.uk,18/10/2025,Active
CUS-12461,Maplin Hotels Group,TEM-41425-G,Leisure,North West,,Sarah Pryce,sarah.pryce@maplinhotels.co.uk,2024-07-11,Lost
CUS-12462,Torque Foundry,TEM-72880-F,Food & Drink,North East,BRK-009,Emily Osei,emily.osei@torquefoundry.co.uk,09/12/2021,Lost
CUS-12463,Zetland Aggregates Co,TEM-30371-C,Logistics,North East,,Kirsty Yates,kirsty.yates@zetlandaggrega.co.uk,2022-11-21,Active
CUS-12464,Cranleigh Milling Ltd,TEM-13441-G,Food & Drink,North West,,Noel Frost,noel.frost@cranleighmilli.co.uk,19/12/2025,Lost
CUS-12465,Padstow Plastics Partners,TEM-13743-C,Manufacturing,North West,,Grace Whitfield,grace.whitfield@padstowplastic.co.uk,2024-07-17,Active
CUS-12466,Hatherley Robotics Limited,TEM-74973-E,Leisure,East of England,,Amber Lomax,amber.lomax@hatherleyrobot.co.uk,31/08/2022,Active
CUS-12467,Westcliff Timber Group,TEM-90905-A,Hospitality,North East,,James Pryce,james.pryce@westclifftimbe.co.uk,30/03/2023,Active
CUS-12468,Farrier Aggregates Ltd,TEM-76237-A,Professional Services,Wales,BRK-035,Amber Keane,amber.keane@farrieraggrega.co.uk,16/04/2023,Active
CUS-12469,Garwood Cinemas Holdings,TEM-56648-C,Hospitality,Midlands,BRK-006,Zara Sharpe,zara.sharpe@garwoodcinemas.co.uk,2025-10-24,Active
CUS-12470,Quenington Hotels Holdings,TEM-26197-F,Agriculture,South East,,Lucy Frost,lucy.frost@queningtonhote.co.uk,17/07/2024,Active
CUS-12471,Ullswater Dairy,TEM-10138-G,Logistics,South West,,Jack Bright,jack.bright@ullswaterdairy.co.uk,2025-08-31,Active
CUS-12472,Farrier Galvanising,TEM-88083-D,Education,Wales,BRK-032,Freya Vance,freya.vance@farriergalvani.co.uk,2024-01-08,Active
CUS-12473,Ottershaw Veterinary & Sons,TEM-85135-E,Leisure,North West,BRK-013,Jack Voss,jack.voss@ottershawveter.co.uk,2024-03-26,Active
CUS-12474,Zephyr Restaurants & Sons,TEM-65805-B,Manufacturing,South East,BRK-006,Chloe Keane,chloe.keane@zephyrrestaura.co.uk,2024-07-18,Active
CUS-12475,Cobalt Motors Limited,TEM-76552-A,Hospitality,South East,BRK-019,Zara Keane,zara.keane@cobaltmotors.co.uk,2022-12-18,Active
CUS-12476,Pemberley Roofing Group,TEM-36166-E,Healthcare,South West,BRK-010,Tara Jennings,tara.jennings@pemberleyroofi.co.uk,30/09/2022,Lost
CUS-12477,Farrier Veterinary Holdings,TEM-34307-F,Professional Services,North East,BRK-024,Gareth Rowntree,gareth.rowntree@farrierveterin.co.uk,12/02/2023,Active
CUS-12478,Harborne Fabrications & Sons,TEM-31375-D,Retail,East of England,BRK-022,Tom Hansen,tom.hansen@harbornefabric.co.uk,2022-07-24,Active
CUS-12479,Quarrington Laundry Ltd,TEM-79456-D,Food & Drink,Yorkshire,BRK-025,Zara Wren,zara.wren@quarringtonlau.co.uk,2023-05-02,Active
CUS-12480,Jarrow Catering Ltd,TEM-11544-G,Professional Services,Scotland,BRK-030,Paula Underhill,paula.underhill@jarrowcatering.co.uk,09/07/2022,Active
CUS-12481,Kingsmead Bakehouse,TEM-13058-E,Hospitality,Midlands,BRK-015,Callum Vance,callum.vance@kingsmeadbakeh.co.uk,2025-02-07,Lost
CUS-12482,Padstow Joinery (UK) Ltd,TEM-35919-D,Education,Midlands,BRK-017,Lewis Ogden,lewis.ogden@padstowjoinery.co.uk,30/07/2025,Lost
CUS-12483,Kestrel Glassworks Limited,TEM-45568-A,Retail,South East,BRK-033,Daniel Bright,daniel.bright@kestrelglasswo.co.uk,2025-07-30,Active
CUS-12484,Thackery Salvage Holdings,TEM-59506-D,Healthcare,East of England,BRK-014,Dev Reid,dev.reid@thackerysalvag.co.uk,15/02/2024,Dormant
CUS-12485,Ingleby Studios (UK) Ltd,TEM-52812-F,Logistics,South West,BRK-027,Sanjay Pryce,sanjay.pryce@inglebystudios.co.uk,05/09/2023,Active
CUS-12486,Lowther Joinery (UK) Ltd,TEM-67900-C,Professional Services,Midlands,BRK-024,Amber Vance,amber.vance@lowtherjoinery.co.uk,2023-05-13,Active
CUS-12487,Hollybush Restaurants,TEM-80572-B,Retail,East of England,BRK-005,Sarah Ellison,sarah.ellison@hollybushresta.co.uk,2024-04-02,Active
CUS-12488,Millpond Gym Co,TEM-40983-A,Leisure,South West,,Omar Reid,omar.reid@millpondgym.co.uk,2022-03-11,Active
CUS-12489,Marlow Precision Holdings,TEM-78267-F,Leisure,Midlands,BRK-002,Nia Mercer,nia.mercer@marlowprecisio.co.uk,14/01/2022,Active
CUS-12490,Zetland Textiles & Sons,TEM-67969-G,Hospitality,London,BRK-028,Marcus Sutton,marcus.sutton@zetlandtextile.co.uk,01/03/2022,Active
CUS-12491,Whitethorn Textiles Group,TEM-71049-G,Food & Drink,Yorkshire,BRK-027,Sarah Hansen,sarah.hansen@whitethorntext.co.uk,2022-03-31,Active
CUS-12492,Cobalt Veterinary Limited,TEM-15559-C,Hospitality,South East,,Tara Brooke,tara.brooke@cobaltveterina.co.uk,27/12/2024,Active
CUS-12493,Summerton Retail Ltd,TEM-41950-D,Food & Drink,Yorkshire,BRK-014,Callum Okafor,callum.okafor@summertonretai.co.uk,2022-07-05,Active
CUS-12494,Garwood Milling Ltd,TEM-38976-E,Logistics,Wales,BRK-023,Amber Yates,amber.yates@garwoodmilling.co.uk,2025-07-16,Active
CUS-12495,Lighthouse Hotels & Sons,TEM-96767-C,Leisure,South East,BRK-028,Kirsty Jennings,kirsty.jennings@lighthousehote.co.uk,20/07/2023,Active
CUS-12496,Cedar Motors Partners,TEM-80125-E,Hospitality,North West,BRK-025,Tara Sutton,tara.sutton@cedarmotors.co.uk,2022-03-04,Active
CUS-12497,Maplin Restaurants Ltd,TEM-36646-F,Education,South West,BRK-013,Amber Sharpe,amber.sharpe@maplinrestaura.co.uk,15/08/2023,Active
CUS-12498,Ellerton Fabrications Ltd,TEM-11458-B,Leisure,North East,BRK-009,Dev Doyle,dev.doyle@ellertonfabric.co.uk,14/01/2022,Active
CUS-12499,Ravenscar Kennels & Sons,TEM-22866-C,Hospitality,Yorkshire,BRK-003,Sanjay Jennings,sanjay.jennings@ravenscarkenne.co.uk,26/12/2025,Active
