response_id,survey_date,respondent_email,score_0_10,comment
NPS-51493,2026-03-29,tara.marsh@kelbrooktimber.co.uk,8,Love the transparency
NPS-50738,15/11/2025,tom.ellison@zephyrsalvage.co.uk,8,"Savings are real, service is quick"
NPS-50772,17/12/2025,peter.voss@ashcombebakeho.co.uk,7,Billing took too long to fix
NPS-50155,30/03/2026,callum.hale@cedarrecycling.com,10,
NPS-50938,05/05/2026,grace.okafor@ashcombedairy.co.uk,8,
NPS-50909,24/06/2026,ryan.keane@riverbankmotor.co.uk,2,
NPS-50763,2025-11-28,nadia.ferris@fernhillcinema.co.uk,10,"Savings are real, service is quick"
NPS-51421,19/07/2026,amber.voss@verityicecream.co.uk,8,
NPS-50252,2025-10-19,daniel.rowntree@redwingaggrega.co.uk,8,Would like faster quotes
NPS-50776,14/05/2026,ben.nowak@marlowlaundry.co.uk,8,Portal is confusing
NPS-50926,10/01/2026,callum.vance@kingsmeadretai.co.uk,6,Portal is confusing
NPS-50271,05/07/2026,amber.keane@farrieraggrega.co.uk,6,
NPS-51070,14/11/2025,paula.underhill@jarrowcatering.co.uk,4,
NPS-50008,15/04/2026,rhys.ellison@westcliffoffic.co.uk,4,Renewal process unclear
NPS-51243,2026-04-02,grace.grady@whitethornrecy.co.uk,1,Love the transparency
NPS-51213,15/08/2026,dev.nowak@exmoormilling.co.uk,7,
NPS-50663,2026-03-12,ryan.ellison@yewtreeenginee.co.uk,6,
NPS-50539,2026-05-11,jack.ellison@summertonprint.co.uk,10,Great broker support
NPS-50660,2026-05-12,chloe.vance@torquebrewerie.co.uk,7,
NPS-51083,10/01/2026,oliver.brooke@veritybakehous.co.uk,5,
NPS-50409,13/08/2025,oliver.rowntree@vantagebookbin.co.uk,9,Billing took too long to fix
NPS-50086,09/01/2026,jack.patel@dunmorelogisti.co.uk,2,Billing took too long to fix
NPS-51330,30/12/2025,nadia.bright@garwoodoffices.co.uk,6,
NPS-50952,2026-02-24,ryan.nairn@ullswatercoach.co.uk,5,
NPS-50474,18/09/2025,jack.rowntree@quaysideveteri.co.uk,6,Love the transparency
NPS-51400,30/08/2025,lucy.osei@bluewatericecr.com,6,
NPS-51479,2025-12-24,callum.ogden@thackerymarine.co.uk,4,
NPS-51181,2026-07-08,amber.okafor@fernhillstudio.co.uk,9,"Savings are real, service is quick"
NPS-51574,10/05/2026,stefan.underhill@cedarschools.com,8,Renewal process unclear
NPS-50891,2026-02-24,stefan.yates@riverbankaquat.co.uk,5,
NPS-50830,2026-06-14,fatima.keane@norburybreweri.com,6,Love the transparency
NPS-50056,11/08/2026,oliver.lomax@kestrelscaffol.co.uk,4,Renewal process unclear
NPS-51360,2026-05-15,noel.brooke@riverbankuphol.co.uk,7,
NPS-50489,2025-07-30,aisha.pryce@garwoodfoundry.co.uk,7,Renewal process unclear
NPS-50689,03/06/2026,marcus.chowdhury@cobaltforge.co.uk,8,Portal is confusing
NPS-51464,2026-05-22,daniel.voss@cranleighpharm.co.uk,7,
NPS-50204,2026-02-02,aisha.frost@northgateforge.com,6,Portal is confusing
NPS-51292,30/03/2026,craig.macleod@kingsmeadprint.co.uk,8,
NPS-50687,2025-09-21,emily.tate@applegarthcold.co.uk,3,
NPS-50881,2026-06-03,nia.keane@quarringtonlei.com,5,Portal is confusing
NPS-50140,10/11/2025,kirsty.brooke@quaysidejoiner.co.uk,2,Great broker support
NPS-51072,12/07/2026,ryan.tate@garwoodmilling.co.uk,8,Renewal process unclear
NPS-51601,16/08/2026,craig.vance@quaysidedistil.co.uk,3,Renewal process unclear
NPS-51432,24/03/2026,james.yates@cobaltmarine.co.uk,5,Billing took too long to fix
NPS-50362,2026-02-03,stefan.underhill@vantagecaterin.co.uk,9,Would like faster quotes
NPS-50616,2025-10-29,gareth.rowntree@farrierveterin.co.uk,8,Renewal process unclear
NPS-51053,15/04/2026,craig.lomax@torquebookbind.co.uk,6,
NPS-51033,2026-01-27,sarah.ferris@cedarcoachwork.co.uk,10,Billing took too long to fix
NPS-51288,06/01/2026,omar.bright@umbersideaggre.co.uk,7,
NPS-50942,05/06/2026,daniel.chowdhury@ironbridgepack.co.uk,2,
NPS-50048,2025-12-08,freya.sharpe@maplinmotors.co.uk,6,
NPS-50110,2026-06-11,rhys.patel@farriercare.co.uk,4,
NPS-51340,25/08/2026,peter.sharpe@atlaspadel.co.uk,6,
NPS-51495,15/10/2025,holly.osei@kestrelnurseri.co.uk,7,
NPS-50378,04/12/2025,jack.jennings@eastbrookstudi.co.uk,10,
NPS-50254,2025-11-26,iona.reid@kelbrookdairy.co.uk,6,Would like faster quotes
NPS-51408,02/11/2025,callum.ellison@bluewatercoach.co.uk,9,
NPS-51215,2026-03-27,noel.vance@bexleyengineer.co.uk,9,
NPS-50148,2025-10-19,tom.okafor@gildedmaltings.co.uk,4,
NPS-50276,05/05/2026,oliver.patel@cobalthotels.co.uk,3,Would like faster quotes
NPS-51369,11/03/2026,iona.macleod@tanfieldlaundr.co.uk,7,
NPS-50324,27/08/2025,callum.mercer@summertonretai.co.uk,4,
NPS-50067,2026-02-04,lucy.rowntree@foxglovepackag.co.uk,7,
NPS-50607,26/09/2025,holly.nairn@marlowfabricat.com,4,
NPS-50400,09/05/2026,fatima.macleod@langmeretimber.co.uk,4,
NPS-50931,29/01/2026,ryan.mercer@harborneaggreg.co.uk,4,
NPS-51515,02/08/2026,emily.hale@whitethorndata.co.uk,6,"Savings are real, service is quick"
NPS-51230,02/04/2026,sarah.nairn@quarringtonaqu.co.uk,7,
NPS-50707,2026-01-19,tom.brooke@yarrowleisure.co.uk,5,
NPS-51214,04/08/2025,lucy.ferris@ashcombeicecre.co.uk,7,
NPS-50221,2025-08-16,amber.ogden@brambleplastic.co.uk,6,Billing took too long to fix
NPS-50860,21/10/2025,lewis.iqbal@northgatepreci.co.uk,3,
NPS-50083,23/03/2026,dev.reid@silverbecktann.co.uk,3,
NPS-51135,25/06/2026,stefan.sutton@foxgloveseafoo.co.uk,10,
NPS-50120,12/04/2026,aisha.tate@redwingmalting.co.uk,4,
NPS-50198,10/09/2025,sarah.chowdhury@ivybridgedairy.co.uk,7,
NPS-50321,01/02/2026,freya.bright@cedarhotels.co.uk,6,Would like faster quotes
NPS-51189,17/10/2025,nadia.marsh@pemberleykenne.com,7,
NPS-51166,2026-04-26,oliver.hansen@northgatetanni.co.uk,8,
NPS-51580,2026-06-14,rhys.tate@jespersenbakeh.co.uk,8,Would like faster quotes
NPS-50123,2026-06-17,iona.wren@violettaforge.co.uk,6,
NPS-51192,2026-06-29,holly.iqbal@ellertonschool.co.uk,10,
NPS-50798,2026-05-26,stefan.marsh@ashcombestudio.com,6,
NPS-50608,2025-10-29,grace.wren@ellertonfarmfo.co.uk,5,
NPS-50529,2026-01-13,daniel.underhill@caldwellpadel.co.uk,8,
NPS-50732,09/11/2025,nadia.doyle@foxglovechandl.co.uk,6,
NPS-50029,2025-11-12,gareth.patel@nettlebedcinem.co.uk,8,Great broker support
NPS-50306,2026-01-06,oliver.doyle@farrierbookbin.co.uk,9,
NPS-50279,02/02/2026,nadia.nairn@summertonstudi.co.uk,3,"Savings are real, service is quick"
NPS-50232,26/04/2026,fatima.macleod@cedarupholster.co.uk,5,Love the transparency
NPS-50227,14/01/2026,anita.hansen@orchardretail.co.uk,5,Portal is confusing
NPS-50068,2026-04-26,megan.doyle@quaysideaggreg.co.uk,3,
NPS-50903,2025-12-05,jack.sutton@cedardatarooms.co.uk,6,
NPS-51265,2025-10-05,emily.brooke@yewtreegarden.co.uk,9,
NPS-51007,13/03/2026,craig.nairn@birchmoorseafo.co.uk,6,
NPS-50609,2026-08-10,iona.iqbal@bramblegarden.com,6,Billing took too long to fix
NPS-51449,18/04/2026,rhys.iqbal@ottershawfarmf.co.uk,5,
NPS-51598,23/07/2026,oliver.okafor@nettlebedgalva.co.uk,2,
NPS-51078,2025-08-10,ryan.mercer@umbersidemarin.co.uk,8,Portal is confusing
NPS-51035,08/07/2026,zara.quinn@wrenfieldgalva.co.uk,7,
NPS-51098,2025-08-14,priya.iqbal@langmerepharma.co.uk,5,Renewal process unclear
NPS-51470,27/04/2026,nadia.macleod@wrenfieldpreci.co.uk,6,Would like faster quotes
NPS-50366,2026-03-28,nadia.doyle@hatherleyoptic.co.uk,6,Portal is confusing
NPS-51200,30/12/2025,paula.lomax@nettlebedtexti.co.uk,9,
NPS-50016,28/09/2025,holly.brooke@harbornestudio.com,6,
NPS-51026,25/07/2026,jack.ferris@silverbeckdata.co.uk,7,
NPS-51418,27/03/2026,sanjay.hale@ashcombekennel.co.uk,4,
NPS-51556,29/08/2026,tom.sharpe@cranleighpadel.co.uk,4,Renewal process unclear
NPS-50295,29/09/2025,iona.vance@caldwellmotors.co.uk,6,
NPS-50184,15/07/2026,sanjay.osei@marlowtanning.co.uk,9,
NPS-50246,18/09/2025,zara.macleod@kingsmeadjoine.co.uk,5,Billing took too long to fix
NPS-51259,2025-09-29,ryan.grady@millpondpharma.co.uk,6,
NPS-50657,2026-06-27,emily.ellison@harborneforge.co.uk,6,Great broker support
NPS-51436,23/12/2025,daniel.pryce@dunmoretanning.co.uk,7,
NPS-50116,22/12/2025,freya.tate@caldwellicecre.co.uk,9,Renewal process unclear
NPS-50545,2025-12-27,ewan.jennings@ravenscartanni.co.uk,7,Portal is confusing
NPS-50733,21/02/2026,ryan.lomax@atlaslaundry.co.uk,2,
NPS-51544,2026-01-28,megan.quinn@quaysidestudio.co.uk,3,
NPS-51350,2026-06-20,ben.yates@violettabrewer.co.uk,5,
NPS-50966,2025-12-24,lucy.quinn@quarringtonlog.co.uk,4,Renewal process unclear
NPS-50979,02/04/2026,dev.jennings@larkspursalvag.co.uk,10,
NPS-50538,09/01/2026,jack.ellison@summertonprint.co.uk,7,
NPS-50611,02/06/2026,marcus.tate@zephyrcinemas.co.uk,6,
NPS-50051,2026-01-01,sarah.reid@harborneplasti.co.uk,5,
NPS-50021,12/08/2025,tara.nairn@ashcombeforge.co.uk,8,
NPS-51233,2026-03-10,ewan.marsh@jarrowtimber.co.uk,3,
NPS-51205,16/07/2026,marcus.lomax@pemberleymarin.co.uk,8,Great broker support
NPS-51535,29/05/2026,iona.marsh@farrierrestaur.co.uk,4,Billing took too long to fix
NPS-50058,23/09/2025,sarah.yates@cedarstudios.co.uk,4,
NPS-50304,2025-12-30,callum.grady@exmoorgym.co.uk,9,
NPS-50471,21/11/2025,priya.nairn@garwooddairy.co.uk,10,
NPS-50849,2026-06-23,sarah.osei@cobaltpharmacy.com,2,
NPS-51599,24/05/2026,tom.bright@caldwellaggreg.co.uk,3,
NPS-50910,2025-12-01,emily.osei@ullswatericecr.co.uk,7,
NPS-51041,2026-06-16,zara.sutton@quaysidemotors.co.uk,6,Love the transparency
NPS-51175,2025-08-03,noel.wren@zetlandpharmac.co.uk,8,
NPS-50886,14/11/2025,anita.hansen@hollybushmilli.co.uk,7,
NPS-51040,29/03/2026,zara.sutton@quaysidemotors.co.uk,6,
NPS-50672,14/08/2025,ryan.hale@exmoorplastics.co.uk,9,
NPS-50077,04/04/2026,ryan.pryce@birchmoorfabri.co.uk,7,"Savings are real, service is quick"
NPS-51462,2025-10-03,rhys.voss@caldwellbrewer.co.uk,7,Renewal process unclear
NPS-50883,2026-08-02,nadia.lomax@hatherleyforge.co.uk,1,
NPS-51096,2026-08-01,sanjay.nairn@exmoormaltings.co.uk,6,Love the transparency
NPS-51268,2025-09-04,emily.reid@larkspurdistil.co.uk,3,
NPS-50447,2026-08-22,daniel.kaur@umbersideprint.co.uk,4,Great broker support
NPS-51130,06/06/2026,kirsty.bright@riverbanktexti.co.uk,4,
NPS-50550,2025-09-29,jack.voss@ravenscarrecyc.co.uk,4,
NPS-51509,01/06/2026,holly.nairn@garwoodupholst.co.uk,6,
NPS-51277,31/05/2026,daniel.tate@foxglovesalvag.co.uk,8,Renewal process unclear
NPS-51197,05/01/2026,megan.frost@harbornemarine.co.uk,9,
NPS-51610,2026-05-17,james.hansen@jarrowengineer.co.uk,7,"Savings are real, service is quick"
NPS-50236,2026-04-08,stefan.whitfield@rosedalesalvag.co.uk,5,"Savings are real, service is quick"
NPS-51027,2026-03-17,oliver.pryce@applegarthtext.co.uk,8,Great broker support
NPS-50072,22/03/2026,megan.wren@selworthyroofi.co.uk,6,
NPS-51313,20/02/2026,noel.whitfield@silverbeckprec.co.uk,8,Billing took too long to fix
NPS-51404,11/02/2026,nadia.bright@jespersenlaund.co.uk,3,
NPS-51121,2026-02-14,tara.jennings@pemberleyroofi.co.uk,2,
NPS-50274,2025-08-09,zara.marsh@farrierlaundry.co.uk,7,
NPS-51262,25/12/2025,craig.ogden@yewtreeleisure.co.uk,6,Renewal process unclear
NPS-51407,2025-08-10,craig.ferris@umbersidedatar.co.uk,6,Portal is confusing
NPS-50534,01/05/2026,omar.bright@zephyrseafoods.co.uk,7,Billing took too long to fix
NPS-50565,28/03/2026,peter.osei@eastbrookpreci.co.uk,5,
NPS-50504,21/11/2025,james.whitfield@pemberleyjoine.co.uk,6,Portal is confusing
NPS-51476,28/04/2026,marcus.iqbal@queningtonoffi.co.uk,7,
NPS-50586,2025-10-11,dev.nowak@westcliffcolds.co.uk,8,Would like faster quotes
NPS-51274,13/11/2025,james.wren@hollybushplast.co.uk,7,
NPS-50049,2026-05-01,sanjay.patel@umbersidepreci.co.uk,10,Great broker support
NPS-50055,30/10/2025,oliver.lomax@kestrelscaffol.co.uk,3,"Savings are real, service is quick"
NPS-50918,28/07/2026,sarah.sutton@saltmarshmalti.co.uk,8,
NPS-51558,24/03/2026,james.frost@eastbrookhotel.co.uk,8,
NPS-50667,29/03/2026,nadia.ferris@exmoorpharmacy.co.uk,2,Portal is confusing
NPS-50320,2026-03-07,freya.bright@cedarhotels.co.uk,6,
NPS-50863,2026-04-18,omar.pryce@fernhillcare.co.uk,7,
NPS-50182,2026-08-14,gareth.okafor@torquerestaura.com,8,
NPS-51113,2026-03-18,gareth.underhill@ottershawlogis.co.uk,8,Renewal process unclear
NPS-50922,2026-03-08,noel.wren@applegarthmoto.com,2,Great broker support
NPS-50795,06/10/2025,nia.voss@bluewatergalva.co.uk,5,
NPS-51149,2025-09-21,callum.wren@umbersiderobot.co.uk,6,
NPS-51452,04/07/2026,rhys.underhill@applegarthdair.com,6,Billing took too long to fix
NPS-50957,05/03/2026,peter.rowntree@merrivalechand.co.uk,9,
NPS-51085,2026-05-20,ryan.grady@pemberleycoach.co.uk,4,
NPS-50179,2026-02-11,ryan.hansen@farriercare.co.uk,7,Great broker support
NPS-50528,10/10/2025,chloe.hale@yewtreebakehou.co.uk,5,Would like faster quotes
NPS-50766,22/01/2026,sarah.tate@elmwoodjoinery.co.uk,7,Love the transparency
NPS-50187,2025-12-27,marcus.sutton@ellertonmillin.co.uk,8,
NPS-51346,15/01/2026,ewan.doyle@ashcombeengine.co.uk,5,Renewal process unclear
NPS-50336,31/05/2026,stefan.vance@tanfieldscaffo.co.uk,10,Renewal process unclear
NPS-51018,02/11/2025,fatima.reid@umbersidemarin.co.uk,5,Would like faster quotes
NPS-51485,14/08/2026,freya.ferris@northgatedatar.co.uk,5,Billing took too long to fix
NPS-50230,2026-07-29,peter.sutton@westcliffdatar.co.uk,5,
NPS-50629,05/12/2025,lewis.yates@westcliffpadel.co.uk,10,
NPS-50266,2026-06-09,tom.hansen@denholmpadel.co.uk,7,Love the transparency
NPS-51240,26/11/2025,noel.jennings@padstownurseri.co.uk,5,
NPS-51375,17/03/2026,sarah.sutton@foxglovebakeho.co.uk,7,
NPS-50939,16/02/2026,grace.okafor@ashcombedairy.co.uk,8,Renewal process unclear
NPS-50125,26/11/2025,jack.jennings@farrierfarmfoo.co.uk,5,Would like faster quotes
NPS-51396,11/02/2026,gareth.brooke@caldwellmarine.co.uk,10,
NPS-50375,07/03/2026,gareth.hale@zetlandcoachwo.co.uk,6,
NPS-50414,20/02/2026,jack.jennings@lowtherprint.co.uk,6,Renewal process unclear
NPS-50097,08/01/2026,priya.mercer@ellertonschool.co.uk,5,
NPS-50861,2025-12-27,kirsty.yates@zetlandaggrega.co.uk,9,
NPS-50761,2026-07-04,fatima.hale@violettasalvag.co.uk,5,
NPS-50501,19/05/2026,marcus.bright@westcliffforge.co.uk,8,
NPS-50703,25/05/2026,omar.wren@kelbrookcoldst.co.uk,6,"Savings are real, service is quick"
NPS-50165,2026-04-12,ben.nowak@kelbrookicecre.co.uk,5,
NPS-50507,2025-12-07,megan.pryce@caldwellroofin.co.uk,7,Billing took too long to fix
NPS-50960,13/08/2025,tom.chowdhury@atlasveterinar.co.uk,6,Billing took too long to fix
NPS-50251,2025-08-09,noel.tate@inglebygym.com,10,
NPS-51202,04/04/2026,nia.whitfield@northgatepacka.com,3,Love the transparency
NPS-50747,19/08/2026,noel.nowak@riverbankfabri.co.uk,5,
NPS-50635,2025-10-21,kirsty.grady@summertonlaund.co.uk,9,
NPS-50015,2025-09-01,james.yates@torquedistille.co.uk,3,
NPS-51548,2026-05-25,emily.voss@umbersidetimbe.co.uk,10,
NPS-50348,2025-08-10,nia.macleod@riverbankjoine.co.uk,7,
NPS-50933,14/10/2025,iona.ellison@elmwoodhotels.com,7,
NPS-51050,19/02/2026,priya.underhill@stanhopeforge.co.uk,6,
NPS-50292,17/06/2026,grace.kaur@ashcombetimber.co.uk,9,
NPS-51576,29/08/2026,chloe.underhill@silverbeckvete.co.uk,5,
NPS-50879,2026-03-20,ryan.patel@inglebyleisure.co.uk,4,"Savings are real, service is quick"
NPS-51228,2026-04-19,ewan.voss@quaysidefarmfo.com,8,
NPS-51500,15/12/2025,lewis.grady@gildedaquatics.co.uk,5,
NPS-51584,2026-03-26,aisha.rowntree@atlasplastics.co.uk,4,Would like faster quotes
NPS-50482,2025-09-10,holly.sharpe@hollybushdatar.co.uk,6,
NPS-50783,2025-08-01,nia.voss@elmwoodupholst.co.uk,5,
NPS-51435,2026-01-31,lucy.tate@lowtherpharmac.co.uk,8,"Savings are real, service is quick"
NPS-51064,29/07/2026,kirsty.ferris@tredegaruphols.co.uk,6,Would like faster quotes
NPS-51294,2026-03-20,stefan.hale@zetlandforge.co.uk,5,
NPS-51127,20/03/2026,fatima.kaur@kingsmeadfound.co.uk,9,
NPS-50076,24/05/2026,gareth.chowdhury@queningtonicec.co.uk,10,
NPS-51063,16/03/2026,iona.macleod@atlasoffices.co.uk,7,
NPS-50424,2026-02-07,nadia.marsh@halewoodnurser.co.uk,8,
NPS-51316,2025-08-17,stefan.ferris@riverbanktimbe.co.uk,6,
NPS-51483,2025-09-09,nadia.ellison@bluewaterscaff.com,4,
NPS-51395,26/08/2026,fatima.jennings@langmeremaltin.co.uk,6,
NPS-50853,10/05/2026,noel.tate@padstowforge.co.uk,6,
NPS-50173,2026-08-30,peter.nairn@ironbridgemalt.co.uk,7,
NPS-50191,2026-02-12,dev.lomax@merrivalefarmf.co.uk,4,
NPS-50486,2025-08-06,marcus.brooke@foxglovefarmfo.co.uk,7,
NPS-50690,2025-09-07,jack.kaur@ullswateroffic.co.uk,9,
NPS-50337,19/02/2026,holly.iqbal@lowtherlogisti.co.uk,6,"Savings are real, service is quick"
NPS-50962,2026-06-08,callum.marsh@marlowfabricat.co.uk,10,
NPS-50583,2025-10-05,iona.hansen@cedaraquatics.co.uk,5,Billing took too long to fix
NPS-51377,2026-04-18,tom.chowdhury@quarringtonaqu.co.uk,7,
NPS-51306,2025-08-22,tom.ferris@norburyscaffol.co.uk,7,
NPS-51239,2025-12-28,noel.jennings@padstownurseri.co.uk,2,Renewal process unclear
NPS-50913,2026-04-08,stefan.hale@atlasseafoods.co.uk,4,
NPS-50210,2025-09-23,nadia.sutton@saltmarshfound.co.uk,9,Love the transparency
NPS-50485,2026-03-09,callum.sharpe@torqueupholste.co.uk,7,
NPS-51011,15/11/2025,ben.wren@cedarglasswork.co.uk,4,Great broker support
NPS-50171,13/06/2026,callum.doyle@marlowengineer.com,3,Renewal process unclear
NPS-50716,2026-07-17,aisha.osei@bramblepadel.co.uk,5,Portal is confusing
NPS-50759,28/09/2025,oliver.wren@caldwellmaltin.com,5,
NPS-51420,2026-08-29,chloe.osei@cranleighcinem.co.uk,6,
NPS-50102,30/08/2025,dev.grady@ironbridgedist.co.uk,5,"Savings are real, service is quick"
NPS-50930,2026-07-12,ryan.mercer@harborneaggreg.co.uk,3,
NPS-51341,26/11/2025,oliver.wren@ashcombegalvan.co.uk,7,
NPS-51573,07/10/2025,stefan.underhill@cedarschools.co.uk,9,Would like faster quotes
NPS-51540,09/11/2025,james.pryce@westclifftimbe.co.uk,6,
NPS-51254,08/06/2026,ryan.quinn@jespersenschoo.co.uk,2,Renewal process unclear
NPS-51569,2026-01-14,kirsty.bright@marlowlaundry.co.uk,8,Renewal process unclear
NPS-51110,13/03/2026,tara.underhill@kelbrookdistil.co.uk,5,Great broker support
NPS-50296,23/08/2025,dev.sutton@applegarthgalv.co.uk,6,
NPS-50812,2025-11-17,craig.yates@eastbrookoptic.co.uk,6,
NPS-51142,13/08/2026,zara.jennings@hatherleyfarmf.co.uk,6,Would like faster quotes
NPS-50020,28/06/2026,amber.marsh@eastbrookdisti.co.uk,2,
NPS-50721,2025-10-17,zara.vance@whitethornvete.com,8,
NPS-50460,2025-08-05,amber.grady@fernhilldairy.co.uk,5,Renewal process unclear
NPS-50475,21/08/2025,lucy.ferris@atlasfarmfoods.co.uk,8,
NPS-51256,2026-01-03,anita.iqbal@farrierleisure.co.uk,5,Great broker support
NPS-50887,18/11/2025,stefan.grady@ravenscarlogis.co.uk,5,
NPS-50215,2026-05-28,chloe.hansen@tanfieldgalvan.co.uk,6,
NPS-50300,15/02/2026,ben.yates@kingsmeadicecr.co.uk,6,
NPS-50193,16/12/2025,james.nairn@kingsmeadmarin.co.uk,9,
NPS-50621,2025-10-17,dev.ferris@kestreltimber.co.uk,10,
NPS-51132,2025-09-30,grace.chowdhury@tanfieldmarine.co.uk,2,"Savings are real, service is quick"
NPS-50327,18/09/2025,callum.reid@quarringtonfab.co.uk,9,"Savings are real, service is quick"
NPS-50574,2026-05-09,sarah.okafor@langmereroboti.co.uk,3,
NPS-51315,2026-01-05,aisha.nowak@yarrowbookbind.co.uk,4,
NPS-51477,01/06/2026,marcus.iqbal@queningtonoffi.co.uk,6,Billing took too long to fix
NPS-50112,28/06/2026,nadia.ellison@rosedalerecycl.co.uk,8,
NPS-51236,26/06/2026,lucy.hale@saltmarshmilli.co.uk,10,
NPS-51017,2026-03-17,noel.osei@millpondbrewer.co.uk,10,
NPS-50213,08/08/2025,emily.patel@ashcombefabric.co.uk,8,
NPS-50845,03/05/2026,lewis.sutton@umbersidekenne.co.uk,7,Portal is confusing
NPS-51423,25/01/2026,iona.underhill@kelbrookleisur.co.uk,7,Portal is confusing
NPS-51080,24/07/2026,anita.lomax@westcliffcater.co.uk,5,
NPS-51091,02/05/2026,dev.doyle@oakhursticecre.co.uk,4,
NPS-50717,2026-02-05,ben.kaur@cobaltfabricat.co.uk,5,
NPS-50453,10/09/2025,peter.macleod@hollybushhotel.co.uk,3,
NPS-51612,2025-08-01,chloe.hale@westclifffabri.co.uk,9,Portal is confusing
NPS-50516,2026-02-19,amber.nowak@wrenfielduphol.co.uk,6,
NPS-51510,06/01/2026,freya.tate@garwoodmotors.co.uk,5,
NPS-51471,2026-01-27,aisha.chowdhury@oakhurstbookbi.co.uk,6,"Savings are real, service is quick"
NPS-50715,2025-09-24,callum.ferris@maplinnurserie.co.uk,3,
NPS-51532,10/07/2026,anita.keane@atlasmotors.co.uk,5,
NPS-50963,04/11/2025,omar.vance@kestrelaggrega.co.uk,8,
NPS-51203,26/06/2026,lewis.nowak@norburyoptics.co.uk,10,
NPS-51439,05/10/2025,ewan.yates@fernhillcoldst.com,4,
NPS-51359,2026-07-24,noel.brooke@riverbankuphol.com,9,"Savings are real, service is quick"
NPS-50997,2025-12-22,amber.osei@riverbankpacka.co.uk,7,Billing took too long to fix
NPS-50968,2026-05-02,nadia.bright@caldwellengine.co.uk,8,
NPS-50124,2026-01-04,iona.wren@violettaforge.co.uk,6,
NPS-51125,05/05/2026,omar.vance@nettlebedveter.com,10,Billing took too long to fix
NPS-50360,2026-04-28,marcus.hale@denholmpadel.co.uk,7,Great broker support
NPS-50540,24/12/2025,priya.wren@westcliffscaff.co.uk,8,
NPS-50971,2025-10-29,aisha.pryce@lighthouseoffi.co.uk,5,
NPS-50585,2026-04-09,lewis.mercer@ottershawlaund.co.uk,4,Renewal process unclear
NPS-50790,28/07/2026,noel.mercer@cranleighmarin.co.uk,6,Portal is confusing
NPS-50180,04/09/2025,grace.lomax@nettlebedoptic.co.uk,6,
NPS-51296,30/07/2025,paula.osei@ironbridgeleis.co.uk,7,Renewal process unclear
NPS-51229,23/08/2026,callum.vance@kingsmeadbakeh.co.uk,4,Would like faster quotes
NPS-50762,21/02/2026,callum.voss@silverbeckmill.co.uk,6,"Savings are real, service is quick"
NPS-50039,21/09/2025,lucy.reid@eastbrookoptic.co.uk,4,Renewal process unclear
NPS-50603,2025-10-07,tom.doyle@yarrowplastics.co.uk,5,
NPS-50554,17/05/2026,amber.sutton@atlastextiles.co.uk,10,Great broker support
NPS-50906,26/03/2026,nadia.ellison@denholmmalting.co.uk,5,
NPS-50757,2025-09-05,nadia.lomax@ironbridgepade.com,6,Would like faster quotes
NPS-50602,2026-04-05,tom.doyle@yarrowplastics.co.uk,8,Renewal process unclear
NPS-51210,23/01/2026,ben.osei@yarrowglasswor.co.uk,8,
NPS-51122,2025-08-22,tara.jennings@pemberleyroofi.co.uk,4,
NPS-51030,2026-03-17,craig.kaur@lowthermotors.co.uk,9,
NPS-50797,2026-05-26,stefan.marsh@ashcombestudio.co.uk,10,Great broker support
NPS-50683,30/05/2026,chloe.sharpe@harborneleisur.co.uk,7,
NPS-51489,2026-05-05,tom.brooke@northgateseafo.co.uk,3,Portal is confusing
NPS-50686,2026-02-03,aisha.sutton@silverbeckcoac.co.uk,9,
NPS-50194,2026-06-22,omar.reid@hatherleyprint.co.uk,7,Great broker support
NPS-50694,2026-01-07,freya.jennings@wrenfieldfabri.co.uk,8,
NPS-50340,2026-02-02,tara.chowdhury@birchmoorschoo.co.uk,4,Portal is confusing
NPS-51183,2025-12-16,rhys.voss@rosedaletextil.co.uk,8,
NPS-50998,19/01/2026,amber.osei@riverbankpacka.co.uk,5,Would like faster quotes
NPS-51402,2026-05-04,ryan.underhill@farriergarden.com,8,"Savings are real, service is quick"
NPS-51356,2026-04-28,dev.tate@northgatechand.co.uk,5,
NPS-50081,2025-09-12,james.rowntree@orchardstudios.co.uk,4,
NPS-50234,2025-12-16,lucy.marsh@exmoorcoldstor.co.uk,7,
NPS-50222,2026-01-16,amber.ogden@brambleplastic.com,7,
NPS-50953,14/05/2026,holly.yates@lowtherscaffol.co.uk,9,Great broker support
NPS-50152,04/05/2026,zara.bright@harbornelogist.co.uk,10,
NPS-50848,14/05/2026,fatima.sharpe@cedaroptics.com,7,
NPS-50978,2025-11-07,paula.macleod@ironbridgebrew.co.uk,8,
NPS-50478,2026-07-27,fatima.voss@lighthousetext.co.uk,10,
NPS-50731,2026-03-08,zara.osei@ivybridgeoffic.co.uk,6,
NPS-51609,14/02/2026,aisha.hale@harborneveteri.co.uk,8,
NPS-50549,2025-12-30,james.grady@atlasgalvanisi.co.uk,6,"Savings are real, service is quick"
NPS-50531,31/07/2025,paula.voss@millpondsalvag.co.uk,4,
NPS-50652,10/03/2026,nadia.underhill@zephyrrestaura.co.uk,4,Great broker support
NPS-50767,01/02/2026,anita.pryce@cobaltpadel.co.uk,6,
NPS-50809,2026-08-27,fatima.whitfield@ellertonhotels.co.uk,10,
NPS-50396,2025-11-16,tara.mercer@ottershawicecr.co.uk,3,
NPS-51507,2025-08-12,oliver.ellison@lowtherrestaur.co.uk,6,
NPS-51015,2025-07-28,nia.doyle@wrenfieldaquat.co.uk,9,
NPS-50332,2025-12-26,ewan.pryce@ivybridgeroofi.co.uk,9,
NPS-51224,11/03/2026,holly.macleod@cobaltretail.co.uk,9,
NPS-50047,12/08/2026,stefan.vance@thackerymaltin.co.uk,5,Would like faster quotes
NPS-50024,2025-11-24,freya.lomax@padstowbakehou.co.uk,6,Portal is confusing
NPS-50527,12/08/2026,ewan.iqbal@inglebyroofing.co.uk,3,
NPS-50620,06/11/2025,noel.frost@pemberleyuphol.co.uk,8,
NPS-51484,31/08/2026,nadia.ellison@bluewaterscaff.com,2,
NPS-50522,2026-01-18,rhys.jennings@larkspurpharma.co.uk,5,
NPS-51291,30/11/2025,sarah.underhill@larkspurmarine.co.uk,10,
NPS-50537,2026-06-14,james.sharpe@ellertongalvan.co.uk,10,
NPS-50801,18/12/2025,zara.quinn@kestrelleisure.co.uk,6,
NPS-51492,18/07/2026,tara.marsh@kelbrooktimber.co.uk,8,Renewal process unclear
NPS-50365,2025-09-10,nadia.doyle@hatherleyoptic.co.uk,5,
NPS-50126,2025-12-31,omar.brooke@zetlandmarine.co.uk,5,
NPS-51555,2026-01-10,tom.sharpe@cranleighpadel.co.uk,5,
NPS-51533,27/08/2026,sarah.hale@quarringtonaqu.co.uk,8,
NPS-51111,06/08/2025,marcus.hansen@applegarthphar.co.uk,7,
NPS-50004,2026-07-13,nia.sharpe@ravenscarcare.co.uk,8,
NPS-51067,2025-11-13,sanjay.okafor@bexleyicecream.co.uk,10,
NPS-50025,04/11/2025,megan.ferris@fernhillprecis.co.uk,4,"Savings are real, service is quick"
NPS-50535,29/03/2026,marcus.grady@northgatefabri.co.uk,7,"Savings are real, service is quick"
NPS-51088,01/02/2026,freya.osei@torquecoldstor.com,5,
NPS-50416,22/08/2025,tara.chowdhury@foxgloveuphols.co.uk,7,Renewal process unclear
NPS-50864,02/03/2026,sarah.sutton@denholmnurseri.co.uk,8,
NPS-50735,2026-07-12,lucy.whitfield@dunmoreplastic.co.uk,6,Would like faster quotes
NPS-51447,14/07/2026,craig.underhill@padstowhotels.co.uk,3,
NPS-51480,16/11/2025,iona.pryce@exmoorkennels.co.uk,5,Would like faster quotes
NPS-51422,28/08/2026,oliver.mercer@wrenfieldglass.com,7,"Savings are real, service is quick"
NPS-50935,2026-06-23,freya.iqbal@birchmoornurse.co.uk,7,
NPS-51022,31/03/2026,anita.osei@ironbridgeopti.co.uk,5,
NPS-50369,2026-06-12,lewis.mercer@whitethornscaf.co.uk,8,
NPS-51424,14/12/2025,iona.underhill@kelbrookleisur.co.uk,7,"Savings are real, service is quick"
NPS-50084,2025-08-26,tara.okafor@cranleighpacka.co.uk,8,Portal is confusing
NPS-50514,04/08/2026,marcus.ogden@pemberleycinem.co.uk,8,Billing took too long to fix
NPS-50580,2026-03-18,fatima.ferris@atlasbakehouse.co.uk,8,
NPS-50426,2026-08-24,omar.yates@padstowgarden.com,5,
NPS-50791,18/12/2025,ben.doyle@summertonscaff.co.uk,9,"Savings are real, service is quick"
NPS-50069,2026-02-01,peter.sharpe@cobaltcoachwor.com,5,
NPS-50914,2025-10-08,dev.underhill@saltmarshbrewe.co.uk,5,
NPS-51381,2026-02-04,anita.nairn@maplinfoundry.co.uk,8,
NPS-50448,02/12/2025,paula.ferris@quarringtonlau.co.uk,4,Billing took too long to fix
NPS-50393,2025-12-05,tom.whitfield@ashcombepackag.co.uk,8,Billing took too long to fix
NPS-51299,2026-03-13,nadia.keane@orchardretail.com,5,
NPS-51108,03/05/2026,marcus.yates@hatherleycolds.co.uk,5,
NPS-50995,2026-03-05,ewan.osei@ashcombepadel.co.uk,6,Renewal process unclear
NPS-50601,2025-10-25,sarah.ellison@elmwoodstudios.co.uk,4,Portal is confusing
NPS-51137,04/01/2026,jack.pryce@selworthybookb.co.uk,0,
NPS-51093,07/12/2025,jack.bright@caldwellstudio.co.uk,4,
NPS-51536,05/07/2026,iona.marsh@farrierrestaur.co.uk,4,
NPS-51272,29/04/2026,tom.nairn@fernhillgalvan.co.uk,4,
NPS-51334,2025-11-11,lucy.iqbal@halewoodroofin.co.uk,4,
NPS-50256,2025-09-07,daniel.bright@redwingfabrica.co.uk,3,Billing took too long to fix
NPS-51460,05/04/2026,emily.okafor@rosedaleuphols.co.uk,6,Portal is confusing
NPS-50548,13/01/2026,sarah.wren@northgatemarin.co.uk,9,
NPS-51001,2025-10-29,callum.okafor@summertonretai.co.uk,3,
NPS-50655,2025-09-16,marcus.sutton@zetlandtextile.co.uk,7,Great broker support
NPS-51165,2026-08-26,tara.grady@brambleaggrega.co.uk,8,Portal is confusing
NPS-50820,30/03/2026,stefan.doyle@lighthousefoun.co.uk,4,
NPS-50392,2026-01-28,holly.bright@oakhurstseafoo.co.uk,6,
NPS-50459,09/12/2025,amber.grady@fernhilldairy.co.uk,7,
NPS-50250,26/07/2026,stefan.pryce@cranleighlogis.co.uk,6,Billing took too long to fix
NPS-50494,10/01/2026,callum.bright@pemberleyprint.co.uk,6,
NPS-50645,2025-12-06,freya.jennings@birchmoorlaund.co.uk,7,
NPS-50407,2026-01-24,rhys.vance@foxgloveglassw.co.uk,4,Love the transparency
NPS-50174,09/06/2026,freya.hansen@ottershawroofi.co.uk,9,Love the transparency
NPS-51450,20/12/2025,jack.whitfield@ottershawbookb.co.uk,5,
NPS-51069,25/12/2025,aisha.mercer@dunmorelogisti.co.uk,5,Would like faster quotes
NPS-51084,2026-08-16,sanjay.frost@exmooroffices.co.uk,3,
NPS-50308,27/10/2025,dev.marsh@queningtonvete.co.uk,4,
NPS-51384,11/10/2025,anita.ferris@yarrowaquatics.co.uk,3,Great broker support
NPS-50281,19/11/2025,sanjay.marsh@denholmforge.co.uk,8,"Savings are real, service is quick"
NPS-50826,14/01/2026,ryan.bright@lighthouseicec.co.uk,9,
NPS-51566,2025-07-28,jack.sutton@ellertonbookbi.co.uk,5,
NPS-51586,2026-04-13,iona.kaur@cranleighfound.com,4,Great broker support
NPS-50571,24/11/2025,fatima.hale@farriersalvage.co.uk,8,Would like faster quotes
NPS-51587,2026-03-11,jack.pryce@whitethornicec.co.uk,10,
NPS-50134,02/12/2025,stefan.kaur@verityglasswor.co.uk,6,Billing took too long to fix
NPS-51128,2025-08-23,dev.bright@umbersideicecr.co.uk,9,Love the transparency
NPS-50090,15/09/2025,gareth.nairn@hatherleycolds.co.uk,9,
NPS-50872,19/08/2025,anita.nowak@westclifffarmf.co.uk,4,"Savings are real, service is quick"
NPS-51550,19/10/2025,aisha.quinn@cobaltrobotics.co.uk,7,Renewal process unclear
NPS-50811,07/06/2026,priya.macleod@northgateprint.com,4,Billing took too long to fix
NPS-50959,07/02/2026,grace.wren@torquedairy.co.uk,5,"Savings are real, service is quick"
NPS-51520,28/06/2026,chloe.voss@umbersidegarde.co.uk,8,
NPS-50748,2026-02-23,noel.nowak@riverbankfabri.co.uk,5,
NPS-51516,2026-08-30,kirsty.sutton@rosedaleaquati.co.uk,9,
NPS-51118,19/04/2026,sarah.doyle@veritygarden.co.uk,7,
NPS-50117,13/06/2026,james.ferris@cedarstudios.co.uk,4,
NPS-51237,2026-04-20,sanjay.voss@lighthousebake.co.uk,3,Love the transparency
NPS-51413,23/11/2025,ben.keane@oakhurstchandl.co.uk,6,
NPS-50452,2025-12-01,dev.hansen@nettlebedicecr.co.uk,9,
NPS-50866,2025-12-13,megan.ogden@bramblechandle.co.uk,9,
NPS-50018,2025-08-14,paula.osei@zetlandcinemas.co.uk,6,
NPS-50994,20/12/2025,megan.whitfield@ivybridgechand.co.uk,4,Billing took too long to fix
NPS-50212,01/06/2026,jack.mercer@nettlebedplast.co.uk,6,
NPS-50949,17/02/2026,noel.wren@vantageplastic.com,4,Love the transparency
NPS-50245,2026-01-17,iona.hale@lowthercoldsto.co.uk,10,
NPS-50557,21/08/2026,callum.jennings@marlowglasswor.co.uk,5,
NPS-50499,2025-11-18,tom.patel@cobaltforge.co.uk,1,
NPS-51466,2026-04-11,ewan.voss@garwoodenginee.co.uk,7,
NPS-51191,2026-06-03,holly.iqbal@ellertonschool.co.uk,10,Great broker support
NPS-50632,2025-11-01,dev.sharpe@kestrelrobotic.co.uk,9,
NPS-51513,08/06/2026,peter.chowdhury@birchmoorcinem.com,3,Love the transparency
NPS-50441,10/07/2026,jack.bright@ullswaterdairy.co.uk,9,Love the transparency
NPS-50201,2026-04-02,sanjay.whitfield@garwooddistill.co.uk,7,Great broker support
NPS-51419,2026-07-29,megan.chowdhury@riverbankfabri.co.uk,5,Love the transparency
NPS-50589,2025-11-18,nadia.chowdhury@wrenfieldjoine.co.uk,9,
NPS-50752,17/08/2025,oliver.sharpe@zetlandretail.co.uk,8,
NPS-50664,2026-03-01,ryan.ellison@yewtreeenginee.co.uk,10,
NPS-51177,2026-07-27,lewis.macleod@nettlebedcare.co.uk,6,
NPS-51526,07/08/2026,fatima.grady@queningtonchan.com,7,
NPS-51045,2025-09-26,amber.underhill@vantagetanning.co.uk,9,Renewal process unclear
NPS-50704,17/05/2026,omar.sutton@ironbridgerobo.co.uk,6,"Savings are real, service is quick"
NPS-50440,22/12/2025,chloe.rowntree@birchmoorbrewe.co.uk,8,
NPS-50243,24/10/2025,craig.frost@kestrelveterin.co.uk,6,
NPS-50181,07/05/2026,amber.whitfield@bexleydairy.co.uk,5,
NPS-50377,05/03/2026,oliver.iqbal@nettlebedbakeh.co.uk,3,
NPS-51284,2026-02-10,lucy.quinn@harbornestudio.co.uk,4,
NPS-51251,2025-11-14,kirsty.keane@zephyrcoachwor.co.uk,8,Would like faster quotes
NPS-50166,2025-10-14,ben.nowak@kelbrookicecre.co.uk,5,Would like faster quotes
NPS-50223,2025-11-16,sarah.patel@silverbeckmari.co.uk,5,Portal is confusing
NPS-51406,2025-08-21,holly.mercer@saltmarshroofi.co.uk,10,
NPS-50028,2026-04-11,gareth.patel@nettlebedcinem.co.uk,5,Love the transparency
NPS-50127,2026-05-13,omar.vance@dunmoresalvage.co.uk,3,
NPS-50080,10/11/2025,lucy.tate@pemberleyuphol.co.uk,3,
NPS-50010,2026-04-08,james.mercer@violettadataro.co.uk,4,
NPS-51032,2025-10-03,ryan.keane@langmerefoundr.co.uk,5,
NPS-50205,2026-02-22,freya.reid@applegarthprin.com,5,Love the transparency
NPS-51252,2025-09-26,priya.nairn@halewoodaquati.co.uk,5,
NPS-50819,2026-06-15,iona.whitfield@padstowlaundry.co.uk,7,Great broker support
NPS-50982,21/08/2026,holly.ogden@tanfieldveteri.co.uk,5,
NPS-50431,31/08/2026,lewis.lomax@halewoodgalvan.co.uk,8,
NPS-50780,04/11/2025,marcus.doyle@yewtreepadel.co.uk,4,Portal is confusing
NPS-51058,13/08/2026,holly.sutton@westclifftanni.co.uk,4,Would like faster quotes
NPS-50188,01/04/2026,marcus.sutton@ellertonmillin.com,8,
NPS-50814,2026-05-25,aisha.nairn@nettlebedgalva.co.uk,7,"Savings are real, service is quick"
NPS-50151,2026-03-12,zara.bright@harbornelogist.co.uk,7,Renewal process unclear
NPS-50209,2026-02-07,tara.macleod@ivybridgedatar.co.uk,4,
NPS-50648,2026-06-03,ryan.frost@ivybridgescaff.co.uk,4,Billing took too long to fix
NPS-50206,20/05/2026,ben.quinn@jespersenschoo.co.uk,4,Great broker support
NPS-50875,2026-08-21,amber.reid@torquemaltings.co.uk,5,Portal is confusing
NPS-50183,25/09/2025,sanjay.ellison@applegarthgym.co.uk,7,
NPS-50061,18/04/2026,daniel.quinn@ravenscartexti.com,2,Love the transparency
NPS-50139,21/03/2026,nadia.tate@zetlandrestaur.com,9,
NPS-50724,19/10/2025,tara.iqbal@hollybushbrewe.co.uk,5,Great broker support
NPS-50457,23/12/2025,daniel.reid@selworthyfabri.co.uk,1,Portal is confusing
NPS-50640,16/03/2026,megan.ferris@ullswatercater.com,3,Renewal process unclear
NPS-51501,16/08/2025,zara.lomax@padstowfoundry.co.uk,0,
NPS-50235,05/08/2026,tom.bright@gildedprint.co.uk,9,
NPS-50169,07/08/2025,nia.yates@ivybridgetexti.com,6,Would like faster quotes
NPS-51463,12/04/2026,daniel.underhill@larkspurscaffo.co.uk,6,Portal is confusing
NPS-50093,2026-01-20,craig.osei@jespersendairy.co.uk,9,"Savings are real, service is quick"
NPS-50701,14/06/2026,lucy.iqbal@whitethorncold.com,6,Portal is confusing
NPS-51505,2025-11-12,jack.nowak@silverbeckfarm.co.uk,9,Billing took too long to fix
NPS-50119,05/04/2026,tara.grady@norburyaquatic.co.uk,6,
NPS-50919,25/09/2025,sarah.sutton@saltmarshmalti.co.uk,7,"Savings are real, service is quick"
NPS-50904,21/06/2026,jack.sutton@cedardatarooms.co.uk,9,
NPS-51592,2026-03-24,zara.bright@tredegarrestau.co.uk,3,
NPS-50129,13/09/2025,kirsty.nairn@halewoodjoiner.co.uk,7,Billing took too long to fix
NPS-51539,04/09/2025,tom.rowntree@umbersidemalti.co.uk,5,Billing took too long to fix
NPS-51263,2026-07-12,craig.ogden@yewtreeleisure.co.uk,4,
NPS-51504,2025-12-29,megan.grady@lighthousegym.co.uk,9,"Savings are real, service is quick"
NPS-50249,30/09/2025,jack.sutton@nettlebedresta.co.uk,6,Renewal process unclear
NPS-50921,2026-01-09,ben.macleod@bexleyaquatics.co.uk,10,
NPS-50130,2025-12-20,ben.sharpe@cobaltdistille.co.uk,10,
NPS-51241,29/10/2025,dev.ogden@garwoodicecrea.co.uk,7,
NPS-50650,2025-08-25,lewis.nairn@bexleyroofing.co.uk,9,Renewal process unclear
NPS-50439,15/01/2026,chloe.rowntree@birchmoorbrewe.co.uk,7,
NPS-51271,2025-10-24,aisha.hale@harbornechandl.co.uk,7,
NPS-50634,2026-06-20,sarah.vance@oakhursttannin.co.uk,6,
NPS-50712,2026-07-20,anita.hansen@whitethorndist.co.uk,7,Great broker support
NPS-50633,30/09/2025,dev.sharpe@kestrelrobotic.co.uk,8,
NPS-50325,31/07/2025,callum.mercer@summertonretai.co.uk,5,
NPS-51412,2025-12-27,ben.keane@oakhurstchandl.co.uk,5,
NPS-50614,19/10/2025,lucy.patel@vantageretail.co.uk,6,
NPS-50509,2026-08-02,emily.osei@torquefoundry.co.uk,3,Renewal process unclear
NPS-50623,23/08/2026,omar.okafor@violettaoffice.co.uk,5,
NPS-50361,30/08/2026,stefan.underhill@vantagecaterin.co.uk,8,Great broker support
NPS-51490,29/03/2026,freya.ellison@elmwoodrestaur.co.uk,4,Love the transparency
NPS-50387,2026-07-22,iona.lomax@silverbeckicec.co.uk,7,
NPS-50398,22/08/2026,ewan.brooke@bexleysalvage.co.uk,4,
NPS-50594,2025-08-04,ryan.voss@maplinbookbind.co.uk,5,Portal is confusing
NPS-50383,2025-11-17,holly.chowdhury@ashcombelaundr.co.uk,4,
NPS-51250,2026-04-15,marcus.nowak@maplinlogistic.co.uk,5,Would like faster quotes
NPS-50167,2026-07-13,zara.quinn@queningtonglas.co.uk,7,Would like faster quotes
NPS-50203,30/10/2025,peter.voss@tredegarbrewer.co.uk,3,Renewal process unclear
NPS-50838,14/09/2025,rhys.quinn@ravenscarfound.co.uk,4,
NPS-51389,2026-06-05,rhys.brooke@zephyrrecyclin.co.uk,9,Billing took too long to fix
NPS-50372,2025-12-17,priya.iqbal@oakhurstdataro.co.uk,7,
NPS-50224,2026-08-29,sarah.patel@silverbeckmari.co.uk,8,
NPS-50315,2026-03-22,grace.underhill@bramblepackagi.co.uk,6,Love the transparency
NPS-51575,09/04/2026,ben.frost@exmoorgalvanis.co.uk,4,
NPS-50618,10/04/2026,ben.pryce@bexleygalvanis.co.uk,6,Would like faster quotes
NPS-50974,10/11/2025,freya.pryce@quarringtonopt.co.uk,7,
NPS-50284,2025-08-09,anita.macleod@ivybridgeaggre.co.uk,7,
NPS-50825,2026-05-10,omar.macleod@ivybridgegym.co.uk,9,Renewal process unclear
NPS-50036,2025-10-23,grace.vance@cranleighchand.co.uk,5,
NPS-50510,2026-06-25,james.vance@farrierglasswo.co.uk,2,
NPS-50395,29/05/2026,tara.mercer@ottershawicecr.co.uk,4,
NPS-51005,2026-05-07,dev.pryce@queningtontext.co.uk,3,
NPS-50708,31/07/2025,megan.lomax@cobaltlaundry.co.uk,3,Billing took too long to fix
NPS-50113,2026-06-11,megan.brooke@langmeregym.com,8,
NPS-51564,2025-12-07,zara.grady@tanfieldengine.co.uk,3,
NPS-51049,2025-11-12,ben.ferris@bexleycoldstor.co.uk,2,
NPS-50649,2025-09-12,zara.brooke@langmerejoiner.co.uk,5,
NPS-51247,08/05/2026,james.okafor@gildedaggregat.co.uk,5,
NPS-50186,2025-09-05,stefan.hale@lighthouselaun.co.uk,7,"Savings are real, service is quick"
NPS-51253,2025-10-13,marcus.yates@jarrowchandler.co.uk,10,
NPS-50698,2025-08-23,zara.rowntree@queningtonglas.co.uk,6,"Savings are real, service is quick"
NPS-50033,30/08/2026,chloe.frost@zetlandtimber.co.uk,5,"Savings are real, service is quick"
NPS-50596,2026-07-08,nia.iqbal@selworthymotor.co.uk,5,Love the transparency
NPS-50017,2026-08-07,lucy.reid@pemberleyplast.co.uk,5,Billing took too long to fix
NPS-51012,2025-08-02,freya.sutton@westcliffengin.co.uk,7,
NPS-50858,2026-03-17,marcus.rowntree@larkspursalvag.co.uk,6,
NPS-50542,31/08/2026,megan.okafor@denholmrobotic.co.uk,7,Love the transparency
NPS-50111,2026-03-29,oliver.nairn@nettlebedlogis.co.uk,7,
NPS-50082,22/01/2026,james.rowntree@orchardstudios.co.uk,3,Great broker support
NPS-50532,2026-02-23,chloe.mercer@marlowfoundry.co.uk,5,Billing took too long to fix
NPS-50829,2026-01-20,rhys.doyle@ivybridgesalva.co.uk,4,
NPS-51482,2025-08-09,tom.frost@bexleystudios.co.uk,4,
NPS-50743,2026-02-28,freya.sharpe@larkspurtimber.co.uk,8,
NPS-51367,20/09/2025,jack.mercer@cranleighicecr.co.uk,7,Renewal process unclear
NPS-50133,09/04/2026,megan.marsh@inglebylaundry.co.uk,6,
NPS-51373,16/09/2025,anita.kaur@bexleyfabricat.co.uk,2,Love the transparency
NPS-50476,02/09/2025,noel.vance@ravenscaroffic.co.uk,8,
NPS-50310,2026-03-27,ewan.doyle@ellertonfabric.co.uk,7,
NPS-51472,2025-10-19,nadia.tate@ravenscarmotor.co.uk,7,Love the transparency
NPS-50157,2026-07-05,sarah.patel@millpondchandl.com,7,
NPS-50338,29/11/2025,dev.grady@umbersidepharm.co.uk,6,Billing took too long to fix
NPS-50823,2026-06-03,ewan.yates@stanhopejoiner.co.uk,5,Would like faster quotes
NPS-51225,2026-03-03,sanjay.pryce@inglebystudios.com,6,Love the transparency
NPS-51615,05/01/2026,ewan.whitfield@northgatepharm.co.uk,7,
NPS-51333,20/01/2026,rhys.lomax@millpondkennel.co.uk,7,Love the transparency
NPS-50098,23/08/2025,ryan.marsh@wrenfieldcoach.co.uk,3,
NPS-51602,2026-02-17,tara.ogden@garwoodaquatic.co.uk,8,Would like faster quotes
NPS-51208,29/06/2026,peter.lomax@penninebreweri.co.uk,3,Would like faster quotes
NPS-50617,2026-02-07,freya.underhill@ironbridgecold.co.uk,5,
NPS-51530,2026-06-26,holly.ellison@whitethorngalv.co.uk,4,Portal is confusing
NPS-50347,2026-05-01,iona.chowdhury@bexleyfabricat.co.uk,7,"Savings are real, service is quick"
NPS-50043,2026-07-14,gareth.yates@denholmpharmac.co.uk,8,Would like faster quotes
NPS-50955,08/12/2025,peter.lomax@veritynurserie.co.uk,5,
NPS-50954,15/06/2026,peter.lomax@veritynurserie.co.uk,6,
NPS-50578,29/07/2025,james.sharpe@redwingbookbin.co.uk,9,Great broker support
NPS-50481,2026-08-23,amber.sharpe@saltmarshbakeh.co.uk,9,
NPS-50964,2025-09-13,omar.yates@yarrowprint.co.uk,3,
NPS-51062,20/11/2025,ben.ellison@vantagebakehou.co.uk,6,
NPS-51416,06/08/2025,paula.brooke@quaysidetimber.co.uk,4,Love the transparency
NPS-50214,2025-08-17,megan.okafor@eastbrookbakeh.co.uk,7,Renewal process unclear
NPS-51547,04/08/2025,ewan.kaur@elmwoodjoinery.co.uk,4,Would like faster quotes
NPS-51270,15/09/2025,aisha.hale@harbornechandl.com,7,
NPS-50519,2025-11-23,nadia.chowdhury@yewtreerecycli.co.uk,5,Portal is confusing
NPS-51031,21/04/2026,ryan.keane@langmerefoundr.co.uk,5,Renewal process unclear
NPS-50894,18/12/2025,oliver.okafor@quaysidepharma.co.uk,6,
NPS-50220,2026-03-10,lucy.chowdhury@zetlandtimber.co.uk,6,Portal is confusing
NPS-50217,2026-02-05,callum.macleod@marlowcoachwor.co.uk,9,Love the transparency
NPS-51102,2026-07-05,james.tate@kelbrookpadel.co.uk,6,
NPS-50821,2025-12-30,nadia.jennings@bexleyaquatics.co.uk,7,Great broker support
NPS-51232,02/11/2025,marcus.patel@summertonoptic.co.uk,9,Love the transparency
NPS-51425,01/10/2025,nadia.patel@bexleyjoinery.co.uk,5,Love the transparency
NPS-50827,23/06/2026,ryan.bright@lighthouseicec.com,9,
NPS-50810,2026-04-27,lewis.kaur@thackerymarine.co.uk,8,
NPS-50483,21/08/2025,megan.iqbal@wrenfieldbrewe.co.uk,8,Would like faster quotes
NPS-51453,2025-09-28,lewis.kaur@zetlandroofing.co.uk,3,
NPS-50491,30/07/2026,kirsty.osei@kingsmeadlaund.co.uk,6,Renewal process unclear
NPS-50630,2026-01-24,lewis.yates@westcliffpadel.co.uk,6,
NPS-50411,08/04/2026,sanjay.nairn@ivybridgesalva.co.uk,4,Great broker support
NPS-50465,2026-06-24,omar.macleod@dunmoreaquatic.co.uk,8,Renewal process unclear
NPS-51046,21/10/2025,sanjay.doyle@quaysidedairy.co.uk,9,Would like faster quotes
NPS-50646,2026-02-13,craig.nowak@gildedstudios.co.uk,5,
NPS-50492,16/07/2026,oliver.underhill@tredegarretail.co.uk,6,
NPS-50627,2026-04-15,dev.reid@thackerysalvag.co.uk,2,
NPS-50705,27/09/2025,kirsty.mercer@inglebybookbin.co.uk,3,
NPS-50642,08/09/2025,noel.grady@ellertonroboti.co.uk,6,Portal is confusing
NPS-50178,2026-07-01,ryan.hansen@farriercare.co.uk,9,
NPS-51226,19/08/2026,megan.osei@violettastudio.co.uk,4,Renewal process unclear
NPS-50107,22/05/2026,grace.bright@ottershawmilli.co.uk,8,
NPS-51487,2026-06-21,freya.ellison@marlownurserie.co.uk,8,Great broker support
NPS-51193,07/07/2026,oliver.mercer@ivybridgepharm.co.uk,9,Would like faster quotes
NPS-50282,05/06/2026,sanjay.marsh@denholmforge.co.uk,6,
NPS-51209,2025-10-01,rhys.hansen@denholmupholst.co.uk,7,
NPS-50450,2026-06-16,lucy.ferris@tanfieldfabric.co.uk,3,
NPS-50115,15/07/2026,oliver.lomax@pemberleyaggre.co.uk,9,Great broker support
NPS-50495,2025-08-26,holly.doyle@thackerydistil.co.uk,3,
NPS-50947,2026-07-14,zara.ellison@silverbeckscho.co.uk,7,Billing took too long to fix
NPS-51107,30/05/2026,sanjay.sutton@caldwellgarden.co.uk,4,
NPS-50892,2026-05-07,gareth.brooke@thackeryengine.co.uk,8,Renewal process unclear
NPS-50373,21/09/2025,zara.lomax@hatherleyuphol.com,9,Renewal process unclear
NPS-51455,25/04/2026,nia.reid@ottershawprint.co.uk,7,
NPS-50806,06/03/2026,chloe.jennings@northgateglass.co.uk,6,
NPS-51052,15/11/2025,craig.lomax@torquebookbind.co.uk,5,
NPS-51280,04/01/2026,sarah.sutton@eastbrookgym.co.uk,7,Would like faster quotes
NPS-51039,2025-07-30,paula.ellison@harbornegalvan.co.uk,2,Would like faster quotes
NPS-50584,14/10/2025,iona.hansen@cedaraquatics.com,5,Portal is confusing
NPS-51368,05/11/2025,oliver.kaur@stanhoperetail.co.uk,8,
NPS-50999,2026-02-06,oliver.ellison@penninedistill.co.uk,7,Billing took too long to fix
NPS-51212,23/10/2025,rhys.vance@quaysideuphols.co.uk,4,
NPS-51297,21/10/2025,paula.vance@rosedalekennel.co.uk,7,Billing took too long to fix
NPS-51593,25/08/2025,tara.brooke@torquepadel.co.uk,7,
NPS-50420,2026-03-03,emily.kaur@hatherleybrewe.co.uk,7,"Savings are real, service is quick"
NPS-51336,28/08/2025,freya.ogden@ashcombemillin.co.uk,4,
NPS-50401,26/11/2025,omar.doyle@queningtoncine.co.uk,6,Great broker support
NPS-50749,28/12/2025,amber.bright@quarringtonnur.co.uk,6,
NPS-51186,11/03/2026,craig.rowntree@riverbankgarde.co.uk,5,
NPS-50042,09/05/2026,gareth.yates@denholmpharmac.co.uk,7,"Savings are real, service is quick"
NPS-51079,10/05/2026,anita.lomax@westcliffcater.co.uk,5,Would like faster quotes
NPS-51392,2026-06-23,daniel.keane@selworthyjoine.co.uk,5,"Savings are real, service is quick"
NPS-51314,03/05/2026,nadia.bright@ashcombecoldst.co.uk,4,
NPS-51245,2026-07-16,iona.sharpe@jespersenaggre.co.uk,4,Love the transparency
NPS-51060,06/10/2025,gareth.ellison@larkspurfabric.co.uk,3,
NPS-50854,2026-02-17,tom.sharpe@zetlandjoinery.co.uk,8,
NPS-51222,11/08/2025,gareth.nowak@cranleighcare.co.uk,6,Billing took too long to fix
NPS-51616,2026-02-09,lewis.kaur@orchardgalvani.co.uk,7,
NPS-50788,25/06/2026,tara.hale@dunmoremarine.co.uk,5,Portal is confusing
NPS-51519,11/10/2025,kirsty.jennings@lighthousehote.co.uk,10,"Savings are real, service is quick"
NPS-50862,2026-01-13,rhys.keane@halewoodhotels.co.uk,5,
NPS-50242,22/12/2025,ewan.quinn@cranleighkenne.co.uk,3,Would like faster quotes
NPS-51454,23/12/2025,sanjay.voss@larkspurmarine.co.uk,4,Would like faster quotes
NPS-51051,17/11/2025,priya.underhill@stanhopeforge.co.uk,5,Would like faster quotes
NPS-50291,22/04/2026,nia.underhill@westcliffscaff.co.uk,7,
NPS-50612,2026-04-18,dev.yates@padstowfoundry.co.uk,6,
NPS-50800,29/12/2025,nadia.chowdhury@maplinrobotics.co.uk,9,
NPS-51178,2025-09-25,oliver.voss@redwinggalvani.co.uk,10,
NPS-50294,19/01/2026,iona.vance@caldwellmotors.co.uk,8,
NPS-50014,17/02/2026,craig.patel@larkspurglassw.co.uk,6,
NPS-50497,2025-12-06,ben.grady@exmoorcinemas.co.uk,5,
NPS-51042,2025-11-13,sarah.tate@exmoorpackagin.co.uk,7,"Savings are real, service is quick"
NPS-51382,2026-08-10,fatima.wren@jarrowfabricat.co.uk,4,
NPS-50697,2025-08-09,zara.rowntree@queningtonglas.co.uk,7,
NPS-50624,2026-08-28,omar.okafor@violettaoffice.co.uk,5,Great broker support
NPS-50575,12/08/2025,nadia.nairn@stanhopejoiner.co.uk,4,
NPS-50262,31/08/2025,megan.lomax@westcliffcinem.com,10,Renewal process unclear
NPS-51325,2026-03-04,lucy.voss@norburytimber.co.uk,5,
NPS-50379,2025-12-02,dev.vance@queningtonhote.co.uk,7,
NPS-50692,2025-10-11,sanjay.rowntree@marlowrobotics.com,9,Love the transparency
NPS-50769,2025-10-22,noel.nairn@verityrobotics.co.uk,9,Renewal process unclear
NPS-50577,23/05/2026,grace.mercer@ivybridgemalti.co.uk,9,Would like faster quotes
NPS-50837,2026-07-22,rhys.quinn@ravenscarfound.co.uk,3,
NPS-51521,2026-01-16,aisha.nowak@marlowicecream.co.uk,5,
NPS-50726,09/05/2026,nadia.mercer@quaysidetannin.co.uk,8,Billing took too long to fix
NPS-50177,2026-08-13,sarah.vance@exmooraggregat.co.uk,7,
NPS-51445,17/06/2026,oliver.vance@quarringtonret.co.uk,10,
NPS-50817,09/04/2026,dev.tate@thackeryaquati.co.uk,6,Portal is confusing
NPS-50901,2025-08-11,amber.keane@ironbridgetext.co.uk,3,Would like faster quotes
NPS-50988,2026-02-19,stefan.bright@pemberleyseafo.co.uk,7,"Savings are real, service is quick"
NPS-50552,2025-10-07,kirsty.iqbal@gildedlaundry.co.uk,4,Love the transparency
NPS-50357,28/07/2025,nadia.wren@bexleymilling.co.uk,8,"Savings are real, service is quick"
NPS-51411,12/05/2026,nia.keane@harborneglassw.co.uk,7,"Savings are real, service is quick"
NPS-50839,25/09/2025,craig.sutton@queningtontann.com,7,Renewal process unclear
NPS-50064,2026-05-24,fatima.lomax@selworthybookb.co.uk,8,
NPS-50547,04/05/2026,james.hansen@yewtreeplastic.co.uk,10,Love the transparency
NPS-50874,10/01/2026,nadia.mercer@nettlebedseafo.co.uk,6,Renewal process unclear
NPS-50940,2026-08-14,noel.doyle@summertonoffic.co.uk,6,
NPS-50816,26/11/2025,dev.tate@thackeryaquati.co.uk,7,
NPS-50899,20/04/2026,grace.iqbal@riverbankmalti.co.uk,5,Great broker support
NPS-50907,29/06/2026,nadia.ellison@denholmmalting.co.uk,6,
NPS-50219,2026-04-25,jack.reid@westclifficecr.co.uk,8,Great broker support
NPS-50856,01/01/2026,nadia.quinn@applegarthoffi.co.uk,4,
NPS-50873,2026-04-10,daniel.whitfield@stanhopetimber.co.uk,4,
NPS-50882,12/10/2025,nadia.lomax@hatherleyforge.co.uk,4,
NPS-51109,2025-10-07,marcus.yates@hatherleycolds.co.uk,4,Billing took too long to fix
NPS-50781,17/11/2025,marcus.doyle@yewtreepadel.co.uk,4,
NPS-51496,27/09/2025,stefan.lomax@zetlandpharmac.co.uk,5,
NPS-51320,04/01/2026,amber.voss@westcliffengin.com,4,
NPS-50197,25/10/2025,sarah.chowdhury@ivybridgedairy.co.uk,5,
NPS-50794,2025-08-27,amber.brooke@pemberleynurse.co.uk,7,
NPS-51249,2026-08-24,fatima.grady@maplinscaffold.co.uk,7,
NPS-50425,18/06/2026,daniel.rowntree@harborneroofin.co.uk,8,
NPS-50818,02/06/2026,iona.whitfield@padstowlaundry.co.uk,6,
NPS-50937,24/02/2026,nia.okafor@cedaraquatics.co.uk,7,
NPS-50567,16/11/2025,nia.yates@violettabookbi.co.uk,4,"Savings are real, service is quick"
NPS-51010,29/06/2026,lucy.grady@bluewaterforge.co.uk,6,Portal is confusing
NPS-50277,14/04/2026,oliver.patel@cobalthotels.co.uk,5,
NPS-50057,02/04/2026,megan.kaur@redwingbookbin.co.uk,6,
NPS-50513,06/05/2026,marcus.ogden@pemberleycinem.co.uk,7,
NPS-50958,2025-08-17,grace.wren@torquedairy.co.uk,6,
NPS-51468,2026-05-10,sanjay.mercer@maplinmarine.co.uk,6,
NPS-50287,2026-06-30,aisha.ellison@verityfarmfood.co.uk,6,
NPS-50388,06/02/2026,sanjay.iqbal@cobaltnurserie.co.uk,6,Would like faster quotes
NPS-51199,20/03/2026,ben.nairn@larkspurrestau.co.uk,3,
NPS-50101,2026-06-20,dev.grady@ironbridgedist.co.uk,5,
NPS-50673,05/08/2025,james.voss@hatherleybakeh.co.uk,7,Portal is confusing
NPS-51537,2026-04-28,grace.jennings@langmerehotels.co.uk,4,Portal is confusing
NPS-51517,2026-04-04,grace.wren@riverbankdisti.co.uk,10,
NPS-50568,19/04/2026,freya.brooke@northgatemalti.co.uk,8,
NPS-51589,2026-08-08,rhys.ferris@farrierlogisti.co.uk,5,"Savings are real, service is quick"
NPS-50088,2026-03-08,peter.mercer@orchardicecrea.co.uk,5,Would like faster quotes
NPS-50363,2026-08-02,zara.reid@ivybridgefabri.co.uk,3,"Savings are real, service is quick"
NPS-50493,2026-01-17,oliver.underhill@tredegarretail.co.uk,6,Billing took too long to fix
NPS-50326,2026-02-20,callum.reid@quarringtonfab.co.uk,10,
NPS-51286,2025-11-25,iona.chowdhury@zephyrrobotics.co.uk,7,
NPS-51308,2025-12-24,stefan.osei@wrenfieldicecr.co.uk,5,
NPS-51542,27/07/2026,ryan.chowdhury@ellertonfoundr.co.uk,6,
NPS-50429,10/04/2026,tara.rowntree@redwingenginee.co.uk,7,Would like faster quotes
NPS-50518,02/02/2026,callum.macleod@kelbrookoptics.co.uk,5,
NPS-51302,26/08/2025,omar.voss@bluewaterroofi.co.uk,5,
NPS-51008,2025-11-20,holly.sharpe@oakhursttextil.co.uk,4,
NPS-50413,23/04/2026,jack.jennings@lowtherprint.co.uk,8,Billing took too long to fix
NPS-50468,28/08/2025,aisha.hansen@hollybushoffic.co.uk,9,Renewal process unclear
NPS-51154,2025-07-30,dev.bright@queningtondata.co.uk,7,"Savings are real, service is quick"
NPS-50202,2025-10-13,stefan.macleod@cranleighkenne.co.uk,7,
NPS-50013,23/08/2026,marcus.jennings@bluewaterforge.co.uk,10,Love the transparency
NPS-50676,2026-04-28,lucy.hale@cedarcatering.co.uk,7,Billing took too long to fix
NPS-50233,2025-11-26,lucy.marsh@exmoorcoldstor.co.uk,9,Love the transparency
NPS-51298,2026-02-02,nia.bright@cranleighcoach.co.uk,4,
NPS-50257,16/08/2026,sanjay.nairn@norburypadel.co.uk,7,"Savings are real, service is quick"
NPS-50654,07/11/2025,iona.chowdhury@wrenfieldkenne.co.uk,9,
NPS-50159,2026-03-02,rhys.mercer@orchardhotels.co.uk,10,
NPS-50045,01/09/2026,james.sharpe@dunmoreoffices.co.uk,5,
NPS-50344,30/07/2026,paula.macleod@riverbanktexti.co.uk,7,Love the transparency
NPS-50386,12/07/2026,lewis.iqbal@dunmorepadel.co.uk,9,
NPS-50970,25/11/2025,fatima.rowntree@ottershawjoine.co.uk,3,Great broker support
NPS-51021,2026-06-06,ben.grady@jarrowcatering.co.uk,5,Renewal process unclear
NPS-51281,19/02/2026,anita.kaur@cedaraquatics.com,6,
NPS-50834,29/12/2025,stefan.underhill@penninepackagi.co.uk,6,
NPS-51456,2025-10-18,iona.nowak@eastbrookfarmf.co.uk,8,Portal is confusing
NPS-50103,2026-02-12,nadia.doyle@gildedtimber.co.uk,5,
NPS-50105,20/08/2025,tara.ferris@tredegarhotels.co.uk,3,Would like faster quotes
NPS-51201,08/01/2026,paula.lomax@nettlebedtexti.co.uk,8,
NPS-51625,2025-12-14,ryan.keane@verityleisure.co.uk,9,Love the transparency
NPS-50744,28/07/2025,paula.underhill@lowthercaterin.co.uk,4,
NPS-50969,16/08/2026,nadia.bright@caldwellengine.co.uk,8,
NPS-50677,20/07/2026,lucy.hale@cedarcatering.co.uk,6,
NPS-50410,2025-10-15,sanjay.lomax@applegarthmalt.co.uk,1,Would like faster quotes
NPS-51150,2026-01-16,tom.brooke@westcliffoffic.co.uk,7,
NPS-50240,21/12/2025,nia.chowdhury@merrivalechand.co.uk,6,Portal is confusing
NPS-51160,2025-09-10,zara.mercer@rosedaleprecis.co.uk,7,
NPS-50729,01/08/2026,dev.okafor@ravenscarpreci.co.uk,6,Renewal process unclear
NPS-50944,30/12/2025,fatima.underhill@fernhillschool.co.uk,5,Would like faster quotes
NPS-51345,14/05/2026,james.hale@ellertonprecis.co.uk,10,
NPS-51099,13/12/2025,lewis.doyle@bluewatersalva.co.uk,3,Portal is confusing
NPS-51620,04/04/2026,tom.vance@jespersenroofi.co.uk,7,
NPS-50247,03/02/2026,tara.pryce@kestrelchandle.co.uk,9,
NPS-50022,19/02/2026,tara.nairn@ashcombeforge.co.uk,10,
NPS-51512,2026-04-19,peter.chowdhury@birchmoorcinem.co.uk,3,
NPS-50587,05/03/2026,ben.kaur@bexleypadel.co.uk,7,
NPS-50463,2025-11-12,aisha.nowak@inglebyrobotic.co.uk,7,
NPS-50405,02/04/2026,amber.underhill@elmwoodtimber.co.uk,5,
NPS-51065,2026-04-18,kirsty.ferris@tredegaruphols.co.uk,9,Love the transparency
NPS-51582,27/08/2025,paula.grady@ellertonrestau.co.uk,10,
NPS-50682,2026-08-05,gareth.nowak@ivybridgeplast.co.uk,4,Would like faster quotes
NPS-50558,2026-08-23,amber.macleod@brambledataroo.co.uk,6,
NPS-51278,2025-10-28,daniel.tate@foxglovesalvag.co.uk,8,Would like faster quotes
NPS-51374,15/07/2026,ewan.keane@ashcomberoboti.co.uk,3,
NPS-50434,01/07/2026,megan.chowdhury@hatherleymarin.co.uk,5,
NPS-50771,08/08/2026,peter.voss@ashcombebakeho.co.uk,4,Great broker support
NPS-50038,01/10/2025,freya.whitfield@nettlebedprint.co.uk,3,
NPS-50270,2025-11-15,amber.keane@farrieraggrega.co.uk,5,
NPS-50808,2026-08-02,fatima.whitfield@ellertonhotels.co.uk,9,
NPS-50065,2025-08-26,fatima.lomax@selworthybookb.co.uk,7,
NPS-50786,28/08/2026,marcus.voss@fernhillmaltin.co.uk,3,
NPS-50741,25/06/2026,megan.nairn@saltmarshfarmf.com,5,Portal is confusing
NPS-50593,2026-04-11,daniel.pryce@orchardlogisti.co.uk,7,
NPS-51157,20/04/2026,priya.brooke@veritydataroom.co.uk,9,
NPS-50965,29/12/2025,omar.yates@yarrowprint.co.uk,5,Love the transparency
NPS-50381,2026-07-06,gareth.jennings@silverbeckhote.co.uk,8,
NPS-50815,2026-02-01,aisha.nairn@nettlebedgalva.co.uk,10,Great broker support
NPS-50404,20/10/2025,ben.ellison@torqueaquatics.co.uk,10,
NPS-50035,2025-10-15,iona.ogden@jarrowscaffold.co.uk,4,Love the transparency
NPS-50638,29/07/2025,callum.bright@gildedplastics.co.uk,8,Billing took too long to fix
NPS-51397,31/08/2026,nadia.ogden@gildedprint.com,6,"Savings are real, service is quick"
NPS-50350,06/02/2026,jack.pryce@quaysideicecre.co.uk,7,Renewal process unclear
NPS-50591,15/02/2026,jack.jennings@tredegarveteri.co.uk,4,
NPS-50502,02/07/2026,iona.quinn@selworthyresta.co.uk,5,Would like faster quotes
NPS-50902,12/03/2026,tara.ellison@padstowicecrea.co.uk,8,Billing took too long to fix
NPS-51009,10/06/2026,zara.underhill@whitethorncine.co.uk,9,
NPS-50792,01/04/2026,ben.doyle@summertonscaff.co.uk,9,
NPS-51353,2026-04-07,iona.keane@larkspurchandl.co.uk,4,Would like faster quotes
NPS-50303,2026-02-15,paula.mercer@quarringtonret.co.uk,6,Billing took too long to fix
NPS-51279,2026-06-24,anita.iqbal@cedarretail.co.uk,9,
NPS-50351,2025-12-16,jack.pryce@quaysideicecre.co.uk,6,"Savings are real, service is quick"
NPS-50606,2026-05-21,priya.pryce@norburycaterin.co.uk,4,
NPS-51106,2025-08-09,lewis.doyle@quarringtoncar.co.uk,3,Great broker support
NPS-50595,2025-12-11,nia.iqbal@selworthymotor.co.uk,3,Billing took too long to fix
NPS-51523,2026-06-30,stefan.wren@zephyrcoldstor.co.uk,6,
NPS-50868,2026-08-06,priya.frost@bexleyoffices.co.uk,8,"Savings are real, service is quick"
NPS-51614,2025-10-21,gareth.frost@quarringtondis.co.uk,3,
NPS-50100,2026-01-03,rhys.lomax@marlowseafoods.co.uk,4,
NPS-51172,06/12/2025,stefan.frost@cobalthotels.co.uk,4,
NPS-51441,2026-05-13,iona.ellison@kelbrookcinema.co.uk,7,
NPS-50272,12/08/2026,peter.hansen@penninesalvage.co.uk,3,
NPS-50719,2026-05-22,emily.quinn@larkspurcateri.co.uk,3,Portal is confusing
NPS-51568,21/06/2026,priya.yates@padstowdataroo.co.uk,3,Portal is confusing
NPS-50905,16/07/2026,aisha.patel@larkspurbakeho.co.uk,6,"Savings are real, service is quick"
NPS-50925,10/07/2026,callum.vance@kingsmeadretai.co.uk,7,
NPS-50983,18/07/2026,peter.underhill@farriermotors.co.uk,5,
NPS-50688,2026-02-26,marcus.chowdhury@cobaltforge.co.uk,2,Great broker support
NPS-50070,20/06/2026,grace.tate@pemberleydatar.co.uk,4,Billing took too long to fix
NPS-50376,24/11/2025,amber.kaur@stanhopeprecis.co.uk,3,
NPS-51581,2026-08-27,paula.grady@ellertonrestau.co.uk,8,
NPS-51563,2026-05-29,lewis.kaur@kelbrookleisur.co.uk,7,
NPS-50710,2026-07-16,jack.reid@cranleighplast.co.uk,9,Love the transparency
NPS-50917,2026-06-03,noel.frost@cranleighmilli.co.uk,2,Great broker support
NPS-50118,2025-08-11,tara.grady@norburyaquatic.co.uk,6,Renewal process unclear
NPS-50428,2025-09-22,tara.rowntree@redwingenginee.co.uk,7,
NPS-51211,2026-03-16,sarah.grady@cedarmaltings.co.uk,7,Portal is confusing
NPS-50720,12/11/2025,emily.ferris@garwoodgalvani.co.uk,5,"Savings are real, service is quick"
NPS-50828,2025-10-10,craig.quinn@ashcombegym.co.uk,6,"Savings are real, service is quick"
NPS-50403,2026-08-08,noel.ferris@umbersidecinem.co.uk,7,Portal is confusing
NPS-50972,2025-11-23,aisha.pryce@lighthouseoffi.com,7,
NPS-51013,2025-08-23,rhys.underhill@lighthousesalv.co.uk,5,Would like faster quotes
NPS-50643,2025-12-15,sanjay.macleod@cobaltlaundry.co.uk,5,Would like faster quotes
NPS-50702,2026-06-22,tom.nairn@millpondchandl.co.uk,6,Portal is confusing
NPS-50480,2026-01-26,rhys.iqbal@millpondicecre.co.uk,9,
NPS-50313,2026-01-11,callum.reid@oakhurststudio.co.uk,6,
NPS-51414,2026-07-26,emily.whitfield@hollybushdairy.co.uk,6,Renewal process unclear
NPS-51312,01/04/2026,noel.whitfield@silverbeckprec.co.uk,10,
NPS-50034,30/08/2026,callum.ellison@penninelaundry.com,8,
NPS-50700,2025-10-12,callum.hansen@foxglovelaundr.co.uk,5,
NPS-51343,2026-05-21,ben.reid@queningtongalv.co.uk,5,
NPS-50318,16/12/2025,amber.chowdhury@veritybookbind.co.uk,9,
NPS-50967,21/05/2026,lucy.quinn@quarringtonlog.co.uk,3,
NPS-50382,2025-08-31,nadia.sutton@tanfieldaggreg.co.uk,5,
NPS-51129,07/10/2025,tara.voss@harbornefabric.co.uk,8,Love the transparency
NPS-50487,27/02/2026,lucy.osei@umbersidecinem.co.uk,3,
NPS-51307,30/09/2025,stefan.osei@wrenfieldicecr.co.uk,7,"Savings are real, service is quick"
NPS-51362,14/08/2025,rhys.sharpe@hollybushroofi.co.uk,7,Love the transparency
NPS-51401,2025-10-03,lucy.osei@bluewatericecr.co.uk,6,"Savings are real, service is quick"
NPS-50775,2025-09-29,rhys.patel@saltmarshcolds.co.uk,5,Would like faster quotes
NPS-51100,05/01/2026,ben.frost@orchardgym.com,5,
NPS-51393,2025-08-08,freya.sutton@elmwoodpadel.com,7,
NPS-50842,2025-08-26,zara.lomax@jarrowbakehous.co.uk,7,
NPS-50185,2026-02-06,james.okafor@bramblekennels.co.uk,6,"Savings are real, service is quick"
NPS-50805,2025-11-01,chloe.jennings@northgateglass.co.uk,8,Would like faster quotes
NPS-50843,12/02/2026,priya.tate@whitethorncold.co.uk,7,Billing took too long to fix
NPS-50739,24/04/2026,craig.macleod@bexleypackagin.co.uk,5,
NPS-51167,10/11/2025,fatima.whitfield@padstowtextile.co.uk,7,
NPS-50525,2026-08-30,rhys.iqbal@garwoodbakehou.co.uk,5,
NPS-50857,25/08/2026,stefan.rowntree@foxglovescaffo.co.uk,6,
NPS-50158,07/08/2026,kirsty.nairn@fernhillfabric.co.uk,10,Billing took too long to fix
NPS-51056,16/10/2025,oliver.reid@padstowtanning.com,6,Love the transparency
NPS-51261,2025-09-29,kirsty.sharpe@zephyrmotors.co.uk,8,
NPS-51038,2026-05-02,anita.vance@hatherleygarde.co.uk,3,Billing took too long to fix
NPS-50001,2026-09-01,james.reid@ivybridgemalti.co.uk,5,Billing took too long to fix
NPS-50911,2026-02-10,emily.osei@ullswatericecr.co.uk,5,
NPS-50228,03/01/2026,noel.brooke@birchmooroffic.com,7,"Savings are real, service is quick"
NPS-50443,2026-08-09,callum.chowdhury@jespersenprint.co.uk,7,
NPS-51528,2026-07-21,omar.macleod@zetlandbookbin.co.uk,5,Great broker support
NPS-51295,2025-09-01,ewan.ferris@millpondleisur.co.uk,6,
NPS-50831,2025-10-04,aisha.pryce@kestrelmilling.co.uk,5,
NPS-50778,2026-02-22,tom.grady@queningtoncare.co.uk,6,
NPS-51545,2025-09-25,nadia.patel@stanhopemillin.com,8,
NPS-50878,2026-04-17,oliver.ellison@foxgloveveteri.co.uk,3,
NPS-51287,2025-08-06,nadia.patel@kingsmeadstudi.co.uk,9,
NPS-51073,09/12/2025,nia.sutton@yewtreelaundry.co.uk,5,
NPS-50490,16/08/2026,craig.hale@thackeryfarmfo.co.uk,5,
NPS-50619,2026-04-03,noel.frost@pemberleyuphol.com,6,
NPS-51283,11/07/2026,lucy.quinn@harbornestudio.co.uk,3,
NPS-50597,2025-11-20,priya.chowdhury@denholmrestaur.co.uk,9,Love the transparency
NPS-50928,06/02/2026,kirsty.marsh@marlowlogistic.co.uk,4,"Savings are real, service is quick"
NPS-51194,04/02/2026,chloe.rowntree@violettaoffice.co.uk,6,
NPS-51498,2025-11-12,noel.chowdhury@westcliffgym.co.uk,10,
NPS-50981,15/04/2026,priya.iqbal@elmwoodveterin.co.uk,9,
NPS-51161,2026-05-28,lucy.ogden@inglebyseafood.co.uk,7,
NPS-50207,08/08/2026,iona.keane@eastbrookcoach.co.uk,5,"Savings are real, service is quick"
NPS-51469,23/09/2025,priya.nowak@kingsmeadrecyc.co.uk,7,
NPS-51047,2026-05-10,aisha.chowdhury@brambletanning.co.uk,8,
NPS-50449,2025-09-27,paula.ferris@quarringtonlau.co.uk,5,
NPS-51169,2026-07-13,aisha.vance@wrenfieldplast.co.uk,7,Renewal process unclear
NPS-50936,2026-05-15,holly.reid@vantagegym.co.uk,6,Love the transparency
NPS-50154,2026-04-13,lewis.iqbal@orchardbreweri.co.uk,5,
NPS-50466,2026-01-05,daniel.grady@padstowleisure.co.uk,5,Portal is confusing
NPS-50639,29/08/2025,callum.bright@gildedplastics.co.uk,6,Would like faster quotes
NPS-51488,2026-08-11,freya.ellison@marlownurserie.co.uk,4,Great broker support
NPS-50833,16/03/2026,sarah.ferris@stanhopemarine.co.uk,9,
NPS-50844,30/07/2026,priya.tate@whitethorncold.co.uk,4,Great broker support
NPS-50442,2025-07-30,jack.bright@ullswaterdairy.co.uk,10,Would like faster quotes
NPS-51138,2026-01-09,anita.hale@riverbankforge.co.uk,9,
NPS-50261,2026-03-07,chloe.hale@hatherleycater.co.uk,4,
NPS-51188,09/01/2026,anita.osei@eastbrooknurse.co.uk,3,Would like faster quotes
NPS-50671,2026-08-13,ben.iqbal@saltmarshrobot.co.uk,7,Love the transparency
NPS-50993,2026-03-17,megan.whitfield@ivybridgechand.co.uk,6,
NPS-51543,2026-06-04,aisha.grady@yewtreecinemas.co.uk,10,
NPS-50512,2026-05-11,paula.brooke@selworthylaund.co.uk,2,
NPS-51112,2025-08-05,sanjay.ferris@kestreljoinery.co.uk,3,Billing took too long to fix
NPS-51560,18/02/2026,james.osei@inglebyjoinery.co.uk,6,Great broker support
NPS-50725,2025-08-07,fatima.keane@ashcombesalvag.co.uk,4,Renewal process unclear
NPS-50750,2026-02-24,tara.mercer@whitethornpack.co.uk,8,
NPS-51019,2026-09-01,fatima.reid@umbersidemarin.co.uk,7,
NPS-50524,30/08/2026,freya.whitfield@tredegarseafoo.co.uk,7,Love the transparency
NPS-51090,2026-05-18,dev.doyle@oakhursticecre.co.uk,6,Love the transparency
NPS-50305,2026-02-22,grace.osei@tanfieldcoachw.co.uk,9,Would like faster quotes
NPS-51179,2025-12-28,sanjay.macleod@ravenscarrobot.co.uk,7,Great broker support
NPS-51134,2026-08-13,stefan.sutton@foxgloveseafoo.co.uk,9,
NPS-51457,09/02/2026,freya.sharpe@kelbrookmotors.co.uk,9,
NPS-50666,2025-11-10,ben.iqbal@kingsmeadengin.co.uk,8,Would like faster quotes
NPS-51155,2025-08-10,noel.bright@millpondseafoo.co.uk,6,
NPS-51266,2026-02-18,noel.lomax@applegarthbake.co.uk,9,Renewal process unclear
NPS-51570,2025-07-28,grace.sutton@birchmoorengin.com,7,Would like faster quotes
NPS-51491,2025-08-21,megan.ferris@exmoorengineer.co.uk,7,Great broker support
NPS-50599,2025-12-31,sarah.rowntree@norburytimber.co.uk,4,
NPS-51074,2025-08-24,megan.brooke@atlascare.com,7,
NPS-50984,11/07/2026,peter.underhill@farriermotors.co.uk,4,Love the transparency
NPS-51481,17/10/2025,tom.frost@bexleystudios.co.uk,7,"Savings are real, service is quick"
NPS-51339,26/12/2025,freya.ogden@hatherleyveter.co.uk,3,
NPS-51059,27/12/2025,tom.frost@farriercinemas.co.uk,7,
NPS-51267,2026-02-11,emily.reid@larkspurdistil.com,3,
NPS-50915,22/11/2025,dev.underhill@saltmarshbrewe.co.uk,5,
NPS-50380,25/07/2026,daniel.lomax@brambleoptics.co.uk,6,
NPS-50208,21/08/2025,iona.keane@eastbrookcoach.co.uk,4,
NPS-50869,02/05/2026,fatima.brooke@eastbrookbrewe.co.uk,5,Portal is confusing
NPS-50089,18/12/2025,ewan.nairn@penninetextile.co.uk,7,Renewal process unclear
NPS-50544,20/04/2026,holly.rowntree@denholmjoinery.co.uk,8,
NPS-50796,25/02/2026,aisha.voss@merrivalepharm.co.uk,5,Love the transparency
NPS-51624,2025-09-10,ryan.keane@verityleisure.com,6,
NPS-50496,2025-11-13,iona.ferris@fernhillforge.com,3,
NPS-51522,2026-01-31,amber.ferris@cobaltrecyclin.co.uk,10,Great broker support
NPS-51357,2026-05-26,dev.tate@northgatechand.co.uk,7,
NPS-50163,02/07/2026,paula.nowak@tanfieldfarmfo.co.uk,6,
NPS-50160,2026-05-03,stefan.sharpe@pennineleisure.co.uk,9,
NPS-50713,16/12/2025,callum.macleod@garwoodmarine.co.uk,6,
NPS-51604,23/06/2026,dev.osei@wrenfieldcater.co.uk,9,"Savings are real, service is quick"
NPS-50433,2025-12-29,nia.okafor@brambleprint.co.uk,4,Portal is confusing
NPS-51309,2026-05-27,marcus.marsh@kelbrookroboti.co.uk,5,
NPS-51486,15/06/2026,ben.rowntree@oakhurstprecis.co.uk,5,
NPS-50200,21/06/2026,dev.doyle@tredegarbrewer.co.uk,6,Would like faster quotes
NPS-51234,15/03/2026,lucy.patel@ullswateroptic.co.uk,6,Renewal process unclear
NPS-51405,20/01/2026,holly.mercer@saltmarshroofi.co.uk,8,
NPS-50941,01/05/2026,dev.hale@yarrowsalvage.com,6,Billing took too long to fix
NPS-50122,2025-10-29,aisha.marsh@umbersidecoach.co.uk,6,Portal is confusing
NPS-51451,27/04/2026,amber.patel@vantagenurseri.co.uk,7,
NPS-50299,14/08/2025,anita.frost@birchmoorresta.co.uk,7,
NPS-51054,06/10/2025,gareth.underhill@zetlandchandle.co.uk,7,
NPS-51608,2025-12-07,aisha.hale@harborneveteri.co.uk,5,Billing took too long to fix
NPS-50307,30/08/2025,dev.marsh@queningtonvete.co.uk,4,Renewal process unclear
NPS-51218,01/06/2026,tara.pryce@tanfieldprecis.co.uk,8,
NPS-50259,2025-09-12,grace.chowdhury@lowtherupholst.co.uk,9,Renewal process unclear
NPS-50641,17/07/2026,craig.quinn@cedarprecision.co.uk,8,
NPS-50353,11/08/2025,amber.brooke@ivybridgedatar.co.uk,2,Love the transparency
NPS-50636,19/10/2025,kirsty.grady@summertonlaund.co.uk,10,
NPS-51190,01/06/2026,ben.marsh@yarrowmaltings.com,9,Portal is confusing
NPS-51322,2025-09-20,priya.vance@violettarestau.co.uk,6,
NPS-50006,2026-08-03,aisha.jennings@kelbrookcoldst.com,7,
NPS-51246,2025-10-16,kirsty.mercer@fernhillplasti.co.uk,9,
NPS-51380,15/09/2025,amber.jennings@larkspurchandl.co.uk,5,"Savings are real, service is quick"
NPS-51529,11/09/2025,omar.macleod@zetlandbookbin.co.uk,4,
NPS-50290,2025-08-12,tom.mercer@harbornepadel.co.uk,7,
NPS-50896,05/05/2026,zara.whitfield@rosedalepharma.co.uk,6,
NPS-51016,2026-06-07,james.bright@zephyrgym.co.uk,7,
NPS-51171,2026-01-24,peter.chowdhury@kingsmeadmotor.co.uk,8,Billing took too long to fix
NPS-51459,2025-07-28,grace.yates@inglebycare.co.uk,8,"Savings are real, service is quick"
NPS-50871,27/04/2026,anita.nowak@westclifffarmf.co.uk,6,
NPS-51524,2025-11-04,emily.grady@northgatetexti.co.uk,7,
NPS-51195,28/01/2026,dev.okafor@halewoodkennel.co.uk,6,"Savings are real, service is quick"
NPS-50288,2026-07-29,james.ellison@wrenfieldpacka.co.uk,8,
NPS-50040,2026-08-15,oliver.vance@eastbrookaggre.co.uk,6,"Savings are real, service is quick"
NPS-51087,19/06/2026,anita.pryce@ullswaterbookb.co.uk,9,
NPS-50023,2026-03-21,marcus.okafor@zetlanddistill.co.uk,7,Would like faster quotes
NPS-50477,09/08/2026,dev.iqbal@maplincoldstor.co.uk,7,
NPS-50172,2026-06-09,marcus.rowntree@vantagenurseri.co.uk,5,
NPS-50454,28/09/2025,stefan.lomax@silverbeckpade.co.uk,2,
NPS-50273,07/08/2025,zara.marsh@farrierlaundry.co.uk,8,"Savings are real, service is quick"
NPS-51146,09/07/2026,freya.keane@stanhopedistil.co.uk,5,
NPS-51260,21/05/2026,ryan.grady@millpondpharma.co.uk,4,
NPS-50237,2026-02-27,tara.quinn@oakhurstlaundr.co.uk,8,
NPS-51364,22/02/2026,jack.yates@larkspurveteri.co.uk,4,
NPS-50774,2026-05-30,daniel.patel@lowtherpackagi.co.uk,2,"Savings are real, service is quick"
NPS-51081,2025-12-11,iona.mercer@hollybushfarmf.co.uk,3,
NPS-51327,30/04/2026,lewis.frost@umbersidefarmf.co.uk,5,Portal is confusing
NPS-50625,2026-01-31,omar.nairn@pennineprint.co.uk,2,
NPS-51623,2025-12-10,noel.brooke@zetlandpadel.com,10,
NPS-50897,2026-04-19,anita.okafor@oakhursthotels.co.uk,5,
NPS-50787,02/05/2026,kirsty.rowntree@jarrowmarine.co.uk,4,Great broker support
NPS-50637,04/10/2025,tara.voss@langmerecateri.co.uk,9,
NPS-51595,29/04/2026,sanjay.hansen@tanfieldlaundr.co.uk,8,Renewal process unclear
NPS-50352,2026-06-19,megan.bright@quarringtoncat.co.uk,10,
NPS-50108,01/09/2025,ryan.sutton@larkspurgalvan.co.uk,6,
NPS-50785,07/09/2025,marcus.voss@fernhillmaltin.co.uk,5,
NPS-50263,2026-01-16,sanjay.sharpe@farrierchandle.co.uk,5,
NPS-50455,05/08/2025,priya.tate@lighthousemill.co.uk,8,"Savings are real, service is quick"
NPS-51071,2025-11-28,tara.bright@nettlebedleisu.co.uk,4,
NPS-50136,2026-04-17,amber.wren@zephyrdairy.co.uk,7,
NPS-50472,18/01/2026,amber.iqbal@ellertondairy.co.uk,3,
NPS-50508,2026-06-01,sanjay.mercer@cedarengineeri.co.uk,4,Billing took too long to fix
NPS-50736,06/04/2026,lucy.whitfield@dunmoreplastic.com,4,Great broker support
NPS-51003,14/08/2026,peter.nowak@nettlebedveter.co.uk,3,
NPS-50709,2025-08-24,jack.reid@cranleighplast.co.uk,8,
NPS-50421,07/01/2026,daniel.frost@zephyrupholste.co.uk,6,Would like faster quotes
NPS-50847,19/02/2026,chloe.macleod@marlowmarine.co.uk,9,Would like faster quotes
NPS-51366,2026-05-29,callum.sutton@kingsmeaddisti.co.uk,10,
NPS-50770,03/06/2026,fatima.whitfield@norburyrestaur.co.uk,7,
NPS-51448,01/03/2026,rhys.iqbal@ottershawfarmf.co.uk,5,
NPS-51518,08/07/2026,aisha.whitfield@umbersidemalti.co.uk,6,
NPS-51170,14/09/2025,james.hansen@atlasglasswork.co.uk,8,Great broker support
NPS-51371,2026-08-30,callum.brooke@dunmoreoptics.co.uk,10,"Savings are real, service is quick"
NPS-50765,03/10/2025,rhys.okafor@oakhurstsalvag.co.uk,6,
NPS-51293,2025-07-28,stefan.hale@zetlandforge.co.uk,8,Would like faster quotes
NPS-50802,2026-04-12,zara.quinn@kestrelleisure.co.uk,5,Would like faster quotes
NPS-50598,2025-08-24,jack.iqbal@torquejoinery.co.uk,8,
NPS-51409,24/08/2025,callum.iqbal@penninepharmac.co.uk,10,
NPS-50679,2026-06-11,nadia.marsh@whitethornengi.co.uk,5,
NPS-50543,2025-08-15,holly.rowntree@denholmjoinery.co.uk,9,
NPS-50779,2026-03-20,tom.grady@queningtoncare.co.uk,10,
NPS-51147,2026-02-05,omar.underhill@tredegarbrewer.co.uk,7,
NPS-50427,2026-04-30,tara.quinn@kestrelfarmfoo.co.uk,7,
NPS-51567,2026-04-18,daniel.bright@tredegardataro.co.uk,3,
NPS-51337,2026-06-14,peter.kaur@ravenscarpharm.co.uk,5,
NPS-51024,2026-03-31,ben.hansen@tanfieldcateri.co.uk,3,
NPS-51305,2026-04-02,tom.ferris@norburyscaffol.co.uk,10,
NPS-50850,02/09/2025,ryan.sutton@ottershawfarmf.co.uk,5,Would like faster quotes
NPS-51276,08/01/2026,stefan.nairn@tanfieldschool.co.uk,8,Renewal process unclear
NPS-50976,16/02/2026,rhys.reid@umbersideforge.co.uk,8,Portal is confusing
NPS-50364,14/03/2026,zara.reid@ivybridgefabri.com,6,Love the transparency
NPS-51323,2026-02-09,zara.underhill@padstowplastic.co.uk,3,Great broker support
NPS-50924,18/10/2025,ryan.ogden@whitethornfarm.co.uk,9,
NPS-50046,2026-08-11,stefan.vance@thackerymaltin.co.uk,4,
NPS-50674,2026-01-29,sanjay.ogden@bexleyschools.co.uk,7,
NPS-50699,12/02/2026,peter.hale@hollybushplast.co.uk,5,Billing took too long to fix
NPS-51204,06/09/2025,lewis.nowak@norburyoptics.co.uk,7,
NPS-50461,10/10/2025,tara.whitfield@farrierdistill.co.uk,5,Would like faster quotes
NPS-50412,13/05/2026,lewis.patel@cobaltrecyclin.co.uk,5,"Savings are real, service is quick"
NPS-51257,12/09/2025,emily.iqbal@nettlebedrobot.co.uk,7,
NPS-51358,2026-06-19,james.chowdhury@bluewatersalva.co.uk,4,Would like faster quotes
NPS-50782,2026-02-09,tara.hansen@northgatedisti.com,8,
NPS-51217,2026-01-03,chloe.nairn@stanhopegym.co.uk,9,Billing took too long to fix
NPS-50685,2026-01-19,ryan.mercer@yarrowgalvanis.co.uk,8,
NPS-50760,12/10/2025,fatima.hale@violettasalvag.co.uk,6,Billing took too long to fix
NPS-51594,31/05/2026,sanjay.hansen@tanfieldlaundr.co.uk,9,Would like faster quotes
NPS-50226,02/01/2026,iona.whitfield@halewoodfabric.co.uk,6,Portal is confusing
NPS-50218,06/09/2025,anita.okafor@westcliffbakeh.com,10,
NPS-50581,12/07/2026,stefan.vance@yewtreenurseri.co.uk,4,"Savings are real, service is quick"
NPS-50515,25/06/2026,amber.nowak@wrenfielduphol.co.uk,9,Billing took too long to fix
NPS-51057,19/12/2025,ewan.brooke@larkspurstudio.co.uk,8,
NPS-50503,2026-05-11,gareth.mercer@tanfieldroboti.co.uk,6,
NPS-50464,2025-09-17,omar.macleod@dunmoreaquatic.co.uk,7,
NPS-51571,17/03/2026,james.kaur@kelbrookoptics.co.uk,8,
NPS-51619,16/06/2026,tom.vance@jespersenroofi.com,5,Great broker support
NPS-51055,2026-03-02,gareth.underhill@zetlandchandle.co.uk,5,
NPS-51344,2025-10-30,marcus.macleod@kingsmeadstudi.com,7,Great broker support
NPS-51311,13/04/2026,tara.vance@torquefoundry.co.uk,4,Love the transparency
NPS-50345,2025-08-23,iona.chowdhury@lowtherkennels.co.uk,8,Renewal process unclear
NPS-50096,06/11/2025,ewan.brooke@kingsmeadmilli.co.uk,6,
NPS-51438,2026-07-17,omar.okafor@violettadistil.co.uk,5,
NPS-51331,03/12/2025,sarah.patel@nettlebeddairy.co.uk,3,"Savings are real, service is quick"
NPS-50900,2026-06-25,chloe.bright@cobaltfabricat.co.uk,5,
NPS-50356,11/03/2026,nadia.whitfield@summertondisti.co.uk,7,
NPS-50920,05/10/2025,oliver.underhill@saltmarshoffic.co.uk,5,
NPS-50572,11/12/2025,omar.reid@millpondgym.co.uk,5,
NPS-50943,2025-12-27,daniel.chowdhury@ironbridgepack.co.uk,1,Renewal process unclear
NPS-50647,09/03/2026,craig.nowak@gildedstudios.co.uk,3,
NPS-51385,23/07/2026,amber.osei@tredegarleisur.co.uk,6,
NPS-50146,29/07/2025,priya.sharpe@zetlandgalvani.co.uk,7,Would like faster quotes
NPS-50142,03/08/2026,omar.jennings@denholmjoinery.co.uk,10,
NPS-51541,10/04/2026,james.pryce@westclifftimbe.co.uk,7,Would like faster quotes
NPS-50986,03/07/2026,peter.bright@eastbrookoffic.co.uk,5,Portal is confusing
NPS-51255,2026-04-08,ryan.quinn@jespersenschoo.co.uk,4,Great broker support
NPS-50422,2025-11-02,anita.patel@millpondrecycl.co.uk,4,Renewal process unclear
NPS-50553,12/08/2025,kirsty.keane@orchardcare.co.uk,9,
NPS-50297,14/09/2025,kirsty.vance@norburyscaffol.co.uk,5,
NPS-51037,2025-09-15,aisha.wren@yewtreenurseri.co.uk,6,Renewal process unclear
NPS-50030,20/10/2025,ben.voss@jarrowoffices.com,9,Portal is confusing
NPS-51221,17/05/2026,gareth.nowak@cranleighcare.co.uk,5,Portal is confusing
NPS-50784,21/10/2025,james.brooke@fernhillroboti.co.uk,9,
NPS-51378,15/07/2026,priya.hale@jarrowgym.co.uk,5,
NPS-50777,12/03/2026,sarah.keane@zetlandsalvage.co.uk,8,Billing took too long to fix
NPS-51600,2025-12-29,craig.vance@quaysidedistil.co.uk,2,Love the transparency
NPS-51162,16/08/2026,kirsty.reid@hollybushveter.co.uk,1,
NPS-50085,01/08/2025,tara.okafor@cranleighpacka.co.uk,8,
NPS-51329,2026-01-04,daniel.ogden@saltmarshdatar.co.uk,5,
NPS-51403,27/08/2026,noel.ferris@wrenfieldbrewe.co.uk,6,Love the transparency
NPS-50317,2026-07-31,gareth.doyle@ellertonaquati.co.uk,4,Billing took too long to fix
NPS-50923,11/05/2026,ryan.ogden@whitethornfarm.co.uk,9,Billing took too long to fix
NPS-50870,2025-10-03,fatima.brooke@eastbrookbrewe.co.uk,6,
NPS-51264,30/06/2026,nadia.sharpe@vantagecaterin.com,8,
NPS-50019,13/01/2026,callum.marsh@stanhopeglassw.co.uk,6,Love the transparency
NPS-50005,29/03/2026,megan.tate@tredegartextil.co.uk,8,
NPS-50711,2026-03-30,callum.reid@cedarrecycling.co.uk,5,
NPS-50389,01/07/2026,sanjay.iqbal@cobaltnurserie.co.uk,6,"Savings are real, service is quick"
NPS-50253,24/01/2026,iona.reid@kelbrookdairy.co.uk,5,
NPS-50170,23/02/2026,callum.doyle@marlowengineer.co.uk,4,"Savings are real, service is quick"
NPS-51370,08/06/2026,tara.whitfield@tanfieldtimber.co.uk,7,Would like faster quotes
NPS-50141,2025-09-10,omar.jennings@denholmjoinery.co.uk,6,
NPS-50342,29/03/2026,peter.lomax@norburygym.co.uk,7,"Savings are real, service is quick"
NPS-51014,2025-12-24,ben.voss@thackeryoptics.co.uk,5,
NPS-51349,2026-08-27,ben.yates@violettabrewer.co.uk,4,
NPS-50293,2026-05-19,noel.whitfield@kelbrookdairy.co.uk,9,
NPS-50764,2026-03-31,nadia.ferris@fernhillcinema.co.uk,6,
NPS-50162,2026-01-27,paula.nowak@tanfieldfarmfo.co.uk,3,
NPS-50484,24/05/2026,megan.osei@stanhopeplasti.co.uk,6,
NPS-50946,24/06/2026,fatima.nowak@lowtherlaundry.co.uk,2,
NPS-50934,2026-05-17,lucy.okafor@umbersidepharm.co.uk,5,Would like faster quotes
NPS-50260,30/04/2026,jack.lomax@lighthousedair.co.uk,3,
NPS-50462,2026-02-23,zara.osei@whitethorngalv.co.uk,5,Would like faster quotes
NPS-50851,28/07/2025,noel.iqbal@eastbrookplast.co.uk,6,Love the transparency
NPS-51352,14/01/2026,freya.iqbal@verityprint.co.uk,5,Billing took too long to fix
NPS-51148,09/10/2025,sarah.mercer@summertonpacka.co.uk,10,
NPS-50092,11/10/2025,dev.doyle@yewtreebakehou.co.uk,6,
NPS-50095,18/02/2026,ben.jennings@bexleyscaffold.co.uk,10,
NPS-50285,2026-01-01,sanjay.brooke@ellertonlaundr.co.uk,6,
NPS-51144,2026-02-06,gareth.lomax@riverbankmalti.co.uk,6,
NPS-50912,2026-06-10,rhys.brooke@marlowcatering.co.uk,10,Renewal process unclear
NPS-50054,19/12/2025,daniel.mercer@merrivaleresta.co.uk,5,
NPS-50745,2026-01-14,ben.patel@silverbeckrest.co.uk,5,
NPS-50789,2025-09-26,tara.hale@dunmoremarine.co.uk,8,
NPS-51365,12/09/2025,jack.iqbal@selworthypreci.co.uk,7,Would like faster quotes
NPS-50343,01/02/2026,ewan.tate@kestrelprint.co.uk,9,
NPS-51617,2025-12-24,gareth.reid@lighthouselogi.co.uk,8,Billing took too long to fix
NPS-50044,2026-08-16,priya.nowak@denholmleisure.co.uk,8,"Savings are real, service is quick"
NPS-50799,13/11/2025,lewis.keane@silverbeckroof.co.uk,7,
NPS-50397,2026-03-07,ryan.patel@garwoodgalvani.co.uk,6,
NPS-50644,2025-12-09,freya.jennings@birchmoorlaund.com,7,
NPS-50950,2025-11-28,grace.ferris@ellertonroboti.com,8,
NPS-51223,2026-08-27,lucy.lomax@cedarcoachwork.co.uk,8,
NPS-50394,07/01/2026,sarah.mercer@saltmarshcater.com,10,
NPS-50106,2026-05-31,tara.ferris@tredegarhotels.co.uk,3,
NPS-51004,2026-08-31,dev.pryce@queningtontext.co.uk,4,Love the transparency
NPS-50985,2025-09-26,lewis.yates@cobaltprecisio.co.uk,8,Portal is confusing
NPS-50114,2025-08-23,megan.brooke@langmeregym.co.uk,10,Would like faster quotes
NPS-50600,11/11/2025,priya.frost@tredegarpackag.co.uk,4,"Savings are real, service is quick"
NPS-51198,2025-12-13,zara.bright@ellertonbakeho.co.uk,5,Renewal process unclear
NPS-50079,2025-08-13,tom.keane@fernhillbakeho.co.uk,6,
NPS-50143,14/01/2026,zara.frost@bramblekennels.co.uk,7,
NPS-50283,26/01/2026,anita.macleod@ivybridgeaggre.co.uk,4,Billing took too long to fix
NPS-51440,16/11/2025,ewan.yates@fernhillcoldst.co.uk,5,
NPS-50651,30/01/2026,ben.ellison@oakhurstuphols.co.uk,8,Portal is confusing
NPS-50756,21/09/2025,lucy.quinn@kingsmeadcare.co.uk,3,Renewal process unclear
NPS-51168,15/10/2025,grace.grady@merrivaletimbe.co.uk,4,Portal is confusing
NPS-50604,10/11/2025,sanjay.underhill@farrierprint.co.uk,2,Would like faster quotes
NPS-50012,12/12/2025,marcus.jennings@bluewaterforge.co.uk,7,
NPS-51141,2026-03-30,chloe.whitfield@ivybridgenurse.co.uk,8,
NPS-50349,26/02/2026,tara.quinn@vantagejoinery.co.uk,8,Would like faster quotes
NPS-51216,2025-11-30,nadia.osei@riverbankmotor.co.uk,5,Love the transparency
NPS-50569,2026-01-31,sanjay.mercer@dunmoreoffices.co.uk,6,
NPS-50196,2026-05-21,freya.keane@jespersengym.co.uk,3,
NPS-51145,30/07/2025,freya.keane@stanhopedistil.co.uk,6,Renewal process unclear
NPS-51140,22/08/2025,chloe.whitfield@ivybridgenurse.co.uk,9,
NPS-51104,26/12/2025,omar.frost@oakhurstcoachw.co.uk,4,Portal is confusing
NPS-50746,2025-11-23,ben.patel@silverbeckrest.co.uk,4,
NPS-51152,2026-01-15,rhys.brooke@pemberleyschoo.co.uk,7,
NPS-51478,2025-09-30,sarah.pryce@brambleoptics.co.uk,8,
NPS-50031,2025-07-31,paula.sharpe@ellertonveteri.co.uk,8,
NPS-51525,2026-06-15,ryan.pryce@yewtreeaggrega.co.uk,7,Would like faster quotes
NPS-50027,24/09/2025,amber.rowntree@selworthytimbe.co.uk,9,
NPS-51606,2025-11-24,amber.nairn@silverbeckscaf.co.uk,5,
NPS-51427,04/08/2026,tom.sharpe@westclifftimbe.co.uk,4,
NPS-51187,16/09/2025,tara.jennings@hatherleykenne.co.uk,4,Billing took too long to fix
NPS-51527,18/07/2026,fatima.grady@queningtonchan.co.uk,8,Love the transparency
NPS-50573,25/09/2025,sarah.okafor@langmereroboti.co.uk,7,
NPS-51068,2026-03-09,tom.ogden@oakhurstgarden.co.uk,6,Love the transparency
NPS-50002,11/11/2025,aisha.reid@jespersenaquat.co.uk,6,
NPS-50615,2026-07-31,jack.ferris@ivybridgerecyc.co.uk,3,
NPS-50370,2025-12-19,sarah.ogden@northgatedisti.co.uk,4,
NPS-50898,2026-07-04,grace.iqbal@riverbankmalti.co.uk,2,
NPS-50678,06/11/2025,aisha.doyle@selworthyaggre.co.uk,4,Would like faster quotes
NPS-51347,2025-12-24,iona.hale@ironbridgedata.co.uk,10,
NPS-50319,27/08/2025,amber.chowdhury@veritybookbind.co.uk,7,
NPS-51158,2026-07-12,craig.ferris@summertonpadel.co.uk,8,
NPS-50822,2025-09-11,marcus.doyle@lowthermarine.co.uk,10,Great broker support
NPS-51120,2026-04-18,callum.hansen@whitethornreta.co.uk,3,Would like faster quotes
NPS-50007,2025-07-31,ewan.vance@cobaltpadel.co.uk,6,
NPS-51301,23/09/2025,megan.underhill@farrierlaundry.co.uk,4,Portal is confusing
NPS-51607,24/06/2026,tara.sharpe@bramblecare.co.uk,6,
NPS-51290,28/09/2025,sanjay.doyle@zephyrtanning.co.uk,5,Billing took too long to fix
NPS-50323,05/10/2025,iona.okafor@kingsmeadhotel.co.uk,5,
NPS-50255,2026-08-23,freya.chowdhury@halewoodveteri.com,6,
NPS-50258,2025-08-05,sanjay.nairn@norburypadel.co.uk,5,
NPS-50956,2026-03-23,daniel.ferris@atlasleisure.co.uk,5,
NPS-50417,18/08/2025,noel.okafor@quarringtonpac.co.uk,9,
NPS-50675,14/01/2026,sanjay.ogden@bexleyschools.co.uk,8,
NPS-50309,09/05/2026,callum.underhill@wrenfieldschoo.co.uk,6,
NPS-50980,29/09/2025,dev.jennings@larkspursalvag.co.uk,10,
NPS-51415,22/05/2026,paula.brooke@quaysidetimber.co.uk,3,Renewal process unclear
NPS-51613,2025-10-04,oliver.osei@umbersideseafo.co.uk,6,
NPS-51565,2026-01-24,tara.wren@yewtreedairy.com,6,
NPS-51097,12/05/2026,holly.nairn@jespersengarde.co.uk,6,Portal is confusing
NPS-50275,10/04/2026,tom.nairn@selworthymarin.co.uk,8,
NPS-50329,08/02/2026,callum.ogden@redwingoffices.co.uk,9,Renewal process unclear
NPS-50430,2026-02-20,sarah.nowak@thackeryaggreg.co.uk,8,
NPS-50175,2026-07-11,sanjay.marsh@hatherleyjoine.com,6,
NPS-51028,05/07/2026,emily.hale@maplinroofing.co.uk,5,
NPS-50358,17/10/2025,craig.mercer@cobaltcatering.co.uk,8,
NPS-50951,2026-07-14,holly.sutton@umbersidefarmf.co.uk,7,Love the transparency
NPS-50419,15/04/2026,anita.whitfield@quarringtoncol.co.uk,8,
NPS-50876,2026-01-01,amber.reid@torquemaltings.co.uk,7,Love the transparency
NPS-50977,2026-07-22,paula.macleod@ironbridgebrew.com,10,
NPS-51559,2026-02-12,james.frost@eastbrookhotel.co.uk,9,
NPS-50145,2026-03-27,priya.sharpe@zetlandgalvani.co.uk,5,Renewal process unclear
NPS-50588,2025-10-09,nadia.chowdhury@wrenfieldjoine.co.uk,9,Billing took too long to fix
NPS-50658,2026-04-18,emily.ellison@harborneforge.co.uk,8,
NPS-50613,24/08/2025,lucy.patel@vantageretail.co.uk,7,"Savings are real, service is quick"
NPS-51578,2025-07-30,sanjay.nairn@riverbankplast.co.uk,5,
NPS-50060,29/07/2026,marcus.voss@eastbrooklogis.co.uk,1,
NPS-51591,20/09/2025,nia.keane@denholmkennels.co.uk,8,
NPS-50927,2026-07-18,kirsty.marsh@marlowlogistic.co.uk,6,
NPS-50063,2026-05-28,megan.reid@yewtreeschools.co.uk,7,
NPS-51511,09/10/2025,freya.tate@garwoodmotors.co.uk,4,
NPS-51494,2026-04-05,peter.osei@maplinaquatics.co.uk,5,
NPS-51391,06/08/2026,rhys.underhill@tredegarbrewer.co.uk,9,"Savings are real, service is quick"
NPS-50622,2026-01-13,amber.quinn@dunmoregarden.co.uk,5,
NPS-50248,2025-10-06,holly.brooke@garwoodaquatic.co.uk,9,
NPS-50566,20/08/2026,nia.yates@violettabookbi.co.uk,2,Renewal process unclear
NPS-51554,14/10/2025,gareth.grady@halewoodgarden.co.uk,5,Portal is confusing
NPS-50530,01/12/2025,chloe.wren@northgatemarin.co.uk,5,Renewal process unclear
NPS-50706,18/12/2025,rhys.yates@millpondbrewer.co.uk,6,
NPS-50526,2025-10-16,ewan.iqbal@inglebyroofing.co.uk,4,Billing took too long to fix
NPS-51473,02/08/2026,nadia.marsh@langmererecycl.co.uk,7,
NPS-50551,14/05/2026,stefan.patel@wrenfieldstudi.co.uk,9,"Savings are real, service is quick"
NPS-51442,05/08/2025,gareth.ferris@ivybridgepadel.co.uk,8,
NPS-50556,2026-06-17,emily.hale@westcliffgalva.co.uk,7,Love the transparency
NPS-50668,02/09/2025,dev.wren@cedargalvanisi.co.uk,8,
NPS-51176,14/04/2026,grace.pryce@marlowgalvanis.co.uk,5,
NPS-51231,2025-12-30,paula.sharpe@brambleprecisi.co.uk,10,
NPS-51044,2026-04-26,rhys.ferris@larkspurcoldst.com,5,
NPS-50071,2025-08-11,noel.whitfield@zetlandkennels.co.uk,5,
NPS-51324,04/06/2026,callum.frost@lowthercinemas.co.uk,4,
NPS-50804,2026-08-27,omar.yates@langmerescaffo.co.uk,7,Great broker support
NPS-51531,05/10/2025,anita.keane@atlasmotors.co.uk,4,Billing took too long to fix
NPS-50189,2026-02-09,sanjay.quinn@brambletimber.co.uk,6,Portal is confusing
NPS-50835,2025-12-25,jack.ellison@garwoodcoldsto.co.uk,4,
NPS-50521,2026-02-27,fatima.nowak@kestrelaquatic.co.uk,10,Portal is confusing
NPS-50211,2026-06-18,peter.sharpe@saltmarshgym.co.uk,10,Love the transparency
NPS-51117,11/07/2026,dev.frost@yewtreecinemas.co.uk,6,Love the transparency
NPS-50536,2025-11-21,craig.hale@lighthousefabr.co.uk,9,
NPS-50458,09/05/2026,tom.ferris@farrierkennels.co.uk,1,Renewal process unclear
NPS-50991,19/06/2026,oliver.grady@vantagegarden.co.uk,9,
NPS-51553,2025-10-09,nia.hale@atlasrecycling.co.uk,9,
NPS-50511,2026-03-24,paula.brooke@selworthylaund.co.uk,6,Love the transparency
NPS-50199,08/11/2025,dev.doyle@tredegarbrewer.co.uk,8,Billing took too long to fix
NPS-50438,2026-04-21,holly.okafor@pennineoptics.co.uk,7,Love the transparency
NPS-50865,03/12/2025,freya.reid@maplinkennels.co.uk,7,
NPS-51275,2025-11-30,nia.marsh@nettlebedpacka.co.uk,7,
NPS-50754,11/05/2026,tara.kaur@saltmarshengin.co.uk,9,
NPS-51258,31/12/2025,dev.brooke@oakhurstmotors.co.uk,7,
NPS-50156,2026-04-02,oliver.bright@millpondbookbi.co.uk,9,
NPS-50408,26/08/2026,paula.okafor@inglebyglasswo.co.uk,3,Renewal process unclear
NPS-51514,2026-06-17,emily.hale@whitethorndata.co.uk,7,Portal is confusing
NPS-51318,2025-08-22,gareth.tate@hollybushrobot.co.uk,10,
NPS-51372,17/01/2026,callum.voss@applegarthtann.co.uk,5,
NPS-51066,2026-01-09,oliver.quinn@riverbanknurse.co.uk,6,
NPS-51244,27/03/2026,dev.ellison@thackerypackag.co.uk,8,
NPS-51434,2026-05-12,chloe.chowdhury@quarringtongym.co.uk,7,"Savings are real, service is quick"
NPS-50590,23/10/2025,amber.whitfield@bluewatercolds.com,5,Billing took too long to fix
NPS-51437,10/03/2026,daniel.pryce@dunmoretanning.co.uk,6,Portal is confusing
NPS-51173,09/04/2026,sanjay.patel@cranleighgarde.co.uk,3,
NPS-50333,2026-06-10,ewan.pryce@ivybridgeroofi.co.uk,6,
NPS-50684,29/06/2026,chloe.sharpe@harborneleisur.co.uk,8,
NPS-50722,2025-12-16,zara.vance@whitethornvete.co.uk,9,
NPS-51143,2025-10-13,rhys.reid@yarrowlaundry.co.uk,10,Love the transparency
NPS-51590,18/11/2025,marcus.grady@bexleyrecyclin.co.uk,2,
NPS-50653,13/10/2025,stefan.grady@jarrowdataroom.co.uk,7,Renewal process unclear
NPS-50451,21/06/2026,dev.hansen@nettlebedicecr.co.uk,10,Portal is confusing
NPS-50773,2025-12-22,iona.yates@langmereretail.co.uk,8,"Savings are real, service is quick"
NPS-51206,2026-07-02,tom.sutton@thackeryoffice.co.uk,2,
NPS-50150,02/06/2026,aisha.chowdhury@kestrelprint.co.uk,8,Billing took too long to fix
NPS-50880,2025-11-21,nia.keane@quarringtonlei.co.uk,6,
NPS-50479,2025-10-21,jack.nairn@larkspurprecis.co.uk,8,
NPS-51355,30/12/2025,ben.hale@zephyrmilling.co.uk,7,
NPS-50768,2026-05-10,noel.nairn@verityrobotics.co.uk,7,Great broker support
NPS-50852,26/09/2025,tara.underhill@quaysidetannin.co.uk,10,Renewal process unclear
NPS-50385,2025-12-03,lewis.iqbal@dunmorepadel.co.uk,9,
NPS-50498,12/04/2026,tom.patel@cobaltforge.co.uk,3,Great broker support
NPS-50311,2025-07-29,sanjay.ellison@redwingbookbin.co.uk,6,
NPS-50555,2025-12-01,noel.tate@kingsmeadoptic.co.uk,5,
NPS-50176,27/11/2025,sarah.vance@exmooraggregat.co.uk,9,Great broker support
NPS-51386,29/07/2025,emily.grady@ullswateraggre.co.uk,10,
NPS-51335,2025-09-24,lucy.iqbal@halewoodroofin.co.uk,7,
NPS-51092,2025-09-25,ryan.mercer@maplinbrewerie.co.uk,7,
NPS-50341,22/11/2025,zara.ellison@langmereplasti.com,8,
NPS-50467,2026-06-04,aisha.hansen@hollybushoffic.co.uk,10,
NPS-51603,2025-12-05,dev.osei@wrenfieldcater.co.uk,8,
NPS-51285,2025-12-23,iona.chowdhury@zephyrrobotics.co.uk,5,"Savings are real, service is quick"
NPS-51238,15/04/2026,sanjay.voss@lighthousebake.co.uk,4,Billing took too long to fix
NPS-51467,2026-08-04,ewan.voss@garwoodenginee.co.uk,10,
NPS-51061,2026-05-13,gareth.ellison@larkspurfabric.co.uk,2,
NPS-50680,2026-04-14,sanjay.ellison@maplincatering.co.uk,4,
NPS-51075,15/08/2025,megan.brooke@atlascare.co.uk,8,
NPS-50755,02/10/2025,tara.kaur@saltmarshengin.co.uk,8,
NPS-50570,11/07/2026,lucy.whitfield@redwinglaundry.co.uk,10,Portal is confusing
NPS-51123,2026-01-21,priya.tate@jespersenuphol.co.uk,9,
NPS-51430,2025-12-13,stefan.bright@eastbrookchand.co.uk,4,
NPS-50268,28/11/2025,lewis.mercer@denholmroofing.co.uk,9,Billing took too long to fix
NPS-51164,09/03/2026,lucy.lomax@nettlebedseafo.co.uk,4,Great broker support
NPS-50895,2026-01-25,oliver.okafor@quaysidepharma.co.uk,5,
NPS-50073,25/04/2026,daniel.quinn@vantagemotors.co.uk,8,
NPS-50932,15/08/2026,oliver.pryce@lighthousekenn.co.uk,2,Love the transparency
NPS-50696,2025-11-13,sarah.vance@hatherleyfabri.co.uk,9,
NPS-50415,16/10/2025,tara.chowdhury@foxgloveuphols.co.uk,9,
NPS-50691,29/11/2025,jack.kaur@ullswateroffic.co.uk,6,
NPS-51006,2025-10-13,anita.yates@harbornehotels.co.uk,5,
NPS-51196,2026-03-26,noel.nowak@merrivalecoach.co.uk,5,
NPS-51115,10/08/2026,peter.patel@brambledataroo.co.uk,9,Billing took too long to fix
NPS-51273,2025-09-24,james.wren@hollybushplast.co.uk,5,
NPS-50132,2026-05-20,aisha.brooke@yewtreeupholst.co.uk,8,
NPS-50561,2026-02-22,anita.sutton@torquedistille.co.uk,4,
NPS-51458,2026-04-13,emily.kaur@penninefoundry.co.uk,3,
NPS-51379,2026-01-04,priya.hale@jarrowgym.co.uk,3,
NPS-50718,2025-11-20,ben.kaur@cobaltfabricat.co.uk,5,Renewal process unclear
NPS-50011,2026-07-27,marcus.hansen@ullswaterfabri.co.uk,6,
NPS-51043,20/11/2025,rhys.ferris@larkspurcoldst.co.uk,7,Billing took too long to fix
NPS-51235,2025-11-03,lucy.hale@saltmarshmilli.co.uk,7,
NPS-50520,2026-07-22,fatima.nowak@kestrelaquatic.co.uk,9,
NPS-50469,2025-09-06,noel.mercer@atlasglasswork.co.uk,9,
NPS-50147,2025-12-22,iona.tate@nettlebedlaund.com,3,
NPS-50316,2025-12-23,zara.okafor@vantageoptics.co.uk,9,Great broker support
NPS-51387,07/07/2026,nia.jennings@hatherleyroofi.co.uk,3,
NPS-51207,22/08/2026,oliver.rowntree@ullswatercare.co.uk,7,
NPS-50368,2026-08-01,sarah.sharpe@denholmtanning.co.uk,5,
NPS-50225,17/08/2026,priya.grady@hatherleyschoo.co.uk,6,
NPS-51048,2025-12-27,lucy.bright@brambleaggrega.com,5,
NPS-50371,2025-10-31,lewis.hansen@langmereprint.co.uk,4,
NPS-50506,03/02/2026,rhys.whitfield@veritykennels.co.uk,7,
NPS-50153,18/03/2026,paula.tate@bexleycoldstor.co.uk,10,Billing took too long to fix
NPS-51475,23/03/2026,freya.pryce@birchmoorpadel.co.uk,6,Renewal process unclear
NPS-50128,30/08/2025,kirsty.patel@ivybridgeprint.co.uk,10,Renewal process unclear
NPS-50541,14/03/2026,megan.okafor@denholmrobotic.com,7,
NPS-51376,22/10/2025,tara.brooke@cobaltveterina.co.uk,6,"Savings are real, service is quick"
NPS-51184,25/08/2025,nadia.lomax@bluewaterlaund.co.uk,7,
NPS-51588,2026-07-06,ryan.hansen@atlasbookbinde.co.uk,3,
NPS-50087,2026-02-24,priya.rowntree@orchardnurseri.co.uk,9,Renewal process unclear
NPS-51289,2026-05-25,daniel.kaur@ravenscarseafo.co.uk,7,
NPS-50948,26/11/2025,zara.ellison@silverbeckscho.co.uk,7,"Savings are real, service is quick"
NPS-50216,2026-08-02,noel.hansen@caldwellpharma.co.uk,10,
NPS-51503,2025-08-16,holly.kaur@stanhopemarine.co.uk,8,Great broker support
NPS-51119,2025-10-04,sarah.doyle@veritygarden.co.uk,7,
NPS-50435,2026-06-17,megan.chowdhury@hatherleymarin.co.uk,6,
NPS-50269,27/02/2026,amber.doyle@fernhillcoldst.co.uk,4,Would like faster quotes
NPS-50626,2026-03-17,dev.reid@thackerysalvag.co.uk,5,
NPS-51139,24/10/2025,priya.nairn@whitethornopti.co.uk,10,
NPS-50579,2026-07-09,fatima.ferris@atlasbakehouse.co.uk,6,Billing took too long to fix
NPS-50793,30/10/2025,chloe.macleod@silverbeckcine.co.uk,6,Renewal process unclear
NPS-51076,11/05/2026,emily.macleod@yewtreeprint.com,10,
NPS-50144,23/03/2026,holly.hansen@cranleighfound.co.uk,5,Portal is confusing
NPS-50099,2026-08-01,ryan.marsh@wrenfieldcoach.co.uk,3,
NPS-50840,29/06/2026,aisha.wren@quarringtonres.co.uk,7,
NPS-50339,30/01/2026,rhys.jennings@zetlandmilling.co.uk,9,"Savings are real, service is quick"
NPS-50074,06/09/2025,grace.tate@ullswateroffic.co.uk,6,
NPS-50168,2026-06-21,rhys.ogden@tanfieldengine.co.uk,3,
NPS-50062,2026-03-18,fatima.yates@marlowengineer.co.uk,6,
NPS-50727,16/08/2026,peter.frost@thackerypharma.co.uk,6,Portal is confusing
NPS-51562,12/08/2025,lewis.kaur@kelbrookleisur.co.uk,9,Would like faster quotes
NPS-51538,16/03/2026,craig.underhill@birchmoorforge.co.uk,1,
NPS-51596,23/07/2026,anita.kaur@kestrelbookbin.co.uk,9,Love the transparency
NPS-51429,2025-11-26,stefan.bright@eastbrookchand.co.uk,3,
NPS-51390,18/11/2025,oliver.pryce@ivybridgecater.co.uk,7,
NPS-51577,2026-02-09,fatima.osei@ottershawmilli.co.uk,10,
NPS-51342,05/07/2026,oliver.wren@ashcombegalvan.co.uk,6,
NPS-50265,2026-07-11,tara.jennings@cobaltfabricat.co.uk,6,
NPS-51433,2026-07-03,iona.mercer@applegarthicec.co.uk,7,
NPS-51597,2026-06-02,oliver.okafor@nettlebedgalva.co.uk,5,Would like faster quotes
NPS-50559,02/05/2026,gareth.ferris@norburyveterin.co.uk,4,
NPS-51583,03/07/2026,ewan.macleod@norburytanning.co.uk,5,Renewal process unclear
NPS-50195,2026-05-17,amber.sharpe@cranleighlogis.co.uk,6,Billing took too long to fix
NPS-50346,2026-02-19,iona.chowdhury@lowtherkennels.co.uk,6,
NPS-51103,03/11/2025,dev.rowntree@queningtonmoto.co.uk,7,Billing took too long to fix
NPS-51572,02/06/2026,james.lomax@silverbeckmari.co.uk,5,Love the transparency
NPS-50000,14/10/2025,iona.marsh@cobaltretail.co.uk,8,
NPS-50137,2025-11-02,amber.wren@zephyrdairy.co.uk,9,
NPS-50314,30/05/2026,peter.bright@summertonjoine.com,8,
NPS-50301,31/08/2025,marcus.ellison@atlasbookbinde.co.uk,8,Portal is confusing
NPS-51300,2025-10-30,megan.underhill@farrierlaundry.com,3,
NPS-51506,20/11/2025,nadia.underhill@yarrowveterina.co.uk,5,
NPS-50877,2025-10-27,oliver.mercer@northgatemarin.com,2,Renewal process unclear
NPS-50328,2025-11-24,grace.marsh@tredegarcateri.co.uk,8,Would like faster quotes
NPS-51304,2026-04-30,tom.voss@queningtoncine.co.uk,6,
NPS-50742,2025-12-15,freya.sharpe@larkspurtimber.co.uk,6,
NPS-50331,2025-08-01,daniel.okafor@stanhopepadel.co.uk,1,Billing took too long to fix
NPS-50091,2025-09-24,sarah.pryce@hollybushhotel.co.uk,8,
NPS-51585,2026-02-23,holly.okafor@torquerecyclin.co.uk,7,
NPS-50610,2025-07-28,iona.iqbal@bramblegarden.co.uk,7,Renewal process unclear
NPS-51354,06/09/2025,james.vance@quaysidefarmfo.co.uk,10,
NPS-50355,19/04/2026,nadia.whitfield@summertondisti.co.uk,6,
NPS-50190,17/07/2026,james.tate@harbornehotels.co.uk,5,Great broker support
NPS-51025,2025-11-20,nadia.iqbal@farriermarine.co.uk,9,
NPS-51332,2026-02-27,rhys.lomax@millpondkennel.co.uk,6,
NPS-51319,2025-08-26,tom.patel@norburynurseri.co.uk,1,Would like faster quotes
NPS-51502,2026-06-25,nadia.jennings@jarrowmaltings.co.uk,5,
NPS-50094,17/07/2026,craig.osei@jespersendairy.co.uk,10,
NPS-50423,15/08/2025,nadia.marsh@halewoodnurser.co.uk,9,
NPS-50989,19/01/2026,james.nairn@violettabrewer.co.uk,4,
NPS-51227,31/08/2026,ben.hansen@redwingcinemas.co.uk,10,
NPS-50562,27/04/2026,marcus.wren@riverbankdisti.co.uk,6,
NPS-51561,02/01/2026,james.osei@inglebyjoinery.co.uk,6,Renewal process unclear
NPS-50740,2026-01-13,kirsty.marsh@halewoodplasti.co.uk,6,
NPS-50996,23/09/2025,tom.nairn@tanfielddataro.co.uk,4,Great broker support
NPS-51399,2025-09-07,zara.okafor@selworthydisti.co.uk,5,Great broker support
NPS-50053,07/09/2025,daniel.mercer@merrivaleresta.co.uk,7,
NPS-50384,16/12/2025,holly.chowdhury@ashcombelaundr.co.uk,2,
NPS-51020,14/09/2025,amber.sharpe@maplinrestaura.co.uk,8,
NPS-50104,2025-08-15,chloe.iqbal@farrierrobotic.co.uk,7,
NPS-50751,24/05/2026,oliver.sharpe@zetlandretail.com,10,
NPS-50669,08/08/2026,ben.rowntree@verityscaffold.co.uk,10,Renewal process unclear
NPS-51126,07/02/2026,omar.quinn@veritysalvage.co.uk,8,Billing took too long to fix
NPS-51248,2025-09-20,lewis.ogden@violettabookbi.co.uk,9,
NPS-50681,05/11/2025,anita.pryce@cedartimber.co.uk,8,Great broker support
NPS-50841,09/08/2025,aisha.wren@quarringtonres.co.uk,8,
NPS-51136,2025-09-06,ryan.hansen@fernhillprint.co.uk,5,
NPS-50832,2025-11-30,aisha.pryce@kestrelmilling.co.uk,8,Love the transparency
NPS-51444,22/08/2025,rhys.jennings@dunmoreforge.co.uk,4,
NPS-50961,2025-11-11,james.nairn@wrenfieldaggre.co.uk,4,
NPS-50987,01/04/2026,nia.chowdhury@marlowtimber.co.uk,8,
NPS-50267,06/05/2026,tom.hansen@denholmpadel.co.uk,4,Would like faster quotes
NPS-51446,2025-11-24,jack.whitfield@ironbridgereta.co.uk,5,
NPS-50334,03/05/2026,peter.nowak@northgateicecr.co.uk,4,
NPS-51303,2025-12-03,iona.marsh@brambleoffices.co.uk,10,Would like faster quotes
NPS-50121,2026-07-03,aisha.marsh@umbersidecoach.co.uk,3,Portal is confusing
NPS-50003,03/11/2025,tom.patel@farrierdataroo.co.uk,4,
NPS-50050,18/04/2026,sarah.reid@harborneplasti.co.uk,3,Love the transparency
NPS-50149,02/09/2025,tom.okafor@gildedmaltings.co.uk,5,
NPS-50075,29/07/2025,grace.tate@ullswateroffic.co.uk,8,
NPS-50582,11/01/2026,lewis.iqbal@selworthyschoo.co.uk,8,
NPS-50444,2026-02-19,nia.jennings@thackerymillin.com,5,Renewal process unclear
NPS-50445,2026-06-11,nia.jennings@thackerymillin.co.uk,3,
NPS-51326,2026-04-10,craig.marsh@wrenfieldlogis.co.uk,6,Love the transparency
NPS-51036,2025-11-01,zara.quinn@wrenfieldgalva.co.uk,8,
NPS-50359,2025-10-31,craig.mercer@cobaltcatering.com,8,
NPS-51086,01/12/2025,ryan.grady@pemberleycoach.co.uk,6,
NPS-50564,25/07/2026,zara.sutton@birchmoornurse.co.uk,5,Portal is confusing
NPS-51394,2026-07-27,freya.sutton@elmwoodpadel.co.uk,5,
NPS-50945,14/04/2026,marcus.sutton@selworthyleisu.co.uk,5,
NPS-50730,14/02/2026,zara.osei@ivybridgeoffic.co.uk,6,Love the transparency
NPS-50975,2026-06-19,rhys.reid@umbersideforge.co.uk,7,
NPS-51499,2026-07-23,sarah.osei@westcliffrecyc.co.uk,4,
NPS-50066,2025-12-25,freya.ogden@lowtherlaundry.co.uk,10,Love the transparency
NPS-50753,17/12/2025,tara.wren@kestrelfoundry.co.uk,8,
NPS-51557,2025-09-27,tara.patel@kestrelveterin.co.uk,3,
NPS-50052,09/02/2026,iona.ferris@rosedalecoachw.co.uk,9,
NPS-51551,2025-12-10,lewis.keane@yewtreerestaur.co.uk,8,
NPS-50302,2026-06-19,marcus.ellison@atlasbookbinde.co.uk,10,
NPS-50855,24/02/2026,noel.nairn@halewoodcoachw.co.uk,7,Love the transparency
NPS-50330,11/06/2026,marcus.jennings@ashcombeicecre.co.uk,4,
NPS-51101,18/05/2026,ben.frost@orchardgym.co.uk,5,Great broker support
NPS-50737,12/02/2026,paula.patel@bexleyplastics.co.uk,6,
NPS-51153,17/09/2025,priya.grady@cedarmotors.co.uk,9,Billing took too long to fix
NPS-50846,17/02/2026,iona.wren@redwingprecisi.co.uk,6,"Savings are real, service is quick"
NPS-50026,2025-12-08,megan.ferris@fernhillprecis.co.uk,7,"Savings are real, service is quick"
NPS-51431,2025-11-30,james.yates@cobaltmarine.co.uk,5,
NPS-50278,2025-09-08,jack.kaur@pemberleygalva.co.uk,6,
NPS-51328,25/09/2025,lewis.frost@umbersidefarmf.co.uk,7,Great broker support
NPS-50605,2026-07-30,dev.macleod@farrierschools.co.uk,9,"Savings are real, service is quick"
NPS-51351,2026-02-12,freya.iqbal@verityprint.co.uk,5,
NPS-51549,2026-01-02,freya.grady@cobaltretail.co.uk,2,Would like faster quotes
NPS-50888,17/08/2025,craig.ellison@quarringtonrec.co.uk,8,
NPS-50241,2026-05-10,chloe.iqbal@torquerecyclin.co.uk,2,Would like faster quotes
NPS-50523,2025-07-28,daniel.tate@tredegargym.co.uk,7,
NPS-51000,20/08/2026,amber.sharpe@dunmoreroofing.co.uk,4,
NPS-51317,10/08/2026,gareth.tate@hollybushrobot.co.uk,10,
NPS-50161,2025-08-28,stefan.sharpe@pennineleisure.co.uk,8,Portal is confusing
NPS-50533,26/01/2026,omar.wren@riverbankretai.com,4,Billing took too long to fix
NPS-51383,2026-07-08,tom.lomax@dunmoreprint.co.uk,2,
NPS-50884,2026-08-20,craig.sharpe@kelbrooklogist.co.uk,9,
NPS-51077,2025-09-24,emily.macleod@yewtreeprint.co.uk,6,Renewal process unclear
NPS-51002,25/12/2025,aisha.pryce@atlasschools.co.uk,5,
NPS-51348,22/07/2026,iona.hale@ironbridgedata.co.uk,10,
NPS-50312,2025-08-28,callum.reid@oakhurststudio.co.uk,7,
NPS-51156,28/08/2026,freya.voss@inglebycare.co.uk,5,"Savings are real, service is quick"
NPS-51242,2025-08-16,rhys.kaur@garwooddairy.co.uk,2,
NPS-51116,2026-04-03,dev.frost@yewtreecinemas.co.uk,3,Great broker support
NPS-51095,02/09/2025,priya.doyle@violettadataro.co.uk,9,
NPS-50659,2026-07-25,anita.kaur@verityfabricat.co.uk,6,Great broker support
NPS-50406,11/12/2025,emily.keane@eastbrookfound.com,10,Would like faster quotes
NPS-50280,2026-06-27,nadia.nairn@summertonstudi.co.uk,3,
NPS-51426,21/09/2025,aisha.frost@bluewaterkenne.co.uk,7,
NPS-50500,2025-12-24,ryan.bright@cedarkennels.co.uk,8,
NPS-50041,2025-08-07,oliver.vance@eastbrookaggre.co.uk,7,
NPS-50693,18/06/2026,sanjay.rowntree@marlowrobotics.co.uk,10,Great broker support
NPS-50560,13/03/2026,gareth.ferris@norburyveterin.com,5,
NPS-51089,2025-09-25,freya.osei@torquecoldstor.co.uk,3,Renewal process unclear
NPS-50059,08/08/2026,marcus.voss@eastbrooklogis.co.uk,4,
NPS-50662,25/08/2025,ben.tate@ellertoncoldst.co.uk,8,
NPS-51443,2026-04-08,noel.ellison@kestrelnurseri.co.uk,5,
NPS-51338,30/10/2025,sarah.wren@saltmarshbookb.co.uk,5,
NPS-51552,2026-01-16,holly.macleod@halewoodpharma.co.uk,4,Renewal process unclear
NPS-50836,2026-03-11,stefan.sharpe@gildedgalvanis.co.uk,6,
NPS-50929,02/10/2025,marcus.reid@stanhopestudio.co.uk,2,Would like faster quotes
NPS-50286,23/06/2026,craig.tate@dunmoreretail.co.uk,9,
NPS-50714,2026-08-19,kirsty.reid@kingsmeadveter.co.uk,7,Portal is confusing
NPS-51082,24/08/2025,sanjay.reid@padstowbakehou.co.uk,8,"Savings are real, service is quick"
NPS-51410,2026-05-19,lewis.hale@harborneglassw.co.uk,8,
NPS-51546,30/04/2026,amber.hansen@verityfarmfood.co.uk,8,
NPS-50446,26/06/2026,iona.whitfield@queningtonreta.co.uk,5,
NPS-50488,2026-01-07,nadia.wren@elmwoodtanning.co.uk,5,
NPS-51133,14/06/2026,emily.whitfield@inglebytanning.co.uk,4,
NPS-50758,2025-10-26,nadia.lomax@ironbridgepade.co.uk,3,
NPS-50728,01/05/2026,freya.voss@quaysidefabric.co.uk,4,
NPS-51220,2026-07-07,zara.tate@langmereleisur.co.uk,8,
NPS-50563,20/08/2026,zara.sutton@birchmoornurse.co.uk,4,
NPS-50889,2025-12-22,zara.sharpe@garwoodcinemas.co.uk,7,Billing took too long to fix
NPS-51622,2026-07-26,gareth.whitfield@inglebyaggrega.co.uk,8,Billing took too long to fix
NPS-50656,2026-07-29,marcus.sutton@zetlandtextile.co.uk,9,
NPS-50813,2025-11-04,fatima.grady@saltmarshnurse.co.uk,2,Great broker support
NPS-51465,05/01/2026,ben.whitfield@northgateoffic.co.uk,9,
NPS-50239,20/07/2026,stefan.vance@ottershawbakeh.co.uk,6,
NPS-50890,2025-08-11,stefan.yates@riverbankaquat.co.uk,4,
NPS-50164,2026-01-15,iona.ellison@halewoodroboti.co.uk,6,Would like faster quotes
NPS-50885,2025-09-13,nadia.bright@larkspurtannin.co.uk,4,"Savings are real, service is quick"
NPS-50138,29/11/2025,zara.ogden@kelbrookmotors.co.uk,7,"Savings are real, service is quick"
NPS-51417,2025-08-27,lucy.kaur@ivybridgeleisu.co.uk,6,Would like faster quotes
NPS-50391,2026-01-30,stefan.sharpe@dunmorepadel.co.uk,7,
NPS-51182,2025-10-06,rhys.yates@harbornerecycl.co.uk,9,"Savings are real, service is quick"
NPS-51269,30/04/2026,lewis.wren@pennineupholst.co.uk,5,Billing took too long to fix
NPS-51534,19/02/2026,sarah.hale@quarringtonaqu.co.uk,8,Portal is confusing
NPS-50695,21/04/2026,freya.jennings@wrenfieldfabri.co.uk,7,
NPS-51034,2026-03-01,sarah.ferris@cedarcoachwork.co.uk,7,
NPS-50032,27/05/2026,james.sutton@eastbrookbakeh.co.uk,4,Renewal process unclear
NPS-50473,2025-10-19,megan.doyle@westcliffnurse.co.uk,6,Would like faster quotes
NPS-51094,2025-12-23,sanjay.nairn@merrivaletimbe.co.uk,7,Renewal process unclear
NPS-51611,30/05/2026,chloe.hale@westclifffabri.co.uk,8,
NPS-50335,11/11/2025,stefan.vance@tanfieldscaffo.co.uk,7,
NPS-51321,2026-01-09,amber.voss@westcliffengin.co.uk,3,
NPS-51180,2025-09-09,amber.okafor@fernhillstudio.co.uk,7,
NPS-50244,01/10/2025,amber.osei@langmerelaundr.co.uk,6,Great broker support
NPS-51428,2026-03-27,tom.sharpe@westclifftimbe.com,6,Portal is confusing
NPS-51310,28/08/2025,holly.keane@selworthygarde.co.uk,9,Portal is confusing
NPS-51579,20/04/2026,rhys.tate@jespersenbakeh.co.uk,8,Love the transparency
NPS-50078,21/09/2025,ryan.pryce@birchmoorfabri.co.uk,5,
NPS-50109,2025-10-25,rhys.patel@farriercare.co.uk,7,
NPS-50037,2026-02-20,freya.whitfield@nettlebedprint.co.uk,3,Great broker support
NPS-51363,14/03/2026,rhys.sharpe@hollybushroofi.com,7,
NPS-50289,19/08/2025,tom.mercer@harbornepadel.co.uk,8,
NPS-50661,2026-08-17,iona.yates@umbersideoptic.co.uk,5,
NPS-51174,15/10/2025,nia.vance@langmerestudio.co.uk,3,
NPS-50437,2026-02-02,zara.chowdhury@applegarthnurs.co.uk,8,
NPS-50631,06/08/2025,aisha.osei@ironbridgemill.co.uk,6,
NPS-50238,25/01/2026,kirsty.tate@yewtreetextile.co.uk,9,
NPS-50734,18/07/2026,nia.patel@bluewaterseafo.co.uk,6,
NPS-50374,16/02/2026,gareth.hale@zetlandcoachwo.co.uk,8,"Savings are real, service is quick"
NPS-51605,14/02/2026,amber.nairn@silverbeckscaf.co.uk,4,
NPS-51185,2026-03-31,craig.rowntree@riverbankgarde.co.uk,10,
NPS-50009,17/02/2026,gareth.sutton@wrenfieldveter.com,6,Love the transparency
NPS-50893,03/12/2025,zara.yates@riverbankpreci.co.uk,10,Billing took too long to fix
NPS-50807,02/05/2026,kirsty.bright@ottershawdatar.co.uk,5,Portal is confusing
NPS-50803,2026-05-30,peter.vance@selworthylaund.co.uk,6,
NPS-50399,28/12/2025,fatima.macleod@langmeretimber.co.uk,6,Would like faster quotes
NPS-50908,24/05/2026,ryan.keane@riverbankmotor.co.uk,3,
NPS-50576,2026-01-25,anita.tate@garwoodforge.co.uk,10,"Savings are real, service is quick"
NPS-50456,2026-06-15,daniel.reid@selworthyfabri.co.uk,2,
NPS-50135,05/12/2025,freya.underhill@kingsmeadkenne.co.uk,3,Billing took too long to fix
NPS-50992,2026-06-05,amber.underhill@farriermarine.co.uk,10,
NPS-51219,2025-08-22,peter.sharpe@ottershawicecr.com,9,
NPS-51618,2025-08-24,lucy.voss@ivybridgecare.co.uk,9,"Savings are real, service is quick"
NPS-50546,2026-07-25,aisha.mercer@padstowprint.co.uk,6,
NPS-50354,04/05/2026,amber.brooke@ivybridgedatar.co.uk,7,
NPS-50470,29/04/2026,megan.bright@bramblekennels.co.uk,6,
NPS-50231,06/06/2026,peter.sutton@westcliffdatar.com,5,
NPS-50229,17/10/2025,amber.kaur@oakhurststudio.co.uk,8,Great broker support
NPS-50505,31/07/2025,rhys.whitfield@veritykennels.co.uk,4,Portal is confusing
NPS-51029,2026-06-10,emily.hale@maplinroofing.co.uk,6,
NPS-51497,2026-05-27,peter.underhill@redwingcoldsto.co.uk,5,
NPS-50131,2025-11-29,aisha.brooke@yewtreeupholst.co.uk,7,Love the transparency
NPS-51159,2025-10-10,zara.mercer@rosedaleprecis.co.uk,8,
NPS-50723,2026-08-15,anita.lomax@riverbankchand.co.uk,8,Billing took too long to fix
NPS-50192,2026-04-20,megan.okafor@lighthouselaun.co.uk,8,Billing took too long to fix
NPS-50973,21/07/2026,freya.pryce@quarringtonopt.co.uk,4,"Savings are real, service is quick"
NPS-51282,25/03/2026,daniel.chowdhury@tanfieldmotors.co.uk,2,
NPS-51023,2026-04-18,ben.hansen@tanfieldcateri.co.uk,2,Renewal process unclear
NPS-50867,2026-05-01,amber.underhill@umbersidecolds.co.uk,7,
NPS-50990,2025-08-24,gareth.reid@denholmforge.co.uk,3,Love the transparency
NPS-50264,28/06/2026,megan.osei@ashcombeglassw.co.uk,6,
NPS-50298,2025-08-30,stefan.nairn@padstowfabrica.co.uk,8,
NPS-50367,2025-08-26,ryan.hale@maplinrobotics.co.uk,5,
NPS-50670,07/10/2025,ben.iqbal@saltmarshrobot.co.uk,7,Billing took too long to fix
NPS-51398,2026-05-27,ryan.voss@thackerymarine.co.uk,7,
NPS-50859,05/11/2025,marcus.rowntree@larkspursalvag.co.uk,9,
NPS-50390,02/10/2025,grace.wren@applegarthroof.co.uk,5,
NPS-50916,2026-05-01,noel.frost@cranleighmilli.co.uk,3,
NPS-50824,13/04/2026,ewan.yates@stanhopejoiner.co.uk,3,"Savings are real, service is quick"
NPS-51474,09/04/2026,nadia.marsh@langmererecycl.co.uk,9,Great broker support
NPS-51151,2026-08-26,paula.kaur@redwinglogisti.co.uk,10,
NPS-50418,08/07/2026,anita.whitfield@quarringtoncol.co.uk,5,Love the transparency
NPS-51105,13/10/2025,lewis.nowak@verityglasswor.co.uk,6,"Savings are real, service is quick"
NPS-50517,2026-07-15,callum.macleod@kelbrookoptics.co.uk,7,Billing took too long to fix
NPS-51131,31/01/2026,marcus.lomax@gildedgarden.co.uk,5,
NPS-51388,04/01/2026,rhys.brooke@zephyrrecyclin.co.uk,10,
NPS-50322,26/12/2025,iona.okafor@kingsmeadhotel.co.uk,5,
NPS-51361,29/06/2026,iona.marsh@cedargalvanisi.co.uk,8,"Savings are real, service is quick"
NPS-51114,2026-02-12,peter.patel@brambledataroo.co.uk,9,
NPS-50402,2026-07-25,omar.doyle@queningtoncine.co.uk,3,
NPS-50592,15/05/2026,craig.macleod@maplinrecyclin.co.uk,6,Portal is confusing
NPS-51461,24/08/2025,emily.okafor@rosedaleuphols.co.uk,4,Portal is confusing
NPS-50432,21/11/2025,marcus.grady@tredegarprint.co.uk,7,Billing took too long to fix
NPS-51508,08/02/2026,stefan.underhill@denholmbakehou.co.uk,8,Renewal process unclear
NPS-50665,2026-07-06,ben.iqbal@kingsmeadengin.co.uk,8,Great broker support
NPS-50628,24/08/2026,freya.marsh@harbornebakeho.co.uk,6,Would like faster quotes
NPS-51163,29/01/2026,kirsty.reid@hollybushveter.co.uk,2,
NPS-51124,24/09/2025,omar.vance@nettlebedveter.co.uk,8,Billing took too long to fix
NPS-51621,2026-06-16,paula.iqbal@kingsmeadgarde.co.uk,5,Renewal process unclear
NPS-50436,2026-07-19,zara.chowdhury@applegarthnurs.co.uk,10,Renewal process unclear
