quote_id,mpan,quote_rate_p_per_kwh,generated_at,valid_until,status,notes
Q-70000,9292981902587,17.77,2026-08-30,14/09/2026,Priced,
Q-70001,17 8196 8782 291,22.99,2026-08-26,2026-09-06,Priced,
Q-70002,8535-1736-61121,31.08,2026-08-30,06/09/2026,Priced,
Q-70003,5840-3085-42860,28.2,2026-08-26,2026-09-08,Priced,
Q-70004,08 2861 3707 640,20.71,2026-08-26,10/09/2026,Priced,
Q-70005,4859555916090,33.82,2026-08-30,2026-09-07,Priced,
Q-70006,73 9781 1093 009,34.64,2026-09-01,13/09/2026,Priced,
Q-70007,2573406847067,18.38,2026-08-26,2026-09-12,Priced,
Q-70008,4032659423719,25.12,2026-08-26,06/09/2026,Priced,
Q-70009,8338622906995,18.72,2026-08-28,04/09/2026,Priced,
Q-70010,94 0753 2512 320,25.3,2026-09-01,2026-09-13,Priced,
Q-70011,70 2451 3833 392,22.66,2026-08-31,07/09/2026,Priced,
Q-70012,5295-9903-40139,28.8,2026-08-28,2026-09-15,Priced,
Q-70013,7559776290291,22.76,2026-08-26,07/09/2026,Priced,
Q-70014,88 2219 7050 519,14.57,2026-08-30,15/09/2026,Priced,
Q-70015,3564-6735-95767,29.83,2026-08-26,2026-09-11,Priced,
Q-70016,3936-1030-23945,27.72,2026-08-26,2026-09-14,Priced,
Q-70017,3628776916147,23.32,2026-08-31,15/09/2026,Priced,
Q-70018,4334745498276,33.24,2026-08-28,2026-09-14,Priced,
Q-70019,4399643475033,20.83,2026-08-28,15/09/2026,Priced,
Q-70020,7585-4518-57397,29.32,2026-08-29,04/09/2026,Priced,
Q-70021,09 9963 3274 717,27.0,2026-08-30,2026-09-09,Priced,
Q-70022,90 5616 0513 277,19.91,2026-08-30,15/09/2026,Priced,
Q-70023,15 0512 8296 099,19.48,2026-08-31,12/09/2026,Priced,
Q-70024,69 1363 6575 812,27.24,2026-08-27,2026-09-05,Priced,
Q-70025,62 3464 0110 478,31.44,2026-08-28,07/09/2026,Priced,
Q-70026,8567-4440-15348,18.77,2026-08-30,15/09/2026,Priced,
Q-70027,87 3701 2792 267,29.22,2026-09-01,05/09/2026,Priced,
Q-70028,57 3819 1067 413,24.05,2026-09-01,2026-09-04,Priced,
Q-70029,6885726074939,18.94,2026-08-30,2026-09-12,Priced,
Q-70030,5544-7013-40118,25.65,2026-08-26,08/09/2026,Priced,
Q-70031,14 7764 7065 702,18.18,2026-08-29,2026-09-04,Priced,
Q-70032,4878-0277-04040,31.9,2026-08-27,15/09/2026,Priced,
Q-70033,78 5946 3197 700,22.0,2026-08-29,2026-09-06,Priced,
Q-70034,3364039202847,20.48,2026-08-28,10/09/2026,Priced,
Q-70035,7291421234512,19.81,2026-09-01,2026-09-08,Priced,
Q-70036,63 7410 8450 724,24.16,2026-08-30,07/09/2026,Priced,
Q-70037,7346680764673,20.63,2026-08-26,2026-09-11,Priced,
Q-70038,3407-5462-28257,27.72,2026-08-26,07/09/2026,Priced,
Q-70039,0767-8306-75005,21.12,2026-08-30,2026-09-05,Priced,
Q-70040,9836698651171,31.14,2026-08-29,05/09/2026,Priced,
Q-70041,14 8853 7001 515,27.57,2026-08-27,12/09/2026,Priced,
Q-70042,5926238237379,18.45,2026-09-01,04/09/2026,Priced,
Q-70043,88 0031 3177 623,17.72,2026-09-01,2026-09-06,Priced,
Q-70044,6181-3436-68494,24.85,2026-08-30,2026-09-05,Priced,
Q-70045,9662918616265,21.99,2026-09-01,05/09/2026,Priced,
Q-70046,4115766547308,23.47,2026-08-31,13/09/2026,Priced,
Q-70047,3731391583300,29.28,2026-08-29,2026-09-09,Priced,
Q-70048,2480339085923,21.75,2026-08-31,05/09/2026,Priced,
Q-70049,3877795903699,29.76,2026-08-26,2026-09-15,Priced,
Q-70050,9259-1339-88849,30.72,2026-08-30,2026-09-09,Priced,
Q-70051,52 9895 1635 275,23.57,2026-08-27,2026-09-08,Priced,
Q-70052,49 8640 6165 458,34.51,2026-09-01,05/09/2026,Priced,
Q-70053,2997453311231,22.01,2026-08-29,15/09/2026,Priced,
Q-70054,0167874482043,17.87,2026-08-30,15/09/2026,Priced,
Q-70055,1452199464228,28.56,2026-08-31,2026-09-05,Priced,
Q-70056,7202140974975,33.81,2026-08-26,13/09/2026,Priced,
Q-70057,6444-0631-62763,21.22,2026-08-31,11/09/2026,Priced,
Q-70058,7029871736816,24.34,2026-09-01,10/09/2026,Priced,
Q-70059,26 5916 3505 872,16.79,2026-08-29,09/09/2026,Priced,
Q-70060,7557196338691,31.11,2026-08-27,2026-09-08,Priced,
Q-70061,5746873965586,25.24,2026-08-26,2026-09-04,Priced,
Q-70062,54 5779 1514 444,20.39,2026-08-28,2026-09-13,Priced,
Q-70063,3662-3662-98356,19.19,2026-08-28,14/09/2026,Priced,
Q-70064,99 8461 3065 291,18.82,2026-08-30,2026-09-14,Priced,
Q-70065,04 7591 6571 271,26.63,2026-08-28,09/09/2026,Priced,
Q-70066,6659496238556,20.51,2026-08-31,07/09/2026,Priced,
Q-70067,5413164949333,31.84,2026-08-27,10/09/2026,Priced,
Q-70068,11 8258 4963 385,19.46,2026-09-01,2026-09-07,Priced,
Q-70069,9651-2388-56533,18.05,2026-08-31,2026-09-06,Priced,
Q-70070,89 0691 7745 151,27.13,2026-08-26,2026-09-14,Priced,
Q-70071,8098-5403-02835,,2026-08-27,11/09/2026,Errored,Timeout fetching consumption data
Q-70072,87 2453 6904 094,28.79,2026-08-27,2026-09-11,Priced,
Q-70073,2548-8689-56711,18.79,2026-08-27,2026-09-13,Priced,
Q-70074,7752336555696,18.44,2026-08-30,2026-09-06,Priced,
Q-70075,0359042945333,22.92,2026-08-31,06/09/2026,Priced,
Q-70076,4838-1127-58228,25.39,2026-08-30,2026-09-06,Priced,
Q-70077,2754096439715,20.04,2026-08-26,11/09/2026,Priced,
Q-70078,8944397781081,23.22,2026-08-27,2026-09-05,Priced,
Q-70079,4182-4988-14010,31.08,2026-08-30,10/09/2026,Priced,
Q-70080,7949219530671,26.7,2026-08-27,2026-09-08,Priced,
Q-70081,80 8297 9129 504,34.93,2026-08-27,04/09/2026,Priced,
Q-70082,25 0799 4426 177,30.36,2026-08-29,2026-09-14,Priced,
Q-70083,4092588826526,,2026-09-01,2026-09-06,Errored,Pricing engine returned no rate
Q-70084,5334808801080,28.4,2026-08-30,2026-09-12,Priced,
Q-70085,3546024275118,28.34,2026-08-26,13/09/2026,Priced,
Q-70086,0105-3034-83628,27.49,2026-08-28,2026-09-09,Priced,
Q-70087,5910035370144,23.07,2026-08-28,15/09/2026,Priced,
Q-70088,1021-5839-35467,28.8,2026-08-31,2026-09-10,Priced,
Q-70089,6380856469507,19.57,2026-09-01,2026-09-08,Priced,
Q-70090,2386541652432,24.13,2026-08-27,2026-09-07,Priced,
Q-70091,48 8812 4894 761,,2026-08-26,2026-09-08,Errored,Pricing engine returned no rate
Q-70092,6354019691267,,2026-08-28,2026-09-14,Errored,Timeout fetching consumption data
Q-70093,6158338436364,27.97,2026-08-27,13/09/2026,Priced,
Q-70094,98 2314 1840 612,30.51,2026-08-30,11/09/2026,Priced,
Q-70095,99 3347 2795 587,34.45,2026-09-01,09/09/2026,Priced,
Q-70096,7640513952971,28.75,2026-08-30,09/09/2026,Priced,
Q-70097,6338-0635-50326,24.64,2026-08-29,2026-09-10,Priced,
Q-70098,25 8378 2666 014,25.3,2026-09-01,2026-09-12,Priced,
Q-70099,94 1892 1230 438,30.69,2026-08-29,2026-09-15,Priced,
Q-70100,8596751036742,21.11,2026-09-01,14/09/2026,Priced,
Q-70101,06 3523 0013 904,23.91,2026-08-30,2026-09-10,Priced,
Q-70102,6442536564682,16.9,2026-08-29,05/09/2026,Priced,
Q-70103,77 9241 0751 440,16.87,2026-08-29,11/09/2026,Priced,
Q-70104,2242178510464,21.58,2026-08-29,06/09/2026,Priced,
Q-70105,0980-1226-84922,32.35,2026-08-27,05/09/2026,Priced,
Q-70106,1744-3688-12494,18.21,2026-08-26,06/09/2026,Priced,
Q-70107,4528332115035,22.33,2026-08-28,2026-09-04,Priced,
Q-70108,4043827600445,22.98,2026-08-29,10/09/2026,Priced,
Q-70109,14 8383 3688 635,24.73,2026-09-01,2026-09-06,Priced,
Q-70110,5649428217687,22.29,2026-08-29,06/09/2026,Priced,
Q-70111,39 9166 1348 306,21.11,2026-08-26,2026-09-04,Priced,
Q-70112,0239902805392,19.46,2026-08-27,05/09/2026,Priced,
Q-70113,3197492227889,28.17,2026-08-30,2026-09-15,Priced,
Q-70114,49 5124 4843 286,17.35,2026-08-27,11/09/2026,Priced,
Q-70115,2509040307188,21.84,2026-08-31,2026-09-10,Priced,
Q-70116,8223-3541-69059,27.94,2026-08-30,05/09/2026,Priced,
Q-70117,7866406431215,24.24,2026-08-28,2026-09-05,Priced,
Q-70118,3360149690922,21.02,2026-09-01,2026-09-07,Priced,
Q-70119,3605685623556,24.57,2026-08-26,15/09/2026,Priced,
Q-70120,4357-0187-14113,29.61,2026-08-30,10/09/2026,Priced,
Q-70121,36 0621 9457 805,19.16,2026-08-28,2026-09-08,Priced,
Q-70122,9406-6068-24713,,2026-08-29,2026-09-13,Errored,Timeout fetching consumption data
Q-70123,7235504389172,22.88,2026-08-31,11/09/2026,Priced,
Q-70124,93 7382 1668 276,19.44,2026-08-31,13/09/2026,Priced,
Q-70125,2839273776595,18.35,2026-09-01,08/09/2026,Priced,
Q-70126,1346894828271,27.79,2026-08-30,10/09/2026,Priced,
Q-70127,91 3990 8566 621,18.27,2026-08-31,2026-09-06,Priced,
Q-70128,75 0291 7706 054,19.36,2026-08-28,2026-09-05,Priced,
Q-70129,2968909930652,17.01,2026-08-31,2026-09-06,Priced,
Q-70130,0898079195120,29.0,2026-08-28,2026-09-04,Priced,
Q-70131,38 6830 3808 275,18.19,2026-08-27,2026-09-13,Priced,
Q-70132,87 6154 0727 911,28.85,2026-08-28,2026-09-06,Priced,
Q-70133,5804-2033-00459,16.52,2026-08-28,13/09/2026,Priced,
Q-70134,5079001634671,21.12,2026-08-26,10/09/2026,Priced,
Q-70135,9456-1826-52950,22.25,2026-08-31,2026-09-07,Priced,
Q-70136,5578004198546,,2026-08-29,2026-09-05,Errored,Timeout fetching consumption data
Q-70137,62 2996 3883 623,35.77,2026-08-31,2026-09-08,Priced,
Q-70138,92 4977 2814 108,17.82,2026-08-31,13/09/2026,Priced,
Q-70139,9086172587259,33.49,2026-08-26,2026-09-04,Priced,
Q-70140,38 1266 6689 447,17.11,2026-09-01,2026-09-04,Priced,
Q-70141,1588567935233,24.34,2026-09-01,2026-09-07,Priced,
Q-70142,8455124175698,31.45,2026-08-28,2026-09-04,Priced,
Q-70143,28 9451 5448 945,20.65,2026-08-28,2026-09-08,Priced,
Q-70144,2030-0544-46229,16.09,2026-08-28,2026-09-12,Priced,
Q-70145,75 9659 3595 576,19.79,2026-08-30,2026-09-10,Priced,
Q-70146,55 2527 2801 287,26.14,2026-08-28,12/09/2026,Priced,
Q-70147,90 6061 2161 653,20.27,2026-08-27,2026-09-05,Priced,
Q-70148,4084-6699-33594,17.32,2026-08-29,11/09/2026,Priced,
Q-70149,4033-2877-88289,27.3,2026-08-26,08/09/2026,Priced,
Q-70150,2631538696484,31.19,2026-08-26,13/09/2026,Priced,
Q-70151,9485799008957,22.75,2026-08-26,2026-09-07,Priced,
Q-70152,3924473456865,31.43,2026-08-27,14/09/2026,Priced,
Q-70153,9698806983708,26.69,2026-08-26,2026-09-13,Priced,
Q-70154,43 1550 7606 139,27.58,2026-08-30,2026-09-06,Priced,
Q-70155,2750-7812-22782,15.38,2026-08-31,2026-09-07,Priced,
Q-70156,08 6917 3111 592,30.06,2026-08-31,2026-09-04,Priced,
Q-70157,2630903773070,25.17,2026-09-01,2026-09-04,Priced,
Q-70158,2930462817408,24.72,2026-09-01,07/09/2026,Priced,
Q-70159,3409568001284,,2026-09-01,2026-09-14,Errored,Pricing engine returned no rate
Q-70160,6645-4061-36346,18.93,2026-08-29,15/09/2026,Priced,
Q-70161,0047-7491-14113,22.04,2026-08-29,10/09/2026,Priced,
Q-70162,9220873502733,20.29,2026-08-30,2026-09-13,Priced,
Q-70163,13 9279 0987 473,21.1,2026-08-29,12/09/2026,Priced,
Q-70164,5842979952474,19.32,2026-09-01,2026-09-05,Priced,
Q-70165,8964459049796,19.91,2026-08-26,10/09/2026,Priced,
Q-70166,46 1616 7788 079,22.15,2026-08-27,2026-09-06,Priced,
Q-70167,1439-8413-48760,21.67,2026-08-27,2026-09-07,Priced,
Q-70168,74 4839 1148 849,27.48,2026-08-27,12/09/2026,Priced,
Q-70169,51 6795 4067 948,20.6,2026-08-27,04/09/2026,Priced,
Q-70170,8969895656177,22.79,2026-08-31,11/09/2026,Priced,
Q-70171,9582617356381,22.83,2026-08-27,14/09/2026,Priced,
Q-70172,58 8145 9927 458,25.32,2026-08-31,2026-09-08,Priced,
Q-70173,1629778495034,31.2,2026-08-28,2026-09-11,Priced,
Q-70174,0169-2887-61333,25.35,2026-08-30,11/09/2026,Priced,
Q-70175,8837134093393,27.45,2026-08-30,2026-09-15,Priced,
Q-70176,3762316359936,26.12,2026-09-01,2026-09-05,Priced,
Q-70177,96 0969 0448 997,21.0,2026-09-01,2026-09-15,Priced,
Q-70178,0884925735445,22.4,2026-08-29,2026-09-12,Priced,
Q-70179,0872665410422,21.3,2026-08-30,10/09/2026,Priced,
Q-70180,0232227526857,24.8,2026-08-26,2026-09-15,Priced,
Q-70181,36 9268 3851 037,30.66,2026-08-29,2026-09-12,Priced,
Q-70182,6478784229314,18.85,2026-08-30,09/09/2026,Priced,
Q-70183,83 8673 6037 954,23.36,2026-08-26,05/09/2026,Priced,
Q-70184,86 8749 3096 292,20.97,2026-08-30,2026-09-12,Priced,
Q-70185,5878-2182-07318,29.98,2026-08-27,2026-09-15,Priced,
Q-70186,5773350759762,,2026-08-29,2026-09-12,Errored,Pricing engine returned no rate
Q-70187,23 1289 6805 090,21.73,2026-09-01,2026-09-09,Priced,
Q-70188,1939373607149,16.95,2026-08-29,05/09/2026,Priced,
Q-70189,94 8102 3466 949,19.44,2026-08-31,2026-09-11,Priced,
Q-70190,29 8550 4639 395,17.4,2026-08-28,14/09/2026,Priced,
Q-70191,8314-2261-86508,28.28,2026-09-01,12/09/2026,Priced,
Q-70192,9592-7230-68660,16.97,2026-08-26,13/09/2026,Priced,
Q-70193,93 2092 4992 861,20.96,2026-08-27,2026-09-11,Priced,
Q-70194,3949-0239-85862,18.38,2026-08-29,05/09/2026,Priced,
Q-70195,64 3349 9089 067,25.13,2026-08-28,09/09/2026,Priced,
Q-70196,4007942731369,29.24,2026-08-31,06/09/2026,Priced,
Q-70197,0301-0229-44954,20.47,2026-08-29,2026-09-06,Priced,
Q-70198,6125673267844,17.69,2026-08-26,2026-09-13,Priced,
Q-70199,76 9109 9726 394,26.16,2026-08-27,2026-09-07,Priced,
Q-70200,8727457458668,18.77,2026-08-26,08/09/2026,Priced,
Q-70201,09 9778 8850 122,29.6,2026-08-29,2026-09-11,Priced,
Q-70202,32 0275 1872 481,20.92,2026-08-26,06/09/2026,Priced,
Q-70203,46 7508 2945 236,22.41,2026-08-29,06/09/2026,Priced,
Q-70204,5497-1865-47083,27.53,2026-08-30,08/09/2026,Priced,
Q-70205,70 9685 5145 525,26.75,2026-08-29,2026-09-05,Priced,
Q-70206,6947299545461,27.4,2026-08-27,08/09/2026,Priced,
Q-70207,99 4256 0549 248,21.95,2026-08-31,11/09/2026,Priced,
Q-70208,54 5339 7125 905,,2026-09-01,2026-09-07,Errored,Timeout fetching consumption data
Q-70209,3479867174376,31.58,2026-08-31,10/09/2026,Priced,
Q-70210,9417998792581,29.84,2026-08-26,2026-09-08,Priced,
Q-70211,5077010047818,28.06,2026-08-31,05/09/2026,Priced,
Q-70212,6627-1135-53951,28.85,2026-08-27,2026-09-08,Priced,
Q-70213,8369-5922-27020,33.19,2026-08-30,08/09/2026,Priced,
Q-70214,2769-5833-98149,34.59,2026-08-31,08/09/2026,Priced,
Q-70215,9094-6848-97483,20.76,2026-08-28,2026-09-09,Priced,
Q-70216,4516863102981,18.83,2026-08-26,2026-09-07,Priced,
Q-70217,1245861050946,20.7,2026-08-27,2026-09-15,Priced,
Q-70218,93 5863 8131 345,21.15,2026-08-29,2026-09-06,Priced,
Q-70219,95 5123 9137 093,18.28,2026-08-30,2026-09-12,Priced,
Q-70220,92 0449 2253 248,23.31,2026-08-29,08/09/2026,Priced,
Q-70221,83 0670 3779 862,24.08,2026-08-30,14/09/2026,Priced,
Q-70222,77 4201 6021 695,23.6,2026-08-28,2026-09-14,Priced,
Q-70223,89 8504 8512 166,18.21,2026-09-01,09/09/2026,Priced,
Q-70224,6877603392994,23.78,2026-08-29,14/09/2026,Priced,
Q-70225,6144-8147-27096,18.41,2026-08-26,06/09/2026,Priced,
Q-70226,2327958522006,26.2,2026-08-28,2026-09-04,Priced,
Q-70227,8399145163775,29.95,2026-08-26,2026-09-12,Priced,
Q-70228,3241-3031-79345,32.97,2026-08-29,2026-09-04,Priced,
Q-70229,5159-0344-03800,28.32,2026-08-31,12/09/2026,Priced,
Q-70230,8342-2873-06639,19.55,2026-08-29,04/09/2026,Priced,
Q-70231,35 9004 7390 480,20.59,2026-08-26,10/09/2026,Priced,
Q-70232,73 6202 1862 704,23.13,2026-08-26,09/09/2026,Priced,
Q-70233,69 6741 9540 580,19.04,2026-09-01,2026-09-14,Priced,
Q-70234,9507137972370,24.8,2026-08-28,14/09/2026,Priced,
Q-70235,5484-6479-89894,26.44,2026-09-01,15/09/2026,Priced,
Q-70236,9546313870806,26.72,2026-08-27,08/09/2026,Priced,
Q-70237,98 2839 7082 464,20.47,2026-08-27,14/09/2026,Priced,
Q-70238,3653158939286,26.89,2026-08-27,2026-09-06,Priced,
Q-70239,90 9786 7892 211,31.19,2026-08-26,11/09/2026,Priced,
Q-70240,7147521452181,21.08,2026-08-31,2026-09-04,Priced,
Q-70241,1605420982507,17.88,2026-08-28,15/09/2026,Priced,
Q-70242,5345-5927-70358,33.98,2026-08-27,2026-09-09,Priced,
Q-70243,7593665873165,19.31,2026-09-01,2026-09-10,Priced,
Q-70244,2888-4129-68865,20.38,2026-09-01,2026-09-06,Priced,
Q-70245,00 0562 8608 833,19.43,2026-08-28,15/09/2026,Priced,
Q-70246,5223662153543,21.77,2026-08-30,2026-09-08,Priced,
Q-70247,12 5579 2007 726,30.74,2026-09-01,2026-09-11,Priced,
Q-70248,98 0737 5064 203,28.04,2026-08-26,2026-09-13,Priced,
Q-70249,4189840373881,22.37,2026-08-30,06/09/2026,Priced,
Q-70250,9877-7280-73589,19.12,2026-08-27,2026-09-07,Priced,
Q-70251,81 7110 3621 913,30.75,2026-08-28,06/09/2026,Priced,
Q-70252,99 6194 6226 935,25.51,2026-08-29,15/09/2026,Priced,
Q-70253,3145-5028-70704,24.09,2026-08-31,2026-09-13,Priced,
Q-70254,2960448123491,23.41,2026-08-29,14/09/2026,Priced,
Q-70255,2922569992949,33.45,2026-08-27,2026-09-05,Priced,
Q-70256,9286431356705,31.12,2026-08-27,2026-09-04,Priced,
Q-70257,0147-7903-35116,20.39,2026-08-31,2026-09-14,Priced,
Q-70258,3039-7723-96909,21.88,2026-08-26,04/09/2026,Priced,
Q-70259,8028224139824,20.92,2026-08-29,05/09/2026,Priced,
Q-70260,9133-9422-68465,17.5,2026-08-31,05/09/2026,Priced,
Q-70261,9265-0326-50102,34.51,2026-09-01,04/09/2026,Priced,
Q-70262,01 7114 4457 323,20.86,2026-08-29,2026-09-08,Priced,
Q-70263,20 4316 6260 056,26.62,2026-09-01,2026-09-06,Priced,
Q-70264,4957171762901,30.3,2026-08-27,2026-09-09,Priced,
Q-70265,32 7075 3805 269,,2026-08-28,2026-09-06,Errored,Pricing engine returned no rate
Q-70266,34 7262 6066 522,18.94,2026-08-29,2026-09-15,Priced,
Q-70267,80 6229 4858 588,,2026-08-28,2026-09-05,Errored,Pricing engine returned no rate
Q-70268,42 0078 4351 125,23.33,2026-09-01,06/09/2026,Priced,
Q-70269,5375-8927-77402,24.29,2026-08-31,2026-09-05,Priced,
Q-70270,76 7907 0630 256,25.95,2026-08-28,10/09/2026,Priced,
Q-70271,43 2070 8514 289,19.05,2026-08-31,2026-09-04,Priced,
Q-70272,9792422489906,,2026-08-28,04/09/2026,Errored,Pricing engine returned no rate
Q-70273,3273-0896-47200,,2026-08-31,2026-09-12,Errored,Timeout fetching consumption data
Q-70274,80 6897 5195 731,31.61,2026-08-28,13/09/2026,Priced,
Q-70275,0733704154182,19.91,2026-08-30,2026-09-13,Priced,
Q-70276,6777-7974-28098,34.29,2026-08-30,2026-09-08,Priced,
Q-70277,6668-9365-05903,31.59,2026-08-27,12/09/2026,Priced,
Q-70278,2332-5100-71434,22.95,2026-08-30,2026-09-07,Priced,
Q-70279,6067-3638-17535,25.63,2026-08-28,2026-09-13,Priced,
Q-70280,5331-4676-98424,17.67,2026-08-29,2026-09-07,Priced,
Q-70281,7580157355634,32.01,2026-08-30,06/09/2026,Priced,
Q-70282,7719897211069,36.89,2026-08-29,04/09/2026,Priced,
Q-70283,83 8228 0647 251,26.79,2026-08-29,09/09/2026,Priced,
Q-70284,8929-6899-62042,30.69,2026-08-29,07/09/2026,Priced,
Q-70285,0141887720804,18.42,2026-08-28,13/09/2026,Priced,
Q-70286,80 6909 2959 924,21.58,2026-08-26,2026-09-15,Priced,
Q-70287,3639839588303,24.63,2026-08-27,2026-09-14,Priced,
Q-70288,8269567006865,16.97,2026-08-27,09/09/2026,Priced,
Q-70289,8318078281385,21.49,2026-08-31,11/09/2026,Priced,
Q-70290,2303338106148,19.59,2026-08-27,12/09/2026,Priced,
Q-70291,11 1449 2056 370,14.95,2026-08-29,2026-09-12,Priced,
Q-70292,4298-4341-45553,22.57,2026-09-01,12/09/2026,Priced,
Q-70293,36 4434 0726 541,17.96,2026-08-26,12/09/2026,Priced,
Q-70294,7083-1557-95383,22.64,2026-08-29,2026-09-10,Priced,
Q-70295,18 0264 8125 991,22.9,2026-08-27,10/09/2026,Priced,
Q-70296,4530118974133,17.36,2026-09-01,14/09/2026,Priced,
Q-70297,80 4196 2984 416,18.5,2026-08-26,2026-09-14,Priced,
Q-70298,57 3191 7960 669,20.73,2026-09-01,14/09/2026,Priced,
Q-70299,2217-0787-88791,30.58,2026-08-31,13/09/2026,Priced,
Q-70300,0051186753537,22.54,2026-08-27,2026-09-15,Priced,
Q-70301,8666650155409,23.61,2026-08-31,12/09/2026,Priced,
Q-70302,2770-4572-57211,18.85,2026-08-31,2026-09-07,Priced,
Q-70303,40 2330 0449 091,22.64,2026-08-29,10/09/2026,Priced,
Q-70304,40 2863 4613 960,23.8,2026-09-01,07/09/2026,Priced,
Q-70305,5929972482125,24.75,2026-08-26,06/09/2026,Priced,
Q-70306,7013-5775-41007,34.56,2026-09-01,2026-09-08,Priced,
Q-70307,9491087339755,24.29,2026-09-01,2026-09-07,Priced,
Q-70308,0597906860715,24.44,2026-08-28,2026-09-09,Priced,
Q-70309,0777-7298-29280,23.01,2026-08-29,11/09/2026,Priced,
Q-70310,6732-5495-57811,30.4,2026-08-28,04/09/2026,Priced,
Q-70311,18 1236 9491 924,26.21,2026-08-28,05/09/2026,Priced,
Q-70312,8534-8715-79061,22.24,2026-09-01,2026-09-14,Priced,
Q-70313,7597-0532-30390,,2026-08-31,05/09/2026,Errored,Timeout fetching consumption data
Q-70314,18 7211 3486 487,18.11,2026-08-31,04/09/2026,Priced,
Q-70315,7047934193671,26.23,2026-08-26,06/09/2026,Priced,
Q-70316,7117360725736,25.67,2026-08-26,2026-09-09,Priced,
Q-70317,9931341052693,26.35,2026-08-30,15/09/2026,Priced,
Q-70318,48 9299 1215 367,16.76,2026-08-29,13/09/2026,Priced,
Q-70319,8160639287556,30.69,2026-08-28,04/09/2026,Priced,
Q-70320,56 3231 2683 417,29.48,2026-08-26,14/09/2026,Priced,
Q-70321,10 2916 7594 242,20.5,2026-08-28,07/09/2026,Priced,
Q-70322,0988-1655-68980,,2026-08-29,11/09/2026,Errored,Pricing engine returned no rate
Q-70323,5382317095420,32.08,2026-09-01,09/09/2026,Priced,
Q-70324,3930-7886-92457,19.94,2026-08-29,2026-09-11,Priced,
Q-70325,83 3566 6346 306,26.48,2026-08-29,09/09/2026,Priced,
Q-70326,8668-7366-20182,18.92,2026-08-31,09/09/2026,Priced,
Q-70327,35 3837 7529 609,25.22,2026-08-31,2026-09-15,Priced,
Q-70328,09 0805 4241 677,26.81,2026-08-29,13/09/2026,Priced,
Q-70329,1997492313514,20.36,2026-08-29,13/09/2026,Priced,
Q-70330,3640-7218-66684,22.3,2026-08-27,05/09/2026,Priced,
Q-70331,9232738084647,23.54,2026-08-27,2026-09-06,Priced,
Q-70332,7191-1735-45157,21.15,2026-08-26,2026-09-12,Priced,
Q-70333,8051299205710,18.71,2026-09-01,07/09/2026,Priced,
Q-70334,05 0900 7002 423,23.23,2026-08-28,10/09/2026,Priced,
Q-70335,8483-7649-91678,22.83,2026-09-01,2026-09-06,Priced,
Q-70336,7510703276866,27.45,2026-08-28,2026-09-04,Priced,
Q-70337,5176-1673-38059,31.3,2026-08-28,10/09/2026,Priced,
Q-70338,4943702359587,19.39,2026-09-01,2026-09-14,Priced,
Q-70339,5826-5469-30255,26.02,2026-08-27,2026-09-14,Priced,
Q-70340,3011561302733,28.0,2026-08-30,11/09/2026,Priced,
Q-70341,8089037051307,27.35,2026-08-31,2026-09-14,Priced,
Q-70342,00 2362 1595 663,29.64,2026-08-29,05/09/2026,Priced,
Q-70343,7744-8881-39626,30.98,2026-08-31,15/09/2026,Priced,
Q-70344,8620035009340,26.1,2026-09-01,2026-09-09,Priced,
Q-70345,0179-3249-30589,27.72,2026-08-29,2026-09-14,Priced,
Q-70346,9761392172337,28.23,2026-08-26,08/09/2026,Priced,
Q-70347,2306034759348,20.69,2026-08-27,2026-09-15,Priced,
Q-70348,02 9005 9403 393,20.98,2026-08-27,2026-09-06,Priced,
Q-70349,6272385009863,16.32,2026-08-29,2026-09-04,Priced,
Q-70350,6801082425237,20.18,2026-08-29,2026-09-13,Priced,
Q-70351,15 1535 5816 934,23.17,2026-09-01,10/09/2026,Priced,
Q-70352,49 0434 1600 039,30.94,2026-09-01,04/09/2026,Priced,
Q-70353,7326911440684,21.9,2026-08-29,2026-09-09,Priced,
Q-70354,9946341250872,20.01,2026-08-28,12/09/2026,Priced,
Q-70355,0444-5718-67039,23.34,2026-08-27,2026-09-04,Priced,
Q-70356,2789206100249,,2026-08-29,11/09/2026,Errored,Pricing engine returned no rate
Q-70357,7177481939073,16.94,2026-09-01,11/09/2026,Priced,
Q-70358,7996-1729-08505,26.92,2026-08-29,06/09/2026,Priced,
Q-70359,31 0875 2488 646,19.74,2026-09-01,14/09/2026,Priced,
Q-70360,0526-2442-14755,26.43,2026-08-31,14/09/2026,Priced,
Q-70361,2045549668488,17.11,2026-08-27,11/09/2026,Priced,
Q-70362,7714-7026-00579,20.4,2026-08-28,2026-09-06,Priced,
Q-70363,5168409364284,29.3,2026-08-27,06/09/2026,Priced,
Q-70364,0580-3763-16722,23.89,2026-08-27,2026-09-09,Priced,
Q-70365,6784683202872,25.52,2026-08-28,12/09/2026,Priced,
Q-70366,8971-1846-17968,23.77,2026-08-26,2026-09-09,Priced,
Q-70367,5107404101634,23.51,2026-08-28,08/09/2026,Priced,
Q-70368,3303-9101-33505,20.17,2026-08-27,05/09/2026,Priced,
Q-70369,2315-3123-35211,26.51,2026-08-31,2026-09-11,Priced,
Q-70370,20 0342 9410 893,23.35,2026-08-29,2026-09-06,Priced,
Q-70371,7685655403837,17.81,2026-09-01,10/09/2026,Priced,
Q-70372,04 2691 8411 672,15.38,2026-08-30,2026-09-13,Priced,
Q-70373,6311426206640,23.04,2026-08-31,06/09/2026,Priced,
Q-70374,01 9583 0463 142,26.88,2026-08-27,2026-09-11,Priced,
Q-70375,1918855623734,21.25,2026-08-26,2026-09-10,Priced,
Q-70376,9297421938096,24.96,2026-08-26,2026-09-07,Priced,
Q-70377,6576849803087,16.42,2026-08-28,2026-09-08,Priced,
Q-70378,43 7788 7300 935,19.3,2026-09-01,11/09/2026,Priced,
Q-70379,54 7051 8640 059,19.35,2026-09-01,2026-09-05,Priced,
Q-70380,7963-4816-03461,21.29,2026-08-30,05/09/2026,Priced,
Q-70381,8230-9765-22154,21.65,2026-08-31,11/09/2026,Priced,
Q-70382,8048645455354,18.45,2026-08-27,2026-09-04,Priced,
Q-70383,90 7233 2282 091,24.22,2026-08-29,2026-09-04,Priced,
Q-70384,9176837727713,17.77,2026-08-30,04/09/2026,Priced,
Q-70385,24 9488 9260 073,16.44,2026-09-01,07/09/2026,Priced,
Q-70386,6900-6035-46132,25.28,2026-08-31,06/09/2026,Priced,
Q-70387,9371-0964-37094,29.85,2026-08-28,2026-09-15,Priced,
Q-70388,01 7575 7629 083,21.67,2026-08-26,13/09/2026,Priced,
Q-70389,45 9792 1522 478,22.16,2026-08-31,2026-09-10,Priced,
Q-70390,6959815453536,23.8,2026-09-01,13/09/2026,Priced,
Q-70391,3958-8419-27179,22.12,2026-08-26,2026-09-14,Priced,
Q-70392,3127-7728-44630,24.02,2026-09-01,04/09/2026,Priced,
Q-70393,7748110386823,28.83,2026-09-01,2026-09-11,Priced,
Q-70394,9553-8684-18756,24.34,2026-08-30,07/09/2026,Priced,
Q-70395,98 8867 3806 962,27.53,2026-08-28,14/09/2026,Priced,
Q-70396,4152154221907,24.8,2026-08-27,04/09/2026,Priced,
Q-70397,71 2596 6855 906,25.32,2026-08-29,14/09/2026,Priced,
Q-70398,64 6412 6498 030,27.43,2026-08-27,2026-09-13,Priced,
Q-70399,3412957188909,19.75,2026-09-01,11/09/2026,Priced,
Q-70400,39 9566 7582 247,29.58,2026-08-31,05/09/2026,Priced,
Q-70401,66 0191 7908 597,28.23,2026-08-30,10/09/2026,Priced,
Q-70402,47 2576 7140 778,28.21,2026-08-26,2026-09-09,Priced,
Q-70403,1386-9485-38475,27.68,2026-08-31,2026-09-09,Priced,
Q-70404,9418926943340,20.16,2026-08-30,2026-09-08,Priced,
Q-70405,1918-6506-39768,26.1,2026-08-27,2026-09-07,Priced,
Q-70406,0095066687872,21.27,2026-08-27,2026-09-10,Priced,
Q-70407,1280-8253-91297,19.07,2026-08-26,11/09/2026,Priced,
Q-70408,5051-9320-70273,26.86,2026-08-30,2026-09-09,Priced,
Q-70409,4756210821114,27.6,2026-08-29,04/09/2026,Priced,
Q-70410,01 1066 5661 085,25.3,2026-08-30,04/09/2026,Priced,
Q-70411,1753921018232,26.13,2026-09-01,08/09/2026,Priced,
Q-70412,17 2999 6684 837,28.6,2026-08-31,2026-09-04,Priced,
Q-70413,5905904088683,18.7,2026-08-26,04/09/2026,Priced,
Q-70414,0465229037188,,2026-08-31,2026-09-06,Errored,Timeout fetching consumption data
Q-70415,5858382150790,22.37,2026-09-01,09/09/2026,Priced,
Q-70416,10 4367 8135 148,30.76,2026-08-28,2026-09-04,Priced,
Q-70417,62 9346 1825 248,23.3,2026-08-28,2026-09-08,Priced,
Q-70418,3733297077300,19.04,2026-08-27,2026-09-15,Priced,
Q-70419,88 8505 7168 005,23.75,2026-08-28,15/09/2026,Priced,
Q-70420,20 7960 2879 840,,2026-08-29,13/09/2026,Errored,Pricing engine returned no rate
Q-70421,5877617686269,24.22,2026-08-29,2026-09-05,Priced,
Q-70422,5978794937900,31.39,2026-08-26,2026-09-14,Priced,
Q-70423,8933852728112,26.02,2026-08-31,2026-09-04,Priced,
Q-70424,9361059029022,24.48,2026-08-26,2026-09-15,Priced,
Q-70425,92 1742 0812 395,31.56,2026-08-26,12/09/2026,Priced,
Q-70426,5401666440137,25.39,2026-08-29,2026-09-05,Priced,
Q-70427,5822182943253,20.54,2026-08-31,04/09/2026,Priced,
Q-70428,8304867494382,32.95,2026-08-28,08/09/2026,Priced,
Q-70429,38 0753 0008 701,19.71,2026-08-31,2026-09-06,Priced,
Q-70430,5572901069245,25.99,2026-08-28,06/09/2026,Priced,
Q-70431,1374-4790-20300,17.65,2026-08-31,2026-09-06,Priced,
Q-70432,2860773322572,20.76,2026-08-30,08/09/2026,Priced,
Q-70433,1798-1923-00597,25.25,2026-08-27,08/09/2026,Priced,
Q-70434,3634177462185,28.25,2026-08-26,2026-09-07,Priced,
Q-70435,2991958383969,27.94,2026-08-29,2026-09-10,Priced,
Q-70436,72 6007 1158 499,27.78,2026-09-01,10/09/2026,Priced,
Q-70437,1075-7854-46913,23.13,2026-08-28,05/09/2026,Priced,
Q-70438,6821770106879,29.13,2026-09-01,15/09/2026,Priced,
Q-70439,4530-9503-40102,25.0,2026-09-01,06/09/2026,Priced,
Q-70440,8758273685849,25.56,2026-08-29,15/09/2026,Priced,
Q-70441,73 0769 8589 518,28.38,2026-08-26,2026-09-04,Priced,
Q-70442,9069050716816,19.41,2026-08-31,12/09/2026,Priced,
Q-70443,6526165916734,33.24,2026-08-26,2026-09-07,Priced,
Q-70444,0844-0812-65211,29.04,2026-08-31,15/09/2026,Priced,
Q-70445,88 7502 5936 384,25.52,2026-08-26,07/09/2026,Priced,
Q-70446,4805483836357,26.11,2026-08-27,07/09/2026,Priced,
Q-70447,9766542854334,19.66,2026-08-29,04/09/2026,Priced,
Q-70448,9317-3058-81922,22.62,2026-08-28,2026-09-06,Priced,
Q-70449,6538-9206-25220,20.05,2026-08-29,2026-09-14,Priced,
Q-70450,78 0254 6366 991,29.03,2026-08-26,2026-09-10,Priced,
Q-70451,75 9214 9165 100,23.71,2026-08-28,10/09/2026,Priced,
Q-70452,83 8322 7041 186,27.41,2026-09-01,2026-09-09,Priced,
Q-70453,9485757495626,29.66,2026-09-01,08/09/2026,Priced,
Q-70454,28 5434 1286 141,17.38,2026-08-31,2026-09-15,Priced,
Q-70455,6230486241553,29.31,2026-08-26,05/09/2026,Priced,
Q-70456,21 4679 8100 330,17.76,2026-08-30,2026-09-14,Priced,
Q-70457,35 5659 1326 492,26.8,2026-08-29,2026-09-08,Priced,
Q-70458,00 4839 2957 214,20.61,2026-08-30,2026-09-06,Priced,
Q-70459,60 0762 0934 468,17.45,2026-08-28,08/09/2026,Priced,
Q-70460,4553451962718,29.25,2026-08-29,05/09/2026,Priced,
Q-70461,6524-3109-43642,25.7,2026-08-28,14/09/2026,Priced,
Q-70462,9742810509547,27.83,2026-08-27,08/09/2026,Priced,
Q-70463,3914-0777-66014,29.1,2026-08-31,2026-09-04,Priced,
Q-70464,4831446186369,28.89,2026-08-30,2026-09-11,Priced,
Q-70465,6565-2280-09122,28.12,2026-08-29,2026-09-06,Priced,
Q-70466,7584420959381,29.64,2026-08-29,2026-09-05,Priced,
Q-70467,2247-2220-80064,23.58,2026-08-26,13/09/2026,Priced,
Q-70468,8550959161614,23.68,2026-09-01,2026-09-10,Priced,
Q-70469,3950-3745-04945,26.18,2026-08-28,2026-09-14,Priced,
Q-70470,08 2473 7677 271,25.87,2026-08-26,15/09/2026,Priced,
Q-70471,3433-7661-68354,19.84,2026-09-01,07/09/2026,Priced,
Q-70472,1907098710857,33.56,2026-08-28,2026-09-07,Priced,
Q-70473,2832-8771-32068,22.03,2026-08-30,2026-09-04,Priced,
Q-70474,3944747210785,22.27,2026-09-01,2026-09-15,Priced,
Q-70475,1104-3223-76341,26.25,2026-08-26,2026-09-05,Priced,
Q-70476,9701-9302-99410,27.41,2026-09-01,08/09/2026,Priced,
Q-70477,54 7531 6800 581,20.91,2026-08-26,05/09/2026,Priced,
Q-70478,02 2818 5940 485,32.73,2026-09-01,06/09/2026,Priced,
Q-70479,26 7508 2729 157,22.9,2026-08-28,2026-09-14,Priced,
Q-70480,7700640276110,17.45,2026-08-26,08/09/2026,Priced,
Q-70481,1312-8908-38562,26.48,2026-08-30,05/09/2026,Priced,
Q-70482,5939470850626,26.48,2026-08-26,2026-09-12,Priced,
Q-70483,0314-6453-09516,16.29,2026-08-28,12/09/2026,Priced,
Q-70484,5143477727234,22.53,2026-08-30,06/09/2026,Priced,
Q-70485,09 5555 6193 396,22.77,2026-08-31,12/09/2026,Priced,
Q-70486,6350900236635,24.23,2026-08-29,2026-09-09,Priced,
Q-70487,9035677806508,14.21,2026-08-30,2026-09-13,Priced,
Q-70488,6352-4233-89732,24.06,2026-08-26,05/09/2026,Priced,
Q-70489,7329-0321-19901,26.9,2026-08-29,06/09/2026,Priced,
Q-70490,9740-7189-12968,25.31,2026-08-26,08/09/2026,Priced,
Q-70491,2019-5701-84425,22.34,2026-08-31,2026-09-09,Priced,
Q-70492,61 0592 2087 130,22.37,2026-08-27,2026-09-13,Priced,
Q-70493,8404-7979-91818,31.31,2026-08-28,06/09/2026,Priced,
Q-70494,0680-4689-86837,30.35,2026-09-01,2026-09-05,Priced,
Q-70495,93 1072 1083 230,31.46,2026-08-27,10/09/2026,Priced,
Q-70496,52 0789 5044 645,22.11,2026-09-01,2026-09-10,Priced,
Q-70497,1218926690042,17.83,2026-08-29,08/09/2026,Priced,
Q-70498,9043573511263,28.01,2026-08-30,05/09/2026,Priced,
Q-70499,1690823737478,25.43,2026-08-27,07/09/2026,Priced,
Q-70500,7219855340172,30.82,2026-09-01,2026-09-11,Priced,
Q-70501,3203784872854,21.59,2026-08-27,08/09/2026,Priced,
Q-70502,0347-9386-15060,22.21,2026-08-26,2026-09-13,Priced,
Q-70503,1882049036298,21.86,2026-08-31,2026-09-13,Priced,
Q-70504,06 6755 2064 923,29.07,2026-08-29,13/09/2026,Priced,
Q-70505,0415036840914,20.08,2026-08-28,2026-09-13,Priced,
Q-70506,9977423887598,31.57,2026-09-01,14/09/2026,Priced,
Q-70507,19 8662 0685 236,36.5,2026-08-28,04/09/2026,Priced,
Q-70508,6781512884713,35.39,2026-09-01,2026-09-04,Priced,
Q-70509,1106-5088-26930,21.55,2026-08-29,2026-09-09,Priced,
Q-70510,8964-7865-49421,21.89,2026-08-27,15/09/2026,Priced,
Q-70511,3720-8022-54935,32.29,2026-08-30,2026-09-07,Priced,
Q-70512,1518-4163-21996,26.53,2026-09-01,05/09/2026,Priced,
Q-70513,4269035448643,26.08,2026-08-28,2026-09-10,Priced,
Q-70514,41 8484 9924 069,19.81,2026-08-29,2026-09-05,Priced,
Q-70515,8060740825290,26.32,2026-08-31,04/09/2026,Priced,
Q-70516,4281-6940-68591,23.52,2026-08-31,08/09/2026,Priced,
Q-70517,8958500132308,32.45,2026-08-29,10/09/2026,Priced,
Q-70518,10 8903 8678 976,21.76,2026-09-01,15/09/2026,Priced,
Q-70519,3817254195062,26.6,2026-08-31,08/09/2026,Priced,
Q-70520,00 5148 8695 326,22.08,2026-08-27,2026-09-04,Priced,
Q-70521,1745-4824-69030,24.92,2026-09-01,2026-09-14,Priced,
Q-70522,89 4946 1403 200,,2026-08-30,06/09/2026,Errored,Pricing engine returned no rate
Q-70523,4443-3368-13424,19.14,2026-08-27,2026-09-08,Priced,
Q-70524,6265-8614-40947,25.98,2026-09-01,08/09/2026,Priced,
Q-70525,2585808562546,28.42,2026-09-01,07/09/2026,Priced,
Q-70526,69 1953 4491 085,27.22,2026-08-31,2026-09-04,Priced,
Q-70527,10 9046 1840 872,31.44,2026-08-28,2026-09-15,Priced,
Q-70528,57 7653 9484 951,22.36,2026-08-27,2026-09-05,Priced,
Q-70529,0628-7591-09208,26.47,2026-08-29,14/09/2026,Priced,
Q-70530,98 0439 9939 834,22.94,2026-09-01,2026-09-09,Priced,
Q-70531,80 4727 3382 518,28.57,2026-09-01,2026-09-05,Priced,
Q-70532,4381453188846,21.08,2026-08-28,2026-09-06,Priced,
Q-70533,5041-0975-30152,18.34,2026-08-28,2026-09-06,Priced,
Q-70534,91 2865 0056 201,19.32,2026-08-29,11/09/2026,Priced,
Q-70535,1272055294110,30.53,2026-08-27,2026-09-12,Priced,
Q-70536,1407956157081,25.49,2026-09-01,13/09/2026,Priced,
Q-70537,70 2359 9638 508,29.45,2026-08-30,2026-09-07,Priced,
Q-70538,9242735111361,27.53,2026-08-30,2026-09-04,Priced,
Q-70539,56 6006 8439 166,20.37,2026-08-28,2026-09-09,Priced,
Q-70540,2274-5989-39019,24.5,2026-08-31,2026-09-10,Priced,
Q-70541,9105477118161,23.22,2026-08-26,2026-09-12,Priced,
Q-70542,6522808016398,21.55,2026-08-29,04/09/2026,Priced,
Q-70543,7311651124778,21.32,2026-08-29,2026-09-11,Priced,
Q-70544,8742828158565,23.91,2026-08-29,07/09/2026,Priced,
Q-70545,7585044081215,20.38,2026-08-31,05/09/2026,Priced,
Q-70546,9195-4455-06642,23.0,2026-08-30,09/09/2026,Priced,
Q-70547,27 2223 6044 641,25.12,2026-08-29,13/09/2026,Priced,
Q-70548,5211183997676,24.36,2026-08-31,14/09/2026,Priced,
Q-70549,6486-7949-53378,28.96,2026-08-28,2026-09-07,Priced,
Q-70550,02 0977 1631 286,30.37,2026-09-01,2026-09-12,Priced,
Q-70551,23 5650 7193 233,24.04,2026-08-31,2026-09-05,Priced,
Q-70552,05 0667 7075 614,26.11,2026-08-27,2026-09-05,Priced,
Q-70553,3910453139324,24.41,2026-08-29,2026-09-14,Priced,
Q-70554,11 5589 3401 621,28.83,2026-08-28,2026-09-05,Priced,
Q-70555,83 8374 5426 135,,2026-08-31,09/09/2026,Errored,Pricing engine returned no rate
Q-70556,1695875828191,29.19,2026-09-01,2026-09-12,Priced,
Q-70557,8897720500247,27.17,2026-08-29,2026-09-11,Priced,
Q-70558,60 5663 9852 025,32.83,2026-08-31,10/09/2026,Priced,
Q-70559,2570602779591,18.0,2026-08-27,2026-09-08,Priced,
Q-70560,1525-1899-27771,19.23,2026-08-30,06/09/2026,Priced,
Q-70561,06 6761 6087 284,24.66,2026-08-30,12/09/2026,Priced,
Q-70562,5814-2024-14167,23.37,2026-09-01,13/09/2026,Priced,
Q-70563,1712-5819-58418,30.09,2026-08-29,2026-09-08,Priced,
Q-70564,94 0796 0688 259,23.39,2026-08-26,06/09/2026,Priced,
Q-70565,1083517950896,30.36,2026-08-26,2026-09-09,Priced,
Q-70566,50 0485 6272 071,16.25,2026-09-01,2026-09-10,Priced,
Q-70567,0891379292958,21.4,2026-08-29,2026-09-13,Priced,
Q-70568,5994-7974-41646,20.59,2026-08-30,2026-09-15,Priced,
Q-70569,7124-3623-45709,31.98,2026-08-27,06/09/2026,Priced,
Q-70570,47 4122 9857 754,22.59,2026-08-30,2026-09-05,Priced,
Q-70571,1760-8337-28612,26.58,2026-08-29,14/09/2026,Priced,
Q-70572,06 0489 4297 463,18.71,2026-08-31,13/09/2026,Priced,
Q-70573,7571689557740,19.93,2026-08-31,14/09/2026,Priced,
Q-70574,1136314917295,19.05,2026-08-30,2026-09-05,Priced,
Q-70575,09 2504 4315 819,27.39,2026-08-31,2026-09-12,Priced,
Q-70576,1507-6614-93102,22.79,2026-08-28,11/09/2026,Priced,
Q-70577,77 9658 6334 083,25.14,2026-08-28,2026-09-09,Priced,
Q-70578,7442621410992,,2026-08-28,2026-09-11,Errored,Timeout fetching consumption data
Q-70579,35 6785 7139 355,28.71,2026-09-01,09/09/2026,Priced,
Q-70580,55 4836 1053 170,29.95,2026-08-30,09/09/2026,Priced,
Q-70581,0286060970970,27.32,2026-08-31,2026-09-14,Priced,
Q-70582,40 7627 3763 759,,2026-08-27,08/09/2026,Errored,Timeout fetching consumption data
Q-70583,5887786413230,25.68,2026-08-31,09/09/2026,Priced,
Q-70584,69 3529 0900 171,28.62,2026-09-01,05/09/2026,Priced,
Q-70585,6825988382347,20.51,2026-08-29,2026-09-15,Priced,
Q-70586,7666687109362,29.39,2026-08-30,14/09/2026,Priced,
Q-70587,4040-7128-89988,17.61,2026-08-27,14/09/2026,Priced,
Q-70588,3646-5496-28286,33.97,2026-08-29,07/09/2026,Priced,
Q-70589,28 5310 8161 145,24.94,2026-08-31,2026-09-15,Priced,
Q-70590,14 1425 3169 304,25.86,2026-08-29,2026-09-04,Priced,
Q-70591,6673-0148-09800,22.32,2026-09-01,2026-09-11,Priced,
Q-70592,1879-3984-82285,23.84,2026-08-31,12/09/2026,Priced,
Q-70593,8054-5252-36858,16.99,2026-08-31,15/09/2026,Priced,
Q-70594,6836564309916,29.84,2026-08-29,2026-09-05,Priced,
Q-70595,2490779993801,19.43,2026-08-28,2026-09-12,Priced,
Q-70596,7132-9413-80183,23.1,2026-09-01,04/09/2026,Priced,
Q-70597,8153748303218,31.84,2026-08-29,2026-09-06,Priced,
Q-70598,4356-1745-93911,26.03,2026-08-28,2026-09-08,Priced,
Q-70599,00 2033 8812 393,28.34,2026-08-29,09/09/2026,Priced,
Q-70600,69 0697 2486 869,20.07,2026-08-28,11/09/2026,Priced,
Q-70601,48 8132 3239 477,28.52,2026-08-31,05/09/2026,Priced,
Q-70602,8231186957413,23.01,2026-08-27,2026-09-12,Priced,
Q-70603,1574203304615,28.87,2026-08-26,2026-09-07,Priced,
Q-70604,9072550920718,35.6,2026-08-28,09/09/2026,Priced,
Q-70605,4907-7826-44477,19.21,2026-08-28,2026-09-11,Priced,
Q-70606,0816698441819,25.08,2026-08-29,15/09/2026,Priced,
Q-70607,5077528181957,23.5,2026-08-29,2026-09-11,Priced,
Q-70608,7608656912474,19.66,2026-08-27,2026-09-10,Priced,
Q-70609,5408-7640-77855,34.48,2026-08-27,2026-09-04,Priced,
Q-70610,8873-3496-71490,18.22,2026-09-01,2026-09-10,Priced,
Q-70611,38 1116 8086 916,18.64,2026-08-31,06/09/2026,Priced,
Q-70612,57 9500 9464 973,22.76,2026-08-27,12/09/2026,Priced,
Q-70613,89 8026 7038 143,,2026-08-26,2026-09-05,Errored,Pricing engine returned no rate
Q-70614,6905-0865-15837,19.26,2026-08-31,2026-09-14,Priced,
Q-70615,0474974378623,28.27,2026-08-28,2026-09-05,Priced,
Q-70616,44 1105 8273 610,25.21,2026-08-27,2026-09-11,Priced,
Q-70617,06 8354 5023 157,25.58,2026-08-29,2026-09-14,Priced,
Q-70618,67 1650 1888 173,18.65,2026-08-26,15/09/2026,Priced,
Q-70619,2256-2088-60627,22.6,2026-08-27,09/09/2026,Priced,
Q-70620,62 5527 0074 472,20.27,2026-09-01,2026-09-14,Priced,
Q-70621,0940-8053-63944,29.77,2026-08-28,2026-09-08,Priced,
Q-70622,54 1601 1333 090,21.53,2026-08-27,2026-09-08,Priced,
Q-70623,3129519696952,24.91,2026-08-27,09/09/2026,Priced,
Q-70624,06 6791 0162 005,24.23,2026-08-31,2026-09-04,Priced,
Q-70625,98 8588 1844 373,30.58,2026-08-28,10/09/2026,Priced,
Q-70626,11 3523 5106 061,29.87,2026-08-28,2026-09-15,Priced,
Q-70627,3988-0882-03713,20.97,2026-08-31,2026-09-08,Priced,
Q-70628,8122255354586,20.33,2026-08-27,08/09/2026,Priced,
Q-70629,9781621802232,32.08,2026-09-01,05/09/2026,Priced,
Q-70630,7483875475296,18.17,2026-08-30,2026-09-11,Priced,
Q-70631,9287910139230,20.09,2026-08-26,05/09/2026,Priced,
Q-70632,7806875522199,25.15,2026-08-27,2026-09-13,Priced,
Q-70633,0929068250425,22.99,2026-08-30,11/09/2026,Priced,
Q-70634,4914793213087,,2026-08-27,04/09/2026,Errored,Timeout fetching consumption data
Q-70635,8322236713745,26.61,2026-08-28,2026-09-14,Priced,
Q-70636,7463751744736,,2026-08-30,04/09/2026,Errored,Timeout fetching consumption data
Q-70637,3089940977253,21.75,2026-08-26,15/09/2026,Priced,
Q-70638,3760765549743,28.45,2026-08-26,10/09/2026,Priced,
Q-70639,0409-2082-97493,,2026-08-26,13/09/2026,Errored,Timeout fetching consumption data
Q-70640,59 5261 4888 595,22.05,2026-08-28,2026-09-05,Priced,
Q-70641,6222700036877,25.38,2026-08-29,2026-09-15,Priced,
Q-70642,0324496749284,23.85,2026-08-30,2026-09-09,Priced,
Q-70643,8910666607688,19.0,2026-08-31,2026-09-15,Priced,
Q-70644,6320-4795-48608,,2026-09-01,09/09/2026,Errored,Timeout fetching consumption data
Q-70645,98 4674 3377 208,29.44,2026-08-31,05/09/2026,Priced,
Q-70646,5664622766976,,2026-08-29,2026-09-04,Errored,Pricing engine returned no rate
Q-70647,7662-4026-23589,22.29,2026-08-30,2026-09-10,Priced,
Q-70648,0661-7469-62983,30.93,2026-08-29,13/09/2026,Priced,
Q-70649,5500-1840-37255,19.12,2026-08-30,2026-09-04,Priced,
Q-70650,3263-4757-43521,28.95,2026-08-26,10/09/2026,Priced,
Q-70651,8606297697627,32.29,2026-08-26,2026-09-14,Priced,
Q-70652,0576-8413-32726,25.61,2026-08-26,15/09/2026,Priced,
Q-70653,8915-7940-65072,26.47,2026-09-01,2026-09-12,Priced,
Q-70654,5043422355431,29.64,2026-08-27,14/09/2026,Priced,
Q-70655,1072404302487,20.13,2026-08-29,2026-09-07,Priced,
Q-70656,5636786654279,30.96,2026-08-31,2026-09-12,Priced,
Q-70657,47 8605 2983 040,20.9,2026-08-29,2026-09-13,Priced,
Q-70658,5181805596281,17.85,2026-08-27,2026-09-11,Priced,
Q-70659,4496-8689-98179,20.5,2026-08-31,07/09/2026,Priced,
Q-70660,60 1211 4442 002,26.03,2026-08-28,2026-09-04,Priced,
Q-70661,0425-2735-58021,34.24,2026-08-28,06/09/2026,Priced,
Q-70662,8714803339984,28.63,2026-08-30,2026-09-15,Priced,
Q-70663,69 8280 2323 311,20.8,2026-09-01,2026-09-11,Priced,
Q-70664,6112-4618-96174,25.79,2026-08-28,10/09/2026,Priced,
Q-70665,9153-0138-90903,26.88,2026-08-31,2026-09-11,Priced,
Q-70666,92 8690 7661 612,,2026-08-26,2026-09-12,Errored,Pricing engine returned no rate
Q-70667,86 3310 2788 742,16.44,2026-08-26,2026-09-14,Priced,
Q-70668,06 7322 1495 863,21.35,2026-08-30,06/09/2026,Priced,
Q-70669,6578237501983,28.38,2026-09-01,11/09/2026,Priced,
Q-70670,1861-8172-54569,23.26,2026-08-31,2026-09-07,Priced,
Q-70671,0120-3778-17253,24.67,2026-08-30,09/09/2026,Priced,
Q-70672,2929165713338,29.3,2026-08-31,05/09/2026,Priced,
Q-70673,2790161397205,18.92,2026-08-28,2026-09-14,Priced,
Q-70674,18 2957 3629 880,23.68,2026-09-01,10/09/2026,Priced,
Q-70675,30 1208 0744 244,22.62,2026-08-31,10/09/2026,Priced,
Q-70676,5529974432484,22.09,2026-08-26,11/09/2026,Priced,
Q-70677,1719-0525-99785,19.49,2026-08-26,12/09/2026,Priced,
Q-70678,9677-0145-71170,31.35,2026-09-01,04/09/2026,Priced,
Q-70679,5532589195199,20.73,2026-08-28,2026-09-11,Priced,
Q-70680,1731656908240,20.42,2026-09-01,05/09/2026,Priced,
Q-70681,89 3066 6225 225,27.47,2026-08-30,2026-09-15,Priced,
Q-70682,70 4568 6059 669,22.81,2026-08-28,09/09/2026,Priced,
Q-70683,8791218126034,18.57,2026-08-27,2026-09-13,Priced,
Q-70684,9884-9488-89941,37.43,2026-08-27,2026-09-15,Priced,
Q-70685,48 5069 7427 570,21.31,2026-08-26,06/09/2026,Priced,
Q-70686,79 9899 3903 240,30.97,2026-08-30,15/09/2026,Priced,
Q-70687,71 5470 6166 684,26.71,2026-08-30,11/09/2026,Priced,
Q-70688,50 0214 6691 786,19.84,2026-08-31,2026-09-09,Priced,
Q-70689,5460581286941,22.57,2026-08-26,11/09/2026,Priced,
Q-70690,0945120871314,23.01,2026-08-28,14/09/2026,Priced,
Q-70691,4080-9844-30500,30.1,2026-08-31,2026-09-13,Priced,
Q-70692,4507749438566,29.74,2026-08-28,2026-09-04,Priced,
Q-70693,6189-7302-54139,19.82,2026-08-27,08/09/2026,Priced,
Q-70694,3172906055034,24.67,2026-08-31,2026-09-11,Priced,
Q-70695,5316452021200,25.64,2026-08-29,14/09/2026,Priced,
Q-70696,7982-3821-20739,23.02,2026-08-30,2026-09-04,Priced,
Q-70697,58 7121 7696 185,30.26,2026-09-01,11/09/2026,Priced,
Q-70698,4538-4508-47666,32.24,2026-08-30,2026-09-06,Priced,
Q-70699,8554-8057-31856,33.56,2026-08-30,2026-09-12,Priced,
Q-70700,4652183389076,17.6,2026-08-31,2026-09-11,Priced,
Q-70701,72 0647 2842 144,19.87,2026-08-26,2026-09-07,Priced,
Q-70702,5792520886877,24.68,2026-08-31,12/09/2026,Priced,
Q-70703,0990135791189,18.21,2026-08-31,12/09/2026,Priced,
Q-70704,06 4919 8349 479,22.35,2026-09-01,2026-09-05,Priced,
Q-70705,03 2500 1998 218,22.12,2026-08-29,04/09/2026,Priced,
Q-70706,2229-2572-76340,19.39,2026-09-01,2026-09-13,Priced,
Q-70707,63 1561 0124 188,31.23,2026-08-26,13/09/2026,Priced,
Q-70708,0645582693604,32.86,2026-08-28,13/09/2026,Priced,
Q-70709,38 5933 1647 858,27.67,2026-08-27,09/09/2026,Priced,
Q-70710,13 1924 0505 528,33.69,2026-08-31,09/09/2026,Priced,
Q-70711,51 5825 3745 489,27.47,2026-08-26,13/09/2026,Priced,
Q-70712,1078546152197,26.36,2026-09-01,12/09/2026,Priced,
Q-70713,3669757036240,25.72,2026-08-30,07/09/2026,Priced,
Q-70714,6279-3751-76676,30.21,2026-08-29,2026-09-14,Priced,
Q-70715,2633593704556,23.5,2026-08-26,14/09/2026,Priced,
Q-70716,11 6999 4494 379,24.12,2026-09-01,2026-09-10,Priced,
Q-70717,3095857077511,20.22,2026-08-26,07/09/2026,Priced,
Q-70718,6019-4988-14576,16.87,2026-09-01,04/09/2026,Priced,
Q-70719,3299-4727-24166,26.54,2026-08-30,2026-09-06,Priced,
Q-70720,2957-7684-52047,24.06,2026-08-29,2026-09-08,Priced,
Q-70721,8885818701580,18.02,2026-08-31,2026-09-06,Priced,
Q-70722,1895590165497,21.72,2026-08-31,15/09/2026,Priced,
Q-70723,7542-7198-16625,19.05,2026-08-31,10/09/2026,Priced,
Q-70724,8707-0925-85086,20.01,2026-08-27,12/09/2026,Priced,
Q-70725,0447897912801,28.86,2026-09-01,2026-09-13,Priced,
Q-70726,19 8940 7522 117,16.91,2026-08-30,06/09/2026,Priced,
Q-70727,73 5541 3485 550,16.73,2026-08-31,2026-09-10,Priced,
Q-70728,9991-9024-85804,21.66,2026-09-01,09/09/2026,Priced,
Q-70729,1145913613439,25.75,2026-08-29,2026-09-12,Priced,
Q-70730,4345-8881-67481,29.92,2026-08-30,09/09/2026,Priced,
Q-70731,69 4701 8887 782,29.83,2026-08-30,2026-09-05,Priced,
Q-70732,8092861501132,26.85,2026-08-29,2026-09-06,Priced,
Q-70733,3086-6591-66174,17.19,2026-08-26,05/09/2026,Priced,
Q-70734,6251355717445,21.4,2026-08-31,05/09/2026,Priced,
Q-70735,7200-1699-83415,24.61,2026-08-28,06/09/2026,Priced,
Q-70736,1958-1422-81013,23.33,2026-08-28,2026-09-15,Priced,
Q-70737,19 2086 8209 739,22.39,2026-08-30,2026-09-06,Priced,
Q-70738,2077743401991,21.11,2026-08-31,2026-09-04,Priced,
Q-70739,9802-3208-78460,28.02,2026-08-26,2026-09-06,Priced,
Q-70740,34 3565 1315 913,18.61,2026-08-28,04/09/2026,Priced,
Q-70741,9840533492707,23.73,2026-08-27,2026-09-11,Priced,
Q-70742,12 2058 2443 762,20.42,2026-08-26,13/09/2026,Priced,
Q-70743,4132-3650-73093,30.58,2026-08-28,2026-09-05,Priced,
Q-70744,2825-4720-58101,31.37,2026-08-26,2026-09-13,Priced,
Q-70745,82 8689 7449 440,17.15,2026-08-26,2026-09-04,Priced,
Q-70746,1727-9190-98477,19.48,2026-08-30,2026-09-15,Priced,
Q-70747,10 9933 9203 779,26.27,2026-09-01,05/09/2026,Priced,
Q-70748,9521-4217-69519,18.39,2026-08-28,2026-09-13,Priced,
Q-70749,0225052544803,34.68,2026-08-26,2026-09-14,Priced,
Q-70750,67 5616 7611 863,23.05,2026-08-31,2026-09-10,Priced,
Q-70751,4057816681089,23.97,2026-08-30,2026-09-15,Priced,
Q-70752,4790337405241,24.75,2026-08-30,2026-09-04,Priced,
Q-70753,63 8361 9817 193,22.53,2026-09-01,2026-09-08,Priced,
Q-70754,82 6278 7317 977,20.51,2026-09-01,13/09/2026,Priced,
Q-70755,5428529640486,19.57,2026-08-31,06/09/2026,Priced,
Q-70756,6035094900020,29.29,2026-08-26,2026-09-07,Priced,
Q-70757,0469-1831-22124,25.73,2026-08-26,13/09/2026,Priced,
Q-70758,7758920043597,27.65,2026-08-29,2026-09-15,Priced,
Q-70759,21 0403 1431 954,26.67,2026-09-01,07/09/2026,Priced,
Q-70760,7394743894394,27.21,2026-08-26,2026-09-06,Priced,
Q-70761,1983274138886,30.7,2026-08-27,2026-09-12,Priced,
Q-70762,1938224743113,22.95,2026-09-01,2026-09-09,Priced,
Q-70763,20 3825 8369 829,29.82,2026-08-28,13/09/2026,Priced,
Q-70764,7386476189119,31.13,2026-08-26,2026-09-15,Priced,
Q-70765,70 2879 1635 794,22.53,2026-08-31,04/09/2026,Priced,
Q-70766,36 9444 4945 302,21.63,2026-08-27,2026-09-08,Priced,
Q-70767,61 2401 3026 619,28.6,2026-08-30,10/09/2026,Priced,
Q-70768,7381-1949-17847,21.9,2026-08-26,2026-09-08,Priced,
Q-70769,02 3134 7757 354,18.27,2026-08-31,13/09/2026,Priced,
Q-70770,3014353550421,,2026-08-27,2026-09-11,Errored,Pricing engine returned no rate
Q-70771,33 4910 7017 520,25.92,2026-08-31,14/09/2026,Priced,
Q-70772,2448-7283-42231,27.25,2026-09-01,2026-09-13,Priced,
Q-70773,6989718468182,27.61,2026-08-31,15/09/2026,Priced,
Q-70774,9090271579387,23.12,2026-08-26,12/09/2026,Priced,
Q-70775,0783309414872,17.71,2026-08-27,07/09/2026,Priced,
Q-70776,7065-0140-37686,25.48,2026-09-01,2026-09-06,Priced,
Q-70777,2599-8798-08256,23.24,2026-08-29,05/09/2026,Priced,
Q-70778,9484-9736-64112,15.31,2026-08-26,2026-09-12,Priced,
Q-70779,1888963868139,27.19,2026-08-26,12/09/2026,Priced,
Q-70780,76 5872 5659 962,31.9,2026-08-26,2026-09-14,Priced,
Q-70781,2131751721837,22.17,2026-08-31,2026-09-07,Priced,
Q-70782,3542024113695,24.84,2026-08-31,2026-09-15,Priced,
Q-70783,7130489403338,23.38,2026-08-31,2026-09-08,Priced,
Q-70784,8106420040488,26.99,2026-08-26,2026-09-07,Priced,
Q-70785,96 3275 7685 255,27.73,2026-08-31,13/09/2026,Priced,
Q-70786,1734-5064-09658,30.89,2026-08-30,2026-09-13,Priced,
Q-70787,6584-1033-57201,21.28,2026-08-26,08/09/2026,Priced,
Q-70788,0940460706394,28.4,2026-08-28,05/09/2026,Priced,
Q-70789,3060898946743,29.11,2026-08-26,2026-09-04,Priced,
Q-70790,7860-3823-66072,25.55,2026-08-27,2026-09-13,Priced,
Q-70791,87 4910 0607 950,17.21,2026-08-31,2026-09-09,Priced,
Q-70792,53 3845 8999 230,33.41,2026-09-01,13/09/2026,Priced,
Q-70793,3980797641879,30.93,2026-08-27,2026-09-13,Priced,
Q-70794,0778875175661,29.91,2026-08-26,10/09/2026,Priced,
Q-70795,2304812140441,21.11,2026-08-27,11/09/2026,Priced,
Q-70796,6426169714011,26.56,2026-08-29,09/09/2026,Priced,
Q-70797,3191-4724-44223,20.12,2026-08-28,2026-09-12,Priced,
Q-70798,52 4435 1331 849,26.89,2026-09-01,13/09/2026,Priced,
Q-70799,52 7781 9597 387,22.79,2026-08-29,12/09/2026,Priced,
Q-70800,8013-5751-83294,23.39,2026-08-30,2026-09-07,Priced,
Q-70801,0320897636373,34.23,2026-08-27,2026-09-13,Priced,
Q-70802,59 0740 2705 654,20.33,2026-08-30,15/09/2026,Priced,
Q-70803,74 5076 5250 913,27.88,2026-08-28,2026-09-13,Priced,
Q-70804,0757-6061-06505,24.62,2026-08-28,2026-09-15,Priced,
Q-70805,6656-9136-02265,22.84,2026-09-01,2026-09-11,Priced,
Q-70806,3587955343645,17.01,2026-08-31,09/09/2026,Priced,
Q-70807,75 6832 6775 355,30.67,2026-08-30,2026-09-14,Priced,
Q-70808,2702915815531,20.43,2026-08-26,2026-09-05,Priced,
Q-70809,8103-6772-84807,28.49,2026-08-27,15/09/2026,Priced,
Q-70810,6826215278490,21.9,2026-08-29,2026-09-13,Priced,
Q-70811,5353568897622,22.98,2026-08-31,2026-09-15,Priced,
Q-70812,87 3252 7164 985,28.12,2026-09-01,2026-09-11,Priced,
Q-70813,2765-3081-97934,21.97,2026-08-29,2026-09-04,Priced,
Q-70814,6154-5520-40337,23.33,2026-08-27,13/09/2026,Priced,
Q-70815,2462-0159-16696,23.2,2026-08-30,12/09/2026,Priced,
Q-70816,5866437001733,23.88,2026-08-27,14/09/2026,Priced,
Q-70817,1302646314119,29.03,2026-08-27,2026-09-06,Priced,
Q-70818,1361164223620,25.45,2026-08-27,11/09/2026,Priced,
Q-70819,7629-4751-58522,18.78,2026-08-29,10/09/2026,Priced,
Q-70820,4696-5023-58525,,2026-08-31,07/09/2026,Errored,Pricing engine returned no rate
Q-70821,48 8391 4789 505,19.56,2026-08-26,13/09/2026,Priced,
Q-70822,5288731814652,21.05,2026-09-01,2026-09-12,Priced,
Q-70823,0223167798466,31.54,2026-08-29,15/09/2026,Priced,
Q-70824,91 2049 6119 377,21.74,2026-08-30,2026-09-13,Priced,
Q-70825,4531259868510,33.7,2026-08-30,2026-09-04,Priced,
Q-70826,1689-6602-33345,19.29,2026-08-28,2026-09-04,Priced,
Q-70827,7672106000503,30.22,2026-09-01,2026-09-06,Priced,
Q-70828,0451-3610-91387,24.35,2026-08-26,2026-09-10,Priced,
Q-70829,8559470808713,23.9,2026-08-26,2026-09-06,Priced,
Q-70830,9498778990220,30.02,2026-08-29,08/09/2026,Priced,
Q-70831,1590004574604,,2026-08-29,07/09/2026,Errored,Timeout fetching consumption data
Q-70832,8713392238275,28.51,2026-08-29,05/09/2026,Priced,
Q-70833,7915985565403,25.24,2026-09-01,2026-09-12,Priced,
Q-70834,3285-6984-71895,20.91,2026-09-01,10/09/2026,Priced,
Q-70835,88 1889 0436 503,24.89,2026-08-31,12/09/2026,Priced,
Q-70836,6043537189777,24.11,2026-08-29,2026-09-14,Priced,
Q-70837,0633-8591-00943,27.1,2026-08-28,2026-09-12,Priced,
Q-70838,9290-9697-69312,25.2,2026-08-27,14/09/2026,Priced,
Q-70839,2409005012836,28.92,2026-08-26,14/09/2026,Priced,
Q-70840,7661084991139,31.37,2026-08-27,2026-09-07,Priced,
Q-70841,47 0260 3910 436,,2026-08-28,2026-09-15,Errored,Timeout fetching consumption data
Q-70842,16 1582 8045 708,27.9,2026-08-31,2026-09-04,Priced,
Q-70843,75 5980 5456 053,25.97,2026-08-27,2026-09-05,Priced,
Q-70844,9783-0979-48339,16.48,2026-08-30,15/09/2026,Priced,
Q-70845,68 4058 6822 956,20.47,2026-08-31,2026-09-04,Priced,
Q-70846,7150-9222-84467,28.23,2026-08-28,2026-09-05,Priced,
Q-70847,7069874323969,27.55,2026-09-01,2026-09-06,Priced,
Q-70848,8951287796804,31.16,2026-08-30,2026-09-05,Priced,
Q-70849,7373971208536,20.31,2026-08-28,2026-09-05,Priced,
Q-70850,30 5243 5305 441,29.26,2026-08-30,2026-09-10,Priced,
Q-70851,1157-5620-98324,29.39,2026-09-01,14/09/2026,Priced,
Q-70852,05 6341 8186 406,18.52,2026-08-31,04/09/2026,Priced,
Q-70853,0068-3861-32558,23.41,2026-08-28,2026-09-15,Priced,
Q-70854,5610247759056,26.57,2026-08-28,2026-09-10,Priced,
Q-70855,01 4275 3799 813,16.69,2026-08-27,2026-09-10,Priced,
Q-70856,2973479920290,20.6,2026-08-28,10/09/2026,Priced,
Q-70857,8722-6132-91445,30.26,2026-09-01,14/09/2026,Priced,
Q-70858,8181-5727-17074,20.59,2026-08-31,2026-09-07,Priced,
Q-70859,0645545626267,21.7,2026-08-29,10/09/2026,Priced,
Q-70860,55 7377 0451 419,,2026-08-27,2026-09-06,Errored,Pricing engine returned no rate
Q-70861,4315-4035-23794,22.95,2026-08-31,09/09/2026,Priced,
Q-70862,56 3928 7232 665,28.05,2026-08-31,2026-09-15,Priced,
Q-70863,27 9257 3825 552,18.94,2026-08-30,12/09/2026,Priced,
Q-70864,41 5292 7302 826,20.9,2026-08-30,2026-09-04,Priced,
Q-70865,4259321484318,22.98,2026-08-27,2026-09-11,Priced,
Q-70866,34 6508 7564 937,21.45,2026-08-26,13/09/2026,Priced,
Q-70867,0856579702948,21.42,2026-08-31,06/09/2026,Priced,
Q-70868,5180282611345,25.83,2026-08-29,08/09/2026,Priced,
Q-70869,7110282845758,22.7,2026-08-27,10/09/2026,Priced,
Q-70870,99 3975 1629 433,18.66,2026-09-01,2026-09-09,Priced,
Q-70871,95 9783 7279 482,26.43,2026-09-01,2026-09-10,Priced,
Q-70872,0458-0674-57803,26.4,2026-08-29,2026-09-13,Priced,
Q-70873,10 3214 5524 250,27.02,2026-08-29,12/09/2026,Priced,
Q-70874,16 1393 7768 469,22.15,2026-08-27,2026-09-08,Priced,
Q-70875,8142283060026,20.81,2026-09-01,2026-09-07,Priced,
Q-70876,07 5095 5164 686,19.06,2026-09-01,2026-09-10,Priced,
Q-70877,4673233024276,30.46,2026-09-01,2026-09-12,Priced,
Q-70878,87 7205 1976 498,22.03,2026-09-01,12/09/2026,Priced,
Q-70879,45 8672 5629 809,27.37,2026-09-01,2026-09-13,Priced,
Q-70880,35 2812 4563 410,18.12,2026-08-26,2026-09-07,Priced,
Q-70881,0174815841895,28.49,2026-08-26,15/09/2026,Priced,
Q-70882,04 6250 4438 761,21.5,2026-09-01,08/09/2026,Priced,
Q-70883,31 0664 2285 642,24.32,2026-09-01,2026-09-08,Priced,
Q-70884,4748-2064-32559,21.98,2026-08-30,05/09/2026,Priced,
Q-70885,69 8180 7577 905,31.47,2026-08-30,2026-09-06,Priced,
Q-70886,28 1259 2071 788,24.42,2026-08-30,12/09/2026,Priced,
Q-70887,41 7236 0511 881,29.55,2026-08-26,05/09/2026,Priced,
Q-70888,8020-1058-02389,,2026-09-01,14/09/2026,Errored,Pricing engine returned no rate
Q-70889,8017499642246,26.87,2026-08-27,2026-09-13,Priced,
Q-70890,99 4526 5774 107,36.64,2026-09-01,13/09/2026,Priced,
Q-70891,8139843997713,24.34,2026-08-28,04/09/2026,Priced,
Q-70892,6768882972541,,2026-08-28,08/09/2026,Errored,Pricing engine returned no rate
Q-70893,50 4214 1069 135,28.74,2026-08-26,12/09/2026,Priced,
Q-70894,3750868623721,26.58,2026-08-26,04/09/2026,Priced,
Q-70895,3731787458201,17.99,2026-08-28,2026-09-06,Priced,
Q-70896,6912993944842,24.7,2026-08-28,2026-09-12,Priced,
Q-70897,5883665844908,33.42,2026-08-26,05/09/2026,Priced,
Q-70898,8264-6061-60877,22.86,2026-08-26,2026-09-10,Priced,
Q-70899,0818-4750-96442,26.16,2026-08-31,2026-09-07,Priced,
Q-70900,6901-4732-20321,19.1,2026-08-28,14/09/2026,Priced,
Q-70901,6979506200712,28.26,2026-08-30,2026-09-05,Priced,
Q-70902,3367968122010,21.88,2026-08-26,2026-09-07,Priced,
Q-70903,3082759928946,23.44,2026-08-29,06/09/2026,Priced,
Q-70904,55 9007 8068 514,,2026-08-26,2026-09-10,Errored,Pricing engine returned no rate
Q-70905,8950801517509,19.73,2026-08-27,11/09/2026,Priced,
Q-70906,3940367822998,24.43,2026-08-28,2026-09-13,Priced,
Q-70907,5574738476229,24.18,2026-09-01,2026-09-08,Priced,
Q-70908,7636510660088,23.35,2026-08-26,2026-09-12,Priced,
Q-70909,17 9545 9240 950,17.05,2026-08-29,2026-09-07,Priced,
Q-70910,1113605805701,27.74,2026-08-29,14/09/2026,Priced,
Q-70911,2299-6966-04913,30.34,2026-09-01,07/09/2026,Priced,
Q-70912,1135689526357,27.74,2026-08-30,15/09/2026,Priced,
Q-70913,9251-7643-33358,30.08,2026-08-29,15/09/2026,Priced,
Q-70914,9819-1187-84926,21.68,2026-08-26,12/09/2026,Priced,
Q-70915,4431530531998,20.98,2026-08-28,11/09/2026,Priced,
Q-70916,5362-0121-15347,24.1,2026-08-27,2026-09-06,Priced,
Q-70917,18 8413 4502 105,20.39,2026-08-31,09/09/2026,Priced,
Q-70918,4946045168087,26.68,2026-08-29,11/09/2026,Priced,
Q-70919,2236494094033,25.54,2026-08-26,2026-09-14,Priced,
Q-70920,4818-8849-25115,21.04,2026-09-01,11/09/2026,Priced,
Q-70921,2421-8622-43777,20.41,2026-08-29,2026-09-13,Priced,
Q-70922,0809486246554,32.41,2026-08-27,2026-09-14,Priced,
Q-70923,6182-9144-49548,30.49,2026-08-29,2026-09-11,Priced,
Q-70924,34 6714 0361 164,22.04,2026-08-28,14/09/2026,Priced,
Q-70925,96 7322 8889 800,26.35,2026-08-31,2026-09-09,Priced,
Q-70926,11 3632 7141 268,23.22,2026-08-27,08/09/2026,Priced,
Q-70927,0926-4817-51022,19.58,2026-08-27,2026-09-13,Priced,
Q-70928,3618-0060-49870,25.82,2026-09-01,2026-09-07,Priced,
Q-70929,6363630481948,26.61,2026-08-31,14/09/2026,Priced,
Q-70930,9497717532267,17.23,2026-08-28,2026-09-09,Priced,
Q-70931,79 9479 4971 770,26.27,2026-08-27,04/09/2026,Priced,
Q-70932,2961-1645-72221,21.05,2026-08-31,2026-09-15,Priced,
Q-70933,6353705047793,31.92,2026-09-01,2026-09-07,Priced,
Q-70934,48 8349 1930 416,29.12,2026-08-26,12/09/2026,Priced,
Q-70935,6035-0443-51121,20.85,2026-08-31,08/09/2026,Priced,
Q-70936,07 8096 0114 902,24.62,2026-08-31,05/09/2026,Priced,
Q-70937,0015132572982,29.26,2026-08-28,2026-09-07,Priced,
Q-70938,2250-2791-63919,22.59,2026-08-28,2026-09-06,Priced,
Q-70939,97 3025 0487 507,26.32,2026-08-27,2026-09-15,Priced,
Q-70940,9392188328429,28.21,2026-08-27,2026-09-06,Priced,
Q-70941,5286957880736,28.47,2026-09-01,2026-09-10,Priced,
Q-70942,8632992144687,22.93,2026-08-26,08/09/2026,Priced,
Q-70943,14 2184 7705 088,24.44,2026-08-27,2026-09-12,Priced,
Q-70944,3272080096492,17.52,2026-08-29,2026-09-14,Priced,
Q-70945,69 5263 8375 525,31.19,2026-09-01,14/09/2026,Priced,
Q-70946,34 6206 4714 024,24.78,2026-08-26,2026-09-15,Priced,
Q-70947,9939624007014,20.45,2026-08-29,09/09/2026,Priced,
Q-70948,83 8787 1828 334,33.34,2026-08-27,10/09/2026,Priced,
Q-70949,5710586124978,24.68,2026-08-27,10/09/2026,Priced,
Q-70950,4333594670388,23.69,2026-08-31,2026-09-04,Priced,
Q-70951,4326-6392-89852,26.35,2026-09-01,07/09/2026,Priced,
Q-70952,5620-4935-64079,27.43,2026-08-27,2026-09-06,Priced,
Q-70953,39 5886 1685 422,18.98,2026-08-29,07/09/2026,Priced,
Q-70954,4914596775716,25.75,2026-08-29,14/09/2026,Priced,
Q-70955,11 2374 2748 049,20.28,2026-09-01,2026-09-07,Priced,
Q-70956,16 8039 0226 898,18.43,2026-08-30,2026-09-13,Priced,
Q-70957,3597-4471-95197,29.84,2026-08-30,12/09/2026,Priced,
Q-70958,9056933850467,22.89,2026-08-28,2026-09-08,Priced,
Q-70959,9053330967454,19.67,2026-08-30,12/09/2026,Priced,
Q-70960,4688040950350,29.78,2026-08-30,15/09/2026,Priced,
Q-70961,7019-5222-78302,21.0,2026-08-26,13/09/2026,Priced,
Q-70962,7577638926657,21.39,2026-08-31,2026-09-04,Priced,
Q-70963,5554363410165,30.95,2026-08-28,2026-09-08,Priced,
Q-70964,0704053697969,16.46,2026-08-26,05/09/2026,Priced,
Q-70965,0184441221792,20.9,2026-08-26,08/09/2026,Priced,
Q-70966,1412-5539-25891,21.9,2026-08-28,12/09/2026,Priced,
Q-70967,9203-8211-79140,,2026-08-28,2026-09-10,Errored,Pricing engine returned no rate
Q-70968,4282862470132,29.36,2026-08-28,2026-09-14,Priced,
Q-70969,76 7523 2374 634,25.13,2026-08-30,2026-09-04,Priced,
Q-70970,2176035814528,21.99,2026-08-29,2026-09-13,Priced,
Q-70971,6285-4272-57873,18.77,2026-08-28,05/09/2026,Priced,
Q-70972,72 8181 1011 911,28.14,2026-08-27,2026-09-11,Priced,
Q-70973,7347521051455,28.27,2026-08-29,2026-09-07,Priced,
Q-70974,3158-5361-00302,20.38,2026-09-01,2026-09-06,Priced,
Q-70975,1885394051506,23.48,2026-08-27,2026-09-09,Priced,
Q-70976,55 8533 1554 781,21.17,2026-08-30,12/09/2026,Priced,
Q-70977,5788834608362,28.76,2026-08-30,15/09/2026,Priced,
Q-70978,2557-5338-66264,26.09,2026-08-31,2026-09-04,Priced,
Q-70979,4907-9131-39293,24.47,2026-08-26,10/09/2026,Priced,
Q-70980,0781772895656,19.4,2026-08-28,2026-09-10,Priced,
Q-70981,5438605052316,21.55,2026-08-26,05/09/2026,Priced,
Q-70982,5275269331210,28.5,2026-08-30,09/09/2026,Priced,
Q-70983,4436334381612,,2026-08-30,13/09/2026,Errored,Timeout fetching consumption data
Q-70984,2535703640807,20.77,2026-08-26,2026-09-10,Priced,
Q-70985,6032-3617-31928,27.72,2026-08-30,2026-09-15,Priced,
Q-70986,68 6584 0345 195,31.98,2026-08-30,08/09/2026,Priced,
Q-70987,1206695176995,29.08,2026-09-01,14/09/2026,Priced,
Q-70988,08 6911 2823 892,27.21,2026-08-30,2026-09-11,Priced,
Q-70989,74 7142 6905 480,24.56,2026-08-29,2026-09-10,Priced,
Q-70990,82 0967 4449 237,25.48,2026-08-31,09/09/2026,Priced,
Q-70991,7841-7563-13297,17.58,2026-08-31,2026-09-09,Priced,
Q-70992,1186-9600-06554,17.53,2026-08-29,2026-09-08,Priced,
Q-70993,10 2360 0994 767,21.19,2026-08-30,10/09/2026,Priced,
Q-70994,77 0428 9392 499,30.28,2026-08-28,05/09/2026,Priced,
Q-70995,5348-4312-57158,21.73,2026-08-27,2026-09-04,Priced,
Q-70996,2497-5398-55619,28.97,2026-08-30,2026-09-04,Priced,
Q-70997,99 3913 1538 153,16.32,2026-08-31,10/09/2026,Priced,
Q-70998,9339299656459,17.73,2026-08-28,2026-09-06,Priced,
Q-70999,9361843620467,23.5,2026-08-26,07/09/2026,Priced,
Q-71000,76 7137 5423 007,21.06,2026-08-29,2026-09-10,Priced,
Q-71001,27 0482 6012 912,29.43,2026-08-27,2026-09-06,Priced,
Q-71002,2504-0493-08899,16.83,2026-08-27,2026-09-13,Priced,
Q-71003,3949968152922,22.06,2026-08-29,2026-09-09,Priced,
Q-71004,9782-3196-46560,25.38,2026-08-28,2026-09-08,Priced,
Q-71005,4784568169101,21.37,2026-08-31,2026-09-13,Priced,
Q-71006,07 6667 5255 635,28.48,2026-08-29,14/09/2026,Priced,
Q-71007,17 3654 8533 299,18.22,2026-09-01,2026-09-11,Priced,
Q-71008,9039-6461-54707,24.3,2026-08-28,2026-09-11,Priced,
Q-71009,95 3389 4737 038,28.28,2026-08-30,08/09/2026,Priced,
Q-71010,1331-8430-07276,31.08,2026-08-31,2026-09-13,Priced,
Q-71011,13 6086 0700 882,23.17,2026-08-28,06/09/2026,Priced,
Q-71012,3244-5490-42362,30.66,2026-09-01,2026-09-05,Priced,
Q-71013,2722696208685,29.4,2026-08-27,07/09/2026,Priced,
Q-71014,22 5874 7748 698,29.69,2026-08-27,2026-09-12,Priced,
Q-71015,1221223702319,25.46,2026-08-28,15/09/2026,Priced,
Q-71016,3913969373205,26.37,2026-08-26,15/09/2026,Priced,
Q-71017,78 7576 0595 141,29.38,2026-08-26,05/09/2026,Priced,
Q-71018,10 5606 3095 137,19.76,2026-08-28,2026-09-13,Priced,
Q-71019,77 4262 8388 443,22.71,2026-08-28,15/09/2026,Priced,
Q-71020,4648-6841-16343,24.93,2026-08-30,2026-09-05,Priced,
Q-71021,1794-7043-03751,33.09,2026-09-01,08/09/2026,Priced,
Q-71022,78 1159 7731 672,29.78,2026-09-01,2026-09-05,Priced,
Q-71023,0802-0575-98709,30.54,2026-08-28,2026-09-09,Priced,
Q-71024,2408-8783-45321,19.41,2026-08-26,2026-09-04,Priced,
Q-71025,16 0562 5307 142,20.08,2026-08-26,12/09/2026,Priced,
Q-71026,7712388662585,23.89,2026-08-30,2026-09-12,Priced,
Q-71027,4429151758391,22.2,2026-08-28,06/09/2026,Priced,
Q-71028,0363-3712-56068,24.08,2026-08-29,06/09/2026,Priced,
Q-71029,50 6997 4097 042,29.77,2026-08-29,2026-09-10,Priced,
Q-71030,18 4114 2700 804,32.28,2026-08-30,2026-09-11,Priced,
Q-71031,2062013662194,29.91,2026-08-26,09/09/2026,Priced,
Q-71032,83 9725 6454 573,31.5,2026-08-27,2026-09-07,Priced,
Q-71033,2135-7662-76307,20.76,2026-08-28,13/09/2026,Priced,
Q-71034,61 1126 6200 291,31.6,2026-09-01,06/09/2026,Priced,
Q-71035,2001632672185,20.02,2026-08-29,12/09/2026,Priced,
Q-71036,3534507085127,32.8,2026-08-30,2026-09-07,Priced,
Q-71037,7888-2532-29291,25.75,2026-08-30,2026-09-14,Priced,
Q-71038,6220-5238-63671,24.19,2026-08-30,2026-09-12,Priced,
Q-71039,0285776932295,22.55,2026-08-31,2026-09-04,Priced,
Q-71040,9740169039143,24.31,2026-08-29,04/09/2026,Priced,
Q-71041,1750595878880,26.68,2026-08-28,04/09/2026,Priced,
Q-71042,3589163428018,18.62,2026-08-31,2026-09-08,Priced,
Q-71043,2847408836711,18.26,2026-09-01,12/09/2026,Priced,
Q-71044,6644-9494-70624,25.68,2026-08-27,11/09/2026,Priced,
Q-71045,8657709419484,25.7,2026-08-30,13/09/2026,Priced,
Q-71046,08 5631 3338 939,21.71,2026-08-31,07/09/2026,Priced,
Q-71047,9848926559134,29.87,2026-08-29,2026-09-09,Priced,
Q-71048,4847791136808,,2026-08-26,2026-09-06,Errored,Timeout fetching consumption data
Q-71049,6088-3369-87489,20.27,2026-08-26,2026-09-08,Priced,
Q-71050,3091-9499-34620,19.51,2026-09-01,2026-09-04,Priced,
Q-71051,0627753234390,19.55,2026-08-27,2026-09-05,Priced,
Q-71052,3094-3665-59681,18.37,2026-08-30,08/09/2026,Priced,
Q-71053,48 2350 8432 408,21.54,2026-08-28,08/09/2026,Priced,
Q-71054,80 8046 3364 503,28.74,2026-09-01,14/09/2026,Priced,
Q-71055,2960-1854-55123,21.2,2026-08-31,14/09/2026,Priced,
Q-71056,1904-2846-57867,26.35,2026-08-31,15/09/2026,Priced,
Q-71057,3929587656796,,2026-09-01,06/09/2026,Errored,Pricing engine returned no rate
Q-71058,68 0966 7915 316,26.24,2026-08-26,2026-09-08,Priced,
Q-71059,5146617245553,19.09,2026-08-28,09/09/2026,Priced,
Q-71060,0299212988658,28.39,2026-08-30,15/09/2026,Priced,
Q-71061,7303579727664,23.38,2026-09-01,2026-09-10,Priced,
Q-71062,6413-4526-98713,19.69,2026-08-29,14/09/2026,Priced,
Q-71063,3017367050250,22.3,2026-08-28,10/09/2026,Priced,
Q-71064,9748-7260-54291,,2026-08-31,2026-09-15,Errored,Pricing engine returned no rate
Q-71065,90 9924 4544 564,26.62,2026-08-29,08/09/2026,Priced,
Q-71066,2868-2577-35542,26.33,2026-08-27,2026-09-06,Priced,
Q-71067,6180843475620,21.64,2026-08-31,2026-09-05,Priced,
Q-71068,4966391502672,27.17,2026-08-28,2026-09-14,Priced,
Q-71069,4620-0177-41091,17.53,2026-09-01,15/09/2026,Priced,
Q-71070,8216-0598-03289,28.26,2026-08-29,10/09/2026,Priced,
Q-71071,0262-1685-48508,21.03,2026-08-26,15/09/2026,Priced,
Q-71072,93 9110 9215 725,20.81,2026-09-01,2026-09-12,Priced,
Q-71073,9506629070387,25.65,2026-08-26,2026-09-05,Priced,
Q-71074,6266-8533-69352,28.43,2026-08-30,13/09/2026,Priced,
Q-71075,10 2893 7117 450,24.78,2026-08-30,2026-09-06,Priced,
Q-71076,4778957336083,25.04,2026-08-28,08/09/2026,Priced,
Q-71077,3259694172015,20.77,2026-08-28,2026-09-14,Priced,
Q-71078,0951867047432,22.52,2026-08-27,04/09/2026,Priced,
Q-71079,7448-5478-39704,25.92,2026-08-26,2026-09-12,Priced,
Q-71080,7403516661494,22.05,2026-08-28,2026-09-07,Priced,
Q-71081,91 9294 8702 239,28.81,2026-08-26,2026-09-12,Priced,
Q-71082,5327818254774,24.69,2026-08-30,08/09/2026,Priced,
Q-71083,1608-5965-20764,18.39,2026-08-26,2026-09-09,Priced,
Q-71084,4658-0341-36860,21.98,2026-08-27,14/09/2026,Priced,
Q-71085,4703-7845-25293,17.25,2026-08-31,2026-09-13,Priced,
Q-71086,37 7421 0773 976,20.48,2026-08-28,12/09/2026,Priced,
Q-71087,6235114821876,28.53,2026-08-31,12/09/2026,Priced,
Q-71088,0385054464343,20.25,2026-08-29,14/09/2026,Priced,
Q-71089,19 2431 7491 422,18.13,2026-08-30,2026-09-13,Priced,
Q-71090,0812-7274-01377,16.94,2026-08-28,2026-09-06,Priced,
Q-71091,25 1864 3535 267,19.02,2026-08-27,10/09/2026,Priced,
Q-71092,0892903555129,19.87,2026-08-27,2026-09-04,Priced,
Q-71093,6100-4029-76722,,2026-09-01,10/09/2026,Errored,Timeout fetching consumption data
Q-71094,7211948811254,17.75,2026-08-28,11/09/2026,Priced,
Q-71095,9762842578911,29.12,2026-08-28,10/09/2026,Priced,
Q-71096,08 7240 7828 045,31.59,2026-08-26,05/09/2026,Priced,
Q-71097,4084-8584-51438,25.27,2026-08-27,05/09/2026,Priced,
Q-71098,55 4361 5156 867,22.42,2026-08-27,11/09/2026,Priced,
Q-71099,59 9179 0350 671,27.65,2026-08-29,10/09/2026,Priced,
Q-71100,8907871982867,,2026-09-01,13/09/2026,Errored,Pricing engine returned no rate
Q-71101,44 2687 1708 940,20.36,2026-08-29,04/09/2026,Priced,
Q-71102,87 8198 0415 249,24.3,2026-08-27,2026-09-04,Priced,
Q-71103,0909134491948,29.65,2026-08-26,2026-09-11,Priced,
Q-71104,4391547303720,28.18,2026-08-26,12/09/2026,Priced,
Q-71105,33 4845 6941 722,26.94,2026-08-26,2026-09-05,Priced,
Q-71106,6747750441007,22.5,2026-09-01,15/09/2026,Priced,
Q-71107,8914188979395,,2026-08-29,2026-09-13,Errored,Pricing engine returned no rate
Q-71108,30 9656 2175 074,27.26,2026-08-29,2026-09-13,Priced,
Q-71109,9741410087012,25.28,2026-08-28,13/09/2026,Priced,
Q-71110,1695-6640-04836,30.33,2026-08-30,12/09/2026,Priced,
Q-71111,6330207321939,17.95,2026-08-26,12/09/2026,Priced,
Q-71112,1031232766252,22.73,2026-09-01,2026-09-06,Priced,
Q-71113,5087-9395-68759,20.16,2026-08-30,2026-09-08,Priced,
Q-71114,1687167001250,21.1,2026-08-28,04/09/2026,Priced,
Q-71115,3734895157887,18.08,2026-09-01,2026-09-10,Priced,
Q-71116,0663057013514,18.94,2026-08-30,07/09/2026,Priced,
Q-71117,4112-2939-83954,22.6,2026-08-30,2026-09-05,Priced,
Q-71118,9949-1754-27873,30.1,2026-08-26,07/09/2026,Priced,
Q-71119,32 8029 6739 958,26.49,2026-08-28,08/09/2026,Priced,
Q-71120,1061689151499,18.8,2026-08-30,14/09/2026,Priced,
Q-71121,2367989940517,23.81,2026-08-28,2026-09-10,Priced,
Q-71122,9566941553372,27.19,2026-08-29,2026-09-08,Priced,
Q-71123,07 9835 3944 347,22.19,2026-08-30,2026-09-13,Priced,
Q-71124,8620438840035,22.91,2026-09-01,2026-09-07,Priced,
Q-71125,6699-9418-87215,28.3,2026-08-27,2026-09-07,Priced,
Q-71126,3117483436096,26.39,2026-08-29,2026-09-05,Priced,
Q-71127,2041-4417-47830,28.91,2026-08-27,12/09/2026,Priced,
Q-71128,27 9561 8403 819,30.48,2026-08-30,14/09/2026,Priced,
Q-71129,0443-5570-16588,25.65,2026-08-30,2026-09-15,Priced,
Q-71130,71 3907 7155 503,23.08,2026-08-29,05/09/2026,Priced,
Q-71131,70 7110 0828 392,20.63,2026-08-29,2026-09-12,Priced,
Q-71132,8126-5991-81112,21.72,2026-08-26,04/09/2026,Priced,
Q-71133,0874352265318,24.04,2026-08-28,05/09/2026,Priced,
Q-71134,3066-7258-78365,18.84,2026-08-31,12/09/2026,Priced,
Q-71135,64 9075 4328 686,23.55,2026-09-01,04/09/2026,Priced,
Q-71136,4011409138683,23.84,2026-08-28,2026-09-06,Priced,
Q-71137,37 1550 7013 409,19.87,2026-08-31,12/09/2026,Priced,
Q-71138,4862219862195,,2026-08-27,13/09/2026,Errored,Timeout fetching consumption data
Q-71139,23 0465 3206 479,24.24,2026-08-28,2026-09-04,Priced,
Q-71140,6488882900561,27.8,2026-08-26,14/09/2026,Priced,
Q-71141,7358513555532,21.01,2026-08-30,2026-09-15,Priced,
Q-71142,3502824229168,26.85,2026-09-01,15/09/2026,Priced,
Q-71143,86 5628 5568 946,20.11,2026-08-30,07/09/2026,Priced,
Q-71144,8847895525870,21.4,2026-09-01,07/09/2026,Priced,
Q-71145,87 6994 9013 126,25.87,2026-08-26,2026-09-15,Priced,
Q-71146,2416741976234,18.98,2026-08-28,2026-09-04,Priced,
Q-71147,30 1925 1231 210,27.33,2026-08-27,2026-09-11,Priced,
Q-71148,8089589366704,31.15,2026-08-26,2026-09-11,Priced,
Q-71149,79 1720 0349 431,21.86,2026-08-29,04/09/2026,Priced,
Q-71150,9109838950796,32.6,2026-08-30,08/09/2026,Priced,
Q-71151,5727-0101-74804,26.58,2026-08-31,09/09/2026,Priced,
Q-71152,3729950975267,24.66,2026-08-26,2026-09-06,Priced,
Q-71153,75 1710 4514 372,26.21,2026-08-27,13/09/2026,Priced,
Q-71154,62 7399 7264 797,30.05,2026-09-01,08/09/2026,Priced,
Q-71155,1758-1926-37859,21.6,2026-08-26,09/09/2026,Priced,
Q-71156,1732799283018,,2026-08-26,2026-09-06,Errored,Timeout fetching consumption data
Q-71157,5014804163318,19.91,2026-08-29,04/09/2026,Priced,
Q-71158,36 8979 5851 169,15.49,2026-08-29,11/09/2026,Priced,
Q-71159,5677-8233-57422,28.74,2026-09-01,13/09/2026,Priced,
Q-71160,3007-8356-16496,14.71,2026-08-27,13/09/2026,Priced,
Q-71161,0579-4839-36559,22.66,2026-08-29,08/09/2026,Priced,
Q-71162,9612398734701,18.89,2026-08-28,06/09/2026,Priced,
Q-71163,9344028543110,20.81,2026-08-27,2026-09-10,Priced,
Q-71164,2800226054825,29.17,2026-09-01,07/09/2026,Priced,
Q-71165,8665063397999,29.35,2026-08-26,13/09/2026,Priced,
Q-71166,0244-3409-86746,24.78,2026-08-29,04/09/2026,Priced,
Q-71167,0796-7625-49977,24.09,2026-08-31,14/09/2026,Priced,
Q-71168,0160734353018,19.27,2026-08-30,2026-09-11,Priced,
Q-71169,2335-0611-06779,25.93,2026-08-29,2026-09-06,Priced,
Q-71170,56 9530 5310 003,23.42,2026-08-29,14/09/2026,Priced,
Q-71171,3808-1032-25533,29.01,2026-08-26,2026-09-10,Priced,
Q-71172,4720-7147-29419,23.32,2026-08-29,05/09/2026,Priced,
Q-71173,6335310209629,30.71,2026-09-01,10/09/2026,Priced,
Q-71174,5650-2379-25416,31.3,2026-08-26,2026-09-11,Priced,
Q-71175,32 0577 1305 111,20.84,2026-08-26,09/09/2026,Priced,
Q-71176,1743717075007,18.5,2026-08-31,13/09/2026,Priced,
Q-71177,8671433417294,22.86,2026-08-27,10/09/2026,Priced,
Q-71178,9801936174872,,2026-09-01,2026-09-11,Errored,Pricing engine returned no rate
Q-71179,00 6482 6901 120,17.73,2026-08-27,2026-09-04,Priced,
Q-71180,6781102535998,31.94,2026-08-26,15/09/2026,Priced,
Q-71181,3822732188933,30.55,2026-08-26,14/09/2026,Priced,
Q-71182,06 5280 8850 666,28.06,2026-08-31,09/09/2026,Priced,
Q-71183,63 2283 8069 636,25.17,2026-08-31,12/09/2026,Priced,
Q-71184,69 7292 5222 942,24.52,2026-08-30,2026-09-08,Priced,
Q-71185,9433489968960,16.7,2026-08-26,2026-09-15,Priced,
Q-71186,0818-5071-23847,32.78,2026-08-28,2026-09-12,Priced,
Q-71187,05 4329 7511 756,20.86,2026-08-31,08/09/2026,Priced,
Q-71188,3233328527400,,2026-08-30,2026-09-05,Errored,Timeout fetching consumption data
Q-71189,8727-3584-22321,27.28,2026-08-31,2026-09-06,Priced,
Q-71190,5838406778611,20.73,2026-08-27,2026-09-11,Priced,
Q-71191,3272304763813,22.79,2026-08-30,2026-09-10,Priced,
Q-71192,2942-0311-73149,26.1,2026-08-26,06/09/2026,Priced,
Q-71193,38 6535 7543 722,25.84,2026-08-31,14/09/2026,Priced,
Q-71194,8535703589353,24.44,2026-08-29,2026-09-09,Priced,
Q-71195,0710-7210-73137,19.71,2026-08-30,05/09/2026,Priced,
Q-71196,66 1184 4555 330,27.36,2026-08-29,06/09/2026,Priced,
Q-71197,9477047667293,31.7,2026-08-29,11/09/2026,Priced,
Q-71198,4242-0040-52632,23.99,2026-08-31,2026-09-08,Priced,
Q-71199,6147580145247,31.37,2026-08-26,2026-09-14,Priced,
Q-71200,3175306218306,27.31,2026-08-28,2026-09-09,Priced,
Q-71201,63 6582 8371 913,31.35,2026-08-29,07/09/2026,Priced,
Q-71202,8611840017951,25.4,2026-09-01,2026-09-14,Priced,
Q-71203,1329-8127-53168,,2026-08-30,09/09/2026,Errored,Pricing engine returned no rate
Q-71204,1593539944167,25.67,2026-08-27,2026-09-06,Priced,
Q-71205,3964022828766,20.16,2026-08-30,15/09/2026,Priced,
Q-71206,7854478001894,23.66,2026-08-26,11/09/2026,Priced,
Q-71207,2314-5389-63139,32.03,2026-08-28,13/09/2026,Priced,
Q-71208,7751-6049-93332,23.52,2026-08-31,11/09/2026,Priced,
Q-71209,4239355694966,17.72,2026-08-28,2026-09-09,Priced,
Q-71210,5016817321560,25.7,2026-08-28,10/09/2026,Priced,
Q-71211,7388-7699-94242,24.62,2026-08-28,08/09/2026,Priced,
Q-71212,5284664165997,20.95,2026-08-28,04/09/2026,Priced,
Q-71213,1467739100807,21.69,2026-08-31,15/09/2026,Priced,
Q-71214,1281253281839,32.77,2026-08-31,08/09/2026,Priced,
Q-71215,6199558279400,,2026-09-01,2026-09-13,Errored,Pricing engine returned no rate
Q-71216,0602593480647,19.73,2026-08-31,2026-09-14,Priced,
Q-71217,24 6442 6983 111,31.99,2026-08-27,10/09/2026,Priced,
Q-71218,0081024000703,25.53,2026-09-01,12/09/2026,Priced,
Q-71219,98 0090 9844 138,30.76,2026-08-30,2026-09-09,Priced,
Q-71220,9225-3388-85023,24.34,2026-08-27,2026-09-09,Priced,
Q-71221,7726863870462,16.42,2026-08-28,2026-09-12,Priced,
Q-71222,36 3632 0696 787,22.74,2026-08-27,2026-09-13,Priced,
Q-71223,0031-5970-93421,21.98,2026-08-30,04/09/2026,Priced,
Q-71224,5178-6912-28864,27.04,2026-08-27,13/09/2026,Priced,
Q-71225,67 6214 3866 904,,2026-08-28,2026-09-08,Errored,Timeout fetching consumption data
Q-71226,4759621722559,18.93,2026-08-31,15/09/2026,Priced,
Q-71227,5325-8979-00906,16.66,2026-09-01,09/09/2026,Priced,
Q-71228,7260359567079,29.11,2026-08-31,04/09/2026,Priced,
Q-71229,22 3488 4083 745,34.82,2026-08-27,2026-09-04,Priced,
Q-71230,84 2484 6441 807,21.58,2026-08-28,2026-09-09,Priced,
Q-71231,36 6367 6902 961,25.13,2026-08-31,10/09/2026,Priced,
Q-71232,61 0979 7550 803,18.8,2026-09-01,09/09/2026,Priced,
Q-71233,1800551703743,,2026-08-28,2026-09-14,Errored,Pricing engine returned no rate
Q-71234,7165778281286,26.32,2026-08-30,14/09/2026,Priced,
Q-71235,2424-1799-03578,25.44,2026-09-01,07/09/2026,Priced,
Q-71236,8761306300037,28.04,2026-08-28,05/09/2026,Priced,
Q-71237,13 1497 1151 917,30.39,2026-08-31,07/09/2026,Priced,
Q-71238,6972377791249,37.22,2026-08-29,14/09/2026,Priced,
Q-71239,0996406760336,18.66,2026-08-31,2026-09-08,Priced,
Q-71240,8136-3424-15838,18.12,2026-08-27,2026-09-12,Priced,
Q-71241,3308773513397,23.28,2026-08-30,2026-09-10,Priced,
Q-71242,8594-8842-89796,25.91,2026-08-26,2026-09-15,Priced,
Q-71243,0319-9262-95537,24.32,2026-08-31,2026-09-09,Priced,
Q-71244,6148-3314-27311,27.62,2026-08-28,2026-09-09,Priced,
Q-71245,5763260375017,23.43,2026-09-01,2026-09-11,Priced,
Q-71246,32 9595 7190 486,21.54,2026-08-27,10/09/2026,Priced,
Q-71247,3643790379497,25.02,2026-08-27,2026-09-15,Priced,
Q-71248,27 2780 3515 886,18.51,2026-08-30,07/09/2026,Priced,
Q-71249,7754487019612,26.08,2026-08-28,2026-09-12,Priced,
Q-71250,5553650801978,24.21,2026-08-28,15/09/2026,Priced,
Q-71251,1220290195273,,2026-08-31,2026-09-11,Errored,Timeout fetching consumption data
Q-71252,8319-6616-78946,16.25,2026-08-26,2026-09-06,Priced,
Q-71253,6696-7170-46585,34.1,2026-08-30,2026-09-14,Priced,
Q-71254,0324-6370-15717,30.12,2026-08-29,2026-09-06,Priced,
Q-71255,3952850273311,20.1,2026-08-26,05/09/2026,Priced,
Q-71256,1090-5633-29211,27.39,2026-08-30,2026-09-14,Priced,
Q-71257,9762874902908,23.29,2026-08-26,12/09/2026,Priced,
Q-71258,10 7509 2044 051,24.45,2026-08-26,2026-09-06,Priced,
Q-71259,76 3027 8201 717,27.09,2026-08-30,04/09/2026,Priced,
Q-71260,12 1952 5510 498,21.41,2026-08-27,2026-09-06,Priced,
Q-71261,34 1256 2444 140,20.3,2026-08-30,2026-09-15,Priced,
Q-71262,3330048810351,31.8,2026-08-30,2026-09-10,Priced,
Q-71263,32 9204 7142 721,,2026-08-29,2026-09-12,Errored,Pricing engine returned no rate
Q-71264,7477097168322,20.07,2026-08-26,07/09/2026,Priced,
Q-71265,9057161279166,29.96,2026-08-31,14/09/2026,Priced,
Q-71266,0496150456022,27.2,2026-08-26,2026-09-06,Priced,
Q-71267,83 9167 5687 500,18.26,2026-08-27,2026-09-15,Priced,
Q-71268,94 6707 2519 873,28.56,2026-08-28,15/09/2026,Priced,
Q-71269,9278856315097,22.57,2026-08-31,2026-09-09,Priced,
Q-71270,6279-3249-06575,19.26,2026-08-30,2026-09-05,Priced,
Q-71271,7368-5372-45293,,2026-08-27,2026-09-04,Errored,Timeout fetching consumption data
Q-71272,6188650077524,20.86,2026-08-28,04/09/2026,Priced,
Q-71273,46 0734 1983 533,26.35,2026-08-28,2026-09-07,Priced,
Q-71274,1357034819244,20.72,2026-08-27,2026-09-07,Priced,
Q-71275,4993879256092,28.17,2026-08-31,2026-09-10,Priced,
Q-71276,98 3965 7192 776,23.67,2026-08-28,04/09/2026,Priced,
Q-71277,8708764455359,27.83,2026-08-31,2026-09-09,Priced,
Q-71278,7547-5923-44386,29.23,2026-08-29,2026-09-11,Priced,
Q-71279,9946349035379,32.65,2026-09-01,2026-09-14,Priced,
Q-71280,21 3523 1600 268,26.53,2026-08-28,12/09/2026,Priced,
Q-71281,40 8005 3959 582,20.89,2026-08-30,2026-09-12,Priced,
Q-71282,5123619339991,19.5,2026-08-31,15/09/2026,Priced,
Q-71283,5324-0957-95929,29.15,2026-08-30,09/09/2026,Priced,
Q-71284,8046-8056-74699,22.0,2026-08-26,13/09/2026,Priced,
Q-71285,9538456094905,29.77,2026-08-31,2026-09-13,Priced,
Q-71286,41 5549 1736 911,20.3,2026-08-28,06/09/2026,Priced,
Q-71287,5952-6041-39358,34.67,2026-09-01,2026-09-09,Priced,
Q-71288,5557887289927,28.13,2026-08-28,2026-09-06,Priced,
Q-71289,9077539731218,16.93,2026-08-31,15/09/2026,Priced,
Q-71290,55 6090 5365 793,27.68,2026-08-27,2026-09-11,Priced,
Q-71291,47 4464 6861 664,31.12,2026-09-01,2026-09-14,Priced,
Q-71292,5840-4956-42640,19.9,2026-09-01,2026-09-04,Priced,
Q-71293,1480-9759-46996,15.82,2026-08-26,2026-09-13,Priced,
Q-71294,5030889661129,30.58,2026-08-28,2026-09-07,Priced,
Q-71295,73 1233 9734 046,29.07,2026-08-29,11/09/2026,Priced,
Q-71296,2397867047808,,2026-08-31,08/09/2026,Errored,Timeout fetching consumption data
Q-71297,8493-7720-77359,17.46,2026-08-28,12/09/2026,Priced,
Q-71298,00 4893 2204 868,22.02,2026-08-29,2026-09-04,Priced,
Q-71299,0712-7501-39371,,2026-08-27,13/09/2026,Errored,Pricing engine returned no rate
Q-71300,4796211066494,18.21,2026-08-27,2026-09-13,Priced,
Q-71301,2116075385415,25.5,2026-08-30,08/09/2026,Priced,
Q-71302,3991277837635,28.21,2026-08-31,08/09/2026,Priced,
Q-71303,2311-5401-45673,26.96,2026-08-31,2026-09-07,Priced,
Q-71304,1024487890537,19.75,2026-08-28,2026-09-06,Priced,
Q-71305,4444863457639,25.49,2026-09-01,2026-09-05,Priced,
Q-71306,00 1488 2253 731,29.86,2026-08-31,15/09/2026,Priced,
Q-71307,2090-4894-72315,16.73,2026-09-01,11/09/2026,Priced,
Q-71308,6222-9761-89881,18.19,2026-08-28,2026-09-13,Priced,
Q-71309,98 0145 0533 586,19.71,2026-09-01,2026-09-09,Priced,
Q-71310,84 0812 9047 236,21.46,2026-08-30,2026-09-05,Priced,
Q-71311,3802882650531,27.0,2026-09-01,14/09/2026,Priced,
Q-71312,7377-6718-59759,24.11,2026-08-28,2026-09-14,Priced,
Q-71313,7532-5136-37530,23.77,2026-09-01,2026-09-11,Priced,
Q-71314,93 3692 9963 689,18.24,2026-08-29,08/09/2026,Priced,
Q-71315,0247-2547-58970,22.24,2026-08-27,05/09/2026,Priced,
Q-71316,2251300630504,29.34,2026-08-31,10/09/2026,Priced,
Q-71317,4626615810006,27.56,2026-09-01,06/09/2026,Priced,
Q-71318,1983177164581,28.09,2026-08-27,2026-09-07,Priced,
Q-71319,7806209817647,28.24,2026-08-30,05/09/2026,Priced,
Q-71320,2433724472819,30.0,2026-08-26,2026-09-05,Priced,
Q-71321,98 5317 5037 454,27.02,2026-09-01,2026-09-12,Priced,
Q-71322,99 5019 6711 813,29.25,2026-08-28,06/09/2026,Priced,
Q-71323,0664-2579-31622,31.33,2026-08-30,06/09/2026,Priced,
Q-71324,4044114823199,26.2,2026-08-27,10/09/2026,Priced,
Q-71325,00 3361 4493 903,18.41,2026-08-29,2026-09-14,Priced,
Q-71326,64 6069 5312 487,30.78,2026-08-28,07/09/2026,Priced,
Q-71327,3659253228839,29.72,2026-08-31,2026-09-10,Priced,
Q-71328,30 3598 2887 595,31.12,2026-08-28,2026-09-06,Priced,
Q-71329,7945-3457-94147,18.81,2026-08-27,2026-09-14,Priced,
Q-71330,05 5606 1486 052,19.96,2026-09-01,09/09/2026,Priced,
Q-71331,8084-5455-30301,24.15,2026-08-31,2026-09-14,Priced,
Q-71332,3844250058955,22.9,2026-08-29,2026-09-15,Priced,
Q-71333,55 6647 2555 312,,2026-08-27,04/09/2026,Errored,Pricing engine returned no rate
Q-71334,43 6757 8251 164,22.85,2026-08-29,2026-09-10,Priced,
Q-71335,8103-1213-16269,34.72,2026-08-27,2026-09-08,Priced,
Q-71336,2443005512626,18.52,2026-08-27,2026-09-06,Priced,
Q-71337,1135-6120-42675,26.99,2026-08-27,2026-09-14,Priced,
Q-71338,1162380330889,,2026-08-30,2026-09-04,Errored,Timeout fetching consumption data
Q-71339,2016118299169,19.9,2026-08-27,04/09/2026,Priced,
Q-71340,0562359304648,27.46,2026-08-30,2026-09-04,Priced,
Q-71341,4247360439872,18.88,2026-09-01,2026-09-13,Priced,
Q-71342,98 4678 2409 873,30.07,2026-08-28,15/09/2026,Priced,
Q-71343,7557-2468-18179,28.08,2026-08-30,07/09/2026,Priced,
Q-71344,99 5507 7968 395,24.21,2026-08-31,09/09/2026,Priced,
Q-71345,7974-6751-99990,24.96,2026-08-26,2026-09-07,Priced,
Q-71346,9073655243767,23.63,2026-09-01,12/09/2026,Priced,
Q-71347,95 0483 7780 044,30.33,2026-08-28,2026-09-05,Priced,
Q-71348,8179569117309,16.19,2026-08-29,2026-09-15,Priced,
Q-71349,22 4154 0719 818,27.64,2026-08-27,2026-09-14,Priced,
Q-71350,0048071479499,29.42,2026-08-31,2026-09-12,Priced,
Q-71351,9356805211889,20.39,2026-08-28,06/09/2026,Priced,
Q-71352,2284-7042-17737,21.67,2026-08-30,2026-09-05,Priced,
Q-71353,5980-9930-13889,21.86,2026-08-29,08/09/2026,Priced,
Q-71354,55 5227 4939 195,28.92,2026-08-27,08/09/2026,Priced,
Q-71355,0515-4070-89614,31.55,2026-08-30,04/09/2026,Priced,
Q-71356,09 4640 4575 915,,2026-08-26,06/09/2026,Errored,Pricing engine returned no rate
Q-71357,1191196318632,31.17,2026-08-27,09/09/2026,Priced,
Q-71358,3375581703266,21.98,2026-09-01,13/09/2026,Priced,
Q-71359,2412-4713-47077,25.57,2026-08-30,08/09/2026,Priced,
Q-71360,6748-2165-61820,33.01,2026-08-26,2026-09-09,Priced,
Q-71361,3379499847727,33.75,2026-08-30,2026-09-08,Priced,
Q-71362,9725332384925,27.41,2026-08-31,09/09/2026,Priced,
Q-71363,7554407697998,20.49,2026-08-27,06/09/2026,Priced,
Q-71364,4304-7845-07411,20.67,2026-08-31,05/09/2026,Priced,
Q-71365,35 4918 9080 434,29.68,2026-08-31,2026-09-14,Priced,
Q-71366,78 5408 9375 514,29.6,2026-08-27,2026-09-04,Priced,
Q-71367,7345-2553-36620,23.2,2026-08-28,15/09/2026,Priced,
Q-71368,8050656807125,33.61,2026-08-29,2026-09-07,Priced,
Q-71369,3316484443421,26.82,2026-08-29,10/09/2026,Priced,
Q-71370,46 1068 6354 792,25.45,2026-08-30,13/09/2026,Priced,
Q-71371,47 6021 1259 270,,2026-09-01,07/09/2026,Errored,Pricing engine returned no rate
Q-71372,6369175287705,,2026-08-29,14/09/2026,Errored,Pricing engine returned no rate
Q-71373,8315-2428-15195,31.74,2026-08-27,2026-09-06,Priced,
Q-71374,9254127570897,17.46,2026-08-29,2026-09-05,Priced,
Q-71375,5244160134977,23.31,2026-08-30,05/09/2026,Priced,
Q-71376,36 2620 9227 080,29.72,2026-08-31,2026-09-12,Priced,
Q-71377,5461556972669,21.94,2026-08-30,15/09/2026,Priced,
Q-71378,45 5169 9559 783,18.21,2026-08-29,10/09/2026,Priced,
Q-71379,29 4896 6207 026,21.47,2026-08-27,2026-09-08,Priced,
Q-71380,5024-5631-76375,35.18,2026-08-30,2026-09-10,Priced,
Q-71381,70 2503 9751 092,28.69,2026-08-28,07/09/2026,Priced,
Q-71382,28 9388 2882 661,,2026-08-29,13/09/2026,Errored,Timeout fetching consumption data
Q-71383,62 9259 4992 831,29.63,2026-08-29,10/09/2026,Priced,
Q-71384,72 6451 3590 016,,2026-08-27,05/09/2026,Errored,Pricing engine returned no rate
Q-71385,6856-2897-39227,31.44,2026-08-27,2026-09-08,Priced,
Q-71386,0940532598060,34.21,2026-08-29,2026-09-06,Priced,
Q-71387,7794898150004,26.58,2026-08-30,06/09/2026,Priced,
Q-71388,7574-2335-75113,,2026-08-29,2026-09-15,Errored,Pricing engine returned no rate
Q-71389,6752-6580-85912,,2026-08-27,11/09/2026,Errored,Timeout fetching consumption data
Q-71390,7950803037970,22.56,2026-08-29,15/09/2026,Priced,
Q-71391,5489758270702,20.47,2026-08-27,2026-09-09,Priced,
Q-71392,31 2847 8742 275,30.24,2026-09-01,06/09/2026,Priced,
Q-71393,0096758935202,21.99,2026-08-26,14/09/2026,Priced,
Q-71394,87 3850 1302 423,17.27,2026-08-28,04/09/2026,Priced,
Q-71395,14 5369 2358 063,31.17,2026-08-29,08/09/2026,Priced,
Q-71396,2441-2037-99122,25.98,2026-08-30,05/09/2026,Priced,
Q-71397,0560670549669,21.54,2026-08-26,04/09/2026,Priced,
Q-71398,6119-0176-69648,21.16,2026-08-28,2026-09-10,Priced,
Q-71399,3815105665805,22.84,2026-09-01,2026-09-04,Priced,
Q-71400,44 2249 6776 661,33.73,2026-08-26,2026-09-08,Priced,
Q-71401,5902-2866-92313,25.94,2026-08-28,2026-09-13,Priced,
Q-71402,9420-6741-53093,27.39,2026-08-28,08/09/2026,Priced,
Q-71403,9104101460034,,2026-08-29,2026-09-06,Errored,Timeout fetching consumption data
Q-71404,89 7286 0771 195,20.75,2026-08-30,11/09/2026,Priced,
Q-71405,1318-6909-33323,31.37,2026-08-29,04/09/2026,Priced,
Q-71406,7191-3678-15710,26.75,2026-09-01,09/09/2026,Priced,
Q-71407,41 4049 8174 917,34.93,2026-08-30,12/09/2026,Priced,
Q-71408,0422-6131-65399,33.19,2026-08-26,2026-09-10,Priced,
Q-71409,04 8090 5329 113,27.12,2026-08-30,2026-09-13,Priced,
Q-71410,1790891422803,20.26,2026-08-29,2026-09-06,Priced,
Q-71411,7603202912511,21.51,2026-08-29,2026-09-07,Priced,
Q-71412,6149184239678,29.88,2026-09-01,2026-09-10,Priced,
Q-71413,3433777021167,,2026-08-27,06/09/2026,Errored,Pricing engine returned no rate
Q-71414,5480050625078,18.54,2026-08-29,08/09/2026,Priced,
Q-71415,1654-6243-07733,18.25,2026-09-01,06/09/2026,Priced,
Q-71416,5475-1836-73394,17.88,2026-08-30,11/09/2026,Priced,
Q-71417,0058567254740,19.27,2026-08-31,2026-09-14,Priced,
Q-71418,6652-2099-32369,28.54,2026-08-31,2026-09-09,Priced,
Q-71419,72 6557 8401 926,32.98,2026-09-01,13/09/2026,Priced,
Q-71420,6562659982691,26.63,2026-08-31,2026-09-10,Priced,
Q-71421,0982890941036,23.09,2026-08-27,2026-09-13,Priced,
Q-71422,04 3497 7401 081,25.75,2026-08-27,2026-09-04,Priced,
Q-71423,8017407484527,31.32,2026-08-28,05/09/2026,Priced,
Q-71424,2777717562017,26.73,2026-09-01,07/09/2026,Priced,
Q-71425,4306584651386,21.52,2026-08-30,2026-09-14,Priced,
Q-71426,7151-7883-12639,,2026-09-01,14/09/2026,Errored,Timeout fetching consumption data
Q-71427,10 2451 2104 452,22.74,2026-08-28,2026-09-12,Priced,
Q-71428,7007901998945,33.38,2026-08-28,12/09/2026,Priced,
Q-71429,0990350848563,26.77,2026-08-26,05/09/2026,Priced,
Q-71430,4485-8750-00648,30.67,2026-08-29,15/09/2026,Priced,
Q-71431,81 3652 2282 716,19.76,2026-08-28,2026-09-10,Priced,
Q-71432,9667-5951-45117,24.1,2026-08-27,2026-09-07,Priced,
Q-71433,85 4688 9482 732,27.25,2026-08-31,2026-09-04,Priced,
Q-71434,0239444859668,24.14,2026-09-01,2026-09-11,Priced,
Q-71435,5899-3571-74814,21.48,2026-09-01,14/09/2026,Priced,
Q-71436,0172-0218-48005,31.82,2026-08-31,11/09/2026,Priced,
Q-71437,9302338369038,20.66,2026-08-26,2026-09-11,Priced,
Q-71438,0718-2650-98484,21.38,2026-08-28,12/09/2026,Priced,
Q-71439,68 5814 6290 682,29.48,2026-08-28,05/09/2026,Priced,
Q-71440,0812-6617-30728,17.71,2026-08-30,07/09/2026,Priced,
Q-71441,5494902944537,26.84,2026-08-30,2026-09-06,Priced,
Q-71442,22 2624 1304 200,20.03,2026-08-31,14/09/2026,Priced,
Q-71443,80 6518 8719 249,28.92,2026-08-31,2026-09-10,Priced,
Q-71444,1487-1565-14400,17.64,2026-09-01,2026-09-05,Priced,
Q-71445,7938415723157,20.99,2026-08-27,2026-09-05,Priced,
Q-71446,9877-7253-69889,24.38,2026-08-31,2026-09-08,Priced,
Q-71447,4973-9080-73681,17.35,2026-08-26,05/09/2026,Priced,
Q-71448,6444-5177-30420,25.86,2026-08-31,2026-09-14,Priced,
Q-71449,3768951621879,19.94,2026-08-31,2026-09-06,Priced,
Q-71450,96 2030 6035 783,25.16,2026-08-26,2026-09-05,Priced,
Q-71451,22 2785 9610 345,27.4,2026-08-28,2026-09-06,Priced,
Q-71452,47 3399 6424 816,24.42,2026-08-26,05/09/2026,Priced,
Q-71453,4029-6416-30628,,2026-08-26,2026-09-07,Errored,Pricing engine returned no rate
Q-71454,6464-6684-10102,25.4,2026-08-27,2026-09-06,Priced,
Q-71455,74 1969 8333 529,30.76,2026-08-31,2026-09-13,Priced,
Q-71456,2139-9809-09348,21.09,2026-08-26,2026-09-10,Priced,
Q-71457,6181812140286,34.93,2026-09-01,2026-09-04,Priced,
Q-71458,9160-0689-16536,23.41,2026-08-26,09/09/2026,Priced,
Q-71459,84 9897 8931 492,27.03,2026-08-29,15/09/2026,Priced,
Q-71460,3926682596623,21.77,2026-08-30,2026-09-05,Priced,
Q-71461,6918575301552,23.74,2026-08-28,2026-09-04,Priced,
Q-71462,0194-4230-40504,27.58,2026-08-31,2026-09-08,Priced,
Q-71463,0211-9530-59491,24.63,2026-08-28,05/09/2026,Priced,
Q-71464,1645260309676,16.41,2026-08-29,2026-09-07,Priced,
Q-71465,1614-4707-02029,28.59,2026-08-30,12/09/2026,Priced,
Q-71466,82 6333 2464 183,29.1,2026-08-29,2026-09-04,Priced,
Q-71467,6390952564661,25.15,2026-09-01,13/09/2026,Priced,
Q-71468,78 5121 5166 488,20.93,2026-08-30,05/09/2026,Priced,
Q-71469,26 8266 8798 802,20.8,2026-08-26,2026-09-14,Priced,
Q-71470,5449-8163-98234,25.89,2026-09-01,13/09/2026,Priced,
Q-71471,5379-8712-70866,29.05,2026-08-30,2026-09-06,Priced,
Q-71472,1088130165410,34.42,2026-08-30,2026-09-08,Priced,
Q-71473,5194758663073,32.02,2026-08-29,2026-09-11,Priced,
Q-71474,5772486530773,30.41,2026-09-01,05/09/2026,Priced,
Q-71475,9131-4764-19798,25.07,2026-09-01,11/09/2026,Priced,
Q-71476,3787-4346-69771,28.85,2026-08-27,14/09/2026,Priced,
Q-71477,5105-5175-06455,22.69,2026-08-31,2026-09-10,Priced,
Q-71478,8409309663534,27.44,2026-08-28,2026-09-13,Priced,
Q-71479,18 2796 4770 570,33.85,2026-08-26,2026-09-07,Priced,
Q-71480,4645-7317-50825,23.05,2026-08-26,2026-09-08,Priced,
Q-71481,6538706692408,24.73,2026-08-31,06/09/2026,Priced,
Q-71482,1192-2986-32666,28.01,2026-08-28,15/09/2026,Priced,
Q-71483,9759604612070,25.25,2026-08-29,09/09/2026,Priced,
Q-71484,1378624312208,22.11,2026-09-01,14/09/2026,Priced,
Q-71485,7519113754550,25.99,2026-08-27,2026-09-14,Priced,
Q-71486,3309-8675-40390,,2026-09-01,07/09/2026,Errored,Pricing engine returned no rate
Q-71487,1319361840311,28.33,2026-08-28,2026-09-07,Priced,
Q-71488,3541-5851-80011,25.74,2026-08-27,2026-09-09,Priced,
Q-71489,4543482644725,22.72,2026-08-26,2026-09-08,Priced,
Q-71490,5421-8321-02599,19.59,2026-08-26,09/09/2026,Priced,
Q-71491,27 5361 1496 201,22.6,2026-09-01,11/09/2026,Priced,
Q-71492,6949-9818-11997,32.16,2026-08-29,2026-09-07,Priced,
Q-71493,8035-4402-29647,30.92,2026-08-27,2026-09-09,Priced,
Q-71494,75 9861 4434 335,23.43,2026-09-01,2026-09-15,Priced,
Q-71495,38 7719 1441 198,25.41,2026-08-28,09/09/2026,Priced,
Q-71496,39 5762 6294 425,29.36,2026-08-26,2026-09-14,Priced,
Q-71497,3767864599512,14.87,2026-08-30,06/09/2026,Priced,
Q-71498,2348-9374-21128,,2026-08-27,2026-09-13,Errored,Pricing engine returned no rate
Q-71499,8618-7346-83763,21.33,2026-09-01,09/09/2026,Priced,
Q-71500,94 5315 1402 555,20.64,2026-09-01,2026-09-06,Priced,
Q-71501,62 2348 7727 726,33.94,2026-08-29,2026-09-09,Priced,
Q-71502,8114275710232,27.79,2026-08-31,2026-09-07,Priced,
Q-71503,73 9046 0451 732,25.12,2026-08-27,2026-09-12,Priced,
Q-71504,3876014361955,25.53,2026-08-30,13/09/2026,Priced,
Q-71505,7328276383839,26.69,2026-09-01,06/09/2026,Priced,
Q-71506,5146293193851,30.66,2026-09-01,2026-09-09,Priced,
Q-71507,7914969511929,28.79,2026-08-30,2026-09-12,Priced,
Q-71508,6699616271387,26.96,2026-08-26,13/09/2026,Priced,
Q-71509,4561-1352-60678,31.37,2026-08-30,2026-09-14,Priced,
Q-71510,7788753495894,26.39,2026-08-28,13/09/2026,Priced,
Q-71511,2446865692865,21.51,2026-08-31,15/09/2026,Priced,
Q-71512,8632-4142-72127,24.11,2026-08-27,2026-09-14,Priced,
Q-71513,9786-9566-02557,29.88,2026-08-29,2026-09-07,Priced,
Q-71514,5705493632268,22.85,2026-08-27,14/09/2026,Priced,
Q-71515,7208-0936-43857,22.15,2026-08-29,15/09/2026,Priced,
Q-71516,4363293945567,29.42,2026-08-28,2026-09-05,Priced,
Q-71517,2195-4947-42615,25.98,2026-08-29,2026-09-08,Priced,
Q-71518,6005-8402-30324,33.56,2026-08-26,2026-09-13,Priced,
Q-71519,4252495545819,22.37,2026-08-26,06/09/2026,Priced,
Q-71520,80 9007 0341 349,19.84,2026-08-28,13/09/2026,Priced,
Q-71521,82 0497 2039 448,17.54,2026-08-29,2026-09-13,Priced,
Q-71522,7054848521034,22.0,2026-08-28,2026-09-14,Priced,
Q-71523,6927-3793-50902,19.37,2026-08-30,14/09/2026,Priced,
Q-71524,17 1816 8444 277,23.54,2026-08-28,11/09/2026,Priced,
Q-71525,2774988390941,34.42,2026-08-28,04/09/2026,Priced,
Q-71526,6325-7422-81441,27.76,2026-08-28,05/09/2026,Priced,
Q-71527,1964752032717,25.77,2026-09-01,11/09/2026,Priced,
Q-71528,4326-1433-36600,25.6,2026-08-31,2026-09-09,Priced,
Q-71529,2604060658962,21.58,2026-09-01,2026-09-05,Priced,
Q-71530,1658155028250,22.75,2026-08-26,2026-09-05,Priced,
Q-71531,88 4195 1929 072,24.22,2026-08-27,2026-09-10,Priced,
Q-71532,5897300006686,26.51,2026-08-26,2026-09-12,Priced,
Q-71533,0164-3147-99862,,2026-08-26,2026-09-11,Errored,Pricing engine returned no rate
Q-71534,2592666995817,29.34,2026-08-30,08/09/2026,Priced,
Q-71535,94 8554 9888 638,24.04,2026-09-01,2026-09-04,Priced,
Q-71536,83 6816 1026 606,23.05,2026-08-29,2026-09-10,Priced,
Q-71537,2754-7370-57108,28.76,2026-09-01,06/09/2026,Priced,
Q-71538,96 3755 0821 412,25.88,2026-08-28,04/09/2026,Priced,
Q-71539,3642-7462-68718,17.2,2026-08-28,13/09/2026,Priced,
Q-71540,6394290787217,24.06,2026-08-28,11/09/2026,Priced,
Q-71541,6942-1509-94434,34.09,2026-08-27,13/09/2026,Priced,
Q-71542,9686-7778-79336,24.93,2026-08-30,04/09/2026,Priced,
Q-71543,2671-6923-30578,31.92,2026-08-27,2026-09-12,Priced,
Q-71544,65 9169 4771 160,24.32,2026-08-26,2026-09-12,Priced,
Q-71545,6819770612241,17.72,2026-08-26,2026-09-06,Priced,
Q-71546,0989065229825,29.9,2026-08-30,2026-09-06,Priced,
Q-71547,5254338161203,18.97,2026-08-29,2026-09-11,Priced,
Q-71548,5858658340585,23.89,2026-08-29,05/09/2026,Priced,
Q-71549,29 1054 7397 360,20.08,2026-08-27,09/09/2026,Priced,
Q-71550,70 7990 7905 484,23.3,2026-08-26,2026-09-13,Priced,
Q-71551,21 0043 9545 712,25.89,2026-08-26,13/09/2026,Priced,
Q-71552,73 9786 4670 493,27.92,2026-08-29,07/09/2026,Priced,
Q-71553,6801667266530,31.82,2026-08-26,2026-09-11,Priced,
Q-71554,51 6057 1724 078,26.04,2026-08-26,04/09/2026,Priced,
Q-71555,5279-1047-31057,26.6,2026-08-28,2026-09-14,Priced,
Q-71556,30 7289 9649 291,19.31,2026-08-27,12/09/2026,Priced,
Q-71557,1649-0777-45880,19.39,2026-09-01,08/09/2026,Priced,
Q-71558,3899297964143,22.3,2026-08-31,2026-09-06,Priced,
Q-71559,1973-4930-41854,22.46,2026-08-29,2026-09-13,Priced,
Q-71560,3717028062245,18.27,2026-08-28,12/09/2026,Priced,
Q-71561,64 7462 9537 111,26.99,2026-08-30,2026-09-14,Priced,
Q-71562,6899-0665-35433,24.71,2026-09-01,09/09/2026,Priced,
Q-71563,6306796883137,21.03,2026-08-28,14/09/2026,Priced,
Q-71564,5590679143539,20.73,2026-08-26,05/09/2026,Priced,
Q-71565,6722-2806-51205,27.29,2026-08-28,06/09/2026,Priced,
Q-71566,3654-4032-66896,28.3,2026-08-27,07/09/2026,Priced,
Q-71567,5301-2613-16148,20.14,2026-08-27,2026-09-13,Priced,
Q-71568,1771-8064-26201,23.49,2026-08-30,07/09/2026,Priced,
Q-71569,5850816513494,29.23,2026-08-27,2026-09-12,Priced,
Q-71570,2108-4894-36490,19.69,2026-08-31,2026-09-08,Priced,
Q-71571,1623162441475,19.5,2026-08-26,2026-09-08,Priced,
Q-71572,7426877697973,23.44,2026-08-30,04/09/2026,Priced,
Q-71573,33 8017 0072 418,23.04,2026-08-31,2026-09-10,Priced,
Q-71574,0327-8004-58616,28.96,2026-08-28,2026-09-06,Priced,
Q-71575,6198-8621-32216,,2026-09-01,2026-09-09,Errored,Pricing engine returned no rate
Q-71576,1047-6018-58983,28.77,2026-08-26,2026-09-05,Priced,
Q-71577,1293-1161-83176,19.25,2026-09-01,08/09/2026,Priced,
Q-71578,9091646176109,27.07,2026-08-27,2026-09-10,Priced,
Q-71579,8068-7202-09197,27.09,2026-08-29,12/09/2026,Priced,
Q-71580,6457-3098-11040,18.72,2026-08-28,09/09/2026,Priced,
Q-71581,5158-2620-15364,18.41,2026-08-26,2026-09-08,Priced,
Q-71582,8181-7743-41491,27.94,2026-08-26,08/09/2026,Priced,
Q-71583,65 7833 0111 768,20.81,2026-08-28,2026-09-08,Priced,
Q-71584,67 8165 3062 589,30.57,2026-08-28,2026-09-15,Priced,
Q-71585,49 0244 4807 106,29.28,2026-08-27,2026-09-09,Priced,
Q-71586,96 3025 3473 338,26.42,2026-08-26,07/09/2026,Priced,
Q-71587,3855173484223,28.32,2026-08-30,2026-09-15,Priced,
Q-71588,9046-9148-24324,28.62,2026-08-30,08/09/2026,Priced,
Q-71589,5550-6153-71965,22.82,2026-08-30,2026-09-10,Priced,
Q-71590,66 6546 1220 887,24.85,2026-08-27,2026-09-14,Priced,
Q-71591,15 9999 2524 464,28.34,2026-08-28,11/09/2026,Priced,
Q-71592,4423284172768,32.08,2026-08-28,2026-09-14,Priced,
Q-71593,66 1509 8254 868,27.58,2026-08-30,2026-09-10,Priced,
Q-71594,40 6839 7389 118,15.27,2026-08-31,2026-09-13,Priced,
Q-71595,79 2208 5197 937,18.4,2026-08-26,2026-09-13,Priced,
Q-71596,7236400381866,18.17,2026-08-28,05/09/2026,Priced,
Q-71597,6830955550104,22.64,2026-08-26,2026-09-05,Priced,
Q-71598,0530990601865,27.28,2026-08-29,12/09/2026,Priced,
Q-71599,0563385559291,32.29,2026-08-31,2026-09-05,Priced,
Q-71600,7554375821222,25.27,2026-08-31,11/09/2026,Priced,
Q-71601,0057178565112,22.37,2026-08-31,2026-09-14,Priced,
Q-71602,46 3582 0101 113,25.81,2026-08-30,07/09/2026,Priced,
Q-71603,8731-6856-58084,20.5,2026-08-31,12/09/2026,Priced,
Q-71604,67 7373 0539 738,17.28,2026-09-01,15/09/2026,Priced,
Q-71605,0304978804600,30.89,2026-08-26,2026-09-10,Priced,
Q-71606,7500-0130-24279,20.61,2026-08-29,2026-09-04,Priced,
Q-71607,6908916478357,30.85,2026-09-01,11/09/2026,Priced,
Q-71608,9239-9800-89227,26.82,2026-08-28,10/09/2026,Priced,
Q-71609,18 1386 7148 687,28.64,2026-08-26,2026-09-05,Priced,
Q-71610,46 4701 7766 990,19.48,2026-09-01,2026-09-04,Priced,
Q-71611,5975285548403,29.38,2026-09-01,2026-09-04,Priced,
Q-71612,0206376264505,28.85,2026-08-27,2026-09-06,Priced,
Q-71613,3880-9031-69847,30.32,2026-08-30,2026-09-10,Priced,
Q-71614,8447-9033-72064,25.57,2026-08-31,04/09/2026,Priced,
Q-71615,5281588211016,29.84,2026-08-31,2026-09-15,Priced,
Q-71616,47 7091 7114 476,26.85,2026-08-29,2026-09-04,Priced,
Q-71617,4722-2445-24850,20.53,2026-09-01,10/09/2026,Priced,
Q-71618,9316-3876-71977,25.34,2026-08-28,07/09/2026,Priced,
Q-71619,1621498567000,18.13,2026-08-31,2026-09-06,Priced,
Q-71620,1011-6001-99387,26.44,2026-08-28,2026-09-12,Priced,
Q-71621,9295-9549-96141,27.31,2026-08-29,2026-09-15,Priced,
Q-71622,8089145246797,18.43,2026-09-01,2026-09-14,Priced,
Q-71623,4315-4460-73996,19.04,2026-09-01,2026-09-14,Priced,
Q-71624,6212-2909-02491,24.01,2026-08-27,13/09/2026,Priced,
Q-71625,0305-5896-42929,23.87,2026-09-01,2026-09-12,Priced,
Q-71626,03 7429 8216 342,26.78,2026-08-31,11/09/2026,Priced,
Q-71627,8173290526073,19.82,2026-08-30,05/09/2026,Priced,
Q-71628,6060-1127-67772,18.21,2026-08-26,10/09/2026,Priced,
Q-71629,0534-0213-97954,24.36,2026-08-29,2026-09-12,Priced,
Q-71630,8721-1926-87976,24.22,2026-09-01,11/09/2026,Priced,
Q-71631,13 2778 5230 822,27.0,2026-08-30,2026-09-06,Priced,
Q-71632,06 6534 6848 392,28.19,2026-08-30,15/09/2026,Priced,
Q-71633,6409-9833-14518,34.24,2026-08-27,05/09/2026,Priced,
Q-71634,9524287502825,24.87,2026-08-29,06/09/2026,Priced,
Q-71635,2674373500749,30.1,2026-08-28,2026-09-07,Priced,
Q-71636,9807133134410,25.37,2026-09-01,10/09/2026,Priced,
Q-71637,76 3757 7970 747,26.98,2026-08-29,2026-09-06,Priced,
Q-71638,1020270123780,28.31,2026-08-28,12/09/2026,Priced,
Q-71639,73 4649 3989 595,31.12,2026-09-01,2026-09-04,Priced,
Q-71640,4832442025701,,2026-08-30,2026-09-15,Errored,Pricing engine returned no rate
Q-71641,70 2100 6842 581,23.38,2026-08-30,2026-09-05,Priced,
Q-71642,22 5510 5383 628,26.09,2026-08-30,12/09/2026,Priced,
Q-71643,0928-0337-49897,18.63,2026-08-26,2026-09-15,Priced,
Q-71644,4474817158695,28.35,2026-08-27,12/09/2026,Priced,
Q-71645,1301217725583,34.6,2026-08-31,09/09/2026,Priced,
Q-71646,1850-0222-83111,,2026-08-27,2026-09-10,Errored,Timeout fetching consumption data
Q-71647,1644081021778,29.42,2026-09-01,2026-09-09,Priced,
Q-71648,8036402578482,23.05,2026-08-29,15/09/2026,Priced,
Q-71649,4201110203181,29.35,2026-08-28,2026-09-14,Priced,
Q-71650,8098-6911-70371,19.97,2026-08-29,2026-09-08,Priced,
Q-71651,9789448360965,22.65,2026-08-26,09/09/2026,Priced,
Q-71652,4671329751952,32.84,2026-09-01,2026-09-12,Priced,
Q-71653,45 6317 2323 339,17.6,2026-09-01,11/09/2026,Priced,
Q-71654,6189329132697,26.6,2026-08-27,2026-09-15,Priced,
Q-71655,91 6693 7098 262,24.12,2026-08-28,08/09/2026,Priced,
Q-71656,5175916955732,33.91,2026-08-29,2026-09-10,Priced,
Q-71657,3905-4421-20103,22.26,2026-08-28,2026-09-07,Priced,
Q-71658,9087768712880,26.56,2026-08-26,12/09/2026,Priced,
Q-71659,4010223480141,29.02,2026-08-27,2026-09-08,Priced,
Q-71660,4533043140115,,2026-08-26,2026-09-12,Errored,Timeout fetching consumption data
Q-71661,1551-5551-34324,24.74,2026-08-31,04/09/2026,Priced,
Q-71662,74 4796 2028 392,22.76,2026-08-31,2026-09-14,Priced,
Q-71663,95 8918 3065 971,21.17,2026-08-31,2026-09-04,Priced,
Q-71664,3347140600587,17.08,2026-08-27,2026-09-12,Priced,
Q-71665,19 1834 1739 531,32.27,2026-08-29,14/09/2026,Priced,
Q-71666,7530518011084,23.87,2026-08-26,07/09/2026,Priced,
Q-71667,0332176658159,31.45,2026-08-27,06/09/2026,Priced,
Q-71668,9714-3401-55617,29.33,2026-08-26,14/09/2026,Priced,
Q-71669,8969114718570,19.91,2026-08-29,12/09/2026,Priced,
Q-71670,5414832072104,29.21,2026-08-31,2026-09-11,Priced,
Q-71671,8479-5140-71890,31.33,2026-09-01,07/09/2026,Priced,
Q-71672,2598-0838-24139,26.67,2026-08-26,09/09/2026,Priced,
Q-71673,10 3484 2047 361,25.04,2026-08-30,2026-09-11,Priced,
Q-71674,87 2318 6890 666,25.34,2026-08-27,14/09/2026,Priced,
Q-71675,54 2862 6878 219,30.68,2026-08-27,14/09/2026,Priced,
Q-71676,1849241200025,26.06,2026-08-31,2026-09-10,Priced,
Q-71677,9066-3406-97154,23.01,2026-08-27,10/09/2026,Priced,
Q-71678,59 8532 1043 486,16.38,2026-08-31,2026-09-05,Priced,
Q-71679,4338458579352,18.53,2026-08-27,2026-09-11,Priced,
Q-71680,2215266007315,,2026-08-31,2026-09-05,Errored,Timeout fetching consumption data
Q-71681,8958855142041,22.66,2026-08-30,2026-09-13,Priced,
Q-71682,3688711724169,26.89,2026-08-29,14/09/2026,Priced,
Q-71683,7928049225561,20.68,2026-08-31,2026-09-14,Priced,
Q-71684,6164510486964,30.96,2026-08-27,2026-09-10,Priced,
Q-71685,9984410635139,,2026-08-29,04/09/2026,Errored,Pricing engine returned no rate
Q-71686,0913814992317,29.7,2026-08-26,2026-09-09,Priced,
Q-71687,0135-4846-09943,23.32,2026-08-27,08/09/2026,Priced,
Q-71688,1131-8760-93734,22.18,2026-08-28,07/09/2026,Priced,
Q-71689,6374253700131,16.57,2026-08-29,05/09/2026,Priced,
Q-71690,2948-8651-31331,22.43,2026-09-01,2026-09-13,Priced,
Q-71691,3695117230896,23.01,2026-08-31,2026-09-04,Priced,
Q-71692,9618454360987,26.01,2026-08-27,09/09/2026,Priced,
Q-71693,3806-3676-39341,29.92,2026-08-29,2026-09-04,Priced,
Q-71694,79 7104 9293 534,21.31,2026-08-26,2026-09-04,Priced,
Q-71695,9960057938045,23.05,2026-08-30,2026-09-14,Priced,
Q-71696,3276636374614,23.62,2026-08-29,04/09/2026,Priced,
Q-71697,0752185502560,32.49,2026-08-29,13/09/2026,Priced,
Q-71698,5411-2348-52246,19.37,2026-08-29,05/09/2026,Priced,
Q-71699,5975913554035,21.17,2026-08-29,04/09/2026,Priced,
Q-71700,84 2374 0111 838,27.78,2026-08-26,08/09/2026,Priced,
Q-71701,8192549832418,22.63,2026-08-31,14/09/2026,Priced,
Q-71702,9279-1427-09180,22.57,2026-08-29,2026-09-10,Priced,
Q-71703,5229074237029,20.31,2026-08-28,2026-09-12,Priced,
Q-71704,88 1426 5204 465,34.58,2026-08-27,14/09/2026,Priced,
Q-71705,0839-2984-10360,21.08,2026-09-01,05/09/2026,Priced,
Q-71706,3844-5344-38340,30.97,2026-08-30,11/09/2026,Priced,
Q-71707,7902004083476,25.05,2026-08-29,2026-09-14,Priced,
Q-71708,5923176146336,23.43,2026-09-01,2026-09-10,Priced,
Q-71709,82 1186 6597 837,28.87,2026-08-26,08/09/2026,Priced,
Q-71710,1479-3516-44727,16.42,2026-08-27,2026-09-15,Priced,
Q-71711,12 1900 7742 690,17.83,2026-08-28,2026-09-05,Priced,
Q-71712,7016932520184,20.62,2026-08-28,2026-09-08,Priced,
Q-71713,9121504475143,16.53,2026-08-27,2026-09-14,Priced,
Q-71714,66 2786 7045 694,23.32,2026-08-27,15/09/2026,Priced,
Q-71715,34 5122 5254 574,25.68,2026-08-29,2026-09-08,Priced,
Q-71716,0463-0413-11481,18.05,2026-08-26,15/09/2026,Priced,
Q-71717,4747-4495-14196,22.02,2026-08-28,2026-09-11,Priced,
Q-71718,8193-1734-23511,18.11,2026-08-26,15/09/2026,Priced,
Q-71719,49 9420 8627 912,26.79,2026-08-28,2026-09-12,Priced,
Q-71720,8222037178964,21.53,2026-08-27,2026-09-10,Priced,
Q-71721,80 7772 5749 336,26.23,2026-08-28,09/09/2026,Priced,
Q-71722,5188973826616,24.87,2026-09-01,2026-09-06,Priced,
Q-71723,6271071802332,16.94,2026-08-28,04/09/2026,Priced,
Q-71724,4919861221801,31.23,2026-08-27,2026-09-07,Priced,
Q-71725,86 5700 1277 131,25.26,2026-09-01,09/09/2026,Priced,
Q-71726,0183-0684-91865,23.98,2026-08-28,07/09/2026,Priced,
Q-71727,1314698127301,21.95,2026-08-27,2026-09-11,Priced,
Q-71728,2430181443492,19.12,2026-08-29,2026-09-08,Priced,
Q-71729,59 6652 1990 489,28.12,2026-09-01,2026-09-13,Priced,
Q-71730,9103563103862,23.94,2026-08-30,2026-09-08,Priced,
Q-71731,5398-1947-54914,27.24,2026-08-27,13/09/2026,Priced,
Q-71732,7064774717764,20.11,2026-08-30,14/09/2026,Priced,
Q-71733,65 4536 5563 949,25.52,2026-08-28,15/09/2026,Priced,
Q-71734,1918881162967,25.16,2026-08-31,2026-09-06,Priced,
Q-71735,0818797036664,22.88,2026-08-27,04/09/2026,Priced,
Q-71736,5073-8797-18079,25.18,2026-08-29,04/09/2026,Priced,
Q-71737,5769869530080,21.99,2026-08-31,15/09/2026,Priced,
Q-71738,1347148508250,19.75,2026-08-28,2026-09-10,Priced,
Q-71739,9960880119915,21.86,2026-08-29,2026-09-04,Priced,
Q-71740,26 3861 9743 812,31.27,2026-08-29,11/09/2026,Priced,
Q-71741,3869518769918,23.54,2026-08-31,14/09/2026,Priced,
Q-71742,84 8243 3485 736,23.15,2026-08-26,13/09/2026,Priced,
Q-71743,41 5052 0814 764,21.6,2026-08-28,15/09/2026,Priced,
Q-71744,77 4621 5327 005,20.81,2026-08-31,15/09/2026,Priced,
Q-71745,9097420672327,22.65,2026-09-01,07/09/2026,Priced,
Q-71746,5152247159937,29.04,2026-08-28,2026-09-09,Priced,
Q-71747,6391-2128-57856,22.72,2026-08-27,06/09/2026,Priced,
Q-71748,85 7109 7489 274,16.67,2026-08-27,2026-09-10,Priced,
Q-71749,7367402756531,26.08,2026-08-26,2026-09-04,Priced,
Q-71750,2748466403333,22.0,2026-08-28,14/09/2026,Priced,
Q-71751,9015135335433,23.24,2026-08-30,2026-09-12,Priced,
Q-71752,3325083640670,23.04,2026-08-31,2026-09-09,Priced,
Q-71753,8828-7007-21551,25.7,2026-08-31,07/09/2026,Priced,
Q-71754,8084414370883,,2026-08-26,15/09/2026,Errored,Timeout fetching consumption data
Q-71755,8961078020326,21.25,2026-09-01,2026-09-07,Priced,
Q-71756,2971-2822-43349,20.47,2026-08-27,10/09/2026,Priced,
Q-71757,4456279777281,22.88,2026-08-31,2026-09-04,Priced,
Q-71758,2286-4658-28346,26.61,2026-08-30,07/09/2026,Priced,
Q-71759,38 6802 3689 940,32.27,2026-08-28,2026-09-14,Priced,
Q-71760,9308578604295,26.05,2026-08-26,2026-09-05,Priced,
Q-71761,2146-6427-56837,22.86,2026-08-30,2026-09-04,Priced,
Q-71762,70 5688 7034 435,21.18,2026-08-29,12/09/2026,Priced,
Q-71763,2554483133491,30.38,2026-09-01,2026-09-12,Priced,
Q-71764,96 1761 8868 479,21.64,2026-08-26,12/09/2026,Priced,
Q-71765,8072-1108-76663,31.31,2026-08-27,11/09/2026,Priced,
Q-71766,0843-3875-51155,19.08,2026-08-31,2026-09-13,Priced,
Q-71767,9431-8687-39524,25.17,2026-09-01,2026-09-13,Priced,
Q-71768,1079-3036-69942,27.58,2026-09-01,2026-09-10,Priced,
Q-71769,05 6297 8887 614,32.98,2026-08-26,05/09/2026,Priced,
Q-71770,6354520749857,,2026-08-30,04/09/2026,Errored,Pricing engine returned no rate
Q-71771,92 0969 6904 745,24.38,2026-09-01,2026-09-14,Priced,
Q-71772,0925488067606,25.61,2026-08-28,04/09/2026,Priced,
Q-71773,9305-2303-09487,31.18,2026-08-30,2026-09-08,Priced,
Q-71774,7972-7365-24850,28.54,2026-08-29,09/09/2026,Priced,
Q-71775,3981909714762,29.55,2026-08-31,2026-09-10,Priced,
Q-71776,63 4708 4983 745,19.33,2026-08-29,2026-09-11,Priced,
Q-71777,50 7563 1012 682,26.98,2026-08-26,07/09/2026,Priced,
Q-71778,5588533001972,20.14,2026-09-01,2026-09-13,Priced,
Q-71779,23 0086 5460 326,28.02,2026-08-28,11/09/2026,Priced,
Q-71780,44 7364 8200 972,19.12,2026-08-31,05/09/2026,Priced,
Q-71781,5911871946757,27.19,2026-08-27,2026-09-07,Priced,
Q-71782,1356153186014,29.41,2026-08-31,11/09/2026,Priced,
Q-71783,28 3482 2612 232,25.85,2026-09-01,2026-09-06,Priced,
Q-71784,25 8318 4497 579,31.09,2026-08-28,11/09/2026,Priced,
Q-71785,7147919311086,20.04,2026-08-26,2026-09-09,Priced,
Q-71786,9648655626352,28.45,2026-08-29,2026-09-06,Priced,
Q-71787,4872-2596-63891,20.45,2026-08-27,12/09/2026,Priced,
Q-71788,56 7226 8201 403,30.25,2026-09-01,13/09/2026,Priced,
Q-71789,82 0692 4460 905,25.11,2026-08-26,2026-09-12,Priced,
Q-71790,49 6208 1262 556,32.81,2026-08-30,2026-09-04,Priced,
Q-71791,0044-3419-38967,27.09,2026-08-30,05/09/2026,Priced,
Q-71792,00 2326 4649 065,28.34,2026-08-27,2026-09-06,Priced,
Q-71793,95 7748 1114 616,25.1,2026-08-29,2026-09-07,Priced,
Q-71794,4043-6635-41354,20.72,2026-08-28,2026-09-06,Priced,
Q-71795,6588339441436,19.68,2026-08-30,2026-09-14,Priced,
Q-71796,66 4944 8872 070,23.75,2026-08-27,2026-09-07,Priced,
Q-71797,6269-6482-88552,20.47,2026-08-30,08/09/2026,Priced,
Q-71798,93 8047 5843 882,22.36,2026-08-27,11/09/2026,Priced,
Q-71799,7400-0315-18178,27.28,2026-08-28,09/09/2026,Priced,
Q-71800,7175-0888-56630,,2026-08-26,2026-09-10,Errored,Pricing engine returned no rate
Q-71801,4339668665947,25.81,2026-08-28,12/09/2026,Priced,
Q-71802,43 2794 5185 875,17.14,2026-08-31,04/09/2026,Priced,
Q-71803,6445883236296,16.25,2026-08-28,2026-09-08,Priced,
Q-71804,6989-0678-92828,28.1,2026-08-29,06/09/2026,Priced,
Q-71805,6824-7064-77310,18.44,2026-08-31,13/09/2026,Priced,
Q-71806,7087-6708-84336,24.26,2026-08-26,2026-09-13,Priced,
Q-71807,8522-2106-25128,35.19,2026-08-29,2026-09-15,Priced,
Q-71808,8780-0923-88405,24.53,2026-08-26,2026-09-13,Priced,
Q-71809,23 0394 0553 266,24.39,2026-09-01,06/09/2026,Priced,
Q-71810,37 9517 7990 971,30.75,2026-08-26,09/09/2026,Priced,
Q-71811,1123-1828-37818,27.53,2026-08-27,08/09/2026,Priced,
Q-71812,9556-1551-23368,27.54,2026-08-29,15/09/2026,Priced,
Q-71813,1972-3098-13060,21.08,2026-08-26,2026-09-14,Priced,
Q-71814,57 8021 5844 147,20.8,2026-09-01,12/09/2026,Priced,
Q-71815,5693840151528,27.99,2026-08-26,2026-09-05,Priced,
Q-71816,5235271968627,31.44,2026-09-01,07/09/2026,Priced,
Q-71817,67 2678 9568 600,27.55,2026-08-30,12/09/2026,Priced,
Q-71818,8520-3976-10566,22.57,2026-08-30,2026-09-15,Priced,
Q-71819,5908224564965,23.64,2026-08-31,05/09/2026,Priced,
Q-71820,6123605436981,18.48,2026-08-29,12/09/2026,Priced,
Q-71821,7376-2177-27357,25.55,2026-09-01,10/09/2026,Priced,
Q-71822,5799-6420-72638,17.81,2026-08-27,11/09/2026,Priced,
Q-71823,8144882873579,24.07,2026-08-30,10/09/2026,Priced,
Q-71824,5900779275582,22.36,2026-08-31,07/09/2026,Priced,
Q-71825,9211104095996,17.41,2026-08-30,05/09/2026,Priced,
Q-71826,44 4031 6698 020,19.26,2026-08-27,2026-09-05,Priced,
Q-71827,1707848149075,22.6,2026-08-28,2026-09-06,Priced,
Q-71828,8337-0525-72539,27.86,2026-08-27,15/09/2026,Priced,
Q-71829,1211512298365,27.15,2026-08-30,06/09/2026,Priced,
Q-71830,14 7554 9789 988,17.98,2026-08-29,2026-09-07,Priced,
Q-71831,3688057969620,21.75,2026-08-31,2026-09-12,Priced,
Q-71832,1944920256402,28.35,2026-08-30,04/09/2026,Priced,
Q-71833,2006-1875-42172,18.97,2026-08-26,15/09/2026,Priced,
Q-71834,5447939710633,22.53,2026-08-27,07/09/2026,Priced,
Q-71835,16 2187 4452 742,22.9,2026-08-26,15/09/2026,Priced,
Q-71836,8487637429050,20.73,2026-08-27,2026-09-10,Priced,
Q-71837,3200-6558-45688,23.43,2026-08-31,2026-09-09,Priced,
Q-71838,8230-2335-15870,31.99,2026-08-29,10/09/2026,Priced,
Q-71839,0299287307234,34.58,2026-08-26,07/09/2026,Priced,
Q-71840,2586144321429,25.2,2026-08-30,05/09/2026,Priced,
Q-71841,7814108715239,17.41,2026-08-27,05/09/2026,Priced,
Q-71842,84 3079 3355 738,23.41,2026-09-01,10/09/2026,Priced,
Q-71843,32 6098 8347 902,23.58,2026-08-28,2026-09-12,Priced,
Q-71844,2816-6797-72336,32.87,2026-08-31,2026-09-12,Priced,
Q-71845,6664222718974,23.0,2026-08-28,05/09/2026,Priced,
Q-71846,1080-3305-70077,18.58,2026-08-28,05/09/2026,Priced,
Q-71847,34 5043 5318 760,23.8,2026-08-27,04/09/2026,Priced,
Q-71848,24 8748 3281 953,17.37,2026-08-29,07/09/2026,Priced,
Q-71849,02 6780 1663 608,25.42,2026-08-30,11/09/2026,Priced,
Q-71850,77 4297 8886 217,22.56,2026-08-27,13/09/2026,Priced,
Q-71851,2804325262092,20.92,2026-08-27,14/09/2026,Priced,
Q-71852,9274-5248-91395,27.43,2026-08-28,15/09/2026,Priced,
Q-71853,7371-5640-75475,24.56,2026-08-26,2026-09-09,Priced,
Q-71854,88 1146 3517 565,18.89,2026-08-26,15/09/2026,Priced,
Q-71855,3757044293642,27.12,2026-08-28,2026-09-12,Priced,
Q-71856,19 0276 9996 232,18.49,2026-09-01,2026-09-07,Priced,
Q-71857,3327250644144,29.16,2026-08-26,2026-09-06,Priced,
Q-71858,33 7216 9344 629,28.5,2026-08-30,2026-09-12,Priced,
Q-71859,56 6301 5069 899,22.94,2026-08-27,2026-09-13,Priced,
Q-71860,43 6600 3870 052,22.91,2026-08-28,2026-09-06,Priced,
Q-71861,4244343870983,31.13,2026-08-30,2026-09-14,Priced,
Q-71862,5458216901730,26.36,2026-08-30,2026-09-12,Priced,
Q-71863,7222245159218,32.53,2026-08-31,10/09/2026,Priced,
Q-71864,7359-9465-82400,27.64,2026-08-31,2026-09-04,Priced,
Q-71865,5255-7448-66051,19.76,2026-08-30,2026-09-08,Priced,
Q-71866,6899564977861,,2026-08-28,05/09/2026,Errored,Timeout fetching consumption data
Q-71867,70 8916 9587 159,29.57,2026-08-30,08/09/2026,Priced,
Q-71868,09 6056 5987 537,29.88,2026-09-01,2026-09-06,Priced,
Q-71869,1027-6922-99341,31.11,2026-08-27,2026-09-05,Priced,
Q-71870,60 0215 2895 777,23.18,2026-08-30,12/09/2026,Priced,
Q-71871,7335-6068-06035,,2026-08-26,2026-09-06,Errored,Timeout fetching consumption data
Q-71872,1443540677814,19.56,2026-08-31,06/09/2026,Priced,
Q-71873,3693066543352,27.03,2026-08-30,10/09/2026,Priced,
Q-71874,2352132349437,28.95,2026-08-26,2026-09-14,Priced,
Q-71875,73 6263 2809 136,27.5,2026-08-26,12/09/2026,Priced,
Q-71876,4730738700040,27.28,2026-08-31,2026-09-10,Priced,
Q-71877,3597-5997-50353,22.39,2026-08-27,2026-09-04,Priced,
Q-71878,09 0271 1057 446,27.1,2026-08-27,05/09/2026,Priced,
Q-71879,3938-6241-11178,20.73,2026-08-26,2026-09-07,Priced,
Q-71880,23 7175 1772 636,25.48,2026-08-27,2026-09-14,Priced,
Q-71881,69 5942 4877 426,20.55,2026-09-01,09/09/2026,Priced,
Q-71882,4996-3832-10743,22.54,2026-08-28,2026-09-08,Priced,
Q-71883,8225042757474,23.67,2026-08-31,2026-09-04,Priced,
Q-71884,5330261817009,16.84,2026-09-01,2026-09-11,Priced,
Q-71885,5504849586373,16.02,2026-08-26,12/09/2026,Priced,
Q-71886,0757-6160-61026,17.81,2026-08-27,2026-09-11,Priced,
Q-71887,5379717601912,23.67,2026-08-31,10/09/2026,Priced,
Q-71888,09 3713 3552 078,26.15,2026-08-29,2026-09-12,Priced,
Q-71889,5808-6772-85160,30.6,2026-08-28,13/09/2026,Priced,
Q-71890,9033873723811,20.41,2026-08-31,07/09/2026,Priced,
Q-71891,0098904370742,18.97,2026-08-30,13/09/2026,Priced,
Q-71892,4729-5839-56174,21.41,2026-08-29,2026-09-09,Priced,
Q-71893,1033960297803,21.46,2026-08-31,09/09/2026,Priced,
Q-71894,4422920583708,,2026-09-01,2026-09-04,Errored,Timeout fetching consumption data
Q-71895,5040767934435,22.32,2026-08-30,06/09/2026,Priced,
Q-71896,7557150960460,21.19,2026-08-28,05/09/2026,Priced,
Q-71897,26 1509 8655 675,33.01,2026-09-01,08/09/2026,Priced,
Q-71898,3982-6550-91425,18.71,2026-09-01,12/09/2026,Priced,
Q-71899,6086-9388-55867,23.51,2026-08-30,2026-09-08,Priced,
Q-71900,83 3456 0401 728,27.29,2026-08-28,05/09/2026,Priced,
Q-71901,8943-5871-78286,25.56,2026-08-28,2026-09-10,Priced,
Q-71902,58 0638 0588 566,29.54,2026-08-29,2026-09-11,Priced,
Q-71903,9798087554850,18.05,2026-08-30,2026-09-09,Priced,
Q-71904,9316-4159-53384,27.12,2026-09-01,2026-09-10,Priced,
Q-71905,06 9969 9196 414,27.14,2026-08-30,11/09/2026,Priced,
Q-71906,8215856326345,19.37,2026-08-27,07/09/2026,Priced,
Q-71907,09 0405 2062 665,22.73,2026-08-29,05/09/2026,Priced,
Q-71908,2659-1283-93208,26.22,2026-08-31,14/09/2026,Priced,
Q-71909,2019416476372,26.61,2026-08-28,09/09/2026,Priced,
Q-71910,7474417845423,19.8,2026-08-30,2026-09-15,Priced,
Q-71911,4540299299975,,2026-09-01,08/09/2026,Errored,Timeout fetching consumption data
Q-71912,07 6329 0021 736,28.91,2026-09-01,05/09/2026,Priced,
Q-71913,0337-0069-37602,19.26,2026-08-27,09/09/2026,Priced,
Q-71914,78 0205 8874 419,17.85,2026-09-01,12/09/2026,Priced,
Q-71915,28 9752 9389 283,22.53,2026-08-28,14/09/2026,Priced,
Q-71916,7543458309293,18.73,2026-08-28,2026-09-11,Priced,
Q-71917,7405-8392-34882,24.1,2026-09-01,15/09/2026,Priced,
Q-71918,8683-9322-15396,34.02,2026-08-31,09/09/2026,Priced,
Q-71919,4664-6693-75590,31.11,2026-08-27,07/09/2026,Priced,
Q-71920,6725-6571-16519,23.8,2026-08-28,12/09/2026,Priced,
Q-71921,3534339954205,19.99,2026-08-31,05/09/2026,Priced,
Q-71922,6961832027242,18.71,2026-08-28,2026-09-07,Priced,
Q-71923,85 7718 7989 395,30.07,2026-08-29,11/09/2026,Priced,
Q-71924,8551-3215-12348,26.49,2026-08-31,2026-09-13,Priced,
Q-71925,9534-4097-75988,24.82,2026-08-27,2026-09-06,Priced,
Q-71926,8860984912765,22.76,2026-08-30,06/09/2026,Priced,
Q-71927,3547603013970,31.54,2026-08-30,2026-09-15,Priced,
Q-71928,01 1621 1261 322,21.0,2026-08-29,13/09/2026,Priced,
Q-71929,7871692062106,25.22,2026-08-29,2026-09-06,Priced,
Q-71930,9895791672989,23.28,2026-08-30,2026-09-04,Priced,
Q-71931,05 1116 7833 342,24.1,2026-08-27,2026-09-04,Priced,
Q-71932,06 1229 1637 686,26.61,2026-08-27,2026-09-04,Priced,
Q-71933,9492061943427,28.15,2026-08-27,2026-09-11,Priced,
Q-71934,6862878242075,34.37,2026-08-28,2026-09-04,Priced,
Q-71935,1994423928728,25.89,2026-08-29,2026-09-12,Priced,
Q-71936,16 6481 8257 016,25.88,2026-08-27,2026-09-07,Priced,
Q-71937,9189364595930,19.78,2026-09-01,05/09/2026,Priced,
Q-71938,5824003220193,16.11,2026-08-31,2026-09-04,Priced,
Q-71939,4958924300717,16.06,2026-08-27,15/09/2026,Priced,
Q-71940,2869-8503-25839,22.79,2026-08-27,05/09/2026,Priced,
Q-71941,8068-7779-17473,20.61,2026-08-29,14/09/2026,Priced,
Q-71942,3733-5142-34775,32.13,2026-08-26,2026-09-11,Priced,
Q-71943,5481222779138,30.82,2026-08-30,15/09/2026,Priced,
Q-71944,0903750378603,32.33,2026-08-27,2026-09-11,Priced,
Q-71945,83 4792 0011 834,22.47,2026-08-31,12/09/2026,Priced,
Q-71946,1968526250275,25.13,2026-08-26,14/09/2026,Priced,
Q-71947,0252-4835-11303,18.99,2026-08-30,2026-09-08,Priced,
Q-71948,47 3656 7428 348,22.68,2026-08-30,12/09/2026,Priced,
Q-71949,1267259469902,17.65,2026-08-30,06/09/2026,Priced,
Q-71950,2144544061264,24.08,2026-08-26,12/09/2026,Priced,
Q-71951,9934-5872-28481,29.86,2026-08-28,04/09/2026,Priced,
Q-71952,6220231559256,18.48,2026-08-31,12/09/2026,Priced,
Q-71953,67 1819 8256 118,,2026-08-29,2026-09-08,Errored,Pricing engine returned no rate
Q-71954,4493576806562,20.17,2026-08-29,11/09/2026,Priced,
Q-71955,6952-3151-57449,22.8,2026-08-26,2026-09-06,Priced,
Q-71956,15 3900 9439 463,26.76,2026-08-26,13/09/2026,Priced,
Q-71957,0046533138109,29.06,2026-08-26,05/09/2026,Priced,
Q-71958,6646-7132-73308,25.27,2026-08-26,2026-09-10,Priced,
Q-71959,1382-7806-37774,16.76,2026-08-31,08/09/2026,Priced,
Q-71960,9281-7707-23017,27.45,2026-08-29,07/09/2026,Priced,
Q-71961,10 5017 2910 446,17.68,2026-08-27,2026-09-14,Priced,
Q-71962,0064-2474-68826,18.3,2026-08-28,14/09/2026,Priced,
Q-71963,4619472104042,16.29,2026-08-28,09/09/2026,Priced,
Q-71964,4451-6405-84877,25.11,2026-08-26,05/09/2026,Priced,
Q-71965,6148796145212,29.64,2026-08-27,04/09/2026,Priced,
Q-71966,8853816289428,23.42,2026-08-27,2026-09-08,Priced,
Q-71967,3590-0729-00349,18.09,2026-08-31,2026-09-04,Priced,
Q-71968,0562-6566-75468,,2026-08-26,13/09/2026,Errored,Timeout fetching consumption data
Q-71969,5100929281442,20.45,2026-08-26,2026-09-14,Priced,
Q-71970,9828027085002,22.29,2026-09-01,2026-09-05,Priced,
Q-71971,3516-8604-71165,29.78,2026-08-31,2026-09-09,Priced,
Q-71972,5359235128936,25.94,2026-08-26,10/09/2026,Priced,
Q-71973,3642066170789,23.27,2026-09-01,04/09/2026,Priced,
Q-71974,0636033037913,20.35,2026-08-28,2026-09-07,Priced,
Q-71975,3492337113747,24.14,2026-08-28,07/09/2026,Priced,
Q-71976,85 6211 9479 524,25.5,2026-08-29,12/09/2026,Priced,
Q-71977,6315109459350,21.22,2026-08-28,2026-09-06,Priced,
Q-71978,0210-7807-77954,24.14,2026-08-26,2026-09-12,Priced,
Q-71979,90 7107 1609 829,,2026-08-31,2026-09-08,Errored,Timeout fetching consumption data
Q-71980,7788-0149-53012,34.07,2026-08-31,2026-09-12,Priced,
Q-71981,60 9262 4947 870,19.29,2026-08-28,2026-09-15,Priced,
Q-71982,4042-0260-98937,28.48,2026-08-27,2026-09-11,Priced,
Q-71983,6696020851774,26.14,2026-08-27,05/09/2026,Priced,
Q-71984,8435957526714,,2026-08-31,2026-09-12,Errored,Timeout fetching consumption data
Q-71985,0047-6721-17162,18.62,2026-08-30,2026-09-14,Priced,
Q-71986,2523-5812-30484,23.2,2026-08-30,2026-09-06,Priced,
Q-71987,8808-7482-78893,20.68,2026-09-01,2026-09-04,Priced,
Q-71988,27 4778 6677 433,23.87,2026-09-01,09/09/2026,Priced,
Q-71989,8605-9173-36082,21.32,2026-08-29,2026-09-15,Priced,
Q-71990,41 2282 7818 569,21.14,2026-08-27,07/09/2026,Priced,
Q-71991,31 6696 9975 760,17.83,2026-08-27,2026-09-11,Priced,
Q-71992,29 7114 6999 861,32.11,2026-08-30,12/09/2026,Priced,
Q-71993,79 2107 0323 494,18.83,2026-08-26,10/09/2026,Priced,
Q-71994,3394400458580,30.57,2026-08-26,2026-09-11,Priced,
Q-71995,6840-2779-74030,18.52,2026-08-27,2026-09-10,Priced,
Q-71996,50 2108 7200 501,30.54,2026-08-31,2026-09-09,Priced,
Q-71997,8991815755241,27.45,2026-08-26,2026-09-14,Priced,
Q-71998,38 4406 2184 077,26.14,2026-08-31,11/09/2026,Priced,
Q-71999,6242782235194,25.02,2026-08-29,11/09/2026,Priced,
Q-72000,8756360663621,14.8,2026-08-28,07/09/2026,Priced,
Q-72001,8203831477753,27.75,2026-09-01,2026-09-13,Priced,
Q-72002,2719657771529,28.83,2026-08-26,11/09/2026,Priced,
Q-72003,7192-5060-49562,17.32,2026-08-27,2026-09-04,Priced,
Q-72004,03 0036 9395 493,19.3,2026-08-26,12/09/2026,Priced,
Q-72005,1181838826323,22.34,2026-08-30,04/09/2026,Priced,
Q-72006,5072168068944,28.18,2026-08-30,2026-09-15,Priced,
Q-72007,6069180715243,17.53,2026-08-26,2026-09-07,Priced,
Q-72008,7437848875535,27.83,2026-08-29,14/09/2026,Priced,
Q-72009,21 0899 7851 690,,2026-08-26,15/09/2026,Errored,Pricing engine returned no rate
Q-72010,1351188479828,17.73,2026-08-26,15/09/2026,Priced,
Q-72011,4451-5906-00695,33.2,2026-09-01,2026-09-07,Priced,
Q-72012,1848828119162,31.25,2026-09-01,11/09/2026,Priced,
Q-72013,6195-3547-25650,21.96,2026-08-29,2026-09-12,Priced,
Q-72014,75 0942 5336 907,26.05,2026-08-30,09/09/2026,Priced,
Q-72015,5221-7968-61349,21.68,2026-08-27,05/09/2026,Priced,
Q-72016,5687330763539,21.98,2026-08-29,2026-09-13,Priced,
Q-72017,5013274043613,20.36,2026-08-28,07/09/2026,Priced,
Q-72018,2834779252720,24.36,2026-08-29,05/09/2026,Priced,
Q-72019,44 8744 1504 543,24.4,2026-08-26,2026-09-09,Priced,
Q-72020,32 9663 1940 514,23.19,2026-08-31,2026-09-12,Priced,
Q-72021,1782-6992-76816,19.54,2026-08-27,13/09/2026,Priced,
Q-72022,5282-5134-83307,21.45,2026-08-28,05/09/2026,Priced,
Q-72023,0447-6479-39451,17.98,2026-08-28,08/09/2026,Priced,
Q-72024,16 9168 1130 374,,2026-08-27,2026-09-06,Errored,Pricing engine returned no rate
Q-72025,9022-0943-09005,19.76,2026-08-26,08/09/2026,Priced,
Q-72026,9651-1259-11168,25.41,2026-08-30,07/09/2026,Priced,
Q-72027,5582-5924-53634,20.3,2026-08-29,2026-09-07,Priced,
Q-72028,6336-0398-88944,19.18,2026-08-27,10/09/2026,Priced,
Q-72029,08 8739 6097 208,28.6,2026-08-31,15/09/2026,Priced,
Q-72030,0546603857944,21.03,2026-08-31,13/09/2026,Priced,
Q-72031,9012-6439-76528,24.64,2026-08-29,09/09/2026,Priced,
Q-72032,4258908952531,31.52,2026-08-31,14/09/2026,Priced,
Q-72033,0964308001345,32.85,2026-09-01,07/09/2026,Priced,
Q-72034,5156762130481,17.64,2026-08-27,15/09/2026,Priced,
Q-72035,02 6670 9102 821,,2026-08-27,07/09/2026,Errored,Pricing engine returned no rate
Q-72036,8840228257091,27.1,2026-08-28,09/09/2026,Priced,
Q-72037,2777-2242-10537,19.35,2026-09-01,2026-09-04,Priced,
Q-72038,73 6850 5588 791,15.86,2026-08-31,2026-09-15,Priced,
Q-72039,80 4251 8408 141,26.56,2026-08-31,06/09/2026,Priced,
Q-72040,85 1748 4878 975,,2026-08-29,12/09/2026,Errored,Pricing engine returned no rate
Q-72041,5147433725878,33.83,2026-08-29,12/09/2026,Priced,
Q-72042,3473392236136,18.32,2026-08-29,14/09/2026,Priced,
Q-72043,34 5592 2481 873,32.55,2026-08-27,2026-09-07,Priced,
Q-72044,7227242020044,27.67,2026-08-27,06/09/2026,Priced,
Q-72045,5228028836973,23.28,2026-08-31,14/09/2026,Priced,
Q-72046,3134979343253,32.1,2026-08-27,2026-09-14,Priced,
Q-72047,0557-5063-46417,27.4,2026-08-30,13/09/2026,Priced,
Q-72048,8128098636441,22.81,2026-08-27,2026-09-07,Priced,
Q-72049,2051-6672-80652,28.02,2026-08-28,2026-09-07,Priced,
Q-72050,0309-6961-75300,27.19,2026-08-30,04/09/2026,Priced,
Q-72051,9626-4434-98225,19.14,2026-09-01,15/09/2026,Priced,
Q-72052,7776475999422,18.64,2026-08-30,15/09/2026,Priced,
Q-72053,3644638942831,35.07,2026-09-01,2026-09-05,Priced,
Q-72054,1107-0597-65154,33.09,2026-08-28,05/09/2026,Priced,
Q-72055,94 2848 6785 181,,2026-08-28,04/09/2026,Errored,Pricing engine returned no rate
Q-72056,06 5424 1865 933,30.95,2026-08-26,10/09/2026,Priced,
Q-72057,97 5997 7040 151,25.33,2026-08-31,2026-09-13,Priced,
Q-72058,2973671350604,22.54,2026-08-29,05/09/2026,Priced,
Q-72059,3900-4277-77181,,2026-08-28,15/09/2026,Errored,Timeout fetching consumption data
Q-72060,0830-6697-74640,23.96,2026-08-30,11/09/2026,Priced,
Q-72061,3024293540207,23.48,2026-08-26,08/09/2026,Priced,
Q-72062,78 4004 0248 096,32.55,2026-08-29,13/09/2026,Priced,
Q-72063,21 0792 5754 126,35.08,2026-08-28,04/09/2026,Priced,
Q-72064,3766-5778-58391,22.7,2026-08-26,09/09/2026,Priced,
Q-72065,02 6679 6037 504,20.59,2026-08-31,07/09/2026,Priced,
Q-72066,58 6697 9576 226,20.39,2026-08-28,07/09/2026,Priced,
Q-72067,9245497788741,20.67,2026-08-29,2026-09-07,Priced,
Q-72068,5224014792028,20.21,2026-08-28,2026-09-06,Priced,
Q-72069,6396873705235,19.8,2026-08-29,2026-09-07,Priced,
Q-72070,1549-9427-14990,17.88,2026-09-01,14/09/2026,Priced,
Q-72071,63 2728 7562 569,,2026-08-26,10/09/2026,Errored,Timeout fetching consumption data
Q-72072,7282120900579,28.19,2026-08-28,2026-09-05,Priced,
Q-72073,6035195211356,,2026-08-26,2026-09-05,Errored,Pricing engine returned no rate
Q-72074,75 6493 2133 564,28.08,2026-08-28,05/09/2026,Priced,
Q-72075,16 0219 5550 866,26.07,2026-09-01,2026-09-09,Priced,
Q-72076,8135881599654,30.96,2026-08-30,2026-09-04,Priced,
Q-72077,6331556392183,27.99,2026-09-01,2026-09-05,Priced,
Q-72078,4859-3790-75165,16.95,2026-08-28,07/09/2026,Priced,
Q-72079,29 2843 8410 720,22.37,2026-08-30,10/09/2026,Priced,
Q-72080,72 3162 0557 893,24.22,2026-09-01,2026-09-11,Priced,
Q-72081,87 7780 4269 502,18.22,2026-08-28,2026-09-12,Priced,
Q-72082,61 9062 8128 737,20.18,2026-08-27,11/09/2026,Priced,
Q-72083,4580394007439,22.59,2026-08-28,2026-09-07,Priced,
Q-72084,0599998338587,24.66,2026-09-01,2026-09-06,Priced,
Q-72085,6458427078995,30.31,2026-08-26,2026-09-09,Priced,
Q-72086,1544-8870-50338,27.33,2026-08-26,2026-09-12,Priced,
Q-72087,1276546765401,,2026-08-28,05/09/2026,Errored,Pricing engine returned no rate
Q-72088,07 7477 4631 666,28.66,2026-08-27,04/09/2026,Priced,
Q-72089,71 0153 7536 147,28.04,2026-08-28,2026-09-13,Priced,
Q-72090,6525-4647-38951,25.19,2026-08-31,2026-09-06,Priced,
Q-72091,2365801421975,27.32,2026-08-30,2026-09-08,Priced,
Q-72092,64 5801 6468 630,21.92,2026-08-26,12/09/2026,Priced,
Q-72093,7527-5711-87414,26.95,2026-09-01,2026-09-14,Priced,
Q-72094,9366204577056,30.12,2026-09-01,2026-09-09,Priced,
Q-72095,9935-4922-41302,23.92,2026-09-01,14/09/2026,Priced,
Q-72096,1477-1652-84671,20.86,2026-08-28,2026-09-08,Priced,
Q-72097,9688450749698,35.31,2026-08-29,07/09/2026,Priced,
Q-72098,15 3518 0411 515,26.74,2026-08-26,2026-09-13,Priced,
Q-72099,0923-2211-34412,19.39,2026-08-26,04/09/2026,Priced,
Q-72100,6360-8973-03545,20.98,2026-08-29,13/09/2026,Priced,
Q-72101,3701126249591,28.02,2026-08-31,04/09/2026,Priced,
Q-72102,0655-3708-27382,33.4,2026-09-01,2026-09-10,Priced,
Q-72103,02 9116 3166 146,30.54,2026-08-31,2026-09-06,Priced,
Q-72104,4361181710177,21.21,2026-08-29,05/09/2026,Priced,
Q-72105,5897-5582-26815,22.6,2026-08-27,2026-09-08,Priced,
Q-72106,0365172160644,34.46,2026-08-28,14/09/2026,Priced,
Q-72107,82 1947 6115 513,23.56,2026-08-30,13/09/2026,Priced,
Q-72108,28 7106 2088 168,27.04,2026-08-28,2026-09-15,Priced,
Q-72109,5931136226997,20.08,2026-08-31,2026-09-04,Priced,
Q-72110,2453-5452-00402,16.55,2026-08-26,14/09/2026,Priced,
Q-72111,2779721594236,29.46,2026-08-27,2026-09-04,Priced,
Q-72112,8423381167339,,2026-08-29,2026-09-11,Errored,Pricing engine returned no rate
Q-72113,54 8024 2811 661,25.29,2026-08-30,11/09/2026,Priced,
Q-72114,7472-5746-05713,32.81,2026-09-01,10/09/2026,Priced,
Q-72115,21 6269 9753 657,28.19,2026-09-01,2026-09-13,Priced,
Q-72116,5377-9418-99314,18.29,2026-08-29,2026-09-12,Priced,
Q-72117,0664-1410-82771,,2026-08-31,2026-09-05,Errored,Pricing engine returned no rate
Q-72118,5151-6125-81903,29.28,2026-08-26,15/09/2026,Priced,
Q-72119,1523584044067,20.1,2026-08-26,2026-09-08,Priced,
Q-72120,43 3393 3106 055,29.84,2026-08-31,2026-09-05,Priced,
Q-72121,9226-3887-89901,19.08,2026-08-31,2026-09-11,Priced,
Q-72122,3830993719693,20.54,2026-08-30,2026-09-14,Priced,
Q-72123,2230-7950-06393,32.4,2026-08-29,2026-09-11,Priced,
Q-72124,1317-0085-07134,33.65,2026-09-01,2026-09-08,Priced,
Q-72125,4074637448979,28.94,2026-09-01,11/09/2026,Priced,
Q-72126,7008-8107-85320,27.55,2026-09-01,12/09/2026,Priced,
Q-72127,1105-0715-72523,19.68,2026-08-30,2026-09-04,Priced,
Q-72128,3234-2612-59317,32.49,2026-08-26,05/09/2026,Priced,
Q-72129,7576784063424,22.92,2026-08-28,2026-09-13,Priced,
Q-72130,8916761586607,30.66,2026-08-29,2026-09-05,Priced,
Q-72131,1571328360179,29.67,2026-08-29,04/09/2026,Priced,
Q-72132,0644986232180,20.21,2026-08-31,2026-09-06,Priced,
Q-72133,89 4274 1013 342,27.25,2026-08-29,2026-09-06,Priced,
Q-72134,68 3215 6506 238,21.79,2026-08-31,13/09/2026,Priced,
Q-72135,8688840775923,22.36,2026-08-28,2026-09-04,Priced,
Q-72136,5304962290239,21.04,2026-08-31,12/09/2026,Priced,
Q-72137,0662786447742,17.46,2026-08-26,2026-09-09,Priced,
Q-72138,42 8349 1466 287,26.78,2026-08-30,2026-09-10,Priced,
Q-72139,3952-0544-26795,31.07,2026-08-31,2026-09-13,Priced,
Q-72140,16 4583 6666 386,22.41,2026-08-31,12/09/2026,Priced,
Q-72141,4700761186660,17.06,2026-08-31,15/09/2026,Priced,
Q-72142,99 5037 3116 195,19.88,2026-08-30,09/09/2026,Priced,
Q-72143,4836962226116,26.35,2026-08-29,2026-09-06,Priced,
Q-72144,7000221439684,22.15,2026-08-30,10/09/2026,Priced,
Q-72145,18 9480 8590 167,25.65,2026-08-31,08/09/2026,Priced,
Q-72146,97 3280 7836 363,21.5,2026-08-27,11/09/2026,Priced,
Q-72147,41 7472 5501 249,31.39,2026-08-29,06/09/2026,Priced,
Q-72148,5584028092270,23.34,2026-08-29,2026-09-06,Priced,
Q-72149,3158786330326,,2026-08-27,2026-09-14,Errored,Pricing engine returned no rate
Q-72150,54 8511 6806 322,19.52,2026-08-28,15/09/2026,Priced,
Q-72151,1927478152380,19.35,2026-08-28,14/09/2026,Priced,
Q-72152,93 6804 7148 543,24.57,2026-08-30,12/09/2026,Priced,
Q-72153,0520540214219,21.33,2026-08-31,2026-09-04,Priced,
Q-72154,0370-1038-55182,18.5,2026-08-31,2026-09-06,Priced,
Q-72155,4616468714646,17.49,2026-08-27,09/09/2026,Priced,
Q-72156,9050596734493,19.86,2026-08-27,15/09/2026,Priced,
Q-72157,2972699915798,18.32,2026-08-26,15/09/2026,Priced,
Q-72158,9547420197516,33.93,2026-08-30,14/09/2026,Priced,
Q-72159,8939113242698,30.46,2026-08-26,2026-09-04,Priced,
Q-72160,2607408679155,25.61,2026-08-31,2026-09-09,Priced,
Q-72161,4636420305271,18.97,2026-08-30,2026-09-12,Priced,
Q-72162,8564-2825-82032,27.7,2026-08-26,13/09/2026,Priced,
Q-72163,00 9635 7560 572,31.88,2026-08-30,10/09/2026,Priced,
Q-72164,2378613696594,19.48,2026-08-30,06/09/2026,Priced,
Q-72165,5286411097057,21.17,2026-08-28,06/09/2026,Priced,
Q-72166,59 8305 5580 256,22.97,2026-08-27,04/09/2026,Priced,
Q-72167,9954-2705-66120,22.91,2026-09-01,2026-09-13,Priced,
Q-72168,6912709218753,17.5,2026-09-01,07/09/2026,Priced,
Q-72169,4954523055822,18.77,2026-09-01,2026-09-14,Priced,
Q-72170,5369-6361-56820,28.58,2026-08-27,13/09/2026,Priced,
Q-72171,19 1059 7566 367,25.06,2026-08-30,11/09/2026,Priced,
Q-72172,0275-4078-25148,20.72,2026-08-29,2026-09-08,Priced,
Q-72173,31 2530 5956 286,28.45,2026-08-27,10/09/2026,Priced,
Q-72174,5328660174254,26.4,2026-08-30,05/09/2026,Priced,
Q-72175,7412832582606,22.9,2026-08-30,05/09/2026,Priced,
Q-72176,6360-1696-97523,29.82,2026-08-29,2026-09-12,Priced,
Q-72177,62 0557 8935 653,28.95,2026-08-29,2026-09-13,Priced,
Q-72178,87 4688 0798 417,28.57,2026-08-30,2026-09-04,Priced,
Q-72179,1237147144591,27.66,2026-08-28,2026-09-10,Priced,
Q-72180,4611-1521-03841,19.04,2026-08-30,2026-09-07,Priced,
Q-72181,19 8303 8108 425,30.27,2026-08-31,13/09/2026,Priced,
Q-72182,5024306570399,30.43,2026-08-27,2026-09-09,Priced,
Q-72183,21 4981 0441 073,18.3,2026-08-26,2026-09-07,Priced,
Q-72184,5704-7960-90029,28.64,2026-09-01,11/09/2026,Priced,
Q-72185,7749791170550,18.98,2026-08-31,2026-09-08,Priced,
Q-72186,34 6484 4664 661,22.05,2026-08-29,04/09/2026,Priced,
Q-72187,4682-1432-29376,19.61,2026-08-29,2026-09-10,Priced,
Q-72188,2906-0829-97565,21.4,2026-08-27,2026-09-04,Priced,
Q-72189,8732-1039-75448,30.26,2026-08-31,2026-09-08,Priced,
Q-72190,5496-5629-43178,20.31,2026-08-30,15/09/2026,Priced,
Q-72191,8225-9951-45396,22.98,2026-08-28,14/09/2026,Priced,
Q-72192,5092-9288-36212,15.43,2026-08-29,2026-09-08,Priced,
Q-72193,3050-8082-91363,29.78,2026-09-01,15/09/2026,Priced,
Q-72194,4883-2423-94579,,2026-08-27,09/09/2026,Errored,Timeout fetching consumption data
Q-72195,8709-6340-28977,22.19,2026-09-01,12/09/2026,Priced,
Q-72196,6011000573945,20.77,2026-08-26,2026-09-13,Priced,
Q-72197,99 1714 5999 797,20.87,2026-08-31,2026-09-14,Priced,
Q-72198,30 0185 7441 177,24.09,2026-08-30,2026-09-11,Priced,
Q-72199,27 0024 7250 201,21.58,2026-08-29,2026-09-09,Priced,
Q-72200,10 9551 4157 864,21.06,2026-09-01,2026-09-12,Priced,
Q-72201,64 9753 3931 988,29.61,2026-08-26,2026-09-10,Priced,
Q-72202,68 7055 2711 147,32.64,2026-09-01,10/09/2026,Priced,
Q-72203,33 8763 7151 628,27.28,2026-08-27,05/09/2026,Priced,
Q-72204,90 5698 7181 260,24.51,2026-08-30,2026-09-07,Priced,
Q-72205,8122225151343,19.21,2026-08-29,05/09/2026,Priced,
Q-72206,67 0004 5707 243,24.78,2026-09-01,2026-09-09,Priced,
Q-72207,3189750596538,22.9,2026-08-28,2026-09-14,Priced,
Q-72208,8126658628547,22.66,2026-08-30,12/09/2026,Priced,
Q-72209,5140789849076,26.94,2026-08-28,08/09/2026,Priced,
Q-72210,0090234760611,19.0,2026-08-28,2026-09-10,Priced,
Q-72211,38 4549 9169 176,20.62,2026-09-01,11/09/2026,Priced,
Q-72212,1260139302836,33.04,2026-08-27,2026-09-08,Priced,
Q-72213,8246729546588,27.26,2026-08-30,2026-09-10,Priced,
Q-72214,0782-6859-46459,28.51,2026-09-01,06/09/2026,Priced,
Q-72215,67 3676 9500 256,28.77,2026-08-26,2026-09-10,Priced,
Q-72216,2925480857238,30.46,2026-08-28,2026-09-05,Priced,
Q-72217,5240-5069-52937,25.23,2026-08-29,2026-09-14,Priced,
Q-72218,1199514855191,19.26,2026-08-26,07/09/2026,Priced,
Q-72219,6437403424458,19.9,2026-08-31,13/09/2026,Priced,
Q-72220,7999756715767,23.66,2026-08-30,13/09/2026,Priced,
Q-72221,0469833402334,35.42,2026-09-01,15/09/2026,Priced,
Q-72222,6572735771347,33.49,2026-08-27,09/09/2026,Priced,
Q-72223,7778328142174,25.57,2026-08-29,12/09/2026,Priced,
Q-72224,6636955969936,18.77,2026-08-26,2026-09-15,Priced,
Q-72225,56 3657 9728 104,,2026-08-26,05/09/2026,Errored,Pricing engine returned no rate
Q-72226,6832-6675-72146,27.86,2026-09-01,2026-09-09,Priced,
Q-72227,7159855189421,17.62,2026-09-01,04/09/2026,Priced,
Q-72228,9046253561738,31.76,2026-08-30,04/09/2026,Priced,
Q-72229,8369733804667,28.55,2026-08-28,15/09/2026,Priced,
Q-72230,0604311027007,19.74,2026-08-31,06/09/2026,Priced,
Q-72231,8358281625145,37.04,2026-08-26,04/09/2026,Priced,
Q-72232,6132045774690,28.61,2026-08-26,05/09/2026,Priced,
Q-72233,5735226885537,26.05,2026-08-31,2026-09-06,Priced,
Q-72234,76 2388 9471 365,23.2,2026-08-28,06/09/2026,Priced,
Q-72235,40 6095 4597 121,20.71,2026-08-29,13/09/2026,Priced,
Q-72236,62 6181 0324 425,16.65,2026-08-28,09/09/2026,Priced,
Q-72237,4012-8812-22547,22.48,2026-08-26,08/09/2026,Priced,
Q-72238,8382161766772,35.61,2026-08-28,2026-09-15,Priced,
Q-72239,8871436632539,23.66,2026-08-27,10/09/2026,Priced,
Q-72240,0436-4580-81030,20.42,2026-08-26,2026-09-04,Priced,
Q-72241,51 2114 6470 876,22.3,2026-08-30,12/09/2026,Priced,
Q-72242,3788255213713,23.97,2026-08-29,11/09/2026,Priced,
Q-72243,9853-2637-58050,20.63,2026-08-29,2026-09-11,Priced,
Q-72244,06 6473 4659 252,26.76,2026-08-31,11/09/2026,Priced,
Q-72245,6656561494482,21.38,2026-08-29,09/09/2026,Priced,
Q-72246,28 7786 1198 328,35.31,2026-08-28,05/09/2026,Priced,
Q-72247,4017-4619-24788,30.88,2026-09-01,2026-09-07,Priced,
Q-72248,0181356967208,24.72,2026-08-27,15/09/2026,Priced,
Q-72249,2000453106331,21.67,2026-08-26,2026-09-14,Priced,
Q-72250,88 6807 1478 310,30.95,2026-09-01,2026-09-08,Priced,
Q-72251,9570326933453,20.64,2026-08-29,2026-09-13,Priced,
Q-72252,00 6789 6114 197,20.6,2026-08-29,15/09/2026,Priced,
Q-72253,35 2196 2216 432,27.62,2026-08-30,2026-09-04,Priced,
Q-72254,1305-2583-68500,21.39,2026-08-31,06/09/2026,Priced,
Q-72255,6287432466447,30.76,2026-08-27,2026-09-11,Priced,
Q-72256,6040-8133-97744,23.3,2026-09-01,04/09/2026,Priced,
Q-72257,4219-6669-48765,20.67,2026-08-28,2026-09-14,Priced,
Q-72258,83 9338 9176 804,30.07,2026-08-28,2026-09-05,Priced,
Q-72259,5709-0726-86753,22.77,2026-09-01,2026-09-04,Priced,
Q-72260,1369766848329,28.09,2026-08-29,14/09/2026,Priced,
Q-72261,85 4677 6492 336,18.64,2026-08-27,04/09/2026,Priced,
Q-72262,1995044708214,22.97,2026-08-29,15/09/2026,Priced,
Q-72263,1736-4409-96293,17.4,2026-09-01,2026-09-10,Priced,
Q-72264,2543-4147-02831,33.21,2026-08-27,2026-09-12,Priced,
Q-72265,2117578256735,23.16,2026-08-26,07/09/2026,Priced,
Q-72266,0488002242550,24.68,2026-09-01,11/09/2026,Priced,
Q-72267,5261733068931,28.85,2026-08-29,2026-09-12,Priced,
Q-72268,4106-7162-02546,19.84,2026-08-28,2026-09-14,Priced,
Q-72269,2049-1085-86995,20.23,2026-08-29,07/09/2026,Priced,
Q-72270,2679-3024-11750,25.68,2026-08-28,04/09/2026,Priced,
Q-72271,8737-2714-29343,19.99,2026-08-29,2026-09-10,Priced,
Q-72272,1257927834992,25.93,2026-08-29,2026-09-11,Priced,
Q-72273,3663-0358-40693,18.06,2026-08-30,2026-09-12,Priced,
Q-72274,5696198257865,29.04,2026-09-01,2026-09-06,Priced,
Q-72275,1552460599732,26.12,2026-08-28,13/09/2026,Priced,
Q-72276,81 1463 0609 309,25.78,2026-08-27,2026-09-15,Priced,
Q-72277,0248476233928,15.88,2026-08-29,10/09/2026,Priced,
Q-72278,1107-0638-43363,31.35,2026-08-29,2026-09-05,Priced,
Q-72279,2632-8131-92513,32.94,2026-08-29,2026-09-07,Priced,
Q-72280,7914-8358-87307,15.32,2026-08-29,11/09/2026,Priced,
Q-72281,1294688748090,24.52,2026-08-28,2026-09-08,Priced,
Q-72282,4695077419845,25.4,2026-08-26,15/09/2026,Priced,
Q-72283,7783-6915-13679,18.8,2026-08-28,2026-09-09,Priced,
Q-72284,81 0128 9999 636,26.83,2026-08-29,15/09/2026,Priced,
Q-72285,5523-1772-70393,26.44,2026-08-29,2026-09-08,Priced,
Q-72286,8978531508057,25.29,2026-08-28,2026-09-05,Priced,
Q-72287,2832-2050-81484,18.69,2026-08-28,2026-09-04,Priced,
Q-72288,1898335053263,16.35,2026-09-01,2026-09-04,Priced,
Q-72289,6399273132904,27.96,2026-08-31,05/09/2026,Priced,
Q-72290,2110477616814,16.57,2026-08-31,2026-09-12,Priced,
Q-72291,6261414892351,17.56,2026-08-26,09/09/2026,Priced,
Q-72292,3152179839900,22.83,2026-08-30,2026-09-09,Priced,
Q-72293,6404013872936,28.93,2026-08-26,15/09/2026,Priced,
Q-72294,9534-1522-99941,23.79,2026-08-28,2026-09-07,Priced,
Q-72295,36 7407 3113 733,21.21,2026-08-26,07/09/2026,Priced,
Q-72296,77 1312 8587 634,31.79,2026-08-31,11/09/2026,Priced,
Q-72297,7058-6886-28001,27.28,2026-08-29,07/09/2026,Priced,
Q-72298,3873301204873,24.22,2026-08-30,15/09/2026,Priced,
Q-72299,0390-8760-82707,21.35,2026-09-01,12/09/2026,Priced,
Q-72300,1423556923649,19.45,2026-08-29,14/09/2026,Priced,
Q-72301,8805000800905,30.44,2026-08-29,2026-09-15,Priced,
Q-72302,09 3668 7837 368,33.45,2026-09-01,05/09/2026,Priced,
Q-72303,1405-3727-50835,28.9,2026-08-28,09/09/2026,Priced,
Q-72304,3389931782984,28.67,2026-08-26,06/09/2026,Priced,
Q-72305,22 0096 1556 305,21.56,2026-08-31,2026-09-14,Priced,
Q-72306,9139819990859,25.68,2026-08-30,2026-09-11,Priced,
Q-72307,8921653446847,22.59,2026-08-26,04/09/2026,Priced,
Q-72308,83 2315 3290 718,21.64,2026-09-01,2026-09-07,Priced,
Q-72309,99 6724 2574 549,22.74,2026-08-30,08/09/2026,Priced,
Q-72310,6004-3109-31243,19.43,2026-08-26,11/09/2026,Priced,
Q-72311,19 7207 8869 235,28.76,2026-08-31,2026-09-05,Priced,
Q-72312,2818-6306-60959,21.76,2026-08-31,14/09/2026,Priced,
Q-72313,9746235678917,31.91,2026-09-01,2026-09-05,Priced,
Q-72314,2987-9329-68490,29.89,2026-08-30,11/09/2026,Priced,
Q-72315,3034177463017,25.87,2026-08-31,05/09/2026,Priced,
Q-72316,8951-9892-75866,25.09,2026-08-31,07/09/2026,Priced,
Q-72317,2599-4691-72221,28.81,2026-08-31,2026-09-04,Priced,
Q-72318,3615-9927-19367,22.38,2026-08-26,13/09/2026,Priced,
Q-72319,93 0091 0972 495,29.9,2026-08-26,2026-09-12,Priced,
Q-72320,6882-1810-45451,23.31,2026-08-29,13/09/2026,Priced,
Q-72321,01 7135 6725 642,18.87,2026-09-01,15/09/2026,Priced,
Q-72322,0998-7161-60965,24.31,2026-08-29,2026-09-08,Priced,
Q-72323,4727-3659-04304,26.55,2026-08-31,04/09/2026,Priced,
Q-72324,2276-1615-86375,18.57,2026-08-31,2026-09-11,Priced,
Q-72325,6678178579608,32.04,2026-08-27,11/09/2026,Priced,
Q-72326,9134652737393,20.73,2026-08-26,14/09/2026,Priced,
Q-72327,52 2513 3439 842,23.38,2026-08-29,2026-09-10,Priced,
Q-72328,21 3740 0094 102,21.76,2026-08-30,09/09/2026,Priced,
Q-72329,6155-7152-54209,24.61,2026-08-30,2026-09-07,Priced,
Q-72330,7692033175973,17.88,2026-09-01,2026-09-12,Priced,
Q-72331,6168035218039,24.71,2026-08-26,2026-09-14,Priced,
Q-72332,3277-2066-39667,24.4,2026-08-28,2026-09-04,Priced,
Q-72333,75 8639 7913 448,23.25,2026-09-01,14/09/2026,Priced,
Q-72334,60 7190 4024 328,29.17,2026-08-26,2026-09-08,Priced,
Q-72335,1437-1596-14792,21.81,2026-08-30,2026-09-08,Priced,
Q-72336,1236303339640,25.28,2026-08-29,2026-09-14,Priced,
Q-72337,17 1546 1198 241,19.63,2026-08-27,2026-09-10,Priced,
Q-72338,6664-1338-11433,23.75,2026-09-01,13/09/2026,Priced,
Q-72339,2745236894992,21.41,2026-08-31,11/09/2026,Priced,
Q-72340,3470666904999,31.33,2026-08-26,2026-09-04,Priced,
Q-72341,28 2709 2002 216,24.31,2026-09-01,2026-09-05,Priced,
Q-72342,6231726489695,28.74,2026-08-27,10/09/2026,Priced,
Q-72343,54 6492 6075 184,35.1,2026-09-01,2026-09-06,Priced,
Q-72344,32 8972 9810 074,19.19,2026-09-01,06/09/2026,Priced,
Q-72345,93 1032 9474 859,19.3,2026-08-31,2026-09-08,Priced,
Q-72346,6367-3152-30710,28.33,2026-08-31,2026-09-05,Priced,
Q-72347,3763834958499,22.12,2026-09-01,2026-09-11,Priced,
Q-72348,09 4526 7180 673,18.92,2026-08-28,2026-09-13,Priced,
Q-72349,3191753938295,29.21,2026-08-26,2026-09-04,Priced,
Q-72350,2170-1343-48424,25.72,2026-08-31,2026-09-14,Priced,
Q-72351,9092-1499-34509,21.66,2026-08-27,2026-09-13,Priced,
Q-72352,70 2397 0676 932,22.38,2026-08-28,2026-09-07,Priced,
Q-72353,5463501902054,24.86,2026-08-26,2026-09-08,Priced,
Q-72354,5853-7985-72388,18.87,2026-08-31,07/09/2026,Priced,
Q-72355,5267328432986,16.5,2026-08-27,2026-09-07,Priced,
Q-72356,1782808835654,28.65,2026-08-29,06/09/2026,Priced,
Q-72357,23 3119 2734 055,16.26,2026-08-26,14/09/2026,Priced,
Q-72358,73 3404 1010 976,31.26,2026-09-01,10/09/2026,Priced,
Q-72359,96 3288 9981 797,22.23,2026-08-31,11/09/2026,Priced,
Q-72360,67 3218 5736 939,25.14,2026-08-26,04/09/2026,Priced,
Q-72361,26 0717 7474 490,26.83,2026-08-26,2026-09-12,Priced,
Q-72362,38 8055 1648 488,33.24,2026-08-29,07/09/2026,Priced,
Q-72363,8013189380455,21.94,2026-08-31,11/09/2026,Priced,
Q-72364,1665097074460,28.13,2026-08-28,09/09/2026,Priced,
Q-72365,1694-7416-72104,33.3,2026-08-30,09/09/2026,Priced,
Q-72366,3773838424636,19.56,2026-08-29,2026-09-14,Priced,
Q-72367,2797457653282,16.65,2026-08-29,13/09/2026,Priced,
Q-72368,5154-8082-36920,27.13,2026-08-27,2026-09-14,Priced,
Q-72369,21 7798 9562 170,29.53,2026-08-26,15/09/2026,Priced,
Q-72370,57 1677 2739 836,32.13,2026-08-27,2026-09-11,Priced,
Q-72371,6500600576794,,2026-08-30,2026-09-05,Errored,Pricing engine returned no rate
Q-72372,0203081072262,,2026-08-26,11/09/2026,Errored,Timeout fetching consumption data
Q-72373,6324-4628-32760,31.54,2026-08-31,2026-09-07,Priced,
Q-72374,8577-5639-54863,29.18,2026-08-27,12/09/2026,Priced,
Q-72375,0120552742032,,2026-08-29,2026-09-08,Errored,Timeout fetching consumption data
Q-72376,64 8000 4986 631,25.91,2026-08-28,08/09/2026,Priced,
Q-72377,1618863291655,18.41,2026-08-28,2026-09-12,Priced,
Q-72378,5523117036656,19.65,2026-08-31,04/09/2026,Priced,
Q-72379,4398-4360-79434,28.51,2026-08-28,2026-09-09,Priced,
Q-72380,0845726048654,16.43,2026-09-01,2026-09-09,Priced,
Q-72381,5762183092057,26.87,2026-08-27,11/09/2026,Priced,
Q-72382,1211-6754-72759,19.64,2026-09-01,2026-09-11,Priced,
Q-72383,80 4328 9027 804,28.42,2026-08-31,13/09/2026,Priced,
Q-72384,18 5895 4337 571,31.24,2026-08-28,2026-09-11,Priced,
Q-72385,1411708199941,31.18,2026-08-30,2026-09-14,Priced,
Q-72386,8470-8225-84403,25.04,2026-08-31,2026-09-05,Priced,
Q-72387,2934530201420,17.42,2026-09-01,2026-09-13,Priced,
Q-72388,3906-7860-20726,26.59,2026-08-29,2026-09-05,Priced,
Q-72389,0980-3555-45922,30.55,2026-08-31,2026-09-15,Priced,
Q-72390,49 8428 5819 377,24.13,2026-08-30,2026-09-15,Priced,
Q-72391,80 5417 1287 800,24.84,2026-08-29,2026-09-08,Priced,
Q-72392,2749-3098-66131,31.44,2026-08-31,08/09/2026,Priced,
Q-72393,5180984304989,22.02,2026-08-28,2026-09-12,Priced,
Q-72394,5154506058592,18.21,2026-08-29,15/09/2026,Priced,
Q-72395,5260-9081-47811,23.94,2026-08-31,2026-09-10,Priced,
Q-72396,1170-8646-71959,20.34,2026-08-28,15/09/2026,Priced,
Q-72397,5813-4730-71798,19.61,2026-08-29,2026-09-12,Priced,
Q-72398,41 0746 4639 429,21.17,2026-08-29,2026-09-10,Priced,
Q-72399,87 1539 8205 461,29.81,2026-08-26,2026-09-08,Priced,
Q-72400,7595123323132,24.63,2026-08-30,04/09/2026,Priced,
Q-72401,2675-5416-46748,,2026-08-26,2026-09-11,Errored,Pricing engine returned no rate
Q-72402,9028747354560,29.99,2026-08-30,05/09/2026,Priced,
Q-72403,06 9140 3976 507,23.9,2026-08-30,06/09/2026,Priced,
Q-72404,46 7148 7177 970,28.25,2026-08-28,2026-09-04,Priced,
Q-72405,8433124526935,19.42,2026-08-26,2026-09-05,Priced,
Q-72406,9128-9145-76532,24.41,2026-08-26,2026-09-14,Priced,
Q-72407,09 7686 3643 971,17.48,2026-09-01,2026-09-06,Priced,
Q-72408,8533347579756,28.9,2026-08-27,2026-09-08,Priced,
Q-72409,27 2397 5962 993,24.41,2026-08-28,13/09/2026,Priced,
Q-72410,73 2506 4591 996,32.05,2026-08-26,12/09/2026,Priced,
Q-72411,72 0962 9420 114,24.76,2026-08-31,09/09/2026,Priced,
Q-72412,8937-0536-08281,19.85,2026-08-31,2026-09-12,Priced,
Q-72413,65 2202 3930 111,27.39,2026-08-27,05/09/2026,Priced,
Q-72414,16 0560 1483 728,18.79,2026-08-29,15/09/2026,Priced,
Q-72415,97 9734 2016 698,32.93,2026-09-01,2026-09-10,Priced,
Q-72416,7400687922742,17.19,2026-09-01,2026-09-11,Priced,
Q-72417,3675862712831,19.4,2026-08-28,2026-09-04,Priced,
Q-72418,6494546532856,17.28,2026-09-01,2026-09-15,Priced,
Q-72419,0456-9708-28345,22.25,2026-08-30,2026-09-09,Priced,
Q-72420,22 9137 4979 007,23.72,2026-08-26,11/09/2026,Priced,
Q-72421,63 4502 2782 660,29.51,2026-08-26,08/09/2026,Priced,
Q-72422,7296-0926-61120,21.71,2026-08-28,08/09/2026,Priced,
Q-72423,4898361576268,19.24,2026-08-28,2026-09-14,Priced,
Q-72424,0645826068311,23.29,2026-08-27,11/09/2026,Priced,
Q-72425,12 6025 3663 527,26.61,2026-08-29,12/09/2026,Priced,
Q-72426,2158079668363,28.02,2026-08-31,07/09/2026,Priced,
Q-72427,3068215431603,24.89,2026-08-26,14/09/2026,Priced,
Q-72428,4202-5387-48458,24.1,2026-08-30,10/09/2026,Priced,
Q-72429,4142312947627,18.58,2026-09-01,06/09/2026,Priced,
Q-72430,0831284841875,20.14,2026-08-31,12/09/2026,Priced,
Q-72431,0853076667693,31.13,2026-08-29,12/09/2026,Priced,
Q-72432,1403-4686-18066,,2026-08-29,04/09/2026,Errored,Timeout fetching consumption data
Q-72433,7878-8675-28380,29.71,2026-08-28,2026-09-04,Priced,
Q-72434,79 7557 3148 758,24.79,2026-08-26,2026-09-13,Priced,
Q-72435,0028706297654,28.68,2026-08-30,11/09/2026,Priced,
Q-72436,5920760993212,26.58,2026-08-26,2026-09-07,Priced,
Q-72437,4179387803551,29.24,2026-09-01,2026-09-10,Priced,
Q-72438,08 3020 6128 189,20.95,2026-08-26,10/09/2026,Priced,
Q-72439,1614-4161-16748,,2026-08-28,14/09/2026,Errored,Timeout fetching consumption data
Q-72440,5939594123907,26.68,2026-08-29,2026-09-07,Priced,
Q-72441,9596-9688-27486,19.72,2026-08-31,2026-09-15,Priced,
Q-72442,7933-4849-35610,25.52,2026-08-30,2026-09-13,Priced,
Q-72443,8217-1745-34871,25.33,2026-08-31,06/09/2026,Priced,
Q-72444,1209056504894,20.93,2026-09-01,2026-09-11,Priced,
Q-72445,6030394654813,15.72,2026-08-29,2026-09-04,Priced,
Q-72446,03 2660 5879 325,18.02,2026-09-01,14/09/2026,Priced,
Q-72447,08 5733 1787 523,28.31,2026-08-26,2026-09-09,Priced,
Q-72448,68 8972 2924 663,29.42,2026-08-26,14/09/2026,Priced,
Q-72449,4464844647801,22.13,2026-08-31,13/09/2026,Priced,
Q-72450,70 8738 4597 205,30.15,2026-08-29,2026-09-09,Priced,
Q-72451,9678566600048,23.73,2026-08-27,2026-09-07,Priced,
Q-72452,4250462519753,23.61,2026-08-30,07/09/2026,Priced,
Q-72453,3019-4302-76075,,2026-08-27,2026-09-04,Errored,Timeout fetching consumption data
Q-72454,5393334994648,30.34,2026-08-29,2026-09-10,Priced,
Q-72455,5405-0557-33803,19.27,2026-08-28,10/09/2026,Priced,
Q-72456,1444-1570-87264,17.98,2026-08-26,2026-09-13,Priced,
Q-72457,5027-4562-54629,29.11,2026-09-01,2026-09-08,Priced,
Q-72458,02 0058 4386 232,16.47,2026-08-26,2026-09-06,Priced,
Q-72459,2039158640844,24.23,2026-08-29,05/09/2026,Priced,
Q-72460,8639142632748,26.7,2026-08-28,07/09/2026,Priced,
Q-72461,1945-0993-26953,20.32,2026-08-29,12/09/2026,Priced,
Q-72462,3539155215259,22.06,2026-08-30,08/09/2026,Priced,
Q-72463,10 3162 0529 693,18.69,2026-08-27,13/09/2026,Priced,
Q-72464,1914-5856-06796,22.94,2026-08-30,2026-09-09,Priced,
Q-72465,6602149349521,28.99,2026-08-31,12/09/2026,Priced,
Q-72466,76 2643 9620 334,26.73,2026-08-26,06/09/2026,Priced,
Q-72467,4838559869261,20.82,2026-08-31,2026-09-04,Priced,
Q-72468,4596256717744,29.27,2026-08-29,07/09/2026,Priced,
Q-72469,29 1197 4285 268,35.37,2026-08-28,2026-09-09,Priced,
Q-72470,6249-8192-11209,23.33,2026-08-30,08/09/2026,Priced,
Q-72471,12 9055 9453 438,20.5,2026-08-28,2026-09-10,Priced,
Q-72472,4069153456634,20.58,2026-08-28,08/09/2026,Priced,
Q-72473,2913-9736-73501,27.11,2026-08-28,2026-09-15,Priced,
Q-72474,9884-9035-62480,25.92,2026-08-31,10/09/2026,Priced,
Q-72475,5061-1489-13678,21.75,2026-08-27,13/09/2026,Priced,
Q-72476,3507724766193,17.45,2026-09-01,14/09/2026,Priced,
Q-72477,0941-9073-71336,30.31,2026-08-30,2026-09-09,Priced,
Q-72478,1107-4391-77486,30.65,2026-08-30,11/09/2026,Priced,
Q-72479,6033-2610-62766,29.2,2026-08-29,08/09/2026,Priced,
Q-72480,5301-4375-21401,27.32,2026-08-29,07/09/2026,Priced,
Q-72481,6205-0753-99575,19.5,2026-09-01,2026-09-14,Priced,
Q-72482,4831354056032,27.74,2026-08-30,15/09/2026,Priced,
Q-72483,3174720154645,22.99,2026-08-26,2026-09-11,Priced,
Q-72484,6530955624714,20.26,2026-08-27,2026-09-06,Priced,
Q-72485,95 4761 8405 769,20.26,2026-09-01,2026-09-06,Priced,
Q-72486,5865-8113-71794,29.65,2026-08-30,15/09/2026,Priced,
Q-72487,48 0349 8722 554,28.26,2026-09-01,10/09/2026,Priced,
Q-72488,14 5602 2289 006,17.49,2026-08-27,15/09/2026,Priced,
Q-72489,59 2372 8243 650,26.4,2026-08-31,13/09/2026,Priced,
Q-72490,99 0619 2984 313,30.7,2026-08-26,2026-09-15,Priced,
Q-72491,86 9177 9788 263,27.51,2026-08-26,2026-09-10,Priced,
Q-72492,72 3418 7355 777,28.16,2026-08-26,2026-09-08,Priced,
Q-72493,6994259698848,19.66,2026-08-27,2026-09-12,Priced,
Q-72494,36 8982 6162 612,31.32,2026-09-01,2026-09-15,Priced,
Q-72495,2307272811840,30.98,2026-09-01,14/09/2026,Priced,
Q-72496,5265-8248-69117,18.44,2026-08-31,2026-09-08,Priced,
Q-72497,5766062930732,,2026-08-31,2026-09-07,Errored,Timeout fetching consumption data
Q-72498,9441-3440-76294,22.56,2026-08-27,11/09/2026,Priced,
Q-72499,10 9393 2442 968,24.65,2026-09-01,2026-09-15,Priced,
Q-72500,8598917317203,26.66,2026-09-01,2026-09-07,Priced,
Q-72501,2548924664632,27.68,2026-09-01,2026-09-07,Priced,
Q-72502,1708281750592,19.33,2026-08-27,06/09/2026,Priced,
Q-72503,2634-4749-41567,18.18,2026-08-30,2026-09-05,Priced,
Q-72504,81 5062 5637 332,23.97,2026-08-27,08/09/2026,Priced,
Q-72505,1122787141570,,2026-08-28,2026-09-08,Errored,Pricing engine returned no rate
Q-72506,5865-2623-13656,29.45,2026-08-30,15/09/2026,Priced,
Q-72507,8193-0625-77658,19.05,2026-08-27,04/09/2026,Priced,
Q-72508,4807-1188-90197,34.57,2026-08-29,2026-09-09,Priced,
Q-72509,01 1517 8959 645,34.0,2026-08-30,2026-09-05,Priced,
Q-72510,56 3502 6880 706,22.95,2026-08-28,2026-09-14,Priced,
Q-72511,3551250538603,17.75,2026-08-27,2026-09-12,Priced,
Q-72512,9906873256028,19.02,2026-08-27,2026-09-10,Priced,
Q-72513,9485559674881,18.94,2026-08-28,2026-09-12,Priced,
Q-72514,8209-3870-11260,19.01,2026-08-28,10/09/2026,Priced,
Q-72515,48 3972 6439 780,31.28,2026-08-28,2026-09-14,Priced,
Q-72516,6347856650864,20.52,2026-08-27,2026-09-07,Priced,
Q-72517,48 6185 6835 793,33.58,2026-08-30,14/09/2026,Priced,
Q-72518,7895259047581,22.28,2026-08-31,2026-09-08,Priced,
Q-72519,6114-9459-54922,,2026-08-26,15/09/2026,Errored,Pricing engine returned no rate
Q-72520,4927-8068-34126,32.26,2026-08-26,2026-09-12,Priced,
Q-72521,1507-6336-05110,26.97,2026-08-26,2026-09-12,Priced,
Q-72522,1779-2863-33306,22.34,2026-08-30,12/09/2026,Priced,
Q-72523,1950189453925,26.37,2026-08-26,13/09/2026,Priced,
Q-72524,8870-7104-24634,21.41,2026-08-26,05/09/2026,Priced,
Q-72525,2707-1302-34156,24.0,2026-08-31,05/09/2026,Priced,
Q-72526,97 2562 0203 549,29.06,2026-08-30,2026-09-04,Priced,
Q-72527,0173-4541-56737,31.83,2026-08-27,07/09/2026,Priced,
Q-72528,9507278898712,17.22,2026-08-30,2026-09-11,Priced,
Q-72529,13 5159 7012 262,20.94,2026-08-26,2026-09-09,Priced,
Q-72530,5296554240237,31.33,2026-08-27,06/09/2026,Priced,
Q-72531,9841693559459,19.32,2026-08-27,12/09/2026,Priced,
Q-72532,4558-8800-84688,25.89,2026-08-30,10/09/2026,Priced,
Q-72533,3993471765735,18.54,2026-09-01,2026-09-09,Priced,
Q-72534,84 9239 7114 482,20.46,2026-08-31,06/09/2026,Priced,
Q-72535,3122831845758,19.41,2026-09-01,08/09/2026,Priced,
Q-72536,75 6841 2189 594,18.81,2026-09-01,09/09/2026,Priced,
Q-72537,1324-5077-24946,29.78,2026-09-01,2026-09-14,Priced,
Q-72538,4487658360683,,2026-08-30,2026-09-14,Errored,Pricing engine returned no rate
Q-72539,07 9738 0069 233,20.87,2026-08-30,14/09/2026,Priced,
Q-72540,32 3065 1488 964,18.08,2026-08-26,10/09/2026,Priced,
Q-72541,5455528775146,32.09,2026-08-27,2026-09-06,Priced,
Q-72542,55 4005 9979 249,19.63,2026-08-27,13/09/2026,Priced,
Q-72543,43 8157 2835 939,23.79,2026-08-27,09/09/2026,Priced,
Q-72544,3962-6967-68261,,2026-08-28,2026-09-13,Errored,Pricing engine returned no rate
Q-72545,0116968559557,20.55,2026-08-26,2026-09-06,Priced,
Q-72546,6178-9928-19799,22.46,2026-08-30,07/09/2026,Priced,
Q-72547,8915424483923,16.34,2026-08-31,13/09/2026,Priced,
Q-72548,02 8731 7006 465,22.08,2026-08-30,2026-09-08,Priced,
Q-72549,9183-7887-90372,26.82,2026-08-26,2026-09-04,Priced,
Q-72550,2352-2191-06291,18.33,2026-08-26,12/09/2026,Priced,
Q-72551,5373-4771-85319,22.61,2026-08-28,2026-09-11,Priced,
Q-72552,3800149861076,26.77,2026-08-27,12/09/2026,Priced,
Q-72553,8583-6242-30631,25.42,2026-08-30,2026-09-10,Priced,
Q-72554,4113-5303-21994,28.29,2026-08-26,2026-09-10,Priced,
Q-72555,55 9831 8779 055,20.51,2026-08-26,2026-09-09,Priced,
Q-72556,43 5040 7377 227,32.44,2026-08-30,2026-09-08,Priced,
Q-72557,0016453351252,17.12,2026-08-26,2026-09-06,Priced,
Q-72558,6699-2113-76441,20.24,2026-08-26,2026-09-15,Priced,
Q-72559,5501930502829,19.76,2026-08-28,10/09/2026,Priced,
Q-72560,7997-9533-20438,22.31,2026-08-30,13/09/2026,Priced,
Q-72561,3290542227093,24.42,2026-08-28,12/09/2026,Priced,
Q-72562,4815895476432,19.51,2026-08-28,2026-09-14,Priced,
Q-72563,8419285347442,31.68,2026-08-29,2026-09-04,Priced,
Q-72564,2248-3875-74994,33.78,2026-08-26,2026-09-11,Priced,
Q-72565,21 6056 2956 432,34.13,2026-08-31,2026-09-13,Priced,
Q-72566,21 0028 8322 856,32.22,2026-09-01,2026-09-07,Priced,
Q-72567,2549-6355-38462,27.26,2026-08-31,2026-09-13,Priced,
Q-72568,1290276468185,17.62,2026-08-28,2026-09-10,Priced,
Q-72569,9804493810594,28.24,2026-09-01,06/09/2026,Priced,
Q-72570,8530-6125-61466,31.9,2026-08-31,2026-09-05,Priced,
Q-72571,17 0785 9139 151,18.97,2026-08-28,2026-09-05,Priced,
Q-72572,4293948393111,18.1,2026-08-31,2026-09-12,Priced,
Q-72573,55 3475 7212 059,22.83,2026-08-31,2026-09-09,Priced,
Q-72574,4654279916646,20.21,2026-08-26,11/09/2026,Priced,
Q-72575,02 9466 3262 565,21.35,2026-08-27,08/09/2026,Priced,
Q-72576,0313-8081-03755,22.42,2026-08-30,14/09/2026,Priced,
Q-72577,0955820671047,21.75,2026-08-30,2026-09-04,Priced,
Q-72578,5999-6996-17085,26.11,2026-08-31,2026-09-05,Priced,
Q-72579,3351674372243,21.15,2026-08-31,2026-09-10,Priced,
Q-72580,4319771091924,24.14,2026-08-26,2026-09-04,Priced,
Q-72581,8989304828237,21.69,2026-08-30,12/09/2026,Priced,
Q-72582,77 7380 1705 545,27.84,2026-08-27,2026-09-14,Priced,
Q-72583,34 8997 7163 855,32.05,2026-08-31,11/09/2026,Priced,
Q-72584,3877-6859-81831,28.12,2026-09-01,07/09/2026,Priced,
Q-72585,88 2235 8589 748,31.16,2026-08-27,2026-09-14,Priced,
Q-72586,09 4957 0784 459,26.26,2026-08-30,05/09/2026,Priced,
Q-72587,1534963476089,19.59,2026-08-30,2026-09-08,Priced,
Q-72588,06 1635 9760 284,23.87,2026-08-27,11/09/2026,Priced,
Q-72589,9257122131527,25.36,2026-09-01,2026-09-06,Priced,
Q-72590,91 2310 6926 053,22.14,2026-08-28,2026-09-04,Priced,
Q-72591,7712-4937-40349,36.97,2026-08-27,13/09/2026,Priced,
Q-72592,65 3711 8342 661,21.07,2026-08-27,2026-09-08,Priced,
Q-72593,5448-9815-22697,25.26,2026-08-30,2026-09-15,Priced,
Q-72594,8085010910595,17.56,2026-09-01,2026-09-12,Priced,
Q-72595,56 1739 0615 983,20.86,2026-08-28,08/09/2026,Priced,
Q-72596,0588123795532,22.27,2026-08-26,2026-09-10,Priced,
Q-72597,4081052591328,18.99,2026-09-01,10/09/2026,Priced,
Q-72598,1996427044194,21.26,2026-09-01,2026-09-11,Priced,
Q-72599,89 2619 4969 353,28.14,2026-08-29,2026-09-13,Priced,
Q-72600,4526-5978-92951,17.67,2026-09-01,10/09/2026,Priced,
Q-72601,3584984511745,25.38,2026-08-30,05/09/2026,Priced,
Q-72602,0394-6195-21845,,2026-08-29,2026-09-13,Errored,Pricing engine returned no rate
Q-72603,67 1392 3192 775,19.52,2026-09-01,11/09/2026,Priced,
Q-72604,29 7639 9206 162,24.0,2026-09-01,2026-09-14,Priced,
Q-72605,0751220882720,19.11,2026-08-26,07/09/2026,Priced,
Q-72606,1628859372923,31.63,2026-08-26,2026-09-12,Priced,
Q-72607,91 3589 5431 595,26.55,2026-08-27,2026-09-07,Priced,
Q-72608,00 9021 6639 191,32.85,2026-08-30,2026-09-15,Priced,
Q-72609,45 9412 1800 583,29.29,2026-08-30,2026-09-09,Priced,
Q-72610,2177-1363-59969,24.42,2026-08-31,2026-09-06,Priced,
Q-72611,6378218783322,22.82,2026-08-31,12/09/2026,Priced,
Q-72612,2607-3734-95583,28.53,2026-08-26,13/09/2026,Priced,
Q-72613,2314-3727-64918,30.09,2026-08-27,2026-09-13,Priced,
Q-72614,8938189579172,26.51,2026-08-29,06/09/2026,Priced,
Q-72615,8559996997666,19.09,2026-08-30,2026-09-12,Priced,
Q-72616,37 6519 8500 022,,2026-08-30,09/09/2026,Errored,Pricing engine returned no rate
Q-72617,3005-4706-69909,31.04,2026-08-27,15/09/2026,Priced,
Q-72618,45 4431 0515 044,29.08,2026-08-29,09/09/2026,Priced,
Q-72619,6526411283927,26.45,2026-08-28,2026-09-11,Priced,
Q-72620,4589576820109,,2026-08-31,06/09/2026,Errored,Pricing engine returned no rate
Q-72621,95 5534 3243 410,27.71,2026-08-31,2026-09-10,Priced,
Q-72622,01 2609 3154 734,28.38,2026-08-30,08/09/2026,Priced,
Q-72623,6676278438845,17.45,2026-08-31,2026-09-08,Priced,
Q-72624,63 8189 9202 360,26.7,2026-08-29,07/09/2026,Priced,
Q-72625,6258-9453-45986,26.76,2026-08-27,2026-09-05,Priced,
Q-72626,5208048044144,17.42,2026-08-29,04/09/2026,Priced,
Q-72627,8664116098531,21.55,2026-08-27,07/09/2026,Priced,
Q-72628,4043-7793-95356,18.95,2026-09-01,15/09/2026,Priced,
Q-72629,62 0006 0867 126,19.21,2026-09-01,05/09/2026,Priced,
Q-72630,94 1695 5828 291,25.55,2026-08-29,2026-09-05,Priced,
Q-72631,4126443063323,18.69,2026-09-01,2026-09-11,Priced,
Q-72632,9687-9585-71640,23.62,2026-08-28,14/09/2026,Priced,
Q-72633,3914702740038,32.49,2026-08-30,2026-09-05,Priced,
Q-72634,7733442544443,28.32,2026-08-30,15/09/2026,Priced,
Q-72635,5462877301505,26.74,2026-08-29,2026-09-15,Priced,
Q-72636,9045183473277,17.15,2026-08-29,15/09/2026,Priced,
Q-72637,7527473974568,17.81,2026-08-27,2026-09-10,Priced,
Q-72638,5552494819048,20.54,2026-08-27,2026-09-13,Priced,
Q-72639,7083254552751,21.38,2026-08-29,15/09/2026,Priced,
Q-72640,96 2076 6840 748,17.24,2026-08-26,2026-09-05,Priced,
Q-72641,78 2579 8987 448,24.44,2026-08-26,13/09/2026,Priced,
Q-72642,2318-4076-06448,20.48,2026-08-29,2026-09-04,Priced,
Q-72643,8652579480949,30.16,2026-08-31,04/09/2026,Priced,
Q-72644,1687-5484-35893,33.39,2026-08-29,13/09/2026,Priced,
Q-72645,2970930551431,23.38,2026-08-29,06/09/2026,Priced,
Q-72646,5192-6035-21502,28.01,2026-08-28,11/09/2026,Priced,
Q-72647,1136-0345-66002,28.91,2026-08-31,2026-09-06,Priced,
Q-72648,9430963655533,28.4,2026-08-26,2026-09-09,Priced,
Q-72649,90 9184 5374 640,,2026-08-31,15/09/2026,Errored,Timeout fetching consumption data
Q-72650,1793249914686,18.34,2026-09-01,2026-09-06,Priced,
Q-72651,1849-0398-10415,17.59,2026-08-26,2026-09-10,Priced,
Q-72652,4622468413215,21.65,2026-08-29,12/09/2026,Priced,
Q-72653,71 2522 8485 849,29.83,2026-08-26,2026-09-09,Priced,
Q-72654,4294224370085,19.29,2026-08-29,05/09/2026,Priced,
Q-72655,82 1407 3286 089,24.76,2026-08-31,2026-09-10,Priced,
Q-72656,3479-3197-92525,24.34,2026-09-01,2026-09-07,Priced,
Q-72657,54 3793 1072 431,23.54,2026-08-28,10/09/2026,Priced,
Q-72658,6842-3199-15435,,2026-08-31,04/09/2026,Errored,Timeout fetching consumption data
Q-72659,17 6466 4332 026,19.45,2026-08-30,2026-09-11,Priced,
Q-72660,9706-2214-48763,21.23,2026-08-31,10/09/2026,Priced,
Q-72661,52 0950 1893 943,22.37,2026-08-27,2026-09-11,Priced,
Q-72662,4565093720436,22.45,2026-08-30,2026-09-11,Priced,
Q-72663,8482755361701,21.33,2026-08-31,11/09/2026,Priced,
Q-72664,28 8664 2559 738,28.29,2026-08-28,2026-09-09,Priced,
Q-72665,3621-5332-88283,22.34,2026-08-26,12/09/2026,Priced,
Q-72666,9805306015528,26.94,2026-08-27,2026-09-09,Priced,
Q-72667,95 2748 6673 548,21.72,2026-09-01,2026-09-11,Priced,
Q-72668,1413-4536-07504,23.42,2026-08-29,11/09/2026,Priced,
Q-72669,0263-0499-60324,21.45,2026-08-31,06/09/2026,Priced,
Q-72670,49 8166 6993 915,24.53,2026-08-28,10/09/2026,Priced,
Q-72671,6372240404212,17.27,2026-08-30,10/09/2026,Priced,
Q-72672,8475233195545,19.83,2026-08-31,2026-09-15,Priced,
Q-72673,2444-0676-39081,26.36,2026-08-27,06/09/2026,Priced,
Q-72674,7402211288509,25.43,2026-08-26,2026-09-12,Priced,
Q-72675,7877280440579,31.6,2026-08-27,2026-09-13,Priced,
Q-72676,9369720832883,22.68,2026-08-26,2026-09-08,Priced,
Q-72677,7309680700889,28.35,2026-08-30,2026-09-08,Priced,
Q-72678,3701780528240,21.04,2026-08-30,07/09/2026,Priced,
Q-72679,08 4834 2310 540,28.99,2026-08-30,2026-09-04,Priced,
Q-72680,9723767668028,26.0,2026-08-27,2026-09-15,Priced,
Q-72681,1918651147961,28.21,2026-08-30,2026-09-07,Priced,
Q-72682,9636-5661-64880,25.38,2026-08-29,2026-09-11,Priced,
Q-72683,32 2969 8876 425,,2026-08-26,12/09/2026,Errored,Timeout fetching consumption data
Q-72684,7959-7362-85252,27.18,2026-08-26,2026-09-13,Priced,
Q-72685,5766-5526-67503,31.22,2026-08-30,14/09/2026,Priced,
Q-72686,6421-7314-20073,20.5,2026-08-27,14/09/2026,Priced,
Q-72687,2963791045522,26.97,2026-08-27,12/09/2026,Priced,
Q-72688,3760514625189,20.28,2026-08-30,2026-09-12,Priced,
Q-72689,04 9072 8263 340,23.03,2026-08-27,2026-09-08,Priced,
Q-72690,10 6413 4100 868,24.67,2026-08-30,2026-09-06,Priced,
Q-72691,96 9335 1101 081,29.94,2026-08-30,2026-09-05,Priced,
Q-72692,85 5377 1015 523,29.63,2026-09-01,14/09/2026,Priced,
Q-72693,4841-3656-44178,18.53,2026-08-30,2026-09-12,Priced,
Q-72694,3295-6992-21697,28.74,2026-08-30,05/09/2026,Priced,
Q-72695,5313-8643-58718,28.36,2026-08-27,12/09/2026,Priced,
Q-72696,1145-0563-22914,25.73,2026-08-26,2026-09-08,Priced,
Q-72697,69 4922 6915 272,24.43,2026-08-29,15/09/2026,Priced,
Q-72698,91 2831 1492 166,22.56,2026-08-28,10/09/2026,Priced,
Q-72699,0319-0803-86058,16.59,2026-08-27,2026-09-14,Priced,
Q-72700,3473341328158,27.19,2026-08-31,2026-09-11,Priced,
Q-72701,0003775262405,20.78,2026-08-27,11/09/2026,Priced,
Q-72702,4302865973321,24.41,2026-08-27,2026-09-14,Priced,
Q-72703,87 8919 1165 501,20.45,2026-08-30,2026-09-15,Priced,
Q-72704,6030714395318,25.57,2026-09-01,07/09/2026,Priced,
Q-72705,6055806586943,22.0,2026-08-29,2026-09-07,Priced,
Q-72706,9104505906560,26.84,2026-08-27,2026-09-04,Priced,
Q-72707,7842-3001-83889,28.54,2026-09-01,13/09/2026,Priced,
Q-72708,08 8145 3983 921,28.33,2026-09-01,2026-09-09,Priced,
Q-72709,0521145298410,17.71,2026-09-01,13/09/2026,Priced,
Q-72710,4052456452806,19.1,2026-08-28,2026-09-14,Priced,
Q-72711,8438817862584,24.04,2026-08-26,11/09/2026,Priced,
Q-72712,7235847689012,19.24,2026-08-30,2026-09-13,Priced,
Q-72713,2497-6744-55780,21.16,2026-08-27,2026-09-13,Priced,
Q-72714,8311-4388-23595,21.99,2026-08-28,2026-09-04,Priced,
Q-72715,62 6421 9770 671,18.29,2026-09-01,05/09/2026,Priced,
Q-72716,4376-2347-84627,18.95,2026-08-27,2026-09-12,Priced,
Q-72717,3852904540261,28.78,2026-08-30,2026-09-10,Priced,
Q-72718,4540197362758,24.93,2026-08-30,09/09/2026,Priced,
Q-72719,74 8261 2618 685,20.42,2026-09-01,2026-09-08,Priced,
Q-72720,0100-6772-42035,24.28,2026-08-26,2026-09-05,Priced,
Q-72721,3410313426927,17.29,2026-08-27,07/09/2026,Priced,
Q-72722,26 2483 9628 604,23.37,2026-08-27,04/09/2026,Priced,
Q-72723,8305-7507-67930,16.84,2026-09-01,11/09/2026,Priced,
Q-72724,5824-4816-24645,25.51,2026-08-29,07/09/2026,Priced,
Q-72725,7426-6092-74942,27.29,2026-08-31,2026-09-14,Priced,
Q-72726,85 8555 5592 134,21.56,2026-08-28,14/09/2026,Priced,
Q-72727,5311217669486,25.31,2026-08-31,2026-09-08,Priced,
Q-72728,8012714511457,19.35,2026-09-01,2026-09-11,Priced,
Q-72729,7561005781853,19.0,2026-09-01,2026-09-14,Priced,
Q-72730,8236454095293,17.88,2026-08-28,12/09/2026,Priced,
Q-72731,9712-0047-10554,26.77,2026-08-31,2026-09-05,Priced,
Q-72732,2265-7354-68668,20.51,2026-09-01,14/09/2026,Priced,
Q-72733,0284-5521-97882,16.45,2026-08-26,2026-09-13,Priced,
Q-72734,2764-6968-33052,28.76,2026-08-31,04/09/2026,Priced,
Q-72735,4707515873794,17.88,2026-08-30,06/09/2026,Priced,
Q-72736,7317476985272,16.88,2026-08-29,12/09/2026,Priced,
Q-72737,8423662443822,17.38,2026-08-31,2026-09-11,Priced,
Q-72738,7237-1349-98558,,2026-08-28,2026-09-07,Errored,Timeout fetching consumption data
Q-72739,59 0380 4432 040,22.32,2026-08-27,04/09/2026,Priced,
Q-72740,1585910160567,28.08,2026-08-28,2026-09-04,Priced,
Q-72741,91 7745 4198 679,16.31,2026-09-01,2026-09-04,Priced,
Q-72742,29 4841 3991 629,24.41,2026-08-26,2026-09-13,Priced,
Q-72743,4615586624572,22.97,2026-08-27,2026-09-12,Priced,
Q-72744,5867347664624,24.46,2026-09-01,06/09/2026,Priced,
Q-72745,92 9720 5894 865,25.83,2026-08-30,2026-09-07,Priced,
Q-72746,3692536436733,23.43,2026-08-26,2026-09-13,Priced,
Q-72747,3770291229520,32.61,2026-08-26,06/09/2026,Priced,
Q-72748,40 6479 4510 353,30.73,2026-09-01,2026-09-10,Priced,
Q-72749,75 4406 0200 940,26.32,2026-08-31,2026-09-04,Priced,
Q-72750,09 9309 2467 067,29.81,2026-08-27,2026-09-07,Priced,
Q-72751,8262355990023,26.55,2026-08-27,08/09/2026,Priced,
Q-72752,12 5646 7454 972,25.94,2026-08-30,15/09/2026,Priced,
Q-72753,1058-2264-22067,29.5,2026-08-30,13/09/2026,Priced,
Q-72754,4103-7292-75887,22.29,2026-08-30,12/09/2026,Priced,
Q-72755,7061550275890,24.05,2026-08-28,2026-09-04,Priced,
Q-72756,8275-9361-48898,31.76,2026-08-29,2026-09-13,Priced,
Q-72757,4645526404694,24.34,2026-08-26,2026-09-11,Priced,
Q-72758,6864392316280,35.09,2026-08-29,2026-09-10,Priced,
Q-72759,85 8886 9724 752,,2026-09-01,13/09/2026,Errored,Pricing engine returned no rate
Q-72760,4306107988623,24.76,2026-08-29,05/09/2026,Priced,
Q-72761,06 1397 4970 220,30.93,2026-08-27,08/09/2026,Priced,
Q-72762,60 1439 1986 397,22.08,2026-09-01,05/09/2026,Priced,
Q-72763,7003310045560,34.41,2026-08-31,2026-09-09,Priced,
Q-72764,3521209917868,31.94,2026-09-01,15/09/2026,Priced,
Q-72765,9817-1255-62206,30.21,2026-08-26,09/09/2026,Priced,
Q-72766,3414278388758,25.21,2026-08-29,14/09/2026,Priced,
Q-72767,5108395757187,29.19,2026-08-31,2026-09-07,Priced,
Q-72768,1512051430979,25.73,2026-08-28,06/09/2026,Priced,
Q-72769,3945609428947,17.31,2026-08-31,12/09/2026,Priced,
Q-72770,8121-1172-29717,17.16,2026-08-30,2026-09-07,Priced,
Q-72771,8408479112171,24.39,2026-08-31,08/09/2026,Priced,
Q-72772,97 1536 4554 076,24.04,2026-08-28,2026-09-06,Priced,
Q-72773,22 5617 2080 237,24.15,2026-09-01,15/09/2026,Priced,
Q-72774,4656-2241-61777,17.71,2026-08-31,2026-09-11,Priced,
Q-72775,0148931868686,23.19,2026-08-28,09/09/2026,Priced,
Q-72776,8683-9769-71162,20.11,2026-08-27,2026-09-14,Priced,
Q-72777,6157273065633,21.65,2026-08-31,10/09/2026,Priced,
Q-72778,8312-0867-97240,31.97,2026-08-26,12/09/2026,Priced,
Q-72779,8510877348118,,2026-08-30,10/09/2026,Errored,Pricing engine returned no rate
Q-72780,7804381683575,24.36,2026-08-30,10/09/2026,Priced,
Q-72781,3892-9253-60006,21.36,2026-08-30,12/09/2026,Priced,
Q-72782,35 0180 6622 076,18.55,2026-08-29,2026-09-04,Priced,
Q-72783,69 8295 0955 837,16.64,2026-08-27,2026-09-05,Priced,
Q-72784,01 7968 0081 433,25.96,2026-08-28,06/09/2026,Priced,
Q-72785,17 0309 8228 368,26.62,2026-08-29,2026-09-13,Priced,
Q-72786,5559907915150,25.97,2026-08-26,06/09/2026,Priced,
Q-72787,3664601082343,19.51,2026-08-26,2026-09-09,Priced,
Q-72788,81 0075 4716 513,26.38,2026-08-31,2026-09-08,Priced,
Q-72789,6291-8205-26570,20.8,2026-08-28,14/09/2026,Priced,
Q-72790,30 7621 1979 792,27.29,2026-08-30,2026-09-09,Priced,
Q-72791,7102-8964-15143,28.34,2026-08-29,2026-09-06,Priced,
Q-72792,1523-3688-44523,20.03,2026-08-30,2026-09-14,Priced,
Q-72793,4980578178055,21.59,2026-08-28,04/09/2026,Priced,
Q-72794,8325059475750,27.17,2026-08-27,2026-09-05,Priced,
Q-72795,3785785526666,17.44,2026-08-27,09/09/2026,Priced,
Q-72796,18 4345 6946 867,25.04,2026-08-29,04/09/2026,Priced,
Q-72797,88 9716 1505 203,21.39,2026-08-27,2026-09-12,Priced,
Q-72798,9377-2594-22550,27.27,2026-08-31,11/09/2026,Priced,
Q-72799,10 5154 1492 659,,2026-08-29,11/09/2026,Errored,Timeout fetching consumption data
Q-72800,4882353200223,32.88,2026-08-28,2026-09-04,Priced,
Q-72801,7747839864867,23.27,2026-08-28,07/09/2026,Priced,
Q-72802,1512-7126-56070,23.58,2026-08-26,2026-09-15,Priced,
Q-72803,61 5074 7063 035,28.28,2026-09-01,13/09/2026,Priced,
Q-72804,6535-6781-61497,26.01,2026-08-31,14/09/2026,Priced,
Q-72805,7989-4274-55930,21.82,2026-08-29,11/09/2026,Priced,
Q-72806,34 5870 2005 093,19.91,2026-09-01,2026-09-14,Priced,
Q-72807,5773-1063-21478,,2026-08-28,2026-09-06,Errored,Timeout fetching consumption data
Q-72808,9163-9041-65949,16.43,2026-08-26,2026-09-13,Priced,
Q-72809,0226-3764-10264,18.75,2026-08-29,11/09/2026,Priced,
Q-72810,4128187650679,26.82,2026-09-01,14/09/2026,Priced,
Q-72811,00 7638 3761 879,18.22,2026-08-31,2026-09-07,Priced,
Q-72812,18 1971 1997 683,25.34,2026-08-27,2026-09-09,Priced,
Q-72813,62 1838 3938 949,20.28,2026-09-01,2026-09-14,Priced,
Q-72814,8705163954419,26.32,2026-08-28,07/09/2026,Priced,
Q-72815,6021447297521,21.32,2026-08-29,2026-09-05,Priced,
Q-72816,3807-9054-91391,24.04,2026-08-30,2026-09-06,Priced,
Q-72817,2697-3437-98029,23.08,2026-09-01,2026-09-13,Priced,
Q-72818,0812-3029-73675,29.1,2026-08-27,15/09/2026,Priced,
Q-72819,6252-1651-76226,18.53,2026-08-28,2026-09-14,Priced,
Q-72820,0430-8779-11530,26.68,2026-08-29,04/09/2026,Priced,
Q-72821,97 7384 9192 327,17.46,2026-08-27,2026-09-05,Priced,
Q-72822,9014-0326-57670,16.92,2026-08-28,04/09/2026,Priced,
Q-72823,9325-8457-65776,25.42,2026-08-27,2026-09-07,Priced,
Q-72824,09 3820 4553 812,22.16,2026-08-27,2026-09-13,Priced,
Q-72825,22 3683 0565 190,19.95,2026-08-31,14/09/2026,Priced,
Q-72826,08 2792 4313 891,,2026-08-28,2026-09-07,Errored,Timeout fetching consumption data
Q-72827,8465463324902,23.51,2026-08-31,2026-09-04,Priced,
Q-72828,3433-4682-44761,22.62,2026-08-29,2026-09-07,Priced,
Q-72829,58 9139 7695 220,21.25,2026-08-28,2026-09-13,Priced,
Q-72830,41 0084 0959 186,25.82,2026-08-30,2026-09-07,Priced,
Q-72831,1338132027315,23.74,2026-08-28,2026-09-08,Priced,
Q-72832,79 4167 6431 097,18.76,2026-08-30,2026-09-11,Priced,
Q-72833,3977178020206,18.25,2026-08-30,12/09/2026,Priced,
Q-72834,90 5893 4557 475,22.01,2026-08-28,14/09/2026,Priced,
Q-72835,8900423831824,26.48,2026-08-28,2026-09-13,Priced,
Q-72836,0278605638891,30.26,2026-08-31,2026-09-15,Priced,
Q-72837,5333414703753,33.12,2026-08-29,09/09/2026,Priced,
Q-72838,5996863063859,29.2,2026-08-31,2026-09-13,Priced,
Q-72839,5395399520673,26.41,2026-08-30,2026-09-15,Priced,
Q-72840,8513-4702-09899,19.95,2026-08-31,06/09/2026,Priced,
Q-72841,58 3363 5928 225,18.93,2026-09-01,06/09/2026,Priced,
Q-72842,32 8956 3848 991,24.12,2026-08-27,14/09/2026,Priced,
Q-72843,6769174588484,17.52,2026-08-29,11/09/2026,Priced,
Q-72844,57 5171 2464 390,27.55,2026-09-01,12/09/2026,Priced,
Q-72845,6886992206671,29.0,2026-08-31,2026-09-15,Priced,
Q-72846,43 0022 9423 964,17.67,2026-08-30,08/09/2026,Priced,
Q-72847,27 6536 5719 081,21.7,2026-08-29,2026-09-12,Priced,
Q-72848,7169720126009,34.15,2026-08-28,2026-09-10,Priced,
Q-72849,24 9346 0020 473,24.96,2026-09-01,2026-09-12,Priced,
Q-72850,7238099814684,,2026-08-26,15/09/2026,Errored,Timeout fetching consumption data
Q-72851,02 9400 1917 935,19.67,2026-08-31,2026-09-11,Priced,
Q-72852,4804-9324-87156,26.78,2026-09-01,14/09/2026,Priced,
Q-72853,3991312096899,30.59,2026-08-26,12/09/2026,Priced,
Q-72854,3773-5183-18204,16.99,2026-08-30,12/09/2026,Priced,
Q-72855,8961760975287,16.05,2026-08-31,2026-09-12,Priced,
Q-72856,42 3569 2697 821,23.42,2026-08-30,2026-09-11,Priced,
Q-72857,0138-5997-94410,,2026-08-31,12/09/2026,Errored,Timeout fetching consumption data
Q-72858,5163961283730,25.36,2026-08-26,11/09/2026,Priced,
Q-72859,2548700780095,22.27,2026-08-28,2026-09-12,Priced,
Q-72860,7552366092697,20.88,2026-09-01,2026-09-07,Priced,
Q-72861,7990-4175-57031,23.69,2026-08-27,06/09/2026,Priced,
Q-72862,2947559426710,35.01,2026-08-28,2026-09-09,Priced,
Q-72863,13 5592 5577 132,26.27,2026-08-28,04/09/2026,Priced,
Q-72864,63 9114 5394 913,32.0,2026-08-29,2026-09-08,Priced,
Q-72865,17 2851 2009 022,29.34,2026-08-30,05/09/2026,Priced,
Q-72866,5566608766296,30.41,2026-08-31,09/09/2026,Priced,
Q-72867,22 8312 2876 626,28.48,2026-09-01,2026-09-11,Priced,
Q-72868,6200-5018-75077,27.34,2026-08-28,13/09/2026,Priced,
Q-72869,16 9547 9763 495,23.16,2026-09-01,09/09/2026,Priced,
Q-72870,2686127511096,27.72,2026-08-28,2026-09-05,Priced,
Q-72871,32 6101 4358 929,23.44,2026-08-28,2026-09-07,Priced,
Q-72872,8050183075621,19.65,2026-08-31,04/09/2026,Priced,
Q-72873,21 4321 2228 558,28.9,2026-08-28,12/09/2026,Priced,
Q-72874,15 5757 4344 008,23.12,2026-08-27,04/09/2026,Priced,
Q-72875,15 6828 3297 318,25.84,2026-08-26,2026-09-15,Priced,
Q-72876,6620814723943,24.87,2026-08-29,15/09/2026,Priced,
Q-72877,75 1240 5387 549,18.4,2026-08-30,05/09/2026,Priced,
Q-72878,11 7677 4164 767,18.18,2026-08-29,2026-09-11,Priced,
Q-72879,2609469673699,19.0,2026-08-26,05/09/2026,Priced,
Q-72880,5076595311233,,2026-08-30,2026-09-09,Errored,Pricing engine returned no rate
Q-72881,40 9047 8156 147,32.02,2026-08-30,10/09/2026,Priced,
Q-72882,5618185492036,17.47,2026-08-29,2026-09-13,Priced,
Q-72883,8382925870692,32.32,2026-08-31,04/09/2026,Priced,
Q-72884,3491835575909,27.26,2026-08-30,2026-09-10,Priced,
Q-72885,4523070382485,32.5,2026-08-30,07/09/2026,Priced,
Q-72886,8761-4255-47741,28.33,2026-08-31,2026-09-11,Priced,
Q-72887,92 7267 4354 794,22.1,2026-08-30,2026-09-14,Priced,
Q-72888,0598957199338,27.44,2026-08-26,06/09/2026,Priced,
Q-72889,39 4169 9848 107,21.31,2026-08-29,05/09/2026,Priced,
Q-72890,75 0976 3594 943,27.36,2026-08-31,2026-09-04,Priced,
Q-72891,5900-8568-11955,27.86,2026-08-28,13/09/2026,Priced,
Q-72892,37 5764 8494 221,17.7,2026-08-29,04/09/2026,Priced,
Q-72893,9833660840256,18.62,2026-08-27,13/09/2026,Priced,
Q-72894,76 3947 0667 271,25.12,2026-08-27,2026-09-14,Priced,
Q-72895,37 9631 8499 166,,2026-08-30,2026-09-10,Errored,Timeout fetching consumption data
Q-72896,4515445494306,25.12,2026-08-26,2026-09-07,Priced,
Q-72897,7063-2906-36537,21.92,2026-08-26,2026-09-15,Priced,
Q-72898,14 0665 8757 285,22.66,2026-08-26,2026-09-13,Priced,
Q-72899,54 2376 3516 754,27.33,2026-08-26,12/09/2026,Priced,
Q-72900,8892676359940,24.19,2026-08-26,07/09/2026,Priced,
Q-72901,0722-0551-01769,18.77,2026-08-28,12/09/2026,Priced,
Q-72902,93 7487 3377 130,,2026-08-27,08/09/2026,Errored,Timeout fetching consumption data
Q-72903,2570049896014,27.87,2026-09-01,09/09/2026,Priced,
Q-72904,44 4803 5430 855,29.56,2026-08-26,07/09/2026,Priced,
Q-72905,5511491127517,27.77,2026-08-26,2026-09-09,Priced,
Q-72906,6283005912056,30.22,2026-08-31,07/09/2026,Priced,
Q-72907,7113-2023-31217,27.2,2026-08-30,2026-09-15,Priced,
Q-72908,8322009446004,32.61,2026-08-30,2026-09-06,Priced,
Q-72909,5181910219483,17.57,2026-08-26,2026-09-15,Priced,
Q-72910,3678-3831-51044,,2026-08-27,2026-09-07,Errored,Timeout fetching consumption data
Q-72911,0753285941298,22.62,2026-08-29,15/09/2026,Priced,
Q-72912,67 1741 5964 738,19.52,2026-08-26,2026-09-07,Priced,
Q-72913,18 3949 9517 584,25.51,2026-08-31,13/09/2026,Priced,
Q-72914,03 4014 9661 627,27.81,2026-08-29,2026-09-11,Priced,
Q-72915,5107-2726-58850,21.28,2026-08-26,2026-09-04,Priced,
Q-72916,7142-9506-30908,21.97,2026-08-30,14/09/2026,Priced,
Q-72917,5263009369417,23.02,2026-08-27,2026-09-05,Priced,
Q-72918,0127575341949,20.29,2026-08-30,2026-09-08,Priced,
Q-72919,7381449708692,28.71,2026-08-29,2026-09-15,Priced,
Q-72920,2219-8762-70396,21.3,2026-08-29,2026-09-14,Priced,
Q-72921,5239-2406-71804,21.19,2026-08-26,2026-09-09,Priced,
Q-72922,9187-5924-30820,18.33,2026-08-28,2026-09-08,Priced,
Q-72923,39 5802 7842 964,27.25,2026-08-31,2026-09-09,Priced,
Q-72924,17 0291 5794 475,19.78,2026-08-30,14/09/2026,Priced,
Q-72925,1130135271528,27.63,2026-08-29,14/09/2026,Priced,
Q-72926,7826411771702,30.39,2026-08-27,07/09/2026,Priced,
Q-72927,98 2919 1815 181,20.34,2026-08-26,11/09/2026,Priced,
Q-72928,7480057721656,20.18,2026-08-26,2026-09-04,Priced,
Q-72929,41 6231 3184 699,22.32,2026-08-27,2026-09-15,Priced,
Q-72930,1905720953412,23.41,2026-08-30,04/09/2026,Priced,
Q-72931,0389879047541,21.38,2026-08-30,2026-09-05,Priced,
Q-72932,7362-3407-06162,26.45,2026-08-27,04/09/2026,Priced,
Q-72933,5824061909176,23.01,2026-08-26,06/09/2026,Priced,
Q-72934,6596864944489,26.52,2026-08-27,04/09/2026,Priced,
Q-72935,61 8774 4917 818,17.63,2026-08-27,14/09/2026,Priced,
Q-72936,0578-2339-25891,31.15,2026-08-29,10/09/2026,Priced,
Q-72937,5000-5888-31612,20.78,2026-08-31,14/09/2026,Priced,
Q-72938,6065-6437-00943,18.65,2026-08-31,11/09/2026,Priced,
Q-72939,8319-2518-47569,27.18,2026-08-27,14/09/2026,Priced,
Q-72940,14 1445 8291 482,,2026-08-27,2026-09-06,Errored,Pricing engine returned no rate
Q-72941,04 3482 7790 115,32.45,2026-08-31,08/09/2026,Priced,
Q-72942,5693-8841-41752,18.86,2026-08-29,2026-09-04,Priced,
Q-72943,4649446899928,23.7,2026-08-30,11/09/2026,Priced,
Q-72944,70 5716 3176 706,27.14,2026-08-30,05/09/2026,Priced,
Q-72945,9426-3909-89164,26.74,2026-08-26,11/09/2026,Priced,
Q-72946,9229740038694,18.93,2026-08-27,2026-09-07,Priced,
Q-72947,01 8969 9400 217,21.64,2026-08-30,2026-09-10,Priced,
Q-72948,2447117279004,23.75,2026-08-28,12/09/2026,Priced,
Q-72949,15 1160 4739 758,31.39,2026-08-30,09/09/2026,Priced,
Q-72950,1358-2461-29400,18.45,2026-08-28,2026-09-15,Priced,
Q-72951,7321128800255,21.43,2026-08-31,2026-09-07,Priced,
Q-72952,7237024036641,18.43,2026-08-30,2026-09-12,Priced,
Q-72953,04 7150 1053 780,,2026-08-26,2026-09-15,Errored,Timeout fetching consumption data
Q-72954,0589-4783-48891,21.22,2026-09-01,2026-09-08,Priced,
Q-72955,0374-9437-04224,18.77,2026-08-31,11/09/2026,Priced,
Q-72956,6867917825932,20.96,2026-08-27,07/09/2026,Priced,
Q-72957,80 7827 9268 499,27.25,2026-08-26,2026-09-04,Priced,
Q-72958,9414-1440-16148,20.27,2026-08-28,06/09/2026,Priced,
Q-72959,9388749382715,30.35,2026-08-27,12/09/2026,Priced,
Q-72960,8871566754046,24.36,2026-09-01,04/09/2026,Priced,
Q-72961,28 7729 8787 483,23.51,2026-08-31,2026-09-10,Priced,
Q-72962,1628-8232-75879,29.48,2026-08-31,06/09/2026,Priced,
Q-72963,1368-5406-77537,,2026-08-27,2026-09-14,Errored,Pricing engine returned no rate
Q-72964,7989-0276-27875,29.82,2026-08-29,2026-09-09,Priced,
Q-72965,7069-7118-31766,25.98,2026-08-28,2026-09-06,Priced,
Q-72966,0114-6527-85808,21.15,2026-08-26,10/09/2026,Priced,
Q-72967,0503-4113-41501,18.7,2026-09-01,2026-09-05,Priced,
Q-72968,0974339287087,25.7,2026-09-01,2026-09-14,Priced,
Q-72969,4431-9159-38535,21.45,2026-08-28,2026-09-10,Priced,
Q-72970,84 3163 4936 272,17.92,2026-08-31,12/09/2026,Priced,
Q-72971,6387576699178,26.99,2026-08-27,08/09/2026,Priced,
Q-72972,1939595161168,16.42,2026-09-01,11/09/2026,Priced,
Q-72973,10 9647 0920 999,17.36,2026-08-27,06/09/2026,Priced,
Q-72974,2539115103141,21.14,2026-08-30,05/09/2026,Priced,
Q-72975,7220612504563,20.8,2026-08-31,2026-09-14,Priced,
Q-72976,2740-3648-33336,25.82,2026-09-01,2026-09-06,Priced,
Q-72977,8620857131313,25.73,2026-09-01,04/09/2026,Priced,
Q-72978,2511479392434,21.1,2026-08-27,2026-09-04,Priced,
Q-72979,1119-3995-94173,17.39,2026-08-27,2026-09-11,Priced,
Q-72980,2476347765760,24.02,2026-08-26,09/09/2026,Priced,
Q-72981,55 1040 3021 887,20.16,2026-09-01,09/09/2026,Priced,
Q-72982,69 3804 7650 926,17.82,2026-08-31,2026-09-05,Priced,
Q-72983,6005-7465-97341,24.54,2026-09-01,15/09/2026,Priced,
Q-72984,0802915263139,28.41,2026-08-27,2026-09-06,Priced,
Q-72985,32 5160 9729 822,27.21,2026-08-27,2026-09-15,Priced,
Q-72986,63 8743 0472 785,20.75,2026-08-29,2026-09-05,Priced,
Q-72987,90 4410 7793 023,22.64,2026-08-29,15/09/2026,Priced,
Q-72988,71 9186 6284 759,31.4,2026-08-31,2026-09-05,Priced,
Q-72989,1685511956617,27.54,2026-08-26,2026-09-05,Priced,
Q-72990,4135-6220-19384,24.49,2026-08-30,2026-09-10,Priced,
Q-72991,8554606839596,26.74,2026-08-31,2026-09-13,Priced,
Q-72992,8933066861435,20.24,2026-08-26,10/09/2026,Priced,
Q-72993,9373011167357,28.3,2026-09-01,04/09/2026,Priced,
Q-72994,5524-5787-22733,26.38,2026-08-31,10/09/2026,Priced,
Q-72995,1019-0918-29853,32.09,2026-08-30,14/09/2026,Priced,
Q-72996,2865-6610-28047,21.84,2026-08-31,2026-09-10,Priced,
Q-72997,3972630333509,26.63,2026-08-28,2026-09-04,Priced,
Q-72998,61 0799 6164 786,18.35,2026-08-26,2026-09-07,Priced,
Q-72999,95 5454 3150 584,21.0,2026-08-29,04/09/2026,Priced,
Q-73000,01 5841 5476 771,25.03,2026-08-28,08/09/2026,Priced,
Q-73001,5544000975152,19.62,2026-09-01,2026-09-12,Priced,
Q-73002,85 9035 4953 275,27.92,2026-09-01,08/09/2026,Priced,
Q-73003,5240882784875,31.19,2026-08-26,10/09/2026,Priced,
Q-73004,19 4141 6588 226,17.4,2026-08-29,2026-09-14,Priced,
Q-73005,3190451592837,24.89,2026-08-31,14/09/2026,Priced,
Q-73006,45 4057 9619 737,24.03,2026-08-29,07/09/2026,Priced,
Q-73007,0311-5198-23261,17.41,2026-08-30,11/09/2026,Priced,
Q-73008,3858-3692-71546,28.31,2026-08-27,15/09/2026,Priced,
Q-73009,5855-4415-16265,29.69,2026-08-28,08/09/2026,Priced,
Q-73010,9242860117167,23.94,2026-08-29,04/09/2026,Priced,
Q-73011,7250443656657,23.79,2026-08-29,04/09/2026,Priced,
Q-73012,03 5267 5222 447,29.87,2026-08-28,2026-09-12,Priced,
Q-73013,1361-6591-08257,30.12,2026-08-29,2026-09-11,Priced,
Q-73014,0574-0531-35850,27.32,2026-09-01,2026-09-10,Priced,
Q-73015,55 0708 6924 932,27.16,2026-09-01,14/09/2026,Priced,
Q-73016,8070-0728-55542,24.16,2026-08-27,15/09/2026,Priced,
Q-73017,36 5983 2418 838,28.76,2026-09-01,2026-09-07,Priced,
Q-73018,9130-6488-08112,27.01,2026-08-30,04/09/2026,Priced,
Q-73019,6010367285869,23.82,2026-08-27,13/09/2026,Priced,
Q-73020,41 2924 6846 350,22.25,2026-09-01,10/09/2026,Priced,
Q-73021,47 7254 2799 658,18.01,2026-08-29,12/09/2026,Priced,
Q-73022,8462095169506,30.17,2026-08-28,13/09/2026,Priced,
Q-73023,0918062247174,18.92,2026-08-30,2026-09-11,Priced,
Q-73024,0180745510606,22.86,2026-09-01,2026-09-11,Priced,
Q-73025,0733528007199,34.68,2026-08-31,09/09/2026,Priced,
Q-73026,9358723029386,20.96,2026-08-26,2026-09-14,Priced,
Q-73027,0268978414558,19.57,2026-08-30,08/09/2026,Priced,
Q-73028,4128-3378-80754,24.14,2026-08-27,2026-09-13,Priced,
Q-73029,12 2511 1058 011,28.63,2026-08-29,04/09/2026,Priced,
Q-73030,59 0162 7703 333,30.75,2026-09-01,2026-09-04,Priced,
Q-73031,5776-5840-64386,22.06,2026-08-27,2026-09-06,Priced,
Q-73032,2975950383790,24.24,2026-08-28,05/09/2026,Priced,
Q-73033,8340-3532-87597,22.83,2026-09-01,2026-09-14,Priced,
Q-73034,51 3105 8856 587,18.29,2026-08-29,10/09/2026,Priced,
Q-73035,2728-9064-95390,27.33,2026-08-29,2026-09-10,Priced,
Q-73036,9937924472552,25.78,2026-09-01,2026-09-14,Priced,
Q-73037,93 0439 0037 135,28.52,2026-08-29,09/09/2026,Priced,
Q-73038,4587326544904,30.47,2026-08-30,13/09/2026,Priced,
Q-73039,6042-9720-63262,18.4,2026-08-26,2026-09-13,Priced,
Q-73040,4720067173889,22.37,2026-08-29,04/09/2026,Priced,
Q-73041,00 5896 8746 101,20.94,2026-08-26,04/09/2026,Priced,
Q-73042,2198421074906,28.33,2026-08-28,09/09/2026,Priced,
Q-73043,5485-7277-33866,18.66,2026-08-26,13/09/2026,Priced,
Q-73044,35 9073 6622 060,28.96,2026-08-26,04/09/2026,Priced,
Q-73045,5916755566696,29.88,2026-08-30,05/09/2026,Priced,
Q-73046,8799652340949,,2026-09-01,2026-09-04,Errored,Pricing engine returned no rate
Q-73047,1375-0212-39522,33.77,2026-09-01,14/09/2026,Priced,
Q-73048,13 5145 8697 387,32.55,2026-08-31,04/09/2026,Priced,
Q-73049,8734736628475,32.19,2026-08-26,2026-09-09,Priced,
Q-73050,0728-6798-84671,24.76,2026-08-28,2026-09-11,Priced,
Q-73051,8665-2211-17007,17.95,2026-08-26,2026-09-11,Priced,
Q-73052,7313-2280-16107,32.68,2026-08-29,11/09/2026,Priced,
Q-73053,4824-3850-21142,21.32,2026-08-29,2026-09-07,Priced,
Q-73054,2301092312713,30.71,2026-08-31,07/09/2026,Priced,
Q-73055,02 8766 7261 317,26.29,2026-08-26,07/09/2026,Priced,
Q-73056,6966706292532,19.24,2026-08-30,05/09/2026,Priced,
Q-73057,01 5010 0661 910,31.07,2026-08-27,04/09/2026,Priced,
Q-73058,9384957687078,21.14,2026-08-31,2026-09-04,Priced,
Q-73059,4102911069547,,2026-08-26,11/09/2026,Errored,Timeout fetching consumption data
Q-73060,4309167788520,,2026-08-28,2026-09-04,Errored,Pricing engine returned no rate
Q-73061,18 4429 7375 201,28.82,2026-08-27,06/09/2026,Priced,
Q-73062,7980-8004-62814,27.5,2026-08-29,14/09/2026,Priced,
Q-73063,1826-9913-69152,25.1,2026-08-26,2026-09-07,Priced,
Q-73064,89 9593 9960 896,26.53,2026-08-28,05/09/2026,Priced,
Q-73065,19 5199 6212 199,19.0,2026-08-31,05/09/2026,Priced,
Q-73066,6229-5585-35756,26.66,2026-08-26,06/09/2026,Priced,
Q-73067,9760469290174,25.45,2026-08-30,2026-09-11,Priced,
Q-73068,64 5977 4849 867,25.95,2026-08-27,05/09/2026,Priced,
Q-73069,7512-4364-54929,26.91,2026-08-29,13/09/2026,Priced,
Q-73070,9963721660992,21.1,2026-08-28,08/09/2026,Priced,
Q-73071,0194-5271-57641,22.94,2026-08-29,2026-09-10,Priced,
Q-73072,6311478458524,19.67,2026-08-27,2026-09-12,Priced,
Q-73073,3624697566851,26.52,2026-08-26,2026-09-09,Priced,
Q-73074,9421-5445-97524,20.9,2026-08-29,2026-09-05,Priced,
Q-73075,4499-8616-47086,23.6,2026-08-27,2026-09-11,Priced,
Q-73076,8171-8244-81551,22.9,2026-08-27,2026-09-08,Priced,
Q-73077,8119762761049,23.63,2026-08-28,13/09/2026,Priced,
Q-73078,5194-0646-10985,21.56,2026-08-26,2026-09-06,Priced,
Q-73079,3071-0499-53274,21.18,2026-08-27,14/09/2026,Priced,
Q-73080,7909-5024-38066,,2026-08-26,05/09/2026,Errored,Timeout fetching consumption data
Q-73081,9820228581746,19.46,2026-08-26,15/09/2026,Priced,
Q-73082,7683168930483,19.62,2026-09-01,10/09/2026,Priced,
Q-73083,3001111159377,,2026-09-01,2026-09-05,Errored,Timeout fetching consumption data
Q-73084,0963-4287-77549,28.87,2026-08-29,10/09/2026,Priced,
Q-73085,3886218114757,20.86,2026-09-01,14/09/2026,Priced,
Q-73086,1829-6398-32024,23.31,2026-08-30,08/09/2026,Priced,
Q-73087,17 6922 5779 489,27.19,2026-08-29,08/09/2026,Priced,
Q-73088,81 9060 3920 932,26.33,2026-08-30,2026-09-13,Priced,
Q-73089,6272587175298,23.9,2026-08-28,2026-09-14,Priced,
Q-73090,03 3212 0226 862,25.17,2026-08-30,2026-09-10,Priced,
Q-73091,7603-1858-49030,18.05,2026-09-01,2026-09-13,Priced,
Q-73092,6420-5323-81365,30.95,2026-08-29,2026-09-05,Priced,
Q-73093,62 5308 1091 816,31.63,2026-08-28,2026-09-06,Priced,
Q-73094,1972090180182,29.1,2026-08-31,2026-09-13,Priced,
Q-73095,02 7368 6989 468,28.67,2026-08-29,2026-09-06,Priced,
Q-73096,83 6892 2658 158,27.22,2026-08-27,2026-09-06,Priced,
Q-73097,1924717919505,32.17,2026-08-31,13/09/2026,Priced,
Q-73098,18 1047 6206 298,19.8,2026-08-31,12/09/2026,Priced,
Q-73099,5559162434391,22.57,2026-08-31,13/09/2026,Priced,
Q-73100,6235-4657-07506,33.75,2026-08-28,12/09/2026,Priced,
Q-73101,1957145682426,26.02,2026-08-29,09/09/2026,Priced,
Q-73102,7629005004449,30.93,2026-08-31,2026-09-14,Priced,
Q-73103,9763894066577,26.58,2026-09-01,2026-09-09,Priced,
Q-73104,9415038331999,30.04,2026-08-27,2026-09-12,Priced,
Q-73105,95 6164 9023 280,32.25,2026-08-28,04/09/2026,Priced,
Q-73106,68 6672 5804 325,23.77,2026-08-26,2026-09-07,Priced,
Q-73107,6719466321986,25.63,2026-08-26,2026-09-10,Priced,
Q-73108,8428-0595-01990,21.91,2026-08-28,2026-09-13,Priced,
Q-73109,6437-7221-99600,25.07,2026-08-29,2026-09-04,Priced,
Q-73110,54 1917 2995 579,26.07,2026-08-28,09/09/2026,Priced,
Q-73111,84 9709 8760 883,21.13,2026-08-31,05/09/2026,Priced,
Q-73112,7096-8350-11568,28.48,2026-08-29,2026-09-04,Priced,
Q-73113,8085078758938,30.66,2026-08-30,2026-09-15,Priced,
Q-73114,80 9945 7573 496,30.42,2026-08-30,2026-09-15,Priced,
Q-73115,0294-4156-33542,21.58,2026-08-28,05/09/2026,Priced,
Q-73116,9385-9705-10566,18.49,2026-09-01,04/09/2026,Priced,
Q-73117,8671418355377,29.17,2026-09-01,2026-09-05,Priced,
Q-73118,8863215076741,22.51,2026-08-31,10/09/2026,Priced,
Q-73119,7732-5701-72726,18.66,2026-08-31,2026-09-06,Priced,
Q-73120,39 6518 8333 905,24.01,2026-08-27,15/09/2026,Priced,
Q-73121,24 9746 5811 473,19.5,2026-08-26,05/09/2026,Priced,
Q-73122,6552513713532,19.34,2026-09-01,2026-09-12,Priced,
Q-73123,3087-9081-71687,22.61,2026-08-27,14/09/2026,Priced,
Q-73124,01 2892 9372 277,16.98,2026-08-27,2026-09-11,Priced,
Q-73125,3262-4117-96028,25.23,2026-08-27,2026-09-12,Priced,
Q-73126,51 6020 5575 186,33.32,2026-09-01,2026-09-11,Priced,
Q-73127,1816-7793-91513,18.77,2026-08-30,05/09/2026,Priced,
Q-73128,30 1207 3011 568,17.16,2026-08-26,04/09/2026,Priced,
Q-73129,7358-9703-60271,26.42,2026-09-01,13/09/2026,Priced,
Q-73130,5286487009671,26.64,2026-08-30,2026-09-08,Priced,
Q-73131,8253-3105-02178,17.21,2026-08-28,2026-09-15,Priced,
Q-73132,15 7708 1306 670,29.1,2026-08-28,10/09/2026,Priced,
Q-73133,31 8560 3195 326,19.88,2026-08-30,2026-09-10,Priced,
Q-73134,3746357677175,19.26,2026-08-27,09/09/2026,Priced,
Q-73135,4856563075608,20.12,2026-08-26,2026-09-15,Priced,
Q-73136,3625719416562,17.33,2026-08-26,2026-09-12,Priced,
Q-73137,9341450369880,29.39,2026-08-28,2026-09-06,Priced,
Q-73138,6803032393766,24.08,2026-08-29,06/09/2026,Priced,
Q-73139,2113-3725-64525,20.6,2026-08-29,15/09/2026,Priced,
Q-73140,8732-2169-13256,24.61,2026-08-29,2026-09-06,Priced,
Q-73141,04 5649 4248 335,29.42,2026-08-31,14/09/2026,Priced,
Q-73142,46 9375 8106 745,28.7,2026-08-29,2026-09-08,Priced,
Q-73143,4412097280694,22.24,2026-08-29,04/09/2026,Priced,
Q-73144,03 6275 7065 141,22.55,2026-08-31,06/09/2026,Priced,
Q-73145,1924689676286,16.38,2026-09-01,10/09/2026,Priced,
Q-73146,75 8234 4569 684,24.25,2026-09-01,2026-09-07,Priced,
Q-73147,5298830840877,22.01,2026-08-30,04/09/2026,Priced,
Q-73148,9726-4957-23252,25.26,2026-08-26,06/09/2026,Priced,
Q-73149,0597219403692,17.77,2026-08-26,10/09/2026,Priced,
Q-73150,3254-4229-23789,29.08,2026-08-28,2026-09-08,Priced,
Q-73151,5989601968387,26.08,2026-08-31,2026-09-10,Priced,
Q-73152,7411990248321,23.68,2026-08-26,15/09/2026,Priced,
Q-73153,8212-7523-81685,20.97,2026-08-31,08/09/2026,Priced,
Q-73154,0267332365640,17.28,2026-08-30,2026-09-11,Priced,
Q-73155,7308941161258,17.9,2026-08-30,2026-09-06,Priced,
Q-73156,55 9143 7533 556,20.62,2026-08-27,10/09/2026,Priced,
Q-73157,2846871805267,23.85,2026-08-29,08/09/2026,Priced,
Q-73158,99 1110 5405 490,24.96,2026-09-01,2026-09-14,Priced,
Q-73159,8233486120932,27.19,2026-08-26,06/09/2026,Priced,
Q-73160,7632991550257,24.76,2026-08-29,12/09/2026,Priced,
Q-73161,35 2757 9070 287,28.84,2026-08-31,2026-09-07,Priced,
Q-73162,7738-9057-45192,30.21,2026-08-31,2026-09-15,Priced,
Q-73163,2335307473395,18.47,2026-08-29,04/09/2026,Priced,
Q-73164,8153373847408,24.74,2026-09-01,2026-09-09,Priced,
Q-73165,6174-5332-34165,25.02,2026-08-27,2026-09-04,Priced,
Q-73166,94 3217 1043 427,18.96,2026-08-27,11/09/2026,Priced,
Q-73167,25 6623 1764 868,18.58,2026-08-27,2026-09-06,Priced,
Q-73168,6835563819927,31.45,2026-08-30,11/09/2026,Priced,
Q-73169,93 7719 6855 943,,2026-08-28,06/09/2026,Errored,Pricing engine returned no rate
Q-73170,2392427522970,28.75,2026-08-30,2026-09-12,Priced,
Q-73171,7663723806739,19.41,2026-08-29,2026-09-13,Priced,
Q-73172,13 4758 6290 387,28.49,2026-08-27,2026-09-08,Priced,
Q-73173,80 6955 2019 371,,2026-09-01,05/09/2026,Errored,Timeout fetching consumption data
Q-73174,7202-5635-20381,30.02,2026-08-26,05/09/2026,Priced,
Q-73175,1511280324018,22.11,2026-08-30,10/09/2026,Priced,
Q-73176,1586-5379-62937,17.76,2026-08-31,2026-09-10,Priced,
Q-73177,48 5350 9783 495,26.7,2026-08-28,14/09/2026,Priced,
Q-73178,3183314662563,30.49,2026-08-26,09/09/2026,Priced,
Q-73179,8862294161517,26.13,2026-08-31,05/09/2026,Priced,
Q-73180,8987361242933,21.38,2026-08-26,2026-09-12,Priced,
Q-73181,53 3622 8049 505,23.52,2026-08-29,12/09/2026,Priced,
Q-73182,4113129245722,35.46,2026-08-30,2026-09-12,Priced,
Q-73183,11 1789 3049 723,29.67,2026-09-01,14/09/2026,Priced,
Q-73184,6637787148724,31.53,2026-08-27,04/09/2026,Priced,
Q-73185,2505-5782-44031,26.92,2026-08-31,2026-09-10,Priced,
Q-73186,2861431009792,32.86,2026-09-01,2026-09-04,Priced,
Q-73187,1149177372050,30.9,2026-08-26,2026-09-08,Priced,
Q-73188,7033-9891-36380,33.42,2026-08-28,07/09/2026,Priced,
Q-73189,2798541049320,23.68,2026-08-30,2026-09-08,Priced,
Q-73190,5842-7540-97725,23.76,2026-08-27,08/09/2026,Priced,
Q-73191,2648912968567,25.97,2026-08-31,2026-09-13,Priced,
Q-73192,3270-3373-43973,25.72,2026-08-29,07/09/2026,Priced,
Q-73193,8454028810936,31.98,2026-08-27,2026-09-12,Priced,
Q-73194,7743319171825,26.09,2026-08-30,2026-09-09,Priced,
Q-73195,8084522755038,27.55,2026-08-27,06/09/2026,Priced,
Q-73196,3710858105735,22.44,2026-09-01,2026-09-09,Priced,
Q-73197,46 5314 6309 459,24.54,2026-08-28,2026-09-13,Priced,
Q-73198,2092027974907,19.44,2026-08-29,2026-09-04,Priced,
Q-73199,1058-0823-24276,26.74,2026-08-28,2026-09-09,Priced,
Q-73200,5010-1887-47582,,2026-08-28,07/09/2026,Errored,Timeout fetching consumption data
Q-73201,70 2228 2337 604,19.27,2026-08-30,14/09/2026,Priced,
Q-73202,27 8530 7353 495,28.13,2026-08-28,13/09/2026,Priced,
Q-73203,86 5156 6372 443,31.25,2026-08-27,12/09/2026,Priced,
Q-73204,1728609557379,18.43,2026-09-01,2026-09-06,Priced,
Q-73205,8127082074335,21.98,2026-08-27,11/09/2026,Priced,
Q-73206,2946078639453,34.79,2026-08-28,13/09/2026,Priced,
Q-73207,31 8143 2859 086,20.63,2026-09-01,2026-09-04,Priced,
Q-73208,6838441507719,27.36,2026-08-29,2026-09-10,Priced,
Q-73209,05 6908 7269 089,32.3,2026-08-31,2026-09-08,Priced,
Q-73210,5612-5893-67516,14.84,2026-08-28,2026-09-04,Priced,
Q-73211,5249257338392,31.48,2026-08-28,2026-09-06,Priced,
Q-73212,78 7930 4217 781,30.55,2026-08-27,15/09/2026,Priced,
Q-73213,6498-8168-33912,27.72,2026-08-28,2026-09-06,Priced,
Q-73214,1591132022760,24.15,2026-08-26,05/09/2026,Priced,
Q-73215,09 3561 7790 642,19.52,2026-08-29,2026-09-07,Priced,
Q-73216,6419391113326,23.2,2026-08-29,2026-09-11,Priced,
Q-73217,9886012250844,30.59,2026-08-30,2026-09-12,Priced,
Q-73218,9590-2291-09978,21.49,2026-08-31,04/09/2026,Priced,
Q-73219,0911054117653,18.91,2026-08-30,2026-09-10,Priced,
Q-73220,5182000183336,26.99,2026-08-31,10/09/2026,Priced,
Q-73221,28 4458 6773 180,26.58,2026-08-28,13/09/2026,Priced,
Q-73222,3656-3205-07534,25.5,2026-09-01,10/09/2026,Priced,
Q-73223,73 9220 8784 588,17.89,2026-08-26,15/09/2026,Priced,
Q-73224,0587-7677-25543,19.49,2026-08-31,2026-09-10,Priced,
Q-73225,7942213116166,22.68,2026-08-27,05/09/2026,Priced,
Q-73226,2483474187676,29.86,2026-09-01,2026-09-11,Priced,
Q-73227,07 9856 0018 789,20.51,2026-08-27,13/09/2026,Priced,
Q-73228,3343435722401,22.41,2026-08-30,14/09/2026,Priced,
Q-73229,3163449969051,22.34,2026-08-26,15/09/2026,Priced,
Q-73230,93 4745 4538 252,16.93,2026-08-30,2026-09-14,Priced,
Q-73231,0743731697638,32.9,2026-08-28,06/09/2026,Priced,
Q-73232,97 4214 3341 493,,2026-09-01,11/09/2026,Errored,Pricing engine returned no rate
Q-73233,4478983183027,20.25,2026-08-29,08/09/2026,Priced,
Q-73234,64 5123 6743 690,26.14,2026-08-29,2026-09-07,Priced,
Q-73235,8610-1257-43679,22.22,2026-08-29,11/09/2026,Priced,
Q-73236,0134-8879-11170,25.17,2026-08-27,13/09/2026,Priced,
Q-73237,1194632086870,20.99,2026-08-26,13/09/2026,Priced,
Q-73238,9956-2086-86410,25.2,2026-08-29,2026-09-08,Priced,
Q-73239,87 6729 5459 458,18.96,2026-09-01,2026-09-06,Priced,
Q-73240,1149-8952-99610,16.57,2026-08-29,2026-09-13,Priced,
Q-73241,3064-3446-88339,23.2,2026-08-30,12/09/2026,Priced,
Q-73242,6330207321939,18.54,2026-08-28,05/09/2026,Priced,
Q-73243,5494902944537,27.41,2026-09-01,10/09/2026,Priced,
Q-73244,8179-5691-17309,15.74,2026-08-30,08/09/2026,Priced,
Q-73245,9828-0270-85002,25.63,2026-08-28,2026-09-05,Priced,
Q-73246,18 4059 6689 042,29.5,2026-08-27,2026-09-06,Priced,
Q-73247,74 2660 9274 942,26.67,2026-08-27,09/09/2026,Priced,
