site_id,account_ref,site_name,postcode,mpan,product,contract_start,contract_end,eac_kwh,current_unit_rate_p_per_kwh,site_status
S-20000,TEM-23570-D,Northgate site 1,B11 4ND,92 9298 1902 587,RED,29/01/2026,2027-01-29,910000,19.43,Live
S-20001,TEM-29826-E,Foxglove site 1,N3 9ND,3020896951509,RED,2023-03-22,2026-03-21,120000,31.59,Ended
S-20002,TEM-57731-D,Riverbank site 1,N2 3AP,17 8196 8782 291,RED,14/12/2024,14-Dec-26,62500,21.62,Live
S-20003,TEM-31160-E,Ashcombe site 1,S13 1HD,8535173661121,RED Plus,2024-10-02,02/10/2026,62500,32.26,Live
S-20004,TEM-77947-C,Fernhill site 1,E26 1AW,5840308542860,RED,07/09/2024,07 September 2027,210000,28.19,Live
S-20005,TEM-39719-B,Jarrow site 1,E4 5HW,08 2861 3707 640,RED,2025-02-10,10-Feb-28,88000,19.69,Live
S-20006,TEM-39719-B,Jarrow site 2,L28 8JD,4859555916090,RED Plus,12/01/2026,12/01/2027,480000,32.05,Live
S-20007,TEM-39719-B,Jarrow site 3,N12 2AW,7397-8110-93009,REDzero,11/01/2026,11-Jan-28,480000,31.48,Live
S-20008,TEM-39719-B,Jarrow site 4,S30 2NW,2573406847067,RED,04/03/2025,2028-03-03,1250000,20.03,Live
S-20009,TEM-55812-C,Marlow site 1,N11 6NR,4032-6594-23719,RED,2026-05-07,07 May 2027,120000,25.41,Live
S-20010,TEM-55089-G,Umberside site 1,G17 2BW,8338622906995,RED,19/04/2026,19/04/2027,42000,20.07,Live
S-20011,TEM-21130-F,Millpond site 1,B7 1NW,9407532512320,RED,2023-09-27,26 September 2026,42000,30.46,Live
S-20012,TEM-21130-F,Millpond site 2,S21 2NW,9333-2092-23752,RED,2025-04-11,10 April 2028,155000,18.88,Live
S-20013,TEM-21130-F,Millpond site 3,N24 8NW,70 2451 3833 392,RED Plus,10/10/2024,10-Oct-26,2100000,24.52,Live
S-20014,TEM-21130-F,Millpond site 4,N6 8AX,5295990340139,RED,18/10/2023,17-Oct-26,480000,31.18,Live
S-20015,TEM-21130-F,Millpond site 5,N9 2JP,7559776290291,REDzero,18/12/2023,17 December 2026,2100000,24.09,Live
S-20016,TEM-21130-F,Millpond site 6,L11 2AP,8822-1970-50519,RED,2025-10-29,29-Oct-27,155000,17.62,Live
S-20017,TEM-30435-E,Marlow site 1,S14 5NP,35 6467 3595 767,REDzero,12/04/2026,11-Apr-28,910000,26.73,Live
S-20018,TEM-37661-A,Kestrel site 1,M6 7ED,3936-1030-23945,RED,2025-01-24,24-Jan-28,120000,25.16,Live
S-20019,TEM-37661-A,Kestrel site 2,E28 7AD,36 2877 6916 147,RED,2025-10-30,30/10/2026,1250000,22.81,Live
S-20020,TEM-37661-A,Kestrel site 3,N5 8JR,43 3474 5498 276,REDzero,2024-03-05,05/03/2027,2100000,31.08,Live
S-20021,TEM-37661-A,Kestrel site 4,G2 2JT,4399643475033,RED,2027-02-18,2028-02-18,88000,19.83,Live
S-20022,TEM-37661-A,Kestrel site 5,G3 3JX,2075443323754,RED Plus,06/04/2025,05 April 2028,42000,17.89,Live
S-20023,TEM-37661-A,Kestrel site 6,G5 4ND,7585451857397,REDzero,08/09/2023,07/09/2026,910000,29.91,Live
S-20024,TEM-56371-D,Farrier site 1,G12 9ED,9901382156661,RED,2024-08-16,16 August 2025,2100000,17.84,Ended
S-20025,TEM-10515-G,Farrier site 1,N18 1HX,0999633274717,RED Plus,18/03/2026,2027-03-18,910000,30.6,Live
S-20026,TEM-10515-G,Farrier site 2,S4 8HW,9056-1605-13277,RED,23/12/2023,22-Dec-26,210000,20.33,Live
S-20027,TEM-23907-E,Bexley site 1,E21 8JT,1505-1282-96099,RED,2027-01-23,23/01/2028,660000,18.97,Live
S-20028,TEM-76263-E,Birchmoor site 1,N8 1HW,6913-6365-75812,RED,2026-02-10,10 February 2028,120000,28.92,Live
S-20029,TEM-83336-B,Yewtree site 1,G23 8ER,6234640110478,RED,2024-10-17,17 October 2027,120000,31.47,Live
S-20030,TEM-49685-G,Cedar site 1,E11 3HR,9749-6766-93891,RED,2022-10-26,25 October 2025,2100000,21.51,Ended
S-20031,TEM-31337-F,Fernhill site 1,B28 7EX,85 6744 4015 348,RED,28/10/2025,28-Oct-26,120000,18.77,Live
S-20032,TEM-31337-F,Fernhill site 2,G12 3NP,8737-0127-92267,RED Plus,2025-04-24,24/04/2027,2100000,27.18,Live
S-20033,TEM-54299-E,Garwood site 1,N13 7NX,57 3819 1067 413,RED,2024-12-22,22 December 2026,660000,23.45,Live
S-20034,TEM-23733-A,Quarrington site 1,S17 2JT,7691409815941,RED Plus,09/08/2023,08/08/2025,340000,30.33,Ended
S-20035,TEM-74829-F,Ironbridge site 1,L11 1ER,6885726074939,REDzero,13/04/2025,2027-04-13,480000,18.23,Live
S-20036,TEM-74829-F,Ironbridge site 2,B11 1JR,5544701340118,RED,2026-01-21,2027-01-21,155000,29.15,Live
S-20037,TEM-74829-F,Ironbridge site 3,B22 7BX,1477647065702,RED Plus,29/11/2026,29/11/2027,155000,19.53,Live
S-20038,TEM-74829-F,Ironbridge site 4,B5 4HT,90 0420 7836 980,RED,2026-10-06,2027-10-06,62500,27.47,Live
S-20039,TEM-74829-F,Ironbridge site 5,L5 8BT,48 7802 7704 040,RED,2024-01-07,06-Jan-27,62500,30.63,Live
S-20040,TEM-74829-F,Ironbridge site 6,N3 9HX,7859463197700,REDzero,2026-04-03,2028-04-02,1250000,20.1,Live
S-20041,TEM-74829-F,Ironbridge site 7,G28 6AX,52 0126 4666 722,RED Plus,18/09/2023,17-Sep-26,2100000,17.94,Live
S-20042,TEM-74829-F,Ironbridge site 8,B24 8JR,33 6403 9202 847,REDzero,2026-03-26,25/03/2028,660000,20.49,Live
S-20043,TEM-20976-E,Saltmarsh site 1,M26 9BR,7291421234512,RED,2025-10-09,09-Oct-26,42000,20.44,Live
S-20044,TEM-79063-F,Cedar site 1,M3 1BX,6374108450724,REDzero,2024-10-24,2026-10-24,210000,25.42,Live
S-20045,TEM-68417-E,Zephyr site 1,N20 2AR,9701803579045,RED,2024-04-07,07-Apr-27,42000,24.05,Live
S-20046,TEM-68417-E,Zephyr site 2,M19 2NX,73 4668 0764 673,RED,04/12/2024,04 December 2026,120000,22.86,Live
S-20047,TEM-68417-E,Zephyr site 3,M2 8JP,3407546228257,RED,2027-04-07,06-Apr-28,1250000,25.65,Live
S-20048,TEM-68417-E,Zephyr site 4,N15 9EX,0767830675005,RED Plus,22/03/2025,21/03/2028,42000,21.02,Live
S-20049,TEM-68417-E,Zephyr site 5,N3 7ET,9836-6986-51171,RED,24/12/2025,24/12/2027,1250000,28.98,Live
S-20050,TEM-68417-E,Zephyr site 6,L2 2BX,14 8853 7001 515,RED,2025-01-31,31 January 2027,210000,28.32,Live
S-20051,TEM-68596-A,Bluewater site 1,G20 9HX,2315750786713,RED Plus,2025-02-15,2027-02-15,480000,30.51,Live
S-20052,TEM-17128-G,Farrier site 1,M23 6HP,5926-2382-37379,RED Plus,2026-04-22,22 April 2027,910000,18.21,Live
S-20053,TEM-17128-G,Farrier site 2,L30 2NW,8800-3131-77623,RED,10/10/2026,10 October 2027,660000,18.12,Live
S-20054,TEM-46953-E,Yarrow site 1,G19 6JR,6181343668494,RED,05/02/2027,2028-02-05,62500,26.7,Live
S-20055,TEM-52406-B,Zetland site 1,B8 7ET,9662918616265,RED Plus,2026-02-24,24 February 2027,660000,24.56,Live
S-20056,TEM-52406-B,Zetland site 2,L14 9BW,41 1576 6547 308,RED,26/02/2025,26-Feb-28,340000,27.58,Live
S-20057,TEM-52406-B,Zetland site 3,S3 5BP,3731-3915-83300,RED,2023-09-26,25 September 2026,120000,30.41,Live
S-20058,TEM-42529-E,Merrivale site 1,E3 2JR,2480-3390-85923,RED,2025-07-14,2027-07-14,120000,21.66,Live
S-20059,TEM-21073-E,Wrenfield site 1,G18 7ND,3877-7959-03699,RED,2026-01-14,14/01/2027,660000,29.42,Live
S-20060,TEM-77237-F,Ivybridge site 1,E22 9EP,6571355579574,RED,2024-12-05,05 December 2025,88000,20.35,Ended
S-20061,TEM-27444-F,Ingleby site 1,L10 6NT,4683-1058-54880,RED,04/04/2025,04-Apr-26,120000,30.19,Ended
S-20062,TEM-19189-F,Yewtree site 1,B20 3NW,9259-1339-88849,RED Plus,2025-06-02,02/06/2027,210000,28.7,Live
S-20063,TEM-40243-F,Ingleby site 1,G27 3HW,5298-9516-35275,RED,14/02/2025,14-Feb-28,155000,23.59,Live
S-20064,TEM-40243-F,Ingleby site 2,L28 2AR,49 8640 6165 458,RED,13/07/2024,13/07/2027,155000,30.93,Live
S-20065,TEM-53486-C,Riverbank site 1,E10 9NP,70 3517 5248 801,RED,29/03/2023,28 March 2026,910000,18.4,Ended
S-20066,TEM-98566-D,Kestrel site 1,M30 7JD,86 9324 0043 823,RED Plus,2023-10-20,19/10/2025,340000,23.13,Ended
S-20067,TEM-98566-D,Kestrel site 2,M11 8JD,7161-2327-25656,RED,08/07/2023,07 July 2025,88000,18.73,Ended
S-20068,TEM-47956-D,Ashcombe site 1,E24 2JX,2997453311231,RED,2026-12-01,01-Dec-27,2100000,22.31,Live
S-20069,TEM-57127-B,Applegarth site 1,G18 2EP,1618-7465-23893,RED,2024-11-07,07 November 2026,480000,26.1,Live
S-20070,TEM-30849-A,Vantage site 1,N18 2NW,0167874482043,REDzero,2024-10-02,02/10/2026,2100000,19.37,Live
S-20071,TEM-52539-G,Eastbrook site 1,M23 3NT,1452199464228,RED Plus,08/12/2025,08/12/2027,2100000,27.02,Live
S-20072,TEM-20013-C,Millpond site 1,M2 8EW,72 0214 0974 975,RED Plus,17/11/2025,17-Nov-26,1250000,32.46,Live
S-20073,TEM-34883-G,Birchmoor site 1,S24 3AD,6444063162763,RED,2024-09-26,26 September 2027,120000,21.48,Live
S-20074,TEM-34883-G,Birchmoor site 2,M22 2JP,7029-8717-36816,RED,12/08/2026,12/08/2027,42000,22.37,Live
S-20075,TEM-69095-E,Silverbeck site 1,S24 9ND,2659163505872,RED,2026-09-12,12-Sep-27,660000,17.6,Live
S-20076,TEM-95566-C,Torque site 1,N24 9HP,7557-1963-38691,RED,2025-07-03,2027-07-03,2100000,30.93,Live
S-20077,TEM-75152-E,Caldwell site 1,B28 3JX,0522-2530-75276,RED,2025-04-11,11 April 2026,120000,28.68,Ended
S-20078,TEM-75152-E,Caldwell site 2,B26 4EX,2108781256660,RED,2023-10-09,08 October 2025,120000,22.06,Ended
S-20079,TEM-51849-B,Yewtree site 1,N1 9NT,5746-8739-65586,REDzero,18/10/2025,18-Oct-26,120000,24.76,Live
S-20080,TEM-18134-D,Bluewater site 1,L20 4JP,5457791514444,RED,27/01/2026,27-Jan-28,340000,21.52,Live
S-20081,TEM-68439-D,Northgate site 1,E16 4HX,3662-3662-98356,RED Plus,2025-03-08,08 March 2027,155000,19.03,Live
S-20082,TEM-71361-D,Pennine site 1,L22 5NT,99 8461 3065 291,RED,2024-06-13,13-Jun-27,340000,19.69,Live
S-20083,TEM-71361-D,Pennine site 2,E25 8AT,0475-9165-71271,RED,2025-02-19,2028-02-19,2100000,29.7,Live
S-20084,TEM-40484-E,Quayside site 1,N18 4JP,1803-2295-65725,RED,2025-04-25,25 April 2026,88000,25.33,Ended
S-20085,TEM-40484-E,Quayside site 2,S23 8JD,7273-9456-87737,RED Plus,06/07/2024,06 July 2025,155000,22.93,Ended
S-20086,TEM-35126-D,Yarrow site 1,G22 3BX,66 5949 6238 556,REDzero,2026-02-07,07 February 2028,660000,22.08,Live
S-20087,TEM-72299-E,Kestrel site 1,L9 6AX,54 1316 4949 333,RED,11/06/2024,11/06/2027,660000,30.05,Live
S-20088,TEM-65052-A,Marlow site 1,L20 6BP,1182584963385,RED,27/01/2025,2027-01-27,210000,19.06,Live
S-20089,TEM-65052-A,Marlow site 2,N10 4BT,9651238856533,REDzero,06/11/2023,05/11/2026,910000,21.02,Live
S-20090,TEM-10885-G,Oakhurst site 1,B30 6JX,8906-9177-45151,RED,2024-04-08,08/04/2027,480000,31.38,Live
S-20091,TEM-24287-E,Redwing site 1,S29 2ER,8098540302835,RED,2025-04-09,09-Apr-27,88000,26.95,Live
S-20092,TEM-24287-E,Redwing site 2,S17 7NP,87 2453 6904 094,RED Plus,01/03/2025,29 February 2028,62500,29.67,Live
S-20093,TEM-24287-E,Redwing site 3,E3 2AX,25 4886 8956 711,RED Plus,09/09/2024,09/09/2026,88000,19.56,Live
S-20094,TEM-24287-E,Redwing site 4,N16 4NR,7752336555696,RED Plus,03/12/2026,03/12/2027,340000,20.73,Live
S-20095,TEM-24287-E,Redwing site 5,M25 7AP,45 4402 1962 131,REDzero,25/07/2024,25-Jul-27,62500,25.03,Live
S-20096,TEM-24287-E,Redwing site 6,E12 1JX,03 5904 2945 333,RED,13/11/2023,12-Nov-26,480000,23.36,Live
S-20097,TEM-24287-E,Redwing site 7,M29 3BX,48 3811 2758 228,REDzero,2025-02-17,17/02/2027,2100000,31.36,Live
S-20098,TEM-24287-E,Redwing site 8,M26 3NR,2754096439715,RED,10/08/2025,10/08/2027,340000,22.17,Live
S-20099,TEM-88135-B,Thackery site 1,M23 2ND,7696-7664-85090,RED,31/10/2022,2025-10-30,340000,23.8,Ended
S-20100,TEM-88135-B,Thackery site 2,E27 6BW,3138-2675-52174,RED,31/01/2022,30-Jan-25,340000,30.16,Ended
S-20101,TEM-88135-B,Thackery site 3,G10 2HX,19 1699 0056 786,RED,2023-05-08,2025-05-07,210000,26.52,Ended
S-20102,TEM-34993-B,Ironbridge site 1,G13 4HW,89 4439 7781 081,RED Plus,10/09/2026,10 September 2027,42000,23.1,Live
S-20103,TEM-20585-C,Gilded site 1,E20 2EW,4097-4888-34049,RED Plus,2023-04-24,2025-04-23,2100000,23.07,Ended
S-20104,TEM-68503-B,Pemberley site 1,L11 4HT,4182498814010,RED,06/04/2026,05 April 2028,1250000,29.3,Live
S-20105,TEM-68503-B,Pemberley site 2,M25 4AP,7949219530671,RED,2025-12-18,2027-12-18,88000,24.83,Live
S-20106,TEM-43687-B,Marlow site 1,N16 5HP,80 8297 9129 504,RED,2025-05-16,16/05/2027,210000,32.38,Live
S-20107,TEM-10494-F,Nettlebed site 1,L8 7BD,25 0799 4426 177,RED,10/09/2023,09 September 2026,210000,30.28,Live
S-20108,TEM-75082-B,Umberside site 1,E5 2JW,8957525379614,RED,2026-11-29,2027-11-29,88000,30.8,Live
S-20109,TEM-75082-B,Umberside site 2,G8 9HP,4092588826526,RED,26/03/2025,26 March 2027,910000,20.76,Live
S-20110,TEM-75082-B,Umberside site 3,N29 4BT,5334-8088-01080,RED,2025-09-10,10/09/2026,660000,30.25,Live
S-20111,TEM-75082-B,Umberside site 4,N17 1EX,3546-0242-75118,RED,2026-01-28,28-Jan-27,2100000,31.83,Live
S-20112,TEM-75082-B,Umberside site 5,S5 7HW,01 0530 3483 628,RED,2025-01-10,10 January 2028,120000,30.0,Live
S-20113,TEM-75082-B,Umberside site 6,G29 5ER,5910-0353-70144,RED,2026-02-21,21 February 2028,340000,24.05,Live
S-20114,TEM-75082-B,Umberside site 7,E9 8NP,1021-5839-35467,RED,2024-02-04,03-Feb-27,480000,32.1,Live
S-20115,TEM-75082-B,Umberside site 8,B19 7BT,6380856469507,RED,28/01/2025,28-Jan-27,2100000,22.06,Live
S-20116,TEM-30963-B,Selworthy site 1,M29 6JR,2386541652432,RED,2025-07-25,25/07/2027,155000,23.42,Live
S-20117,TEM-44719-E,Caldwell site 1,S8 1AW,48 8812 4894 761,RED,09/02/2024,2027-02-08,88000,22.93,Live
S-20118,TEM-40793-F,Ullswater site 1,M24 2HX,6354-0196-91267,REDzero,31/03/2025,30 March 2028,210000,22.5,Live
S-20119,TEM-34344-B,Dunmore site 1,S11 2AP,61 5833 8436 364,RED Plus,2026-04-10,09-Apr-28,155000,26.84,Live
S-20120,TEM-95149-G,Padstow site 1,G1 4AR,98 2314 1840 612,RED,23/10/2026,23 October 2027,42000,32.1,Live
S-20121,TEM-40525-A,Hollybush site 1,B5 6BX,6381783532820,REDzero,2023-12-07,06 December 2024,210000,23.04,Ended
S-20122,TEM-91257-C,Riverbank site 1,N29 2BX,4951268095982,RED,28/07/2023,2025-07-27,88000,22.99,Ended
S-20123,TEM-63607-F,Kingsmead site 1,E18 5ER,99 3347 2795 587,REDzero,20/11/2024,20 November 2026,660000,32.43,Live
S-20124,TEM-97035-E,Riverbank site 1,N18 2AP,9733808436825,RED,07/10/2022,06-Oct-25,88000,23.24,Ended
S-20125,TEM-84254-C,Elmwood site 1,L15 7ET,76 4051 3952 971,RED,24/01/2024,23/01/2027,340000,28.04,Live
S-20126,TEM-84254-C,Elmwood site 2,N8 3JD,6338063550326,RED,18/05/2026,18/05/2027,210000,26.37,Live
S-20127,TEM-84254-C,Elmwood site 3,L18 6AD,25 8378 2666 014,RED,2025-08-13,13-Aug-27,480000,27.01,Live
S-20128,TEM-84254-C,Elmwood site 4,N10 4NW,9418921230438,RED,18/09/2023,17/09/2026,340000,31.27,Live
S-20129,TEM-84254-C,Elmwood site 5,S3 9NR,8596-7510-36742,REDzero,16/01/2026,16 January 2027,660000,21.1,Live
S-20130,TEM-84254-C,Elmwood site 6,M20 5JD,0635-2300-13904,RED,11/06/2025,11-Jun-27,155000,26.73,Live
S-20131,TEM-65542-A,Nettlebed site 1,G3 1JT,07 0678 3559 992,RED Plus,06/05/2024,06/05/2027,910000,30.92,Live
S-20132,TEM-21669-E,Zetland site 1,G10 6JD,6442-5365-64682,RED Plus,10/10/2024,10 October 2026,88000,18.63,Live
S-20133,TEM-35865-C,Fernhill site 1,G12 4JW,6775311486713,RED,08/12/2023,2024-12-07,210000,28.09,Ended
S-20134,TEM-93928-G,Halewood site 1,M4 8EP,7792410751440,RED,2025-06-21,21-Jun-27,120000,17.83,Live
S-20135,TEM-30510-D,Tredegar site 1,B22 8ED,2242178510464,RED,25/06/2026,2027-06-25,155000,21.45,Live
S-20136,TEM-30510-D,Tredegar site 2,M14 1ND,09 8012 2684 922,RED Plus,09/03/2025,08/03/2028,88000,31.05,Live
S-20137,TEM-30510-D,Tredegar site 3,E18 6HR,1744368812494,RED,27/09/2025,27-Sep-27,42000,17.63,Live
S-20138,TEM-30510-D,Tredegar site 4,M30 6JW,4528332115035,RED Plus,10/05/2025,10/05/2027,155000,21.98,Live
S-20139,TEM-30510-D,Tredegar site 5,L26 9EX,6190-1577-73622,RED,16/09/2025,16 September 2027,88000,20.5,Live
S-20140,TEM-30510-D,Tredegar site 6,N19 3EW,4043827600445,RED Plus,15/10/2024,15-Oct-26,210000,21.59,Live
S-20141,TEM-25431-D,Westcliff site 1,L15 7AR,14 8383 3688 635,RED,2025-10-21,21/10/2027,120000,24.43,Live
S-20142,TEM-33430-A,Ullswater site 1,B18 4EX,5649-4282-17687,RED Plus,08/11/2025,08/11/2026,88000,21.04,Live
S-20143,TEM-33430-A,Ullswater site 2,N17 3EP,3991-6613-48306,RED,2025-12-16,2027-12-16,42000,22.88,Live
S-20144,TEM-33430-A,Ullswater site 3,E15 3JP,02 3990 2805 392,RED,06/10/2025,06 October 2026,480000,20.41,Live
S-20145,TEM-33430-A,Ullswater site 4,G5 6HT,31 9749 2227 889,RED,2025-06-01,01-Jun-27,480000,27.02,Live
S-20146,TEM-33430-A,Ullswater site 5,E29 3AP,49 5124 4843 286,RED,2025-06-28,28 June 2027,660000,18.85,Live
S-20147,TEM-33430-A,Ullswater site 6,L5 3JP,2509-0403-07188,RED,2024-07-28,28/07/2027,1250000,21.28,Live
S-20148,TEM-26836-C,Ashcombe site 1,M17 2BP,82 2335 4169 059,RED,13/11/2024,13-Nov-26,120000,29.77,Live
S-20149,TEM-26836-C,Ashcombe site 2,L17 2ED,7866406431215,RED Plus,2024-12-31,31/12/2026,42000,23.55,Live
S-20150,TEM-77040-A,Exmoor site 1,E11 1AX,3360-1496-90922,REDzero,12/03/2027,11/03/2028,480000,20.81,Live
S-20151,TEM-99932-G,Lighthouse site 1,B11 7HT,3605-6856-23556,RED,24/06/2026,24/06/2027,660000,23.97,Live
S-20152,TEM-28818-C,Tredegar site 1,B21 3AR,4357018714113,RED,2025-06-25,2027-06-25,2100000,29.61,Live
S-20153,TEM-31132-F,Quenington site 1,G9 4HD,36 0621 9457 805,RED,24/01/2026,2027-01-24,42000,19.88,Live
S-20154,TEM-48299-G,Stanhope site 1,M20 7HT,94 0660 6824 713,RED,2025-05-15,14/05/2028,2100000,28.57,Live
S-20155,TEM-48299-G,Stanhope site 2,M29 6AR,7235504389172,RED,2024-04-19,2027-04-19,42000,22.46,Live
S-20156,TEM-48299-G,Stanhope site 3,B3 8AW,9373821668276,RED,26/10/2024,26-Oct-26,155000,21.01,Live
S-20157,TEM-48299-G,Stanhope site 4,M21 7BR,2839-2737-76595,REDzero,06/02/2026,06/02/2028,2100000,18.98,Live
S-20158,TEM-48299-G,Stanhope site 5,S16 4BW,13 4689 4828 271,RED,2025-07-07,07-Jul-27,210000,31.45,Live
S-20159,TEM-48299-G,Stanhope site 6,S3 4HR,91 3990 8566 621,RED Plus,2023-10-26,25/10/2026,2100000,18.1,Live
S-20160,TEM-53362-G,Jarrow site 1,L5 4AP,75 0291 7706 054,RED Plus,2026-10-31,31/10/2027,42000,23.5,Live
S-20161,TEM-14429-B,Bramble site 1,B2 1JW,2968909930652,RED,13/12/2024,13/12/2026,340000,17.58,Live
S-20162,TEM-14429-B,Bramble site 2,E12 2ET,5598-1355-12634,RED,2026-02-16,16/02/2028,1250000,24.84,Live
S-20163,TEM-14429-B,Bramble site 3,S18 6ER,0898-0791-95120,RED Plus,2026-04-08,2027-04-08,340000,30.34,Live
S-20164,TEM-84333-C,Ullswater site 1,G25 3JP,46 2821 3144 052,RED Plus,2023-10-31,2024-10-30,480000,25.88,Ended
S-20165,TEM-84333-C,Ullswater site 2,E5 5AP,8198570405096,RED,03/02/2023,2026-02-02,88000,32.09,Ended
S-20166,TEM-84333-C,Ullswater site 3,N10 5BW,0033661793595,RED,2024-02-11,2025-02-10,88000,21.3,Ended
S-20167,TEM-30791-B,Jarrow site 1,N19 6NW,3868303808275,RED,13/11/2024,13 November 2026,155000,19.84,Live
S-20168,TEM-30791-B,Jarrow site 2,S2 4NW,8761-5407-27911,REDzero,2027-01-17,17 January 2028,2100000,29.07,Live
S-20169,TEM-30791-B,Jarrow site 3,N18 4JP,5804203300459,RED,26/04/2026,26/04/2027,660000,19.06,Live
S-20170,TEM-94534-G,Yewtree site 1,L17 8NR,50 7900 1634 671,REDzero,2024-06-18,18-Jun-27,210000,21.97,Live
S-20171,TEM-94534-G,Yewtree site 2,L5 4BW,9456-1826-52950,RED Plus,2025-04-13,12 April 2028,210000,21.66,Live
S-20172,TEM-13306-D,Selworthy site 1,N21 4BD,6773051097054,RED Plus,2022-07-21,2025-07-20,120000,18.53,Ended
S-20173,TEM-77929-E,Saltmarsh site 1,E29 4NR,5578004198546,RED,02/10/2023,01 October 2026,480000,31.74,Live
S-20174,TEM-80569-A,Garwood site 1,B10 2JR,62 2996 3883 623,RED,2025-10-12,12-Oct-27,120000,31.13,Live
S-20175,TEM-15087-A,Cobalt site 1,E24 1BW,9249-7728-14108,RED,12/01/2026,12 January 2028,910000,19.19,Live
S-20176,TEM-15087-A,Cobalt site 2,E24 6AT,90 8617 2587 259,RED,2025-03-15,15/03/2027,660000,31.75,Live
S-20177,TEM-21196-E,Applegarth site 1,B1 6JX,3812-6666-89447,RED Plus,02/03/2025,02-Mar-27,480000,17.53,Live
S-20178,TEM-21196-E,Applegarth site 2,M18 2NP,1588567935233,RED,31/10/2025,31/10/2027,62500,26.1,Live
S-20179,TEM-59735-G,Violetta site 1,G18 5BX,4387302633952,RED,2026-01-29,2028-01-29,155000,19.09,Live
S-20180,TEM-37782-D,Ingleby site 1,M18 7BP,8455-1241-75698,RED,2026-12-11,11 December 2027,88000,31.85,Live
S-20181,TEM-13766-A,Norbury site 1,N3 9HP,28 9451 5448 945,RED,16/10/2024,16 October 2027,480000,19.76,Live
S-20182,TEM-60311-A,Foxglove site 1,N15 9EW,20 3005 4446 229,RED,22/04/2025,21 April 2028,62500,18.35,Live
S-20183,TEM-94714-B,Vantage site 1,S6 2NP,8051295576699,RED,2024-03-14,14-Mar-25,340000,30.33,Ended
S-20184,TEM-58237-C,Verity site 1,E29 8HP,21 9534 9483 094,RED Plus,2024-03-24,24/03/2025,480000,30.42,Ended
S-20185,TEM-58237-C,Verity site 2,S22 9AD,2068-6028-65500,RED,23/05/2024,2026-05-23,210000,22.1,Ended
S-20186,TEM-16306-E,Cranleigh site 1,M11 1NR,6740-9592-41015,RED Plus,2025-05-21,2027-05-21,1250000,29.05,Live
S-20187,TEM-17073-A,Ottershaw site 1,M9 9EX,7596-5935-95576,RED,2025-05-07,07/05/2027,88000,20.42,Live
S-20188,TEM-30826-C,Denholm site 1,E18 3JP,5525-2728-01287,RED Plus,18/12/2024,18 December 2027,62500,25.58,Live
S-20189,TEM-22471-D,Stanhope site 1,L15 6HD,7204-7744-90651,REDzero,2027-04-21,20-Apr-28,340000,32.07,Live
S-20190,TEM-22471-D,Stanhope site 2,B20 9ET,9060-6121-61653,RED,2023-12-24,23-Dec-26,1250000,21.12,Live
S-20191,TEM-92672-B,Marlow site 1,N25 6EW,40 8466 9933 594,RED,15/07/2024,15-Jul-27,910000,18.41,Live
S-20192,TEM-52380-B,Lowther site 1,S1 2ED,4033287788289,RED,2025-10-09,09 October 2027,155000,29.2,Live
S-20193,TEM-49519-G,Padstow site 1,B17 4JX,5905-4398-80906,RED,19/12/2026,19-Dec-27,210000,20.39,Live
S-20194,TEM-43906-F,Westcliff site 1,G2 7AW,2631-5386-96484,RED,2025-10-22,22 October 2027,42000,30.3,Live
S-20195,TEM-43906-F,Westcliff site 2,S21 9HT,9485799008957,RED Plus,25/09/2024,25 September 2027,1250000,23.24,Live
S-20196,TEM-93621-A,Millpond site 1,S21 8HW,39 2447 3456 865,RED Plus,2025-05-02,02/05/2027,480000,27.48,Live
S-20197,TEM-93621-A,Millpond site 2,L27 1AP,9698806983708,REDzero,2026-05-10,10/05/2027,660000,27.98,Live
S-20198,TEM-93621-A,Millpond site 3,L24 8AD,4315507606139,REDzero,2026-05-14,2028-05-13,42000,27.72,Live
S-20199,TEM-70722-A,Ashcombe site 1,B2 4AD,2750781222782,RED,2023-09-21,20-Sep-26,42000,17.84,Live
S-20200,TEM-70722-A,Ashcombe site 2,E24 2BT,0869-1731-11592,RED,08/09/2023,07/09/2026,910000,30.2,Live
S-20201,TEM-95522-G,Harborne site 1,N24 8HX,26 3090 3773 070,RED,2026-05-07,07/05/2027,2100000,24.81,Live
S-20202,TEM-62446-F,Cedar site 1,B8 7JT,2930462817408,RED,2027-01-03,2028-01-03,42000,23.52,Live
S-20203,TEM-62446-F,Cedar site 2,G28 9ND,3409568001284,RED,22/11/2025,22-Nov-26,88000,32.43,Live
S-20204,TEM-11393-D,Caldwell site 1,M9 9NX,6645406136346,RED,2025-09-06,06 September 2026,88000,20.74,Live
S-20205,TEM-80914-B,Yarrow site 1,B11 5ED,0047-7491-14113,RED,15/10/2025,15 October 2026,88000,25.97,Live
S-20206,TEM-26042-F,Oakhurst site 1,N27 2EX,92 2087 3502 733,RED,2027-01-26,26-Jan-28,155000,19.89,Live
S-20207,TEM-98458-C,Yarrow site 1,G19 3AX,01 9060 9177 369,RED,29/11/2026,29-Nov-27,88000,24.5,Live
S-20208,TEM-37788-B,Thackery site 1,E11 6JD,1392-7909-87473,RED Plus,16/06/2025,2027-06-16,120000,25.45,Live
S-20209,TEM-81862-F,Bexley site 1,S8 9EW,5842-9799-52474,RED,23/04/2027,22/04/2028,2100000,20.29,Live
S-20210,TEM-81862-F,Bexley site 2,E26 2ER,8964459049796,RED,2023-11-24,23/11/2026,42000,20.25,Live
S-20211,TEM-46858-C,Umberside site 1,L19 9BD,8125277626011,REDzero,2023-11-07,06 November 2025,155000,21.58,Ended
S-20212,TEM-46858-C,Umberside site 2,M7 5ET,9951199153484,RED,2023-05-15,14 May 2026,62500,29.33,Ended
S-20213,TEM-46858-C,Umberside site 3,E1 6AR,69 1037 6785 008,RED,01/04/2024,01/04/2026,42000,18.12,Ended
S-20214,TEM-60477-A,Caldwell site 1,G2 6AP,4616167788079,RED Plus,31/07/2023,30 July 2026,910000,19.9,OOC
S-20215,TEM-48403-C,Lighthouse site 1,G20 9EW,1439841348760,RED,2025-10-27,27 October 2027,660000,25.53,Live
S-20216,TEM-48403-C,Lighthouse site 2,G3 8HP,74 4839 1148 849,RED Plus,2025-10-15,15/10/2027,2100000,26.49,Live
S-20217,TEM-89890-F,Umberside site 1,B10 8HR,5167-9540-67948,RED,2025-05-28,28/05/2027,2100000,23.84,Live
S-20218,TEM-89890-F,Umberside site 2,E22 5BR,8969895656177,RED Plus,02/04/2024,02 April 2027,120000,23.11,Live
S-20219,TEM-82753-A,Millpond site 1,N16 5BX,86 9448 7416 240,RED,09/03/2026,2027-03-09,480000,21.06,Live
S-20220,TEM-82753-A,Millpond site 2,B29 1BX,9582617356381,REDzero,2025-03-17,2027-03-17,660000,21.53,Live
S-20221,TEM-75296-B,Lighthouse site 1,E21 4AR,5881-4599-27458,REDzero,11/01/2025,2027-01-11,910000,23.68,Live
S-20222,TEM-75296-B,Lighthouse site 2,L10 5NT,16 2977 8495 034,REDzero,2026-09-14,2027-09-14,210000,28.94,Live
S-20223,TEM-75296-B,Lighthouse site 3,N23 7JR,0169-2887-61333,RED,2026-06-23,23/06/2027,120000,25.56,Live
S-20224,TEM-75296-B,Lighthouse site 4,L22 4NX,88 3713 4093 393,RED,29/11/2025,2026-11-29,88000,28.34,Live
S-20225,TEM-65812-D,Elmwood site 1,L9 7JP,3762316359936,RED,2024-10-31,31 October 2026,88000,24.45,Live
S-20226,TEM-28938-A,Marlow site 1,B10 9JW,9609690448997,RED Plus,2024-05-27,2027-05-27,42000,21.85,Live
S-20227,TEM-28938-A,Marlow site 2,N5 4NR,0884-9257-35445,RED,2026-08-09,2027-08-09,480000,24.94,Live
S-20228,TEM-47244-D,Kingsmead site 1,S11 7BW,46 9947 8918 918,RED,29/04/2026,2027-04-29,120000,32.16,Live
S-20229,TEM-47244-D,Kingsmead site 2,M5 2JW,0872-6654-10422,RED,31/05/2025,30-May-28,660000,25.88,Live
S-20230,TEM-76378-C,Langmere site 1,B1 6ND,0232-2275-26857,RED Plus,02/02/2026,02/02/2027,62500,26.93,Live
S-20231,TEM-76378-C,Langmere site 2,N9 7NR,3692-6838-51037,RED,09/09/2025,2026-09-09,120000,29.17,Live
S-20232,TEM-62281-F,Jespersen site 1,G25 1ER,6478784229314,RED,2027-04-03,02/04/2028,155000,18.92,Live
S-20233,TEM-62281-F,Jespersen site 2,B21 5ED,8386-7360-37954,RED Plus,29/12/2025,29-Dec-27,120000,25.64,Live
S-20234,TEM-17883-G,Silverbeck site 1,G3 3EW,8687-4930-96292,RED,2026-10-02,02/10/2027,2100000,21.2,Live
S-20235,TEM-23285-F,Tredegar site 1,G18 3NT,58 7821 8207 318,RED,2026-03-19,18 March 2028,155000,32.39,Live
S-20236,TEM-65284-A,Atlas site 1,E24 8JP,5773350759762,RED,05/11/2023,04-Nov-26,42000,17.63,Live
S-20237,TEM-65284-A,Atlas site 2,S1 5JT,23 1289 6805 090,RED Plus,2026-03-19,18-Mar-28,2100000,21.65,Live
S-20238,TEM-65190-E,Norbury site 1,E24 6EW,1939-3736-07149,RED,2023-10-16,15 October 2026,62500,17.58,Live
S-20239,TEM-65190-E,Norbury site 2,M25 4ND,9481-0234-66949,RED,2026-02-05,2028-02-05,155000,21.75,Live
S-20240,TEM-94476-D,Kestrel site 1,L26 1ET,2985504639395,RED,05/07/2024,2027-07-05,660000,18.63,Live
S-20241,TEM-94476-D,Kestrel site 2,M29 5HW,83 1422 6186 508,RED Plus,2024-02-23,2027-02-22,120000,30.25,Live
S-20242,TEM-94476-D,Kestrel site 3,G7 6ED,95 9272 3068 660,RED,15/11/2024,2027-11-15,910000,17.52,Live
S-20243,TEM-94476-D,Kestrel site 4,S24 4BT,9320-9249-92861,RED,2027-04-09,08-Apr-28,210000,21.65,Live
S-20244,TEM-94476-D,Kestrel site 5,M6 1NT,39 4902 3985 862,RED,27/11/2023,26-Nov-26,2100000,20.49,Live
S-20245,TEM-94476-D,Kestrel site 6,L17 3AP,64 3349 9089 067,REDzero,04/01/2026,04-Jan-28,62500,26.62,Live
S-20246,TEM-46103-F,Verity site 1,N23 9ET,1808827970394,REDzero,2023-07-20,19 July 2026,155000,18.28,Ended
S-20247,TEM-46103-F,Verity site 2,B27 5JP,3227719679083,REDzero,2023-02-13,12/02/2026,910000,28.0,Ended
S-20248,TEM-46103-F,Verity site 3,N18 9AR,3689357823311,RED Plus,30/09/2022,29-Sep-25,155000,30.7,Ended
S-20249,TEM-46103-F,Verity site 4,S17 8AD,8608962977382,RED,2024-02-18,2026-02-17,480000,31.65,Ended
S-20250,TEM-46103-F,Verity site 5,G1 5JW,1972-5523-20487,RED Plus,2023-07-22,21-Jul-25,340000,30.36,Ended
S-20251,TEM-46103-F,Verity site 6,N13 8JD,9332220654512,RED Plus,02/10/2022,01/10/2024,340000,23.35,Ended
S-20252,TEM-46103-F,Verity site 7,E23 1NW,1399831478731,RED,24/05/2023,23 May 2026,1250000,22.21,Ended
S-20253,TEM-46103-F,Verity site 8,G4 4HW,74 6663 7036 028,REDzero,11/03/2024,11/03/2025,480000,26.2,Ended
S-20254,TEM-16902-F,Ironbridge site 1,N3 7HW,4007942731369,REDzero,27/12/2024,27-Dec-27,120000,29.95,Live
S-20255,TEM-73744-E,Kestrel site 1,S7 9HP,0301022944954,REDzero,08/01/2026,2027-01-08,340000,22.47,Live
S-20256,TEM-31499-F,Ottershaw site 1,B5 2AR,98 5601 6686 907,RED,07/08/2026,07/08/2027,480000,20.79,Live
S-20257,TEM-12031-G,Yewtree site 1,G9 2AD,61 2567 3267 844,REDzero,02/05/2025,2027-05-02,210000,18.27,Live
S-20258,TEM-12031-G,Yewtree site 2,L17 9HR,7691-0997-26394,RED,14/11/2025,14 November 2026,660000,26.18,Live
S-20259,TEM-10220-C,Padstow site 1,M30 4BP,8727457458668,RED,12/02/2027,12/02/2028,155000,18.91,Live
S-20260,TEM-99736-G,Elmwood site 1,N6 4AR,0997-7888-50122,RED,09/04/2024,09-Apr-27,155000,29.9,Live
S-20261,TEM-99736-G,Elmwood site 2,L21 4BW,32 0275 1872 481,RED,2026-07-14,14 July 2027,1250000,20.46,Live
S-20262,TEM-98822-D,Kelbrook site 1,L5 8AT,46 7508 2945 236,RED,09/03/2026,2028-03-08,155000,24.25,Live
S-20263,TEM-18209-B,Quenington site 1,L23 8AW,54 9718 6547 083,RED,2025-01-27,27/01/2028,1250000,26.99,Live
S-20264,TEM-18209-B,Quenington site 2,M11 8JP,7096855145525,RED,16/12/2024,16 December 2026,42000,26.73,Live
S-20265,TEM-18209-B,Quenington site 3,L15 3HW,6947299545461,REDzero,2025-03-02,01 March 2028,480000,26.54,Live
S-20266,TEM-18209-B,Quenington site 4,S18 3EX,9942-5605-49248,RED,2026-03-01,29 February 2028,340000,21.36,Live
S-20267,TEM-47984-C,Hatherley site 1,B13 3HT,9005303474950,REDzero,13/03/2022,12/03/2025,120000,30.72,Ended
S-20268,TEM-58715-F,Silverbeck site 1,E25 9AR,2705210930441,RED,31/10/2024,31-Oct-27,42000,29.31,Live
S-20269,TEM-84117-D,Halewood site 1,M28 9BR,29 0495 8715 983,RED,2025-05-14,14/05/2026,2100000,21.21,Ended
S-20270,TEM-27157-C,Zephyr site 1,B7 9EP,54 5339 7125 905,REDzero,2026-05-29,28 May 2028,155000,27.59,Live
S-20271,TEM-73810-G,Ironbridge site 1,N23 5HP,3479-8671-74376,RED,05/12/2024,2026-12-05,210000,29.51,Live
S-20272,TEM-76388-D,Cedar site 1,E3 7BW,9417998792581,RED,27/02/2026,27-Feb-28,88000,31.21,Live
S-20273,TEM-76388-D,Cedar site 2,E19 2EX,5077-0100-47818,RED,2026-05-04,04/05/2027,2100000,30.99,Live
S-20274,TEM-82461-A,Oakhurst site 1,L3 3BD,6627113553951,RED Plus,18/06/2024,2027-06-18,62500,31.47,Live
S-20275,TEM-87304-E,Saltmarsh site 1,M21 9HX,8369592227020,RED,06/11/2025,06/11/2027,155000,30.99,Live
S-20276,TEM-87304-E,Saltmarsh site 2,M11 7NR,3881-6128-90904,RED Plus,2024-10-31,31-Oct-26,210000,23.29,Live
S-20277,TEM-28762-F,Ivybridge site 1,L12 9JT,2769583398149,RED,2026-04-12,12-Apr-27,480000,32.36,Live
S-20278,TEM-22712-D,Pennine site 1,N16 1BX,1813-4635-14489,RED,13/03/2025,13 March 2026,155000,18.0,Ended
S-20279,TEM-22712-D,Pennine site 2,B23 2HR,1053141295861,REDzero,21/09/2024,21/09/2025,910000,30.07,Ended
S-20280,TEM-17435-B,Kingsmead site 1,E8 8BW,90 9468 4897 483,RED Plus,2025-08-19,19-Aug-27,660000,23.74,Live
S-20281,TEM-48869-C,Exmoor site 1,M4 8JT,43 6650 4433 936,REDzero,25/10/2021,24/10/2024,340000,21.16,Ended
S-20282,TEM-37676-E,Hollybush site 1,S17 3AT,95 9801 3890 493,RED,2022-02-04,03-Feb-25,1250000,19.96,Ended
S-20283,TEM-37676-E,Hollybush site 2,S14 6HT,0919001918171,RED,22/09/2022,21-Sep-25,910000,21.78,Ended
S-20284,TEM-22788-D,Yarrow site 1,S21 2ET,4516-8631-02981,REDzero,08/03/2026,08 March 2027,2100000,17.83,Live
S-20285,TEM-68065-A,Saltmarsh site 1,B5 8BR,1245861050946,RED,2025-09-10,10/09/2027,155000,21.96,Live
S-20286,TEM-78374-G,Nettlebed site 1,N9 2ET,4780202469904,REDzero,2024-01-31,2025-01-30,2100000,29.94,Ended
S-20287,TEM-78374-G,Nettlebed site 2,B15 2HR,27 2938 8861 199,RED Plus,2022-09-28,2025-09-27,210000,28.87,Ended
S-20288,TEM-97805-F,Ravenscar site 1,B25 9HT,93 5863 8131 345,RED Plus,04/11/2024,04/11/2026,42000,21.24,Live
S-20289,TEM-53937-C,Millpond site 1,N22 8AT,60 5780 4443 846,RED,08/01/2027,08 January 2028,155000,29.73,Live
S-20290,TEM-58649-E,Tanfield site 1,N26 9NP,9002348004825,RED Plus,19/02/2023,18-Feb-26,480000,23.02,Ended
S-20291,TEM-59989-E,Hatherley site 1,M21 7HR,7472401669947,RED Plus,2025-03-05,04-Mar-28,42000,28.56,Live
S-20292,TEM-39320-E,Ellerton site 1,S13 5JP,1372-1557-04305,REDzero,19/10/2023,18/10/2024,155000,21.34,Ended
S-20293,TEM-93471-E,Gilded site 1,B18 2AT,9551239137093,RED Plus,01/04/2024,01/04/2027,62500,18.1,Live
S-20294,TEM-75635-G,Exmoor site 1,N26 6NT,92 0449 2253 248,REDzero,12/09/2025,12 September 2026,155000,22.64,Live
S-20295,TEM-61984-B,Cedar site 1,L16 8JT,8306703779862,RED,22/03/2026,22-Mar-27,660000,25.97,Live
S-20296,TEM-61984-B,Cedar site 2,L11 3BR,77 4201 6021 695,RED,11/11/2024,11 November 2026,480000,23.79,Live
S-20297,TEM-62521-B,Ravenscar site 1,M10 9BD,8985048512166,RED Plus,2026-04-02,2028-04-01,340000,18.14,Live
S-20298,TEM-62521-B,Ravenscar site 2,G20 6HT,6877603392994,RED,19/01/2025,2027-01-19,62500,25.29,Live
S-20299,TEM-96916-F,Silverbeck site 1,B26 3ED,61 4481 4727 096,RED,2026-04-20,20/04/2027,480000,19.82,Live
S-20300,TEM-62042-G,Ingleby site 1,L27 8AT,2327958522006,RED,2027-05-26,25 May 2028,660000,29.83,Live
S-20301,TEM-81074-G,Pennine site 1,G23 2NR,8399-1451-63775,REDzero,12/11/2023,2026-11-11,210000,27.09,Live
S-20302,TEM-81074-G,Pennine site 2,B20 2HP,32 4130 3179 345,RED,2024-07-23,23/07/2027,2100000,31.0,Live
S-20303,TEM-81074-G,Pennine site 3,L8 3BX,5159034403800,RED Plus,03/09/2025,2027-09-03,120000,28.08,Live
S-20304,TEM-81074-G,Pennine site 4,S19 4AW,8342287306639,RED,2025-12-19,19 December 2026,62500,20.09,Live
S-20305,TEM-55554-F,Yarrow site 1,M5 4JX,35 9004 7390 480,RED Plus,17/06/2026,2027-06-17,155000,21.31,Live
S-20306,TEM-27218-C,Ravenscar site 1,E9 2HT,3386-5323-47717,RED,2025-02-15,15-Feb-28,910000,22.17,Live
S-20307,TEM-81902-F,Birchmoor site 1,N16 5HD,7362021862704,REDzero,2025-03-13,13/03/2027,340000,21.73,Live
S-20308,TEM-81902-F,Birchmoor site 2,N10 3HD,6967419540580,REDzero,24/11/2024,24-Nov-27,910000,19.59,Live
S-20309,TEM-60223-E,Tredegar site 1,G30 6NW,9507137972370,RED Plus,13/10/2026,13-Oct-27,480000,22.46,Live
S-20310,TEM-48732-A,Elmwood site 1,N24 1ND,91 9492 6307 829,RED,08/04/2024,08-Apr-27,120000,28.97,Live
S-20311,TEM-24318-E,Selworthy site 1,E11 7NX,5484647989894,RED,09/01/2024,08 January 2027,120000,27.77,Live
S-20312,TEM-24318-E,Selworthy site 2,B3 3NW,6482-0446-83494,RED,2026-12-25,25 December 2027,62500,31.99,Live
S-20313,TEM-22458-F,Kingsmead site 1,S13 5HD,95 4631 3870 806,RED Plus,22/04/2027,21-Apr-28,62500,27.96,Live
S-20314,TEM-29612-D,Tanfield site 1,G29 9NX,9828-3970-82464,RED Plus,14/11/2025,14/11/2026,42000,19.81,Live
S-20315,TEM-82791-E,Pemberley site 1,S5 4EW,3653158939286,RED,2024-11-21,21/11/2027,2100000,28.18,Live
S-20316,TEM-86229-B,Ellerton site 1,B17 5AT,9097-8678-92211,RED,2026-01-16,16/01/2028,1250000,30.79,Live
S-20317,TEM-13352-A,Selworthy site 1,S13 5AT,7147521452181,RED,2024-09-06,06 September 2027,210000,20.93,Live
S-20318,TEM-13352-A,Selworthy site 2,S12 2BR,16 0542 0982 507,RED,24/04/2026,24 April 2027,210000,18.04,Live
S-20319,TEM-13352-A,Selworthy site 3,M18 2EW,53 4559 2770 358,RED,19/01/2026,19-Jan-27,120000,31.83,Live
S-20320,TEM-61054-D,Eastbrook site 1,E19 2AR,7593-6658-73165,RED,17/12/2024,17-Dec-27,2100000,20.4,Live
S-20321,TEM-43906-F,Yewtree site 1,G15 4ED,28 8841 2968 865,RED,25/02/2026,25/02/2027,120000,20.99,Live
S-20322,TEM-43906-F,Yewtree site 2,M10 3HW,0005628608833,RED,03/04/2027,02-Apr-28,210000,20.49,Live
S-20323,TEM-58058-A,Ullswater site 1,E5 8HD,5223662153543,REDzero,2024-10-30,30/10/2026,210000,22.0,Live
S-20324,TEM-58058-A,Ullswater site 2,M13 1BD,12 5579 2007 726,REDzero,2025-01-31,2027-01-31,210000,29.97,Live
S-20325,TEM-58058-A,Ullswater site 3,B30 1HX,9807-3750-64203,RED,08/11/2026,2027-11-08,2100000,28.62,Live
S-20326,TEM-78689-C,Vantage site 1,N26 9EP,0383-4277-98670,RED Plus,10/09/2023,2026-09-09,88000,19.7,Live
S-20327,TEM-10364-C,Tanfield site 1,M30 2ER,4189840373881,RED,27/05/2024,27/05/2027,62500,22.34,Live
S-20328,TEM-82515-E,Rosedale site 1,E4 1ER,9877728073589,RED Plus,2026-07-16,16-Jul-27,660000,18.59,Live
S-20329,TEM-82515-E,Rosedale site 2,E20 4BP,8171103621913,RED,2025-11-28,28 November 2027,210000,29.97,Live
S-20330,TEM-82515-E,Rosedale site 3,S25 2JX,99 6194 6226 935,RED,2024-12-30,2027-12-30,210000,25.61,Live
S-20331,TEM-13805-A,Ottershaw site 1,N8 4NX,31 4550 2870 704,RED,2024-02-27,26 February 2027,1250000,23.6,Live
S-20332,TEM-56379-C,Ashcombe site 1,E3 5BR,7499086224152,RED,2025-11-09,09/11/2026,480000,32.06,Live
S-20333,TEM-61903-E,Atlas site 1,B5 2HR,23 8397 7529 741,RED Plus,22/04/2024,22/04/2025,480000,22.09,Ended
S-20334,TEM-10807-G,Violetta site 1,N20 7AP,29 6044 8123 491,REDzero,2027-03-30,2028-03-29,88000,23.99,Live
S-20335,TEM-73489-A,Selworthy site 1,E24 3NT,2922569992949,RED,2025-10-01,01-Oct-26,210000,30.55,Live
S-20336,TEM-57570-A,Stanhope site 1,L1 9NP,9286-4313-56705,RED,2023-11-13,2026-11-12,2100000,30.27,Live
S-20337,TEM-35060-D,Jespersen site 1,N16 9ET,01 4779 0335 116,RED,2026-07-13,13/07/2027,155000,19.38,Live
S-20338,TEM-35060-D,Jespersen site 2,M13 9EP,5106-0201-98594,RED,2024-04-06,06-Apr-27,155000,27.95,Live
S-20339,TEM-35728-C,Whitethorn site 1,G15 6HD,30 3977 2396 909,RED,29/07/2025,29/07/2027,88000,21.3,Live
S-20340,TEM-35728-C,Whitethorn site 2,G29 3AP,8028-2241-39824,RED,2025-05-13,2028-05-12,62500,20.38,Live
S-20341,TEM-35728-C,Whitethorn site 3,S28 5BT,9133942268465,RED Plus,2024-07-28,2027-07-28,2100000,18.16,Live
S-20342,TEM-37270-C,Ashcombe site 1,N13 7HX,92 6503 2650 102,REDzero,04/12/2023,2026-12-03,210000,31.78,Live
S-20343,TEM-80079-B,Umberside site 1,S12 7HR,0171144457323,REDzero,24/10/2025,2027-10-24,62500,21.05,Live
S-20344,TEM-60438-A,Northgate site 1,L28 7EP,2043-1662-60056,RED,2026-01-26,26-Jan-27,88000,27.83,Live
S-20345,TEM-75583-G,Kestrel site 1,L18 2AR,94 9751 4441 546,RED,22/05/2022,21-May-25,480000,23.94,Ended
S-20346,TEM-70878-G,Gilded site 1,M26 2EX,49 5717 1762 901,RED,2024-10-27,27/10/2027,910000,30.31,Live
S-20347,TEM-56152-F,Marlow site 1,M19 5ED,9037-6147-34941,RED,21/03/2025,20/03/2028,1250000,27.14,Live
S-20348,TEM-56152-F,Marlow site 2,G22 9ET,32 7075 3805 269,RED Plus,16/12/2024,16 December 2026,62500,21.29,Live
S-20349,TEM-56152-F,Marlow site 3,L24 7NT,3472626066522,REDzero,2027-05-09,08/05/2028,480000,18.73,Live
S-20350,TEM-76267-A,Vantage site 1,G5 9NW,8062-2948-58588,REDzero,06/04/2026,2028-04-05,480000,24.09,Live
S-20351,TEM-76267-A,Vantage site 2,L28 8HW,4200784351125,RED,15/04/2027,14/04/2028,660000,22.68,Live
S-20352,TEM-76267-A,Vantage site 3,S8 2BX,5375892777402,RED,31/05/2025,30-May-28,42000,26.23,Live
S-20353,TEM-99696-E,Bramble site 1,S25 6ED,76 7907 0630 256,RED,2026-09-22,22/09/2027,210000,29.33,Live
S-20354,TEM-51753-B,Cranleigh site 1,M4 3JR,43 2070 8514 289,RED,03/12/2025,03/12/2026,2100000,22.06,Live
S-20355,TEM-68006-C,Rosedale site 1,S14 6ER,9792422489906,RED,2025-11-06,2026-11-06,340000,25.93,Live
S-20356,TEM-83285-C,Redwing site 1,E27 6NT,68 6954 8414 759,RED,06/07/2022,05 July 2025,155000,25.54,Ended
S-20357,TEM-83285-C,Redwing site 2,G7 1NW,1165775566171,REDzero,11/03/2023,10 March 2026,340000,25.66,Ended
S-20358,TEM-93428-C,Violetta site 1,S28 3AD,3273-0896-47200,RED,15/10/2024,15 October 2027,910000,27.35,Live
S-20359,TEM-49239-B,Caldwell site 1,M6 4NW,8068975195731,RED,2024-11-15,15/11/2026,2100000,29.43,Live
S-20360,TEM-49239-B,Caldwell site 2,S13 2HD,07 3370 4154 182,REDzero,02/06/2025,2028-06-01,660000,18.28,Live
S-20361,TEM-88470-D,Jespersen site 1,G29 5NR,34 5963 4683 594,REDzero,15/02/2026,15-Feb-28,2100000,27.07,Live
S-20362,TEM-50490-D,Dunmore site 1,S1 4BX,3087137683168,RED,24/09/2025,2027-09-24,340000,20.69,Live
S-20363,TEM-73638-A,Exmoor site 1,E16 7AT,1783-3027-17911,RED,2023-07-10,09 July 2026,120000,24.84,Ended
S-20364,TEM-21923-F,Hollybush site 1,S28 4ED,67 7779 7428 098,REDzero,2026-03-08,07-Mar-28,340000,32.02,Live
S-20365,TEM-21923-F,Hollybush site 2,E12 9HT,6668-9365-05903,RED,2023-11-06,05/11/2026,2100000,31.71,Live
S-20366,TEM-21923-F,Hollybush site 3,M28 2EX,2332-5100-71434,RED,02/11/2024,2026-11-02,2100000,21.55,Live
S-20367,TEM-93637-E,Westcliff site 1,N19 5EW,6067363817535,RED,2023-09-21,20-Sep-26,88000,29.01,Live
S-20368,TEM-43233-B,Tredegar site 1,N3 8HW,4813-0930-42032,REDzero,2022-11-11,2025-11-10,480000,20.11,Ended
S-20369,TEM-30641-C,Norbury site 1,L5 2AP,53 3146 7698 424,REDzero,04/10/2024,04 October 2027,2100000,18.53,Live
S-20370,TEM-67606-D,Fernhill site 1,M5 5JP,41 6053 6604 317,RED,2024-09-05,05-Sep-25,480000,29.51,Ended
S-20371,TEM-67606-D,Fernhill site 2,L10 8AR,9239167016260,RED,2023-12-01,2024-11-30,340000,29.74,Ended
S-20372,TEM-65208-C,Harborne site 1,G2 2BD,7580157355634,RED,17/11/2024,17-Nov-26,1250000,30.54,Live
S-20373,TEM-21146-E,Bramble site 1,N27 9NT,77 1989 7211 069,REDzero,26/11/2025,26 November 2027,88000,32.37,Live
S-20374,TEM-21146-E,Bramble site 2,G5 9BP,83 8228 0647 251,RED,2027-02-28,28/02/2028,42000,25.13,Live
S-20375,TEM-98663-C,Verity site 1,B6 2NT,8929-6899-62042,RED,2027-02-13,13 February 2028,42000,28.89,Live
S-20376,TEM-34752-B,Oakhurst site 1,E12 6JT,2448602867066,RED Plus,2026-03-03,03/03/2027,62500,29.09,Live
S-20377,TEM-34752-B,Oakhurst site 2,S28 4BR,9741891452313,REDzero,12/07/2025,12 July 2027,88000,28.35,Live
S-20378,TEM-44220-A,Padstow site 1,L4 1JT,1933147227106,RED Plus,2024-10-07,07-Oct-27,340000,24.86,Live
S-20379,TEM-44220-A,Padstow site 2,N17 4BP,0141-8877-20804,RED Plus,07/11/2025,07 November 2027,210000,18.63,Live
S-20380,TEM-74130-B,Langmere site 1,S28 1NT,80 6909 2959 924,RED Plus,2026-04-20,20/04/2027,88000,21.19,Live
S-20381,TEM-27600-G,Kelbrook site 1,E20 2JD,3639839588303,REDzero,2024-05-29,29 May 2027,88000,25.33,Live
S-20382,TEM-22204-B,Garwood site 1,G30 6HW,8269-5670-06865,RED,10/04/2026,10 April 2027,2100000,20.71,Live
S-20383,TEM-27772-D,Silverbeck site 1,E24 8EX,8318078281385,RED,14/05/2027,13 May 2028,210000,21.04,Live
S-20384,TEM-27772-D,Silverbeck site 2,S26 9ND,23 0333 8106 148,RED,14/05/2024,14 May 2027,910000,18.68,Live
S-20385,TEM-99197-A,Norbury site 1,G17 9EX,11 1449 2056 370,RED,08/02/2025,08 February 2028,910000,18.06,Live
S-20386,TEM-52908-G,Oakhurst site 1,N28 1JW,5677012621437,REDzero,2025-02-19,19 February 2026,480000,30.49,Ended
S-20387,TEM-52908-G,Oakhurst site 2,B8 2EP,9049544360644,RED,2023-05-05,2026-05-04,62500,25.84,Ended
S-20388,TEM-73969-A,Westcliff site 1,M18 7NT,48 8812 9033 049,RED,2024-05-26,26 May 2025,480000,23.58,Ended
S-20389,TEM-73969-A,Westcliff site 2,G13 4AR,2435458849625,RED Plus,03/03/2023,02-Mar-26,660000,17.6,Ended
S-20390,TEM-45220-D,Quayside site 1,M26 7NX,4298434145553,RED Plus,2025-05-21,20/05/2028,42000,22.32,Live
S-20391,TEM-94500-F,Quayside site 1,B12 3HR,1069550344580,RED Plus,2024-04-24,2026-04-24,2100000,25.93,Ended
S-20392,TEM-79240-B,Elmwood site 1,G17 1BD,88 5210 6765 372,RED,20/12/2024,20 December 2025,210000,20.78,Ended
S-20393,TEM-79240-B,Elmwood site 2,M22 9HW,8351-3637-70697,RED Plus,2023-07-26,25-Jul-26,42000,22.08,Ended
S-20394,TEM-10784-C,Summerton site 1,E16 1JT,3644340726541,RED,09/09/2025,2027-09-09,210000,18.77,Live
S-20395,TEM-10784-C,Summerton site 2,S30 7NP,7083-1557-95383,RED Plus,2023-09-05,2026-09-04,62500,22.53,Live
S-20396,TEM-10784-C,Summerton site 3,B17 3HX,1802648125991,RED,2026-07-02,02-Jul-27,88000,23.0,Live
S-20397,TEM-10784-C,Summerton site 4,M2 9ER,4530-1189-74133,RED,2023-10-27,26 October 2026,62500,17.66,Live
S-20398,TEM-18320-E,Umberside site 1,G7 1JR,8041-9629-84416,REDzero,18/05/2026,18-May-27,660000,20.98,Live
S-20399,TEM-18320-E,Umberside site 2,L8 1HD,5731-9179-60669,RED,04/12/2024,04-Dec-27,62500,22.86,Live
S-20400,TEM-41200-G,Pennine site 1,E2 1BD,22 1707 8788 791,RED,16/08/2024,16-Aug-26,155000,31.04,OOC
S-20401,TEM-54199-F,Kingsmead site 1,M29 4AX,00 5118 6753 537,RED,21/03/2025,2028-03-20,120000,24.19,Live
S-20402,TEM-69392-D,Westcliff site 1,B17 9JW,86 6665 0155 409,RED,26/07/2025,26 July 2027,910000,22.61,Live
S-20403,TEM-96358-C,Stanhope site 1,M25 5BX,83 7921 5496 917,REDzero,10/10/2023,09-Oct-26,1250000,23.88,Live
S-20404,TEM-66134-F,Padstow site 1,L10 5HP,27 7045 7257 211,RED,2025-05-22,21-May-28,210000,17.58,Live
S-20405,TEM-38614-A,Bramble site 1,B18 5ET,40 2330 0449 091,RED Plus,05/01/2026,2027-01-05,155000,21.32,Live
S-20406,TEM-16370-A,Selworthy site 1,S25 2JT,40 2863 4613 960,RED,2024-11-26,2027-11-26,1250000,24.3,Live
S-20407,TEM-16370-A,Selworthy site 2,N24 4BP,90 7158 7038 470,RED,2025-03-26,26 March 2027,910000,20.6,Live
S-20408,TEM-37816-C,Lighthouse site 1,L14 2HX,5929972482125,RED,06/04/2026,05 April 2028,910000,26.38,Live
S-20409,TEM-37816-C,Lighthouse site 2,B19 8BT,7013-5775-41007,RED,2026-04-06,05-Apr-28,120000,30.89,Live
S-20410,TEM-92091-E,Silverbeck site 1,G1 6HR,9491-0873-39755,RED,2024-09-18,18-Sep-26,2100000,21.71,Live
S-20411,TEM-53144-B,Yarrow site 1,G5 1BP,2173-8693-19353,RED Plus,27/03/2024,27/03/2026,155000,18.2,Ended
S-20412,TEM-53144-B,Yarrow site 2,M2 1JT,8368-4610-18016,RED,2023-06-23,22 June 2025,120000,20.85,Ended
S-20413,TEM-53144-B,Yarrow site 3,E4 2ED,66 0672 6793 384,RED,2025-02-18,2026-02-18,62500,28.11,Ended
S-20414,TEM-53144-B,Yarrow site 4,E25 4HP,33 1808 0685 949,RED,26/11/2023,25-Nov-24,210000,21.44,Ended
S-20415,TEM-87134-G,Redwing site 1,M18 1AP,05 9790 6860 715,RED,18/12/2024,18-Dec-26,660000,26.94,Live
S-20416,TEM-69396-E,Umberside site 1,S20 3AD,0777-7298-29280,RED,05/08/2024,05-Aug-27,210000,21.42,Live
S-20417,TEM-69396-E,Umberside site 2,E9 6AW,6732-5495-57811,RED Plus,28/03/2024,28/03/2027,62500,27.64,Live
S-20418,TEM-69396-E,Umberside site 3,B28 9NX,1812369491924,RED,2025-04-09,09/04/2027,660000,24.43,Live
S-20419,TEM-39906-D,Northgate site 1,E9 2EX,1210-6247-39202,RED,2025-03-20,2028-03-19,340000,23.48,Live
S-20420,TEM-57921-F,Cedar site 1,E3 4HW,85 3487 1579 061,RED Plus,31/05/2026,31-May-27,2100000,21.24,Live
S-20421,TEM-57921-F,Cedar site 2,S19 6BP,7597053230390,RED Plus,2026-05-20,20/05/2027,660000,29.35,Live
S-20422,TEM-57921-F,Cedar site 3,M8 2ET,18 7211 3486 487,RED,2026-05-03,02 May 2028,660000,18.96,Live
S-20423,TEM-55118-G,Ingleby site 1,M14 8HX,7047934193671,RED Plus,2026-03-25,2028-03-24,88000,25.49,Live
S-20424,TEM-55118-G,Ingleby site 2,E26 9HP,7768-0357-50984,RED,12/10/2024,2027-10-12,120000,22.74,Live
S-20425,TEM-17862-B,Ivybridge site 1,E20 2ED,7117360725736,RED,2026-01-26,26 January 2027,120000,25.43,Live
S-20426,TEM-17862-B,Ivybridge site 2,M2 6BT,9931341052693,RED,2025-05-19,18 May 2028,155000,26.81,Live
S-20427,TEM-40327-C,Pemberley site 1,N18 5HD,48 9299 1215 367,RED,2026-12-27,27/12/2027,210000,18.09,Live
S-20428,TEM-45032-G,Birchmoor site 1,N6 6HT,38 6199 4883 757,RED,2026-11-28,28-Nov-27,120000,18.22,Live
S-20429,TEM-37501-G,Wrenfield site 1,M7 6AW,8160639287556,RED,29/03/2027,28-Mar-28,120000,27.68,Live
S-20430,TEM-27482-C,Ironbridge site 1,L29 3ND,5632312683417,RED,16/02/2026,2027-02-16,910000,29.36,Live
S-20431,TEM-61993-C,Atlas site 1,S18 6JR,1029167594242,RED,17/11/2024,17-Nov-27,155000,25.36,Live
S-20432,TEM-23745-F,Millpond site 1,N25 9JX,0988165568980,RED,09/04/2026,09/04/2027,480000,19.67,Live
S-20433,TEM-23745-F,Millpond site 2,G3 9HW,5382317095420,RED,27/03/2026,27/03/2027,210000,30.16,Live
S-20434,TEM-23745-F,Millpond site 3,S5 7HW,3930788692457,RED Plus,2027-01-14,14 January 2028,42000,20.67,Live
S-20435,TEM-33459-B,Foxglove site 1,L15 7AX,83 3566 6346 306,RED,25/09/2023,24 September 2026,660000,25.56,Live
S-20436,TEM-19488-C,Ingleby site 1,L11 7BX,8668736620182,RED,2025-08-26,26-Aug-27,155000,18.98,Live
S-20437,TEM-19488-C,Ingleby site 2,M8 4JX,3538377529609,RED Plus,2025-11-25,25/11/2027,1250000,27.86,Live
S-20438,TEM-19488-C,Ingleby site 3,S26 1NT,0908-0542-41677,RED,12/10/2025,12-Oct-26,210000,28.7,Live
S-20439,TEM-19488-C,Ingleby site 4,N10 4ND,1997492313514,RED,22/03/2024,2027-03-22,480000,22.83,Live
S-20440,TEM-19488-C,Ingleby site 5,S12 8NR,5084-0597-73012,RED,22/12/2024,22-Dec-26,62500,21.07,Live
S-20441,TEM-19488-C,Ingleby site 6,G27 9ER,36 4072 1866 684,REDzero,2025-01-02,02 January 2027,62500,25.47,Live
S-20442,TEM-19488-C,Ingleby site 7,M19 4NP,9232738084647,REDzero,2024-09-20,2026-09-20,480000,27.9,Live
S-20443,TEM-19488-C,Ingleby site 8,S20 8BX,7191-1735-45157,RED,27/12/2024,27-Dec-26,42000,25.62,Live
S-20444,TEM-15427-F,Applegarth site 1,G12 4NR,76 4773 9122 414,RED Plus,12/10/2026,12 October 2027,120000,21.22,Live
S-20445,TEM-60735-G,Langmere site 1,M3 8BP,8051299205710,RED,2026-03-21,2027-03-21,88000,18.13,Live
S-20446,TEM-60735-G,Langmere site 2,M19 6ET,0509-0070-02423,RED,2027-01-22,22/01/2028,42000,23.77,Live
S-20447,TEM-96956-A,Harborne site 1,L28 1JR,8483764991678,REDzero,28/01/2025,28/01/2027,120000,22.55,Live
S-20448,TEM-10122-D,Torque site 1,B11 5AD,7510703276866,RED Plus,19/03/2027,18-Mar-28,660000,31.57,Live
S-20449,TEM-10122-D,Torque site 2,M28 2NR,5176167338059,RED Plus,09/10/2024,09-Oct-26,62500,32.29,Live
S-20450,TEM-44918-E,Quenington site 1,G28 8AT,4943-7023-59587,REDzero,15/04/2027,14/04/2028,480000,19.07,Live
S-20451,TEM-79304-C,Zephyr site 1,B20 2EX,5826546930255,REDzero,2025-11-08,08/11/2026,88000,26.43,Live
S-20452,TEM-79304-C,Zephyr site 2,S27 4BR,30 1156 1302 733,RED,28/08/2026,28 August 2027,88000,27.29,Live
S-20453,TEM-15670-C,Nettlebed site 1,B17 2ER,8089-0370-51307,RED Plus,2024-04-15,15-Apr-27,340000,29.64,Live
S-20454,TEM-78334-C,Cedar site 1,B30 7HT,0023-6215-95663,RED,2026-06-14,14/06/2027,42000,32.04,Live
S-20455,TEM-10775-F,Rosedale site 1,L21 4NW,77 4488 8139 626,RED,25/11/2023,2026-11-24,910000,32.07,Live
S-20456,TEM-36326-A,Hatherley site 1,N17 7JW,8620-0350-09340,REDzero,2027-05-03,02-May-28,210000,24.16,Live
S-20457,TEM-67418-A,Quenington site 1,L14 7ET,0179324930589,RED Plus,2026-05-14,13/05/2028,910000,25.41,Live
S-20458,TEM-58126-A,Millpond site 1,M13 3HR,9761-3921-72337,RED,18/02/2024,17/02/2027,2100000,32.31,Live
S-20459,TEM-86049-C,Selworthy site 1,E7 4ET,23 0603 4759 348,RED,2026-03-23,23-Mar-27,155000,21.46,Live
S-20460,TEM-13354-A,Riverbank site 1,B3 8HW,02 9005 9403 393,RED,2026-08-04,04 August 2027,155000,23.72,Live
S-20461,TEM-27731-E,Ashcombe site 1,E8 8AX,62 7238 5009 863,RED Plus,2026-06-03,03-Jun-27,340000,18.2,Live
S-20462,TEM-21803-B,Silverbeck site 1,B10 9AW,6801082425237,RED Plus,2027-01-12,12-Jan-28,88000,19.69,Live
S-20463,TEM-21803-B,Silverbeck site 2,B13 2AP,15 1535 5816 934,RED Plus,10/11/2023,09/11/2026,1250000,24.38,Live
S-20464,TEM-21803-B,Silverbeck site 3,S16 4AP,4904341600039,RED,2024-09-08,08-Sep-27,340000,29.55,Live
S-20465,TEM-17179-E,Hollybush site 1,S29 6BR,7326-9114-40684,REDzero,14/09/2025,14/09/2026,1250000,24.45,Live
S-20466,TEM-17179-E,Hollybush site 2,N7 6JD,9946-3412-50872,RED Plus,20/09/2026,2027-09-20,1250000,18.38,Live
S-20467,TEM-80632-C,Tanfield site 1,E12 2ET,04 4457 1867 039,RED,18/09/2023,17/09/2026,2100000,27.2,Live
S-20468,TEM-80632-C,Tanfield site 2,M6 9NR,27 8920 6100 249,RED,20/08/2025,20 August 2027,2100000,24.85,Live
S-20469,TEM-80632-C,Tanfield site 3,L4 1BR,71 7748 1939 073,RED Plus,08/04/2026,08/04/2027,210000,17.51,Live
S-20470,TEM-80632-C,Tanfield site 4,L5 6NT,7996172908505,RED,27/03/2026,2028-03-26,2100000,30.47,Live
S-20471,TEM-80632-C,Tanfield site 5,E29 5NP,31 0875 2488 646,RED,2023-09-10,09 September 2026,1250000,22.15,Live
S-20472,TEM-80632-C,Tanfield site 6,N21 1AW,05 2624 4214 755,RED,2025-03-25,2027-03-25,120000,28.81,Live
S-20473,TEM-49910-B,Halewood site 1,E12 1JT,2045549668488,REDzero,04/03/2027,2028-03-03,1250000,18.3,Live
S-20474,TEM-74092-F,Gilded site 1,E21 6BT,7714-7026-00579,RED,2026-05-15,14-May-28,340000,21.6,Live
S-20475,TEM-74092-F,Gilded site 2,N29 5BW,5168-4093-64284,RED,21/03/2025,21/03/2027,88000,28.74,Live
S-20476,TEM-74092-F,Gilded site 3,S25 2AP,05 8037 6316 722,RED,18/03/2026,18/03/2027,480000,23.58,Live
S-20477,TEM-84046-G,Kingsmead site 1,G1 4NX,6784-6832-02872,RED,2025-09-30,30 September 2026,2100000,26.85,Live
S-20478,TEM-68311-B,Thackery site 1,B8 4AW,8971184617968,REDzero,10/03/2027,09 March 2028,910000,23.96,Live
S-20479,TEM-33614-A,Whitethorn site 1,G16 3AR,5107404101634,RED,2024-12-01,2027-12-01,480000,24.01,Live
S-20480,TEM-37119-E,Thackery site 1,B14 9JW,3303910133505,RED Plus,29/11/2025,29-Nov-26,210000,22.37,Live
S-20481,TEM-37119-E,Thackery site 2,S23 9EP,2315312335211,RED,20/11/2024,20 November 2027,120000,24.1,Live
S-20482,TEM-99903-D,Millpond site 1,B9 6JT,20 0342 9410 893,RED,12/10/2023,11-Oct-26,340000,26.06,Live
S-20483,TEM-30183-C,Orchard site 1,N25 8EW,76 8565 5403 837,RED,2026-01-14,2027-01-14,62500,18.88,Live
S-20484,TEM-93988-C,Quayside site 1,G3 1HX,04 2691 8411 672,RED Plus,2026-01-02,02-Jan-27,155000,17.83,Live
S-20485,TEM-26007-F,Millpond site 1,M22 9EX,54 2958 0903 511,REDzero,2024-03-24,2026-03-24,120000,23.89,Ended
S-20486,TEM-26007-F,Millpond site 2,M11 3ET,9883-2052-98175,REDzero,03/02/2022,2025-02-02,2100000,18.59,Ended
S-20487,TEM-26007-F,Millpond site 3,M21 5BR,7455-2011-26338,RED,2024-05-22,22-May-25,62500,27.97,Ended
S-20488,TEM-26007-F,Millpond site 4,G7 6HP,5001531024442,RED,2022-06-03,02 June 2025,1250000,18.17,Ended
S-20489,TEM-73536-C,Dunmore site 1,G27 6HR,6311-4262-06640,RED Plus,09/10/2023,08/10/2026,42000,24.16,Live
S-20490,TEM-73536-C,Dunmore site 2,B12 3BT,01 9583 0463 142,REDzero,07/10/2024,07 October 2026,120000,27.16,Live
S-20491,TEM-73536-C,Dunmore site 3,E20 6ET,1918855623734,REDzero,2027-04-12,11 April 2028,210000,20.96,Live
S-20492,TEM-23194-A,Millpond site 1,G3 6NX,8304420604585,REDzero,2022-10-30,29/10/2025,62500,32.32,Ended
S-20493,TEM-23194-A,Millpond site 2,E25 1NP,8812604170823,RED,05/07/2023,04/07/2025,660000,31.17,Ended
S-20494,TEM-23194-A,Millpond site 3,N20 1JW,8550305786981,RED,20/07/2024,20/07/2025,1250000,30.22,Ended
S-20495,TEM-33443-A,Eastbrook site 1,M27 3JT,92 9742 1938 096,RED Plus,28/10/2024,28 October 2027,88000,25.54,Live
S-20496,TEM-77287-E,Atlas site 1,N11 4HW,4148-1366-32014,RED,2022-03-26,25-Mar-25,660000,32.3,Ended
S-20497,TEM-21801-C,Ullswater site 1,L27 6EP,6576-8498-03087,RED Plus,16/02/2026,16-Feb-27,1250000,17.8,Live
S-20498,TEM-25411-C,Quayside site 1,G29 2NW,43 7788 7300 935,RED,2026-06-06,06 June 2027,480000,18.33,Live
S-20499,TEM-36667-B,Norbury site 1,L2 9AT,5470518640059,REDzero,2026-09-21,21/09/2027,1250000,18.75,Live
S-20500,TEM-36667-B,Norbury site 2,S28 3ER,7963481603461,RED,30/09/2023,29/09/2026,1250000,20.69,Live
S-20501,TEM-21408-G,Atlas site 1,L5 4NX,1160068005021,RED,2024-09-30,30/09/2026,2100000,20.74,Live
S-20502,TEM-38524-B,Marlow site 1,G29 6HT,41 4072 9669 771,RED Plus,2023-07-31,2026-07-30,62500,27.06,Ended
S-20503,TEM-21010-G,Westcliff site 1,S23 5ED,8230976522154,RED,06/05/2024,06/05/2027,2100000,23.74,Live
S-20504,TEM-98972-B,Kestrel site 1,L22 4NP,80 4864 5455 354,RED,2024-09-25,25 September 2027,120000,19.02,Live
S-20505,TEM-14945-D,Redwing site 1,N19 8EP,90 7233 2282 091,REDzero,2025-05-16,2028-05-15,88000,23.0,Live
S-20506,TEM-55770-E,Selworthy site 1,S15 8EX,25 2114 5173 196,RED,2022-03-07,2025-03-06,660000,24.82,Ended
S-20507,TEM-77233-C,Lighthouse site 1,L3 3AP,9176-8377-27713,RED Plus,2025-04-07,2027-04-07,120000,18.21,Live
S-20508,TEM-77233-C,Lighthouse site 2,G1 6NR,2494-8892-60073,RED,2025-05-10,09-May-28,1250000,18.04,Live
S-20509,TEM-85366-F,Foxglove site 1,L15 6NX,69 0060 3546 132,RED,25/06/2025,25-Jun-27,910000,24.04,Live
S-20510,TEM-85366-F,Foxglove site 2,B18 7AX,0151524485365,RED,21/11/2026,2027-11-21,2100000,23.35,Live
S-20511,TEM-49945-A,Kingsmead site 1,M14 2JD,9371096437094,RED Plus,2026-10-19,19-Oct-27,42000,28.05,Live
S-20512,TEM-49945-A,Kingsmead site 2,M25 8BW,01 7575 7629 083,RED,10/05/2026,10 May 2027,910000,21.64,Live
S-20513,TEM-49945-A,Kingsmead site 3,G26 2HX,45 9792 1522 478,RED,2024-10-16,16 October 2026,1250000,22.62,Live
S-20514,TEM-49945-A,Kingsmead site 4,G9 6AW,0096739316508,REDzero,2023-11-12,11 November 2026,480000,32.24,Live
S-20515,TEM-38004-A,Vantage site 1,L19 4AP,35 8961 0743 138,RED,2023-12-09,08/12/2026,88000,31.51,Live
S-20516,TEM-41684-A,Pennine site 1,L3 6JD,6959-8154-53536,RED,2027-04-12,11 April 2028,660000,21.59,Live
S-20517,TEM-41684-A,Pennine site 2,B26 2BX,4448842498091,RED,2025-09-15,15 September 2026,62500,19.63,Live
S-20518,TEM-41684-A,Pennine site 3,L19 4ND,3958841927179,RED,2024-03-24,24/03/2027,1250000,24.51,Live
S-20519,TEM-61688-C,Ironbridge site 1,G30 7BW,40 8147 8214 844,RED,18/01/2026,18-Jan-28,42000,29.89,Live
S-20520,TEM-84089-G,Elmwood site 1,M8 3HP,5697-4133-96312,RED,2024-10-07,07/10/2027,210000,27.47,Live
S-20521,TEM-84089-G,Elmwood site 2,N27 7BX,3127772844630,REDzero,08/05/2026,07 May 2028,62500,22.87,Live
S-20522,TEM-84089-G,Elmwood site 3,E25 9HD,774811O386823,REDzero,27/05/2026,26-May-28,88000,28.73,Live
S-20523,TEM-64529-A,Langmere site 1,E3 2ER,95 5386 8418 756,RED,14/08/2024,14-Aug-26,42000,28.34,OOC
S-20524,TEM-17823-F,Exmoor site 1,L26 4AT,9888-6738-06962,REDzero,2026-05-29,29-May-27,340000,26.74,Live
S-20525,TEM-17823-F,Exmoor site 2,L26 3HW,41 5215 4221 907,RED,11/04/2026,2028-04-10,62500,24.26,Live
S-20526,TEM-17823-F,Exmoor site 3,S6 8NX,7125-9668-55906,RED,04/10/2025,2027-10-04,42000,26.57,Live
S-20527,TEM-17823-F,Exmoor site 4,N21 5AW,64 6412 6498 030,RED,2026-04-27,27-Apr-27,660000,27.13,Live
S-20528,TEM-89570-F,Bluewater site 1,M18 6BX,3412-9571-88909,RED,2025-08-02,02 August 2027,88000,20.52,Live
S-20529,TEM-89570-F,Bluewater site 2,S18 4HR,3995-6675-82247,RED Plus,05/01/2026,2028-01-05,62500,28.99,Live
S-20530,TEM-32751-F,Caldwell site 1,E13 9NW,1193-8741-36077,RED,2021-11-12,11/11/2024,910000,25.16,Ended
S-20531,TEM-32751-F,Caldwell site 2,M5 4JT,8822-5000-86990,RED,16/10/2022,15-Oct-25,340000,31.17,Ended
S-20532,TEM-32751-F,Caldwell site 3,B12 9EW,7236007313433,RED,2025-07-24,24/07/2026,1250000,23.52,Ended
S-20533,TEM-32751-F,Caldwell site 4,G9 8AX,4752993552721,RED,06/02/2024,05 February 2025,340000,31.36,Ended
S-20534,TEM-32751-F,Caldwell site 5,L23 4ED,50 5670 8708 582,RED Plus,2021-12-31,30 December 2024,480000,26.5,Ended
S-20535,TEM-32751-F,Caldwell site 6,L10 3NP,9996-8906-20967,RED Plus,10/06/2025,2026-06-10,910000,20.75,Ended
S-20536,TEM-93812-D,Dunmore site 1,E6 8EW,6601-9179-08597,RED,2025-08-21,21-Aug-27,1250000,30.62,Live
S-20537,TEM-93812-D,Dunmore site 2,L9 3BD,47 2576 7140 778,RED,24/11/2024,24-Nov-26,660000,31.67,Live
S-20538,TEM-93812-D,Dunmore site 3,S28 7BD,1386-9485-38475,RED,2024-03-08,08-Mar-27,42000,28.44,Live
S-20539,TEM-77632-G,Ivybridge site 1,E8 2EW,9418926943340,RED Plus,2026-03-05,05/03/2027,480000,24.15,Live
S-20540,TEM-77632-G,Ivybridge site 2,S18 8BD,1918650639768,RED,2025-05-26,25 May 2028,120000,26.05,Live
S-20541,TEM-77632-G,Ivybridge site 3,M2 3AT,00 9506 6687 872,RED,12/12/2023,11-Dec-26,42000,21.45,Live
S-20542,TEM-77632-G,Ivybridge site 4,E25 8JW,1280-8253-91297,RED Plus,02/07/2025,02 July 2027,62500,19.09,Live
S-20543,TEM-77632-G,Ivybridge site 5,L1 3HD,5051-9320-70273,REDzero,2024-11-27,27 November 2027,910000,30.43,Live
S-20544,TEM-77632-G,Ivybridge site 6,E19 7BR,4756210821114,RED Plus,11/08/2024,2027-08-11,910000,29.72,Live
S-20545,TEM-77632-G,Ivybridge site 7,B18 4BR,0110-6656-61085,REDzero,2025-09-12,12/09/2026,2100000,28.46,Live
S-20546,TEM-77632-G,Ivybridge site 8,B7 8ER,1753921018232,REDzero,23/09/2026,23-Sep-27,660000,29.9,Live
S-20547,TEM-34529-C,Hatherley site 1,E18 1HR,1729996684837,RED,2024-10-05,2026-10-05,2100000,32.11,Live
S-20548,TEM-44976-A,Ivybridge site 1,S23 3AT,59 0590 4088 683,RED Plus,2024-06-22,22 June 2027,1250000,19.84,Live
S-20549,TEM-96685-E,Farrier site 1,S15 4EP,0465-2290-37188,REDzero,2024-11-13,2027-11-13,210000,23.18,Live
S-20550,TEM-96685-E,Farrier site 2,N12 9HD,5858-3821-50790,RED,11/03/2025,2027-03-11,62500,23.08,Live
S-20551,TEM-96685-E,Farrier site 3,N3 4ER,1043678135148,RED,30/10/2025,2026-10-30,42000,30.26,Live
S-20552,TEM-96685-E,Farrier site 4,L21 1AW,11 2457 4714 699,RED,2025-03-26,2027-03-26,340000,24.73,Live
S-20553,TEM-96685-E,Farrier site 5,E23 3BW,6293461825248,RED,2025-11-01,01-Nov-27,62500,27.0,Live
S-20554,TEM-96685-E,Farrier site 6,L19 8JD,3733297077300,RED Plus,16/01/2027,2028-01-16,2100000,20.76,Live
S-20555,TEM-11539-A,Rosedale site 1,S12 1NX,88 8505 7168 005,REDzero,2025-11-16,16-Nov-26,88000,22.21,Live
S-20556,TEM-89005-F,Merrivale site 1,G22 6AR,2079602879840,RED,14/11/2023,13/11/2026,660000,30.21,Live
S-20557,TEM-54149-C,Stanhope site 1,B4 6AD,5877617686269,RED,2027-01-31,2028-01-31,42000,22.11,Live
S-20558,TEM-85214-F,Cranleigh site 1,E27 6JT,58 3334 8729 016,RED,11/05/2022,10-May-25,340000,26.59,Ended
S-20559,TEM-14387-F,Silverbeck site 1,B6 8NX,5978794937900,RED,2024-11-03,2026-11-03,42000,30.34,Live
S-20560,TEM-22299-C,Quarrington site 1,E19 1JR,8933852728112,RED,2025-02-05,2028-02-05,2100000,25.68,Live
S-20561,TEM-22299-C,Quarrington site 2,E9 4JX,9361059029022,RED,2024-07-22,22 July 2027,155000,27.11,Live
S-20562,TEM-92475-G,Bluewater site 1,B25 1BD,9217420812395,RED,2027-02-22,22 February 2028,1250000,31.18,Live
S-20563,TEM-24489-D,Farrier site 1,G10 1EP,0788308029326,RED,2025-02-25,25/02/2026,155000,28.7,Ended
S-20564,TEM-80394-F,Jespersen site 1,G28 9AD,5401666440137,RED,2023-11-01,31/10/2026,88000,27.31,Live
S-20565,TEM-24729-D,Marlow site 1,B6 3ND,8208288711125,RED,2024-10-31,31/10/2027,2100000,28.76,Live
S-20566,TEM-24729-D,Marlow site 2,M22 5HR,58 2218 2943 253,RED Plus,2025-11-06,06-Nov-27,120000,19.71,Live
S-20567,TEM-85445-B,Thackery site 1,E28 3HX,5838773723744,REDzero,2022-12-21,20 December 2024,120000,28.16,Ended
S-20568,TEM-77660-A,Larkspur site 1,L5 6BX,8304867494382,RED,2023-09-22,21 September 2026,155000,29.89,Live
S-20569,TEM-77660-A,Larkspur site 2,L17 3BD,3807-5300-08701,REDzero,2025-11-25,2026-11-25,480000,18.01,Live
S-20570,TEM-12067-A,Zephyr site 1,E6 4JT,55 7290 1069 245,RED,12/12/2023,11-Dec-26,210000,22.18,Live
S-20571,TEM-56473-C,Kestrel site 1,E21 9BT,1374479020300,RED,19/11/2024,19/11/2026,42000,18.62,Live
S-20572,TEM-56473-C,Kestrel site 2,B23 7HR,2860773322572,RED Plus,2025-06-16,16/06/2027,910000,22.1,Live
S-20573,TEM-56473-C,Kestrel site 3,B30 3JP,17 9819 2300 597,REDzero,08/03/2025,07/03/2028,42000,26.71,Live
S-20574,TEM-73703-A,Merrivale site 1,B7 6BT,3634-1774-62185,RED,17/07/2026,17/07/2027,660000,27.62,Live
S-20575,TEM-96026-A,Northgate site 1,N18 2BD,45 8949 4110 892,REDzero,19/09/2024,19-Sep-26,210000,21.58,Live
S-20576,TEM-59664-A,Quarrington site 1,G6 5HR,29 9195 8383 969,RED Plus,20/12/2024,20-Dec-27,480000,27.71,Live
S-20577,TEM-73508-G,Orchard site 1,M26 8JT,7260-0711-58499,REDzero,28/03/2024,28/03/2027,120000,27.55,Live
S-20578,TEM-73508-G,Orchard site 2,M1 2JW,1075-7854-46913,RED,14/11/2025,14 November 2026,480000,22.78,Live
S-20579,TEM-73508-G,Orchard site 3,S3 8AR,68 2177 0106 879,RED,2025-06-28,28/06/2027,120000,29.47,Live
S-20580,TEM-69822-E,Redwing site 1,B21 3JD,4530950340102,RED,2025-06-07,2027-06-07,1250000,24.38,Live
S-20581,TEM-71828-E,Norbury site 1,S28 7HX,8758273685849,RED,25/11/2025,25/11/2026,42000,25.86,Live
S-20582,TEM-94905-A,Ravenscar site 1,E18 1AX,7307-6985-89518,REDzero,11/05/2025,11 May 2027,62500,27.38,Live
S-20583,TEM-94905-A,Ravenscar site 2,N16 9JT,9069050716816,REDzero,13/12/2025,13 December 2026,62500,18.78,Live
S-20584,TEM-82900-F,Harborne site 1,L23 3NX,65 2616 5916 734,RED,20/06/2026,20-Jun-27,2100000,28.97,Live
S-20585,TEM-22658-B,Orchard site 1,G24 9NR,0844081265211,RED,03/11/2023,02/11/2026,42000,30.6,Live
S-20586,TEM-19455-G,Tredegar site 1,B1 3JP,88 7502 5936 384,RED,17/12/2024,17/12/2027,42000,24.3,Live
S-20587,TEM-48137-D,Farrier site 1,B7 7AX,4805483836357,RED,2027-02-14,2028-02-14,660000,28.17,Live
S-20588,TEM-90305-A,Marlow site 1,S20 6BP,9766-5428-54334,RED,2025-01-19,19 January 2027,910000,18.87,Live
S-20589,TEM-29375-D,Atlas site 1,N19 3BX,7103-1164-95759,RED Plus,20/03/2026,20-Mar-27,660000,17.97,Live
S-20590,TEM-63397-E,Larkspur site 1,N27 1HW,9317305881922,REDzero,30/08/2023,29-Aug-26,2100000,25.52,OOC
S-20591,TEM-33568-E,Bluewater site 1,B9 5JR,65 3892 0625 220,RED Plus,2025-02-03,2028-02-03,2100000,19.9,Live
S-20592,TEM-95969-D,Lowther site 1,N16 5BD,7802546366991,RED,2025-12-06,2026-12-06,340000,30.95,Live
S-20593,TEM-10226-G,Westcliff site 1,S1 6BP,7592149165100,RED,21/04/2025,21-Apr-27,910000,24.96,Live
S-20594,TEM-25972-D,Jarrow site 1,B20 2NW,8383227041186,RED,20/07/2026,20-Jul-27,660000,23.28,Live
S-20595,TEM-44103-D,Jarrow site 1,M4 3NT,9485-7574-95626,RED,03/03/2025,03/03/2027,910000,25.93,Live
S-20596,TEM-44103-D,Jarrow site 2,N29 4AW,0239726133631,RED,2025-03-17,16-Mar-28,340000,24.14,Live
S-20597,TEM-44103-D,Jarrow site 3,S15 7JW,2854341286141,RED,2024-12-13,2026-12-13,155000,17.86,Live
S-20598,TEM-37422-F,Tredegar site 1,G3 4ET,6230-4862-41553,RED,2026-02-07,2028-02-07,910000,29.19,Live
S-20599,TEM-57382-A,Foxglove site 1,M9 8JW,2146-7981-00330,RED,02/06/2027,01-Jun-28,660000,18.85,Live
S-20600,TEM-63600-F,Ellerton site 1,N9 7EW,3556-5913-26492,REDzero,2025-06-14,14-Jun-27,340000,26.74,Live
S-20601,TEM-63600-F,Ellerton site 2,L16 2HD,0048-3929-57214,REDzero,27/01/2024,2027-01-26,42000,22.59,Live
S-20602,TEM-55973-F,Zetland site 1,S24 6NP,50 2516 6844 070,RED,2023-01-02,01-Jan-25,120000,21.43,Ended
S-20603,TEM-55973-F,Zetland site 2,E3 7HX,6702046593707,REDzero,14/12/2024,14/12/2025,62500,30.46,Ended
S-20604,TEM-22727-G,Larkspur site 1,N7 8NW,7403-2576-94851,REDzero,2024-04-10,10-Apr-25,155000,21.76,Ended
S-20605,TEM-56579-C,Wrenfield site 1,B8 4BW,72 9896 8285 301,RED,28/02/2027,28 February 2028,42000,24.02,Live
S-20606,TEM-56579-C,Wrenfield site 2,G26 9ED,6007-6209-34468,REDzero,26/03/2026,25/03/2028,210000,20.2,Live
S-20607,TEM-47392-G,Oakhurst site 1,M22 3AD,4553-4519-62718,RED,2024-05-16,2027-05-16,1250000,27.13,Live
S-20608,TEM-16628-A,Larkspur site 1,G1 8NW,65 2431 0943 642,RED,2027-05-09,08/05/2028,2100000,24.06,Live
S-20609,TEM-16628-A,Larkspur site 2,N12 5ER,9742-8105-09547,RED,17/10/2026,17/10/2027,660000,27.53,Live
S-20610,TEM-22285-D,Cranleigh site 1,B3 2EX,3914077766014,RED Plus,07/05/2025,06 May 2028,910000,30.78,Live
S-20611,TEM-71494-B,Bramble site 1,S30 1HW,48 3144 6186 369,RED,10/09/2023,09 September 2026,120000,28.15,Live
S-20612,TEM-86491-C,Riverbank site 1,L4 9EX,11 7992 4032 516,RED,2023-11-20,19-Nov-24,155000,31.55,Ended
S-20613,TEM-86491-C,Riverbank site 2,N6 6NX,77 1458 3059 933,RED,16/02/2024,15/02/2026,42000,25.31,Ended
S-20614,TEM-86491-C,Riverbank site 3,N16 5BD,4348924732817,REDzero,2024-10-16,16-Oct-25,210000,24.22,Ended
S-20615,TEM-86491-C,Riverbank site 4,B7 8AW,7242131097695,RED,28/06/2025,28 June 2026,62500,28.74,Ended
S-20616,TEM-27266-A,Garwood site 1,N23 8EW,6565228009122,RED,29/05/2025,2028-05-28,2100000,29.26,Live
S-20617,TEM-76785-A,Redwing site 1,E13 6NW,75 8442 0959 381,RED Plus,2024-11-12,12-Nov-26,480000,32.31,Live
S-20618,TEM-60771-G,Pennine site 1,M7 1ET,2247-2220-80064,RED,2024-01-12,11-Jan-27,2100000,24.39,Live
S-20619,TEM-60771-G,Pennine site 2,N2 9BX,8550-9591-61614,RED,06/03/2025,05 March 2028,155000,26.4,Live
S-20620,TEM-60771-G,Pennine site 3,B15 6HX,3950374504945,RED,02/06/2026,01 June 2028,1250000,29.54,Live
S-20621,TEM-60771-G,Pennine site 4,S29 9AW,0824737677271,RED,2026-02-12,2027-02-12,480000,25.65,Live
S-20622,TEM-14706-C,Ironbridge site 1,B7 5BD,43 5340 6784 085,RED,2025-01-24,24 January 2026,480000,26.46,Ended
S-20623,TEM-31650-A,Eastbrook site 1,N17 8NP,3433766168354,REDzero,11/09/2025,11 September 2027,155000,19.74,Live
S-20624,TEM-35218-G,Foxglove site 1,S15 7BP,1907-0987-10857,RED,2024-08-10,10/08/2027,340000,32.01,Live
S-20625,TEM-35218-G,Foxglove site 2,E14 9JD,2832877132068,RED Plus,29/04/2024,2027-04-29,480000,20.55,Live
S-20626,TEM-13008-E,Zetland site 1,L3 4BD,39 4474 7210 785,RED Plus,2025-02-12,2027-02-12,120000,22.25,Live
S-20627,TEM-83675-A,Harborne site 1,E2 6BX,3240-2627-63398,REDzero,2021-10-05,2024-10-04,340000,27.26,Ended
S-20628,TEM-65423-B,Lighthouse site 1,L14 5AD,0172-4931-50959,REDzero,26/11/2021,25 November 2024,480000,24.14,Ended
S-20629,TEM-65423-B,Lighthouse site 2,S21 9JP,4267-9839-61973,RED,10/05/2024,10/05/2026,660000,20.38,Ended
S-20630,TEM-63444-A,Tanfield site 1,E27 1AX,1104-3223-76341,REDzero,05/01/2025,2028-01-05,88000,25.35,Live
S-20631,TEM-63444-A,Tanfield site 2,L2 3NR,97 0193 0299 410,RED Plus,2024-10-04,04/10/2027,62500,28.84,Live
S-20632,TEM-63444-A,Tanfield site 3,L29 6JD,5475-3168-00581,RED,30/12/2025,30 December 2027,340000,19.88,Live
S-20633,TEM-63444-A,Tanfield site 4,L10 5BP,0228185940485,REDzero,2026-09-03,03 September 2027,88000,29.75,Live
S-20634,TEM-19613-E,Bluewater site 1,N4 8NW,26 7508 2729 157,RED Plus,31/01/2024,30 January 2027,1250000,23.29,Live
S-20635,TEM-67146-A,Yewtree site 1,M10 7HR,7700-6402-76110,REDzero,26/01/2027,26/01/2028,88000,17.55,Live
S-20636,TEM-17481-E,Ironbridge site 1,E6 7JX,13 1289 0838 562,REDzero,2024-10-06,06/10/2027,120000,24.87,Live
S-20637,TEM-17481-E,Ironbridge site 2,G12 7JD,5939470850626,RED,19/01/2027,19/01/2028,62500,26.06,Live
S-20638,TEM-66444-A,Kestrel site 1,M26 1EP,0314-6453-09516,RED,17/05/2027,2028-05-16,2100000,20.57,Live
S-20639,TEM-39172-F,Silverbeck site 1,E12 8AT,5143-4777-27234,RED,2023-11-30,2026-11-29,340000,21.49,Live
S-20640,TEM-85623-E,Pennine site 1,L28 6ND,0955556193396,RED Plus,29/06/2026,29 June 2027,2100000,22.24,Live
S-20641,TEM-48297-G,Halewood site 1,L30 8HR,6350-9002-36635,REDzero,2023-10-06,05/10/2026,1250000,24.25,Live
S-20642,TEM-69627-G,Quenington site 1,G25 9NW,5176194358512,RED,20/04/2026,20-Apr-27,120000,26.19,Live
S-20643,TEM-21243-F,Kestrel site 1,E28 7AR,1778082777913,RED Plus,2026-11-29,29/11/2027,88000,24.8,Live
S-20644,TEM-29479-D,Umberside site 1,E3 3JR,45 5824 4457 660,RED,2025-11-01,01-Nov-26,62500,25.11,Live
S-20645,TEM-21979-A,Halewood site 1,N8 7AX,9035677806508,RED,2025-07-09,09-Jul-27,210000,17.75,Live
S-20646,TEM-16717-G,Northgate site 1,N3 7BW,63 5242 3389 732,REDzero,2026-01-07,07-Jan-28,210000,25.19,Live
S-20647,TEM-16717-G,Northgate site 2,S15 1NW,7329-0321-19901,REDzero,16/12/2024,2026-12-16,88000,26.98,Live
S-20648,TEM-29955-B,Dunmore site 1,E8 6AX,2998162577397,RED,19/04/2023,2026-04-18,480000,21.44,Ended
S-20649,TEM-38283-A,Wrenfield site 1,S10 9AW,9740718912968,RED,2024-10-04,04 October 2027,62500,27.46,Live
S-20650,TEM-38964-E,Farrier site 1,S20 2AX,20 1957 0184 425,RED,03/04/2026,02/04/2028,210000,21.06,Live
S-20651,TEM-30623-A,Tredegar site 1,N16 1NX,61 0592 2087 130,RED,10/11/2024,2026-11-10,910000,21.36,Live
S-20652,TEM-30623-A,Tredegar site 2,S12 3BD,8404797991818,RED,08/12/2025,08-Dec-26,88000,30.54,Live
S-20653,TEM-52602-E,Gilded site 1,G9 3ET,32 1817 3344 057,RED Plus,12/02/2023,11/02/2025,1250000,20.41,Ended
S-20654,TEM-99885-F,Westcliff site 1,L26 4AP,0680-4689-86837,RED,2024-10-16,16/10/2026,210000,31.48,Live
S-20655,TEM-77312-B,Riverbank site 1,E13 4ND,9310721083230,REDzero,31/10/2025,31 October 2026,42000,30.83,Live
S-20656,TEM-69733-A,Ullswater site 1,S7 1NR,52 0789 5044 645,RED,19/07/2026,19 July 2027,1250000,22.72,Live
S-20657,TEM-69733-A,Ullswater site 2,E15 5JW,1822816712698,RED,02/08/2026,02 August 2027,1250000,32.11,Live
S-20658,TEM-69733-A,Ullswater site 3,N1 9NW,1218-9266-90042,REDzero,2026-05-02,02 May 2027,62500,17.75,Live
S-20659,TEM-69733-A,Ullswater site 4,L6 4JX,9043573511263,REDzero,16/07/2024,16/07/2027,62500,26.14,Live
S-20660,TEM-69733-A,Ullswater site 5,N4 3JT,1690823737478,RED,09/04/2025,2027-04-09,62500,29.7,Live
S-20661,TEM-69733-A,Ullswater site 6,B18 2JP,72 1985 5340 172,RED Plus,13/12/2025,13 December 2026,155000,29.43,Live
S-20662,TEM-54669-D,Maplin site 1,E26 6HP,32 0378 4872 854,RED Plus,18/03/2024,18 March 2027,660000,24.85,Live
S-20663,TEM-19258-C,Rosedale site 1,E19 9ER,03 4793 8615 060,RED,07/05/2027,06-May-28,155000,25.12,Live
S-20664,TEM-70041-E,Stanhope site 1,S18 3NP,5151-4028-58496,RED Plus,05/07/2025,05-Jul-26,480000,18.2,Ended
S-20665,TEM-26991-F,Quarrington site 1,M17 3HD,1882-0490-36298,REDzero,31/03/2026,31-Mar-27,910000,23.84,Live
S-20666,TEM-52105-C,Garwood site 1,B30 5AP,06 6755 2064 923,RED,12/03/2025,11 March 2028,910000,28.54,Live
S-20667,TEM-52868-B,Ullswater site 1,B30 1BR,04 1503 6840 914,RED Plus,2025-07-30,30 July 2027,120000,18.08,Live
S-20668,TEM-98576-D,Eastbrook site 1,B7 5HT,99 7742 3887 598,REDzero,2023-12-08,07/12/2026,88000,29.44,Live
S-20669,TEM-27510-B,Stanhope site 1,M22 8HP,19 8662 0685 236,RED Plus,18/04/2024,2027-04-18,2100000,31.74,Live
S-20670,TEM-27510-B,Stanhope site 2,S3 6NP,6781512884713,REDzero,2024-10-01,2026-10-01,42000,31.51,Live
S-20671,TEM-81797-D,Lowther site 1,G5 2BX,11 0650 8826 930,RED Plus,2025-04-20,2028-04-19,155000,22.2,Live
S-20672,TEM-13351-B,Summerton site 1,L19 5ED,89 6478 6549 421,RED,2025-11-10,10/11/2027,660000,23.37,Live
S-20673,TEM-13351-B,Summerton site 2,G6 7AD,37 2080 2254 935,REDzero,04/07/2026,04/07/2027,910000,31.88,Live
S-20674,TEM-13351-B,Summerton site 3,M27 7BT,1518416321996,RED Plus,08/12/2024,2027-12-08,88000,26.12,Live
S-20675,TEM-13351-B,Summerton site 4,N15 4HW,4269-0354-48643,RED,19/01/2026,19 January 2027,660000,31.3,Live
S-20676,TEM-50616-F,Ellerton site 1,G4 2BW,4184849924069,REDzero,2025-03-21,20/03/2028,660000,21.72,Live
S-20677,TEM-18970-D,Lowther site 1,E13 7AP,8060740825290,RED,2026-05-22,2028-05-21,210000,29.71,Live
S-20678,TEM-18970-D,Lowther site 2,E24 2HR,42 8169 4068 591,RED,02/10/2024,02/10/2026,1250000,22.43,Live
S-20679,TEM-18970-D,Lowther site 3,M17 6AR,8958-5001-32308,RED,2026-11-04,2027-11-04,155000,32.17,Live
S-20680,TEM-18970-D,Lowther site 4,L2 3BT,1089038678976,REDzero,2023-12-09,2026-12-08,42000,22.65,Live
S-20681,TEM-14572-D,Umberside site 1,L19 7NW,38 1725 4195 062,RED,2024-04-26,26/04/2027,62500,25.93,Live
S-20682,TEM-14572-D,Umberside site 2,E20 3HR,5758-8964-57771,RED,11/05/2026,11 May 2027,480000,18.58,Live
S-20683,TEM-56742-A,Marlow site 1,S9 4BD,0051488695326,REDzero,2025-04-25,2027-04-25,210000,25.99,Live
S-20684,TEM-52894-C,Thackery site 1,M5 1JX,1745482469030,RED,2024-03-19,19/03/2027,155000,24.73,Live
S-20685,TEM-52894-C,Thackery site 2,N30 7EX,8539066564432,RED,22/10/2025,22/10/2026,1250000,24.22,Live
S-20686,TEM-31504-B,Denholm site 1,S8 4HX,89 4946 1403 200,RED Plus,28/11/2026,28/11/2027,480000,32.3,Live
S-20687,TEM-38194-E,Norbury site 1,E29 9AW,4443336813424,RED,30/04/2025,2028-04-29,42000,19.42,Live
S-20688,TEM-38194-E,Norbury site 2,M13 4NT,62 6586 1440 947,RED,2026-06-29,2027-06-29,480000,26.17,Live
S-20689,TEM-65085-B,Fernhill site 1,E7 7BW,2585808562546,RED,01/12/2024,01/12/2026,1250000,28.3,Live
S-20690,TEM-65085-B,Fernhill site 2,E29 5HR,69 1953 4491 085,REDzero,2026-02-11,11 February 2028,1250000,29.49,Live
S-20691,TEM-65085-B,Fernhill site 3,N25 1BP,1090-4618-40872,RED,2025-10-06,06/10/2027,340000,29.46,Live
S-20692,TEM-77722-G,Wrenfield site 1,L16 2JX,61 3877 8209 152,REDzero,2026-09-27,27 September 2027,210000,30.39,Live
S-20693,TEM-74015-A,Millpond site 1,L15 9HX,4267427365157,REDzero,14/01/2026,14-Jan-28,42000,24.83,Live
S-20694,TEM-63510-G,Maplin site 1,M12 9HP,6485-6490-10967,RED,08/04/2026,07/04/2028,480000,32.34,Live
S-20695,TEM-21139-B,Elmwood site 1,E4 8NR,5776539484951,RED Plus,2026-04-04,2028-04-03,42000,22.74,Live
S-20696,TEM-73733-D,Cedar site 1,M15 5BP,0628-7591-09208,RED,21/02/2024,20/02/2027,88000,25.48,Live
S-20697,TEM-19125-D,Bexley site 1,N1 1BW,9804-3999-39834,RED,05/02/2027,2028-02-05,62500,25.53,Live
S-20698,TEM-19125-D,Bexley site 2,N25 1EW,8047-2733-82518,RED,2026-02-24,24-Feb-28,480000,32.4,Live
S-20699,TEM-19125-D,Bexley site 3,S27 3AR,43 8145 3188 846,RED,28/02/2025,2028-02-28,1250000,23.7,Live
S-20700,TEM-19125-D,Bexley site 4,B17 3BP,50410975301527,RED,2023-09-18,17 September 2026,480000,19.54,Live
S-20701,TEM-72495-C,Jespersen site 1,B18 1HR,7508-1568-29801,RED Plus,22/04/2024,22/04/2026,1250000,22.22,Ended
S-20702,TEM-84898-F,Eastbrook site 1,N26 2BR,9128650056201,REDzero,27/08/2024,27 August 2027,1250000,21.23,Live
S-20703,TEM-67778-D,Langmere site 1,N20 3BR,1272055294110,REDzero,09/05/2024,09/05/2027,62500,30.29,Live
S-20704,TEM-84095-G,Lowther site 1,M30 6NT,14 0795 6157 081,RED,2024-09-23,23-Sep-27,480000,26.94,Live
S-20705,TEM-31000-F,Quarrington site 1,G12 5JD,7023599638508,RED,2023-12-04,03 December 2026,88000,30.53,Live
S-20706,TEM-31000-F,Quarrington site 2,G14 2HW,92 4273 5111 361,RED,17/05/2025,16 May 2028,910000,25.8,Live
S-20707,TEM-25990-F,Larkspur site 1,G29 6AR,3762129381243,REDzero,27/06/2025,27/06/2026,88000,25.03,Ended
S-20708,TEM-33524-E,Quayside site 1,B8 1AT,56 6006 8439 166,RED Plus,05/11/2023,04-Nov-26,210000,22.48,Live
S-20709,TEM-24039-B,Cobalt site 1,L19 2EW,4302943939514,RED,2024-12-26,26-Dec-25,910000,18.26,Ended
S-20710,TEM-13207-F,Millpond site 1,B24 3JD,2274-5989-39019,RED,21/10/2025,21/10/2027,480000,20.69,Live
S-20711,TEM-85456-A,Quayside site 1,G23 7AX,9105-4771-18161,RED,2024-12-03,03-Dec-26,480000,24.39,Live
S-20712,TEM-77703-B,Ravenscar site 1,E16 5BP,6522808016398,RED,2024-05-08,08/05/2027,120000,23.41,Live
S-20713,TEM-64277-F,Elmwood site 1,B15 1BD,73 1165 1124 778,RED,24/11/2024,2027-11-24,1250000,21.73,Live
S-20714,TEM-97053-G,Tanfield site 1,M29 6EW,87 4282 8158 565,REDzero,2024-11-26,26 November 2026,2100000,22.96,Live
S-20715,TEM-97053-G,Tanfield site 2,B30 1NR,7585-0440-81215,RED,14/05/2026,2028-05-13,480000,19.41,Live
S-20716,TEM-20875-D,Halewood site 1,S19 2BW,91 9544 5506 642,RED,2025-12-26,26 December 2027,42000,22.83,Live
S-20717,TEM-20875-D,Halewood site 2,E8 1EW,2722236044641,REDzero,2025-04-27,26-Apr-28,42000,23.42,Live
S-20718,TEM-27511-A,Cobalt site 1,E18 2AT,9785504457525,RED,12/04/2024,12 April 2025,120000,26.19,Ended
S-20719,TEM-14677-D,Selworthy site 1,L29 6NR,52 1118 3997 676,RED Plus,01/02/2025,01-Feb-28,155000,27.44,Live
S-20720,TEM-84941-F,Zephyr site 1,S19 1JP,64 8679 4953 378,RED,16/12/2024,2027-12-16,1250000,31.47,Live
S-20721,TEM-17015-E,Silverbeck site 1,M18 4ET,0209-7716-31286,RED,2025-10-17,17-Oct-27,155000,28.97,Live
S-20722,TEM-14510-B,Pemberley site 1,B24 2JD,8804-4390-66537,RED Plus,2022-05-02,01 May 2025,88000,24.13,Ended
S-20723,TEM-14510-B,Pemberley site 2,N24 5HP,5813974233447,REDzero,2024-06-08,08-Jun-26,910000,25.07,Ended
S-20724,TEM-14510-B,Pemberley site 3,G15 3AX,4900-0984-70319,RED Plus,07/06/2023,2025-06-06,340000,18.74,Ended
S-20725,TEM-14510-B,Pemberley site 4,E15 4ND,60 3556 7668 834,RED,05/03/2023,04 March 2025,1250000,29.51,Ended
S-20726,TEM-25740-F,Cobalt site 1,M22 1BR,23 5650 7193 233,RED Plus,08/03/2027,07/03/2028,88000,23.54,Live
S-20727,TEM-38987-B,Kingsmead site 1,S14 7AD,5758-9659-89406,RED,03/07/2026,03-Jul-27,340000,31.08,Live
S-20728,TEM-17923-F,Quarrington site 1,G15 7AW,0506677075614,RED Plus,2024-08-01,01-Aug-27,1250000,25.35,Live
S-20729,TEM-31986-B,Caldwell site 1,S29 5EP,3910453139324,RED,2025-12-29,29/12/2026,660000,25.48,Live
S-20730,TEM-31986-B,Caldwell site 2,L6 9JD,1155893401621,RED,2025-05-06,2027-05-06,660000,28.67,Live
S-20731,TEM-31986-B,Caldwell site 3,B21 5JT,8383745426135,RED,2026-11-04,04-Nov-27,910000,31.49,Live
S-20732,TEM-31986-B,Caldwell site 4,L5 3JP,1695875828191,RED,17/11/2025,17/11/2027,2100000,29.89,Live
S-20733,TEM-31986-B,Caldwell site 5,E18 9BX,8897-7205-00247,RED,21/12/2023,20 December 2026,480000,25.13,Live
S-20734,TEM-31986-B,Caldwell site 6,M15 7BW,60 5663 9852 025,RED,2026-03-26,25-Mar-28,155000,32.34,Live
S-20735,TEM-58192-D,Applegarth site 1,G24 5JW,2570-6027-79591,RED,2024-04-27,27/04/2027,660000,18.47,Live
S-20736,TEM-36813-D,Padstow site 1,L9 4NP,15 2518 9927 771,RED,12/02/2024,2027-02-11,120000,19.22,Live
S-20737,TEM-97149-F,Oakhurst site 1,B28 7HW,06 6761 6087 284,REDzero,06/09/2024,06-Sep-26,42000,23.64,Live
S-20738,TEM-97149-F,Oakhurst site 2,B25 4BP,5814202414167,REDzero,2025-07-25,2027-07-25,155000,23.38,Live
S-20739,TEM-82503-A,Selworthy site 1,M1 3ER,1712-5819-58418,REDzero,31/12/2023,30/12/2026,120000,30.49,Live
S-20740,TEM-97501-A,Violetta site 1,S7 8NR,94 0796 0688 259,RED,2026-06-21,21-Jun-27,660000,23.78,Live
S-20741,TEM-97501-A,Violetta site 2,B20 5AD,1083517950896,RED,08/12/2025,08-Dec-27,155000,32.36,Live
S-20742,TEM-97501-A,Violetta site 3,L21 6NT,5004856272071,RED,13/04/2025,2028-04-12,42000,17.82,Live
S-20743,TEM-97501-A,Violetta site 4,B3 5NR,0891379292958,RED Plus,2026-04-18,17 April 2028,120000,20.79,Live
S-20744,TEM-97501-A,Violetta site 5,S6 2AR,5994797441646,RED,28/10/2024,28 October 2027,1250000,19.94,Live
S-20745,TEM-97501-A,Violetta site 6,B22 8AR,7124-3623-45709,RED Plus,2025-10-01,2026-10-01,660000,31.56,Live
S-20746,TEM-97501-A,Violetta site 7,B11 8NT,47 4122 9857 754,REDzero,03/03/2024,03/03/2027,42000,20.84,Live
S-20747,TEM-97501-A,Violetta site 8,B19 7BX,1760833728612,RED,09/07/2025,2027-07-09,660000,26.3,Live
S-20748,TEM-79830-G,Wrenfield site 1,M1 3JX,06 0489 4297 463,RED Plus,2025-01-22,22-Jan-27,340000,20.54,Live
S-20749,TEM-79830-G,Wrenfield site 2,B13 8ER,7571-6895-57740,REDzero,2025-02-05,05-Feb-28,42000,21.56,Live
S-20750,TEM-77575-C,Bramble site 1,B4 4JR,92 8340 0839 289,RED Plus,2023-09-26,25-Sep-26,910000,20.02,Live
S-20751,TEM-12893-A,Foxglove site 1,M14 6BT,11 3631 4917 295,RED,05/06/2024,05-Jun-27,660000,18.63,Live
S-20752,TEM-31308-B,Elmwood site 1,L18 6AX,0925-0443-15819,RED Plus,2027-05-18,17 May 2028,62500,29.46,Live
S-20753,TEM-70729-E,Quenington site 1,M1 2HX,15 0766 1493 102,RED,23/03/2024,2027-03-23,1250000,27.32,Live
S-20754,TEM-22135-G,Verity site 1,B12 2BD,7796-5863-34083,RED,2026-07-15,15/07/2027,910000,23.76,Live
S-20755,TEM-22135-G,Verity site 2,N16 5JP,3336022045566,RED Plus,29/04/2025,29 April 2027,88000,30.25,Live
S-20756,TEM-22135-G,Verity site 3,G27 2AW,74 4262 1410 992,RED Plus,14/09/2026,2027-09-14,62500,25.03,Live
S-20757,TEM-22135-G,Verity site 4,B10 6NT,3567857139355,RED,17/01/2026,17/01/2028,480000,27.51,Live
S-20758,TEM-22135-G,Verity site 5,L13 6NX,5548361053170,RED,2025-10-06,06 October 2027,155000,29.87,Live
S-20759,TEM-22135-G,Verity site 6,E7 6ER,0286060970970,RED,18/10/2026,18/10/2027,910000,25.87,Live
S-20760,TEM-69326-E,Verity site 1,N20 8ED,0403289174657,RED,2025-01-08,08/01/2028,660000,19.63,Live
S-20761,TEM-69326-E,Verity site 2,M13 8JR,4076273763759,RED,02/02/2027,02-Feb-28,155000,26.57,Live
S-20762,TEM-50438-A,Millpond site 1,N15 7BX,5887-7864-13230,RED,06/11/2024,06/11/2027,88000,24.78,Live
S-20763,TEM-50438-A,Millpond site 2,M20 4JW,6935290900171,REDzero,24/08/2025,24 August 2027,210000,28.23,Live
S-20764,TEM-50438-A,Millpond site 3,G21 9EX,68 2598 8382 347,RED,11/12/2026,2027-12-11,910000,23.89,Live
S-20765,TEM-50438-A,Millpond site 4,N6 9BP,7666687109362,RED,2026-10-04,2027-10-04,42000,31.26,Live
S-20766,TEM-50438-A,Millpond site 5,M12 9BX,4040-7128-89988,RED,2024-10-29,2027-10-29,155000,18.39,Live
S-20767,TEM-50438-A,Millpond site 6,B23 4NP,2012278965771,RED,2026-09-09,2027-09-09,340000,22.78,Live
S-20768,TEM-66209-B,Quayside site 1,S8 8HD,3629474964258,RED,2023-02-27,26 February 2025,210000,23.12,Ended
S-20769,TEM-78277-F,Cedar site 1,E16 4AP,4994-7226-07540,REDzero,2025-05-09,08 May 2028,2100000,21.91,Live
S-20770,TEM-10467-F,Stanhope site 1,S24 9JP,7433994341381,RED,14/04/2023,13/04/2026,2100000,23.8,Ended
S-20771,TEM-10467-F,Stanhope site 2,M24 6NT,0888-1212-27143,REDzero,07/07/2022,06-Jul-25,42000,20.87,Ended
S-20772,TEM-96694-F,Millpond site 1,E15 8HW,3646549628286,RED Plus,11/11/2024,2026-11-11,62500,31.41,Live
S-20773,TEM-92371-A,Silverbeck site 1,N15 6HW,2853-1081-61145,RED,12/12/2026,12/12/2027,480000,28.16,Live
S-20774,TEM-92371-A,Silverbeck site 2,G24 9NT,2789-1898-62708,RED,2025-07-26,2027-07-26,2100000,31.0,Live
S-20775,TEM-72064-B,Yarrow site 1,M3 5ET,0170513589322,REDzero,09/08/2022,08-Aug-25,62500,27.57,Ended
S-20776,TEM-24796-G,Whitethorn site 1,S13 1HP,14 1425 3169 304,RED,2024-09-30,2026-09-30,120000,24.76,Live
S-20777,TEM-24796-G,Whitethorn site 2,M10 4BR,6673-0148-09800,RED Plus,2026-04-04,03-Apr-28,340000,23.56,Live
S-20778,TEM-31207-D,Thackery site 1,N16 8BP,18 7939 8482 285,RED,14/01/2027,14-Jan-28,88000,24.78,Live
S-20779,TEM-31207-D,Thackery site 2,E22 3AW,8054-5252-36858,RED,31/07/2024,2027-07-31,1250000,18.68,Live
S-20780,TEM-25333-A,Northgate site 1,M30 5BP,6836564309916,RED,22/09/2024,22 September 2027,62500,29.19,Live
S-20781,TEM-83274-G,Harborne site 1,G23 1AX,23 1530 5394 339,RED,2025-01-16,16 January 2028,42000,24.26,Live
S-20782,TEM-39169-E,Gilded site 1,L1 1BW,2490779993801,RED Plus,15/02/2025,15-Feb-27,210000,18.66,Live
S-20783,TEM-39169-E,Gilded site 2,B23 2AW,71 3294 1380 183,REDzero,14/03/2026,14 March 2027,42000,24.32,Live
S-20784,TEM-39169-E,Gilded site 3,L7 1AD,8153-7483-03218,RED Plus,03/01/2024,02/01/2027,660000,30.8,Live
S-20785,TEM-92363-F,Farrier site 1,G4 7EW,4356-1745-93911,RED,2026-12-24,24 December 2027,42000,27.86,Live
S-20786,TEM-92363-F,Farrier site 2,S4 2NT,0020338812393,RED,19/05/2025,18 May 2028,2100000,28.14,Live
S-20787,TEM-14173-G,Westcliff site 1,S30 5ND,69 0697 2486 869,RED,2026-06-17,17/06/2027,340000,20.69,Live
S-20788,TEM-95741-B,Summerton site 1,L15 8EX,4881323239477,REDzero,27/06/2025,27 June 2027,480000,28.64,Live
S-20789,TEM-89736-E,Nettlebed site 1,M26 3NW,8231186957413,RED Plus,2027-04-17,16/04/2028,340000,22.3,Live
S-20790,TEM-15665-F,Kingsmead site 1,E3 9BP,1574-2033-04615,RED,2027-03-02,01 March 2028,88000,30.22,Live
S-20791,TEM-15665-F,Kingsmead site 2,E6 1HR,9072-5509-20718,RED,2025-10-09,09-Oct-26,2100000,30.04,Live
S-20792,TEM-15665-F,Kingsmead site 3,N5 4BP,4907-7826-44477,REDzero,2025-04-16,15/04/2028,42000,19.48,Live
S-20793,TEM-15665-F,Kingsmead site 4,L19 7JW,08 1669 8441 819,RED,2024-12-14,14-Dec-26,120000,23.51,Live
S-20794,TEM-46822-A,Exmoor site 1,S14 1HT,50 7752 8181 957,RED,17/01/2027,17/01/2028,120000,22.24,Live
S-20795,TEM-46822-A,Exmoor site 2,E3 6AR,7608-6569-12474,RED,2024-06-15,15-Jun-27,210000,21.67,Live
S-20796,TEM-76913-D,Verity site 1,E12 5JT,8158-6720-92830,RED,02/04/2025,2028-04-01,42000,20.39,Live
S-20797,TEM-76913-D,Verity site 2,G25 1ER,5408-7640-77855,RED,2025-01-09,09 January 2028,1250000,31.42,Live
S-20798,TEM-26612-F,Rosedale site 1,L18 6HT,8873349671490,RED,2026-10-26,26-Oct-27,480000,20.53,Live
S-20799,TEM-26612-F,Rosedale site 2,M13 7JT,38 1116 8086 916,REDzero,2025-12-26,26/12/2027,340000,19.57,Live
S-20800,TEM-40584-D,Redwing site 1,S25 5AR,5795-0094-64973,RED,2023-11-06,05-Nov-26,42000,25.7,Live
S-20801,TEM-41112-B,Cedar site 1,S13 6NX,8980267038143,REDzero,2026-12-14,14 December 2027,210000,25.1,Live
S-20802,TEM-41112-B,Cedar site 2,B5 3NT,6905-0865-15837,REDzero,15/08/2026,2027-08-15,340000,18.71,Live
S-20803,TEM-41925-C,Nettlebed site 1,B25 1EW,0474-9743-78623,RED,25/11/2023,24-Nov-26,120000,31.36,Live
S-20804,TEM-41925-C,Nettlebed site 2,L15 3BP,44 1105 8273 610,RED Plus,10/11/2023,09/11/2026,210000,22.81,Live
S-20805,TEM-17127-F,Pennine site 1,E11 1JP,0683-5450-23157,RED Plus,02/12/2025,02-Dec-26,660000,21.48,Live
S-20806,TEM-44077-G,Ravenscar site 1,L16 2JX,07 8433 7822 165,RED,2023-10-17,16-Oct-26,340000,25.83,Live
S-20807,TEM-44077-G,Ravenscar site 2,E4 1HW,6716-5018-88173,REDzero,28/01/2026,28-Jan-28,480000,17.57,Live
S-20808,TEM-66700-D,Ashcombe site 1,G5 8HW,2927545061359,RED,14/10/2025,14/10/2026,62500,20.69,Live
S-20809,TEM-80918-B,Lowther site 1,G26 4JP,5643656940822,RED,01/06/2025,01-Jun-26,2100000,20.68,Ended
S-20810,TEM-58415-G,Jespersen site 1,G22 7HW,2256-2088-60627,RED,2026-12-10,10 December 2027,480000,25.02,Live
S-20811,TEM-70386-A,Lighthouse site 1,S4 4BD,62 5527 0074 472,RED,21/01/2025,21 January 2027,2100000,21.4,Live
S-20812,TEM-17634-A,Jarrow site 1,B30 9NW,0940805363944,RED,2025-12-10,2026-12-10,62500,29.66,Live
S-20813,TEM-94572-B,Silverbeck site 1,E27 7ND,54 1601 1333 090,REDzero,05/05/2025,05/05/2027,210000,20.56,Live
S-20814,TEM-90817-A,Tredegar site 1,L15 1NT,1468-0157-99190,RED Plus,14/04/2023,13-Apr-25,210000,28.43,Ended
S-20815,TEM-90817-A,Tredegar site 2,E25 9NW,0848-3130-93085,RED,2022-11-13,12-Nov-24,62500,24.42,Ended
S-20816,TEM-84276-B,Eastbrook site 1,G7 1ER,3129519696952,RED Plus,05/01/2027,05-Jan-28,1250000,25.37,Live
S-20817,TEM-84276-B,Eastbrook site 2,S6 4ND,0667-9101-62005,RED Plus,2026-01-08,08 January 2028,210000,24.53,Live
S-20818,TEM-84276-B,Eastbrook site 3,S28 3BW,1825891232839,RED Plus,25/10/2025,2026-10-25,210000,25.84,Live
S-20819,TEM-77131-F,Langmere site 1,B25 3HW,9885881844373,REDzero,28/03/2027,27/03/2028,340000,30.25,Live
S-20820,TEM-69496-E,Bramble site 1,B4 6HW,1135-2351-06061,RED,2026-02-01,01/02/2028,210000,30.57,Live
S-20821,TEM-12944-E,Halewood site 1,N13 7HR,3527385046507,RED,08/01/2025,08 January 2026,660000,24.1,Ended
S-20822,TEM-82490-A,Dunmore site 1,E16 3ED,9227-7058-55284,RED,2026-04-16,16/04/2027,1250000,29.02,Live
S-20823,TEM-82490-A,Dunmore site 2,S30 1BP,3988088203713,RED,03/05/2024,03-May-27,340000,22.3,Live
S-20824,TEM-70817-D,Gilded site 1,S12 8NR,8122255354586,RED,2025-06-10,2027-06-10,910000,24.56,Live
S-20825,TEM-38478-D,Birchmoor site 1,S12 7ER,8392-6215-88112,RED,2023-06-12,11-Jun-26,660000,25.66,Ended
S-20826,TEM-96243-D,Farrier site 1,N7 7HD,9781621802232,RED,2026-10-11,11/10/2027,660000,31.1,Live
S-20827,TEM-56306-E,Verity site 1,M26 1EW,74 8387 5475 296,RED,2026-12-11,11/12/2027,62500,19.18,Live
S-20828,TEM-49669-C,Lowther site 1,E10 3JX,92 8791 0139 230,RED Plus,2025-05-25,24-May-28,42000,20.81,Live
S-20829,TEM-49669-C,Lowther site 2,S30 4JT,93 0226 6083 635,REDzero,2026-09-15,15-Sep-27,62500,22.92,Live
S-20830,TEM-67251-B,Stanhope site 1,S2 3BR,8512769560815,REDzero,30/05/2025,2027-05-30,910000,27.11,Live
S-20831,TEM-67251-B,Stanhope site 2,N13 8AP,78 0687 5522 199,RED Plus,2026-05-26,25-May-28,210000,23.91,Live
S-20832,TEM-23075-B,Bramble site 1,G28 3BX,0929-0682-50425,RED,11/04/2025,11/04/2027,210000,23.02,Live
S-20833,TEM-68236-A,Larkspur site 1,G1 8HX,4914-7932-13087,REDzero,2025-10-28,28 October 2026,1250000,18.86,Live
S-20834,TEM-58712-A,Summerton site 1,S17 8BW,8322236713745,RED,2025-12-11,2026-12-11,480000,29.31,Live
S-20835,TEM-21018-C,Gilded site 1,N26 5AD,7463751744736,RED,06/05/2024,06-May-27,88000,24.66,Live
S-20836,TEM-64206-A,Denholm site 1,S4 7BX,3089940977253,RED,2025-12-23,2026-12-23,340000,21.62,Live
S-20837,TEM-51078-G,Jespersen site 1,M18 5ER,3760765549743,RED,2027-02-24,24 February 2028,62500,26.25,Live
S-20838,TEM-45980-B,Riverbank site 1,S26 9NP,0409-2082-97493,RED,25/02/2026,25 February 2027,42000,32.12,Live
S-20839,TEM-25518-A,Torque site 1,S28 1AW,59 5261 4888 595,RED,27/05/2024,27 May 2027,88000,23.53,Live
S-20840,TEM-66889-F,Kestrel site 1,M7 9BD,62 2270 0036 877,RED,14/12/2025,14/12/2026,155000,25.39,Live
S-20841,TEM-66889-F,Kestrel site 2,E30 7JP,03 2449 6749 284,RED,2025-01-13,13-Jan-28,62500,22.39,Live
S-20842,TEM-66889-F,Kestrel site 3,E23 4AP,8910666607688,RED,29/05/2024,29 May 2027,88000,18.55,Live
S-20843,TEM-66889-F,Kestrel site 4,M20 2JW,6320479548608,RED,2025-04-16,16/04/2027,910000,23.73,Live
S-20844,TEM-66889-F,Kestrel site 5,M25 4NT,9846-7433-77208,RED,2025-08-03,03/08/2027,340000,31.39,Live
S-20845,TEM-66889-F,Kestrel site 6,L27 7NW,1757618278936,RED,2025-12-22,2027-12-22,1250000,29.28,Live
S-20846,TEM-54134-A,Harborne site 1,L14 6HR,5664622766976,RED,13/04/2027,12-Apr-28,210000,18.71,Live
S-20847,TEM-54134-A,Harborne site 2,L14 9EX,7662402623589,RED,17/11/2024,17-Nov-26,340000,20.95,Live
S-20848,TEM-54134-A,Harborne site 3,B7 3NR,06 6174 6962 983,RED Plus,24/10/2023,23/10/2026,210000,30.99,Live
S-20849,TEM-54134-A,Harborne site 4,M18 7JP,55 0018 4037 255,RED,02/03/2024,2027-03-02,210000,18.31,Live
S-20850,TEM-54134-A,Harborne site 5,S1 3HT,3263-4757-43521,REDzero,19/05/2025,18 May 2028,88000,27.22,Live
S-20851,TEM-54134-A,Harborne site 6,S9 9BP,86 0629 7697 627,RED,2025-05-08,2027-05-08,1250000,31.94,Live
S-20852,TEM-54134-A,Harborne site 7,B4 9EP,05 7684 1332 726,RED Plus,19/10/2024,2026-10-19,910000,25.18,Live
S-20853,TEM-54134-A,Harborne site 8,B16 6BT,8915794065072,RED,18/04/2026,17 April 2028,480000,25.26,Live
S-20854,TEM-94199-A,Cranleigh site 1,G17 6NP,3864179588802,RED,2023-10-27,26/10/2024,120000,22.93,Ended
S-20855,TEM-49335-D,Bramble site 1,E20 8HR,1926-3692-11614,RED,2025-02-25,25 February 2026,155000,18.04,Ended
S-20856,TEM-82898-C,Whitethorn site 1,E25 1NW,5043-4223-55431,RED Plus,2025-03-27,27/03/2027,62500,30.86,Live
S-20857,TEM-78059-B,Yewtree site 1,B2 5ED,10 7240 4302 487,RED,09/08/2025,09 August 2027,62500,18.83,Live
S-20858,TEM-86824-D,Violetta site 1,S9 3BW,5636-7866-54279,RED Plus,2024-12-01,01/12/2027,42000,30.16,Live
S-20859,TEM-29806-E,Silverbeck site 1,B4 9BT,6978-7848-80569,REDzero,25/03/2024,25 March 2026,1250000,20.94,Ended
S-20860,TEM-41585-C,Langmere site 1,E29 4ND,4786-0529-83040,REDzero,2024-09-04,2026-09-04,1250000,19.23,Live
S-20861,TEM-41585-C,Langmere site 2,N2 2BP,51 8180 5596 281,REDzero,16/01/2024,15-Jan-27,155000,17.59,Live
S-20862,TEM-38160-E,Kelbrook site 1,N23 7AW,44 9686 8998 179,REDzero,25/10/2024,25/10/2027,660000,20.65,Live
S-20863,TEM-93683-F,Ironbridge site 1,L1 4ER,6012114442002,RED,10/07/2026,10/07/2027,340000,25.42,Live
S-20864,TEM-50378-C,Hatherley site 1,M18 4NT,0425273558021,REDzero,2025-06-26,26/06/2027,210000,31.92,Live
S-20865,TEM-94892-B,Ravenscar site 1,E24 3HX,61 8708 0900 078,RED Plus,2023-07-07,06 July 2026,2100000,32.1,Ended
S-20866,TEM-95284-A,Yarrow site 1,B1 6BR,8714-8033-39984,REDzero,31/05/2025,31/05/2027,42000,31.98,Live
S-20867,TEM-61254-F,Bexley site 1,E10 5JR,6982802323311,REDzero,2025-07-02,02/07/2027,62500,20.13,Live
S-20868,TEM-61186-B,Maplin site 1,S14 2BD,6112-4618-96174,RED,27/10/2025,27/10/2027,1250000,26.71,Live
S-20869,TEM-45083-G,Pennine site 1,L7 9NR,9153013890903,RED,10/04/2026,10/04/2027,1250000,25.23,Live
S-20870,TEM-79480-B,Gilded site 1,N5 3NX,4257-3566-26771,RED,15/01/2024,2025-01-14,340000,19.48,Ended
S-20871,TEM-49665-A,Ingleby site 1,E25 8ER,92 8690 7661 612,RED Plus,2026-01-12,12/01/2028,480000,30.45,Live
S-20872,TEM-39940-D,Kestrel site 1,L1 7NP,40 5727 5637 115,REDzero,04/04/2024,2027-04-04,120000,27.69,Live
S-20873,TEM-39940-D,Kestrel site 2,B14 5HX,7908-0964-81311,REDzero,29/10/2026,29-Oct-27,210000,30.46,Live
S-20874,TEM-58789-E,Quenington site 1,M1 8HR,57 0577 5988 630,RED Plus,04/07/2026,04-Jul-27,910000,28.4,Live
S-20875,TEM-58789-E,Quenington site 2,E3 1JW,86 3310 2788 742,RED Plus,2025-09-11,11/09/2027,210000,17.63,Live
S-20876,TEM-44845-C,Quenington site 1,E23 7NR,0673221495863,RED,2026-03-31,2027-03-31,155000,21.39,Live
S-20877,TEM-99507-C,Wrenfield site 1,N25 4NP,65 7823 7501 983,RED,2027-05-08,07/05/2028,120000,28.95,Live
S-20878,TEM-99507-C,Wrenfield site 2,M8 9BR,1861-8172-54569,RED Plus,2026-07-09,2027-07-09,210000,21.98,Live
S-20879,TEM-78660-D,Farrier site 1,N30 5NT,0120377817253,REDzero,2024-05-24,24/05/2027,88000,25.89,Live
S-20880,TEM-26732-B,Norbury site 1,M5 1BP,2929-1657-13338,RED,26/01/2026,26 January 2028,88000,28.27,Live
S-20881,TEM-26732-B,Norbury site 2,B22 4ER,2790-1613-97205,REDzero,08/06/2026,08 June 2027,88000,18.88,Live
S-20882,TEM-12337-D,Yewtree site 1,S28 3BW,8705391692396,RED,2021-12-03,2024-12-02,2100000,22.42,Ended
S-20883,TEM-61783-A,Tanfield site 1,L25 7NW,18 2957 3629 880,RED,17/12/2025,17/12/2026,1250000,22.15,Live
S-20884,TEM-61783-A,Tanfield site 2,E15 6EP,3012080744244,REDzero,2026-10-01,01 October 2027,62500,21.6,Live
S-20885,TEM-65427-G,Pennine site 1,M6 4HX,03 4046 7336 529,RED Plus,2023-04-04,03/04/2026,210000,22.91,Ended
S-20886,TEM-91357-A,Atlas site 1,M26 9NT,5529974432484,RED,11/03/2026,10/03/2028,660000,22.22,Live
S-20887,TEM-71556-G,Silverbeck site 1,S22 2HR,7554041173381,REDzero,07/03/2024,07/03/2026,210000,28.96,Ended
S-20888,TEM-71556-G,Silverbeck site 2,B7 8HD,7807258668908,RED,2025-03-04,04 March 2026,88000,23.9,Ended
S-20889,TEM-71411-D,Ravenscar site 1,B2 1HD,17 1905 2599 785,REDzero,2024-09-24,24 September 2026,62500,18.99,Live
S-20890,TEM-93164-F,Jespersen site 1,B9 6JT,9677014571170,RED,29/07/2025,2027-07-29,1250000,32.16,Live
S-20891,TEM-17818-G,Eastbrook site 1,N28 3BX,37 8989 0054 160,RED Plus,2024-12-09,09/12/2025,210000,24.63,Ended
S-20892,TEM-17818-G,Eastbrook site 2,G24 8BR,6080-5261-80949,RED Plus,24/03/2024,24/03/2025,62500,27.48,Ended
S-20893,TEM-17818-G,Eastbrook site 3,B11 5JP,5410-6946-17996,RED,17/03/2025,17-Mar-26,155000,25.63,Ended
S-20894,TEM-17818-G,Eastbrook site 4,M20 2EW,3908975376587,REDzero,25/02/2022,24/02/2025,340000,31.24,Ended
S-20895,TEM-86901-B,Zephyr site 1,G7 2NR,5532-5891-95199,REDzero,31/08/2026,31/08/2027,120000,20.32,Live
S-20896,TEM-47866-C,Hatherley site 1,G22 3AW,17 3165 6908 240,RED,2025-05-07,2027-05-07,42000,22.52,Live
S-20897,TEM-47866-C,Hatherley site 2,B19 4NT,8930-6662-25225,REDzero,2025-08-12,2027-08-12,660000,26.22,Live
S-20898,TEM-30420-D,Ellerton site 1,N8 7AP,3095-7699-54212,RED Plus,2026-07-28,28-Jul-27,210000,21.1,Live
S-20899,TEM-30420-D,Ellerton site 2,N5 6EX,7045686059669,RED,05/12/2024,2027-12-05,155000,25.38,Live
S-20900,TEM-30420-D,Ellerton site 3,L12 6AR,87 9121 8126 034,RED,11/01/2024,10 January 2027,120000,19.41,Live
S-20901,TEM-30420-D,Ellerton site 4,G19 6JD,1115-6666-60021,RED,2025-11-12,12/11/2026,210000,31.61,Live
S-20902,TEM-38412-B,Padstow site 1,B19 6AX,98 8494 8889 941,RED Plus,06/05/2025,06 May 2027,660000,32.03,Live
S-20903,TEM-26959-B,Torque site 1,N13 8AD,4850697427570,RED,31/05/2024,2027-05-31,88000,20.53,Live
S-20904,TEM-26959-B,Torque site 2,B28 1AD,7998993903240,RED,16/06/2024,16-Jun-27,1250000,32.42,Live
S-20905,TEM-12666-F,Norbury site 1,M20 5BP,7154706166684,RED,17/10/2024,2026-10-17,155000,26.39,Live
S-20906,TEM-30919-D,Harborne site 1,B17 2AD,1687-1253-46333,RED Plus,2025-03-03,2028-03-02,88000,31.24,Live
S-20907,TEM-62590-A,Silverbeck site 1,M25 1ED,0530472176654,RED,19/03/2023,18 March 2025,210000,26.27,Ended
S-20908,TEM-67098-F,Torque site 1,G13 5AW,5002146691786,RED Plus,2025-01-09,09 January 2028,120000,18.75,Live
S-20909,TEM-67245-C,Northgate site 1,E18 1BD,5460-5812-86941,REDzero,29/01/2026,29 January 2027,660000,23.42,Live
S-20910,TEM-68197-G,Caldwell site 1,E24 5AT,0945120871314,RED Plus,2023-10-19,2026-10-18,210000,22.45,Live
S-20911,TEM-10803-D,Zephyr site 1,L10 7HT,4080-9844-30500,RED,01/03/2027,29/02/2028,88000,31.77,Live
S-20912,TEM-47718-C,Cedar site 1,L11 7HD,45 0774 9438 566,RED,2024-12-23,23/12/2026,42000,31.5,Live
S-20913,TEM-64178-F,Quenington site 1,S14 5AX,61 8973 0254 139,REDzero,03/10/2024,03-Oct-27,2100000,23.26,Live
S-20914,TEM-64178-F,Quenington site 2,L21 1ND,3172906055034,REDzero,2025-11-30,30/11/2026,340000,24.2,Live
S-20915,TEM-99439-F,Oakhurst site 1,M10 9BX,53 1645 2021 200,REDzero,30/09/2025,30/09/2026,42000,24.47,Live
S-20916,TEM-99439-F,Oakhurst site 2,N9 9AW,7982382120739,RED,2024-07-19,2027-07-19,910000,24.25,Live
S-20917,TEM-99439-F,Oakhurst site 3,N5 3NR,58 7121 7696 185,RED Plus,2025-10-03,03-Oct-27,155000,28.65,Live
S-20918,TEM-99439-F,Oakhurst site 4,M25 7AT,4538-4508-47666,RED,2026-05-20,20 May 2027,660000,31.63,Live
S-20919,TEM-99439-F,Oakhurst site 5,E20 4JW,8554-8057-31856,RED Plus,2024-10-31,2026-10-31,340000,32.3,Live
S-20920,TEM-99439-F,Oakhurst site 6,G11 1ER,4652183389076,RED,2025-10-30,30/10/2027,62500,18.32,Live
S-20921,TEM-99439-F,Oakhurst site 7,E17 6ED,72 0647 2842 144,RED,12/11/2025,12-Nov-27,1250000,22.19,Live
S-20922,TEM-99439-F,Oakhurst site 8,S8 9AP,57 9252 0886 877,RED,15/08/2024,15/08/2026,910000,25.14,OOC
S-20923,TEM-61006-A,Gilded site 1,B11 6EX,0990-1357-91189,RED,2026-04-11,10-Apr-28,155000,18.82,Live
S-20924,TEM-61006-A,Gilded site 2,L29 1NP,06 4919 8349 479,RED Plus,27/02/2027,27/02/2028,62500,20.1,Live
S-20925,TEM-61006-A,Gilded site 3,B18 4EW,0325-0019-98218,RED,2024-08-08,2027-08-08,88000,22.03,Live
S-20926,TEM-92157-E,Hatherley site 1,S6 4HT,2229-2572-76340,RED,2026-10-02,02 October 2027,42000,19.4,Live
S-20927,TEM-92157-E,Hatherley site 2,G27 2NR,6315-6101-24188,RED Plus,2026-10-14,14/10/2027,910000,31.98,Live
S-20928,TEM-76986-B,Jespersen site 1,L12 5ER,06 4558 2693 604,RED,12/11/2026,2027-11-12,42000,31.2,Live
S-20929,TEM-63652-E,Lowther site 1,G5 2EP,3859-3316-47858,RED Plus,2025-11-19,19-Nov-26,120000,28.38,Live
S-20930,TEM-57378-A,Bramble site 1,B8 8NX,13 1924 0505 528,REDzero,13/07/2026,13/07/2027,210000,32.43,Live
S-20931,TEM-57378-A,Bramble site 2,L26 4ND,5158253745489,RED,27/08/2024,2027-08-27,910000,27.23,Live
S-20932,TEM-57378-A,Bramble site 3,E1 2ED,10 7854 6152 197,RED,2025-05-18,17-May-28,155000,26.32,Live
S-20933,TEM-57378-A,Bramble site 4,N29 3AT,3669757036240,RED,07/03/2027,06 March 2028,210000,25.41,Live
S-20934,TEM-91988-F,Verity site 1,E8 1BT,6279375176676,RED Plus,2026-09-12,12-Sep-27,155000,29.4,Live
S-20935,TEM-27587-E,Umberside site 1,N4 4NP,94 9751 8499 050,RED,2025-03-07,2027-03-07,62500,31.53,Live
S-20936,TEM-40232-E,Larkspur site 1,N4 1EP,2633593704556,RED Plus,2024-03-20,2027-03-20,1250000,24.75,Live
S-20937,TEM-40232-E,Larkspur site 2,B20 7NR,1169994494379,RED,19/05/2024,19/05/2027,88000,22.84,Live
S-20938,TEM-93046-C,Exmoor site 1,N17 1ER,3095-8570-77511,REDzero,2024-11-13,13/11/2026,480000,24.47,Live
S-20939,TEM-51292-D,Pemberley site 1,N15 8BT,6019498814576,RED,20/11/2025,20-Nov-26,62500,18.19,Live
S-20940,TEM-97244-F,Denholm site 1,M10 8HW,3299472724166,RED Plus,2027-04-05,04-Apr-28,340000,27.71,Live
S-20941,TEM-54953-A,Cranleigh site 1,S14 5JT,2957-7684-52047,REDzero,2023-09-21,20/09/2026,88000,25.76,Live
S-20942,TEM-54953-A,Cranleigh site 2,B19 7EW,8885818701580,RED,2024-04-21,21-Apr-27,155000,18.62,Live
S-20943,TEM-54953-A,Cranleigh site 3,B26 6AP,1895-5901-65497,RED,2024-10-08,2026-10-08,1250000,21.41,Live
S-20944,TEM-54953-A,Cranleigh site 4,L3 9NP,7542719816625,RED,2023-09-26,25-Sep-26,88000,21.48,Live
S-20945,TEM-29361-A,Larkspur site 1,E10 1HT,8707092585086,RED,2024-07-10,10/07/2027,1250000,20.48,Live
S-20946,TEM-29361-A,Larkspur site 2,M5 5BX,0447-8979-12801,RED,26/02/2027,26 February 2028,1250000,29.02,Live
S-20947,TEM-52077-G,Applegarth site 1,E13 7HD,1989-4075-22117,RED,2027-03-31,30/03/2028,120000,18.16,Live
S-20948,TEM-52077-G,Applegarth site 2,E8 9AR,7355413485550,RED,2026-08-15,15-Aug-27,2100000,18.62,Live
S-20949,TEM-25295-F,Kingsmead site 1,B28 4EX,8665447106791,RED,2024-05-05,05/05/2026,480000,27.26,Ended
S-20950,TEM-78935-E,Garwood site 1,G2 4AX,9991902485804,REDzero,21/03/2024,21 March 2027,42000,21.46,Live
S-20951,TEM-89735-F,Zephyr site 1,E19 3ET,1145913613439,RED,2026-12-24,24 December 2027,340000,26.82,Live
S-20952,TEM-58951-F,Westcliff site 1,B27 4AD,4345-8881-67481,RED,01/04/2026,31 March 2028,480000,29.71,Live
S-20953,TEM-25430-D,Verity site 1,B12 7HD,9996150580724,RED,2025-04-22,22-Apr-26,155000,26.37,Ended
S-20954,TEM-25430-D,Verity site 2,L28 4NT,5109400342203,RED,2023-12-04,2024-12-03,340000,31.82,Ended
S-20955,TEM-71634-A,Atlas site 1,E2 3ET,69 4701 8887 782,RED,2025-11-13,13 November 2026,1250000,28.59,Live
S-20956,TEM-75879-A,Redwing site 1,M29 4BT,8092861501132,RED Plus,10/08/2025,10 August 2027,910000,28.68,Live
S-20957,TEM-75879-A,Redwing site 2,M26 9JR,30 8665 9166 174,RED,2026-01-12,12-Jan-27,1250000,18.63,Live
S-20958,TEM-15682-C,Larkspur site 1,S17 5ED,9798709616255,REDzero,2023-04-07,06/04/2026,1250000,25.86,Ended
S-20959,TEM-36771-G,Applegarth site 1,G14 4HD,6251355717445,RED,2026-09-20,2027-09-20,155000,19.57,Live
S-20960,TEM-79040-D,Larkspur site 1,N29 1AD,7200-1699-83415,REDzero,23/04/2027,22-Apr-28,340000,24.51,Live
S-20961,TEM-79040-D,Larkspur site 2,G29 5NP,1958-1422-81013,RED,2026-01-19,19-Jan-27,1250000,22.62,Live
S-20962,TEM-37511-B,Birchmoor site 1,S6 1ND,9023-5795-66827,RED,05/06/2024,05 June 2026,88000,22.39,Ended
S-20963,TEM-75326-E,Northgate site 1,E6 5JP,1920868209739,RED,06/11/2026,06-Nov-27,88000,28.35,Live
S-20964,TEM-76004-D,Ellerton site 1,B17 7ET,20 7774 3401 991,REDzero,2026-10-18,2027-10-18,340000,20.39,Live
S-20965,TEM-77864-B,Violetta site 1,L10 5NT,9802-3208-78460,RED,2025-04-20,20/04/2027,120000,26.87,Live
S-20966,TEM-73485-G,Jespersen site 1,G13 9HR,3611-1477-41900,RED Plus,06/11/2023,05-Nov-25,210000,27.79,Ended
S-20967,TEM-73485-G,Jespersen site 2,G30 5BR,95 5214 3896 556,RED,06/04/2023,05/04/2026,120000,17.74,Ended
S-20968,TEM-73485-G,Jespersen site 3,B29 2BX,8570-8398-94811,RED,04/02/2023,03-Feb-26,910000,23.68,Ended
S-20969,TEM-73485-G,Jespersen site 4,M2 5ED,7787-6374-85017,RED Plus,2024-08-14,14 August 2025,210000,32.34,Ended
S-20970,TEM-73485-G,Jespersen site 5,N18 7ET,1356-6376-31779,RED,2025-07-21,21-Jul-26,2100000,29.16,Ended
S-20971,TEM-73485-G,Jespersen site 6,G28 9HX,6599443594614,REDzero,2022-09-11,2025-09-10,910000,25.89,Ended
S-20972,TEM-37546-D,Ravenscar site 1,G25 8NX,34 3565 1315 913,RED,11/05/2026,2027-05-11,42000,19.22,Live
S-20973,TEM-10944-D,Hatherley site 1,M4 2AW,9840533492707,RED,13/12/2025,13-Dec-27,210000,25.77,Live
S-20974,TEM-10944-D,Hatherley site 2,B10 9NR,12 2058 2443 762,REDzero,19/08/2024,2027-08-19,88000,24.09,Live
S-20975,TEM-10944-D,Hatherley site 3,M29 4JT,1344155096252,RED Plus,2024-08-23,23/08/2027,340000,20.35,Live
S-20976,TEM-10944-D,Hatherley site 4,B27 9AR,4132-3650-73093,RED,2025-06-20,20/06/2027,340000,30.56,Live
S-20977,TEM-29321-D,Northgate site 1,N6 2ND,2825472058101,RED,2025-12-24,24 December 2027,2100000,31.49,Live
S-20978,TEM-87569-A,Selworthy site 1,L21 9NR,8286897449440,RED,10/04/2027,2028-04-09,1250000,17.66,Live
S-20979,TEM-87569-A,Selworthy site 2,M19 5AT,1727-9190-98477,RED,19/03/2024,2027-03-19,660000,17.8,Live
S-20980,TEM-97717-B,Norbury site 1,L30 7HW,1099339203779,RED,2026-08-28,28 August 2027,910000,30.72,Live
S-20981,TEM-97717-B,Norbury site 2,N6 7NP,95 2142 1769 519,RED,2024-10-01,01-Oct-26,88000,21.22,Live
S-20982,TEM-70192-B,Exmoor site 1,B30 8BX,19 0335 0913 259,RED,26/12/2022,25-Dec-25,210000,31.52,Ended
S-20983,TEM-11029-D,Foxglove site 1,S5 4NP,3148349149809,RED,28/01/2023,27-Jan-26,340000,29.31,Ended
S-20984,TEM-33826-F,Quenington site 1,L28 1HP,4847230001776,RED,2022-06-03,02-Jun-25,340000,24.74,Ended
S-20985,TEM-14445-D,Ivybridge site 1,N16 3AD,0225-0525-44803,REDzero,2024-11-01,01/11/2027,155000,30.11,Live
S-20986,TEM-86794-F,Stanhope site 1,S26 8BW,67 5616 7611 863,REDzero,2026-05-20,20 May 2027,88000,22.12,Live
S-20987,TEM-53548-B,Dunmore site 1,E17 3BX,7935938490484,RED Plus,29/01/2023,2026-01-28,910000,21.96,Ended
S-20988,TEM-53715-F,Bexley site 1,S2 5BD,432376O889182,RED,2025-09-12,12-Sep-27,210000,29.76,Live
S-20989,TEM-53715-F,Bexley site 2,N4 4ET,4057-8166-81089,RED,03/12/2024,03-Dec-26,120000,24.4,Live
S-20990,TEM-54073-F,Lighthouse site 1,N14 6JD,01 1803 4590 399,RED,08/10/2023,07-Oct-24,340000,32.15,Ended
S-20991,TEM-88411-B,Whitethorn site 1,L29 5BX,4790337405241,RED,2026-03-15,14/03/2028,910000,25.1,Live
S-20992,TEM-20241-G,Torque site 1,S19 6BT,6383619817193,RED,2025-08-11,11 August 2027,660000,19.92,Live
S-20993,TEM-25371-D,Violetta site 1,B11 7BR,8262787317977,RED,2026-01-23,2028-01-23,910000,19.8,Live
S-20994,TEM-15687-A,Atlas site 1,E8 5ET,5428529640486,RED,2025-05-14,13-May-28,910000,21.26,Live
S-20995,TEM-92502-F,Ottershaw site 1,B8 8AX,6035094900020,RED,2024-02-28,27-Feb-27,1250000,28.59,Live
S-20996,TEM-92502-F,Ottershaw site 2,M27 7AW,04 6918 3122 124,REDzero,14/02/2027,14 February 2028,155000,24.71,Live
S-20997,TEM-27802-E,Bramble site 1,M8 7JX,7758920043597,RED,2025-08-08,08/08/2027,62500,26.48,Live
S-20998,TEM-34068-B,Stanhope site 1,E19 7BX,51 8740 9428 607,RED Plus,2023-08-02,01/08/2026,480000,22.76,Ended
S-20999,TEM-34068-B,Stanhope site 2,M12 4JP,81 8464 7570 992,REDzero,05/08/2023,04/08/2025,1250000,22.8,Ended
S-21000,TEM-34068-B,Stanhope site 3,B22 4AD,1570074942661,RED,2022-10-14,13 October 2024,42000,31.41,Ended
S-21001,TEM-68861-B,Farrier site 1,N14 3ER,2104031431954,REDzero,25/12/2025,25 December 2027,660000,27.81,Live
S-21002,TEM-68861-B,Farrier site 2,G15 2HT,7394743894394,RED,2024-11-14,14-Nov-26,340000,27.7,Live
S-21003,TEM-79374-C,Northgate site 1,M15 4BP,1983274138886,RED,2023-12-14,13-Dec-26,210000,29.98,Live
S-21004,TEM-52209-G,Jarrow site 1,E11 5EX,19 3822 4743 113,RED,2025-12-11,2027-12-11,155000,23.21,Live
S-21005,TEM-52209-G,Jarrow site 2,S4 6NP,2038258369829,RED,2024-10-24,24/10/2027,1250000,28.36,Live
S-21006,TEM-55538-C,Atlas site 1,N18 5BP,1160-0003-63540,RED,01/11/2024,01 November 2026,120000,24.85,Live
S-21007,TEM-55538-C,Atlas site 2,S30 5BW,73 8647 6189 119,RED Plus,29/07/2024,29-Jul-27,155000,32.39,Live
S-21008,TEM-79551-D,Orchard site 1,E6 2BP,7028-7916-35794,RED Plus,14/03/2024,2027-03-14,62500,23.64,Live
S-21009,TEM-79551-D,Orchard site 2,S14 5AP,3694-4449-45302,REDzero,2026-07-31,2027-07-31,88000,23.59,Live
S-21010,TEM-15139-A,Yewtree site 1,G9 7AX,6124013026619,RED,15/09/2024,2027-09-15,88000,29.4,Live
S-21011,TEM-15139-A,Yewtree site 2,L25 6JX,73 8119 4917 847,RED Plus,2026-09-16,16-Sep-27,210000,27.22,Live
S-21012,TEM-15139-A,Yewtree site 3,G15 3BD,0231347757354,REDzero,12/08/2026,12-Aug-27,62500,21.32,Live
S-21013,TEM-15139-A,Yewtree site 4,M16 5AW,3014-3535-50421,RED,25/05/2026,24/05/2028,210000,25.93,Live
S-21014,TEM-98147-D,Tanfield site 1,S14 1HD,3643-5431-26109,RED Plus,15/07/2022,14/07/2025,1250000,30.37,Ended
S-21015,TEM-98147-D,Tanfield site 2,L26 7EW,43 2948 6476 525,RED,31/03/2023,2025-03-30,480000,20.47,Ended
S-21016,TEM-98147-D,Tanfield site 3,S22 4BT,8735106124067,RED,10/11/2023,09 November 2025,62500,22.1,Ended
S-21017,TEM-98147-D,Tanfield site 4,N27 1JR,17 2953 2895 175,RED,2024-03-04,04/03/2026,660000,29.57,Ended
S-21018,TEM-98147-D,Tanfield site 5,E14 3NW,6021584141487,REDzero,2022-12-30,29 December 2025,1250000,18.76,Ended
S-21019,TEM-98147-D,Tanfield site 6,E8 1HT,8591063211460,REDzero,2024-11-02,2025-11-02,1250000,29.19,Ended
S-21020,TEM-98147-D,Tanfield site 7,L28 2JD,3113879708976,RED,15/04/2023,2025-04-14,155000,29.59,Ended
S-21021,TEM-98147-D,Tanfield site 8,N4 2BT,34 5623 8904 290,RED,2022-07-04,03-Jul-25,88000,21.47,Ended
S-21022,TEM-85518-D,Torque site 1,N8 5NX,3349107017520,RED,2025-04-04,2028-04-03,910000,26.23,Live
S-21023,TEM-85518-D,Torque site 2,B22 1NW,2448-7283-42231,RED,2026-11-15,15/11/2027,480000,26.07,Live
S-21024,TEM-57690-D,Umberside site 1,L22 3JW,6989718468182,RED Plus,04/03/2026,2028-03-03,340000,26.74,Live
S-21025,TEM-57690-D,Umberside site 2,N5 6ND,90 9027 1579 387,RED,04/02/2027,04-Feb-28,1250000,22.55,Live
S-21026,TEM-74146-E,Northgate site 1,B16 4BW,70 8117 2612 293,RED,29/09/2024,2025-09-29,660000,24.72,Ended
S-21027,TEM-74146-E,Northgate site 2,M25 2JT,5471-5684-81327,REDzero,12/05/2024,12 May 2025,88000,23.06,Ended
S-21028,TEM-74146-E,Northgate site 3,S23 9JR,26 6449 8061 376,RED,2023-10-29,2025-10-28,120000,24.46,Ended
S-21029,TEM-74146-E,Northgate site 4,L25 6JT,2272-6334-51913,RED Plus,08/08/2022,07-Aug-25,2100000,27.73,Ended
S-21030,TEM-74146-E,Northgate site 5,E26 8BW,2905-4371-80698,REDzero,02/06/2024,02-Jun-26,210000,20.84,Ended
S-21031,TEM-74146-E,Northgate site 6,S22 9ET,9296728183406,RED,19/08/2022,2025-08-18,340000,20.2,Ended
S-21032,TEM-74146-E,Northgate site 7,N28 2AX,6105519193530,RED,2023-02-18,2025-02-17,210000,19.45,Ended
S-21033,TEM-74146-E,Northgate site 8,L1 7AP,2255144065326,REDzero,2024-07-31,31 July 2025,910000,18.01,Ended
S-21034,TEM-26141-D,Kingsmead site 1,M14 3NX,0783309414872,RED,15/01/2025,15 January 2027,88000,19.27,Live
S-21035,TEM-68253-E,Ivybridge site 1,G28 6JT,70 6501 4037 686,RED Plus,26/04/2025,25/04/2028,910000,26.53,Live
S-21036,TEM-81074-D,Denholm site 1,L27 1AT,2599879808256,RED,2025-12-29,29-Dec-26,62500,24.1,Live
S-21037,TEM-81074-D,Denholm site 2,E29 7HD,9484973664112,RED,2025-11-11,11/11/2027,210000,20.51,Live
S-21038,TEM-49398-F,Violetta site 1,E10 6HW,5766-9153-85342,RED,2022-01-17,16-Jan-25,120000,26.02,Ended
S-21039,TEM-49398-F,Violetta site 2,G7 2NT,2212-7757-86003,RED Plus,04/07/2022,03-Jul-25,660000,23.35,Ended
S-21040,TEM-71080-E,Ottershaw site 1,E11 7HR,18 8896 3868 139,RED,09/11/2024,09/11/2027,210000,25.18,Live
S-21041,TEM-71080-E,Ottershaw site 2,S27 4JP,33 7255 9863 133,RED,2025-09-10,2026-09-10,660000,20.51,Live
S-21042,TEM-56306-C,Denholm site 1,M22 6JP,7658-7256-59962,RED,10/01/2026,10/01/2028,660000,31.51,Live
S-21043,TEM-56306-C,Denholm site 2,M5 7BD,21 3175 1721 837,RED Plus,29/05/2025,29-May-27,155000,23.33,Live
S-21044,TEM-56306-C,Denholm site 3,M29 2HW,35 4202 4113 695,RED,04/12/2025,04/12/2027,1250000,24.21,Live
S-21045,TEM-70518-E,Kingsmead site 1,S28 7EW,7130-4894-03338,RED,2024-05-19,19 May 2027,910000,27.67,Live
S-21046,TEM-70518-E,Kingsmead site 2,B1 3ED,8106420040488,REDzero,18/05/2024,2027-05-18,910000,30.9,Live
S-21047,TEM-19834-E,Harborne site 1,G13 1NR,9632757685255,RED,22/08/2025,22-Aug-27,660000,26.64,Live
S-21048,TEM-19834-E,Harborne site 2,E14 1NR,1734506409658,RED,2027-01-30,2028-01-30,155000,30.18,Live
S-21049,TEM-19834-E,Harborne site 3,S7 8JX,65 8410 3357 201,RED,06/08/2025,06 August 2027,42000,19.73,Live
S-21050,TEM-19834-E,Harborne site 4,S14 6JT,2498258429378,RED Plus,30/10/2025,30/10/2027,660000,23.17,Live
S-21051,TEM-19834-E,Harborne site 5,S7 4NR,0940-4607-06394,RED Plus,2025-03-03,02 March 2028,480000,29.07,Live
S-21052,TEM-19834-E,Harborne site 6,G27 9ET,3060-8989-46743,RED Plus,03/11/2025,03 November 2027,910000,26.49,Live
S-21053,TEM-19834-E,Harborne site 7,E30 4AX,78603823660727,REDzero,2026-04-17,17-Apr-27,340000,24.04,Live
S-21054,TEM-19834-E,Harborne site 8,B27 5EP,8749-1006-07950,RED,2024-09-15,15/09/2027,2100000,18.49,Live
S-21055,TEM-48706-C,Riverbank site 1,L20 1ED,5754948893790,RED,07/04/2024,07/04/2027,910000,31.35,Live
S-21056,TEM-19372-E,Padstow site 1,E23 3NT,53 3845 8999 230,REDzero,2026-04-04,2028-04-03,340000,31.08,Live
S-21057,TEM-19372-E,Padstow site 2,E27 8HX,39 8079 7641 879,RED,2024-08-24,24/08/2027,340000,28.14,Live
S-21058,TEM-46033-E,Fernhill site 1,B8 1AD,0778875175661,REDzero,06/03/2025,06/03/2027,88000,28.28,Live
S-21059,TEM-46033-E,Fernhill site 2,B9 4EP,7489899647330,RED,11/11/2025,11-Nov-26,910000,22.35,Live
S-21060,TEM-46033-E,Fernhill site 3,N19 6EX,2304-8121-40441,REDzero,2023-11-03,2026-11-02,120000,19.74,Live
S-21061,TEM-46033-E,Fernhill site 4,G25 2JP,6426169714011,RED Plus,29/12/2023,28 December 2026,340000,24.31,Live
S-21062,TEM-46033-E,Fernhill site 5,E1 2JT,3191472444223,RED,2023-10-11,10-Oct-26,155000,21.34,Live
S-21063,TEM-46033-E,Fernhill site 6,N26 3NW,5244351331849,RED,17/01/2024,2027-01-16,910000,29.2,Live
S-21064,TEM-46033-E,Fernhill site 7,S23 4AP,5277819597387,REDzero,2024-07-01,01 July 2027,155000,21.79,Live
S-21065,TEM-46033-E,Fernhill site 8,G30 8BW,80 1357 5183 294,RED Plus,2024-11-04,04/11/2027,120000,21.25,Live
S-21066,TEM-17527-B,Tanfield site 1,E7 5HX,0320-8976-36373,RED Plus,2025-12-01,01-Dec-26,660000,30.44,Live
S-21067,TEM-17527-B,Tanfield site 2,S19 8BD,5907402705654,RED,29/10/2023,28/10/2026,210000,20.01,Live
S-21068,TEM-27282-B,Tanfield site 1,L17 8JX,74 5076 5250 913,REDzero,10/04/2027,2028-04-09,1250000,29.36,Live
S-21069,TEM-41673-E,Harborne site 1,L2 8AX,0757606106505,RED,2025-08-10,10/08/2027,88000,22.84,Live
S-21070,TEM-52510-D,Riverbank site 1,G3 9HT,5223389328269,RED,2024-08-24,24 August 2027,660000,24.76,Live
S-21071,TEM-92205-A,Silverbeck site 1,S10 4AX,66 5691 3602 265,RED Plus,2025-11-13,2027-11-13,660000,25.94,Live
S-21072,TEM-92205-A,Silverbeck site 2,E26 4AD,3587-9553-43645,RED,10/06/2026,10-Jun-27,480000,17.91,Live
S-21073,TEM-59472-F,Hollybush site 1,N7 6JX,4629540846443,RED,2025-09-13,2026-09-13,660000,26.17,Live
S-21074,TEM-59472-F,Hollybush site 2,S3 5JW,7568326775355,RED,2026-06-01,31 May 2028,88000,30.32,Live
S-21075,TEM-88129-F,Ellerton site 1,S11 5AR,27 0291 5815 531,RED,24/09/2023,23 September 2026,910000,20.65,Live
S-21076,TEM-53398-A,Rosedale site 1,G11 8NX,8103-6772-84807,REDzero,06/04/2025,2028-04-05,910000,29.03,Live
S-21077,TEM-13543-E,Bexley site 1,S11 8AP,68 2621 5278 490,RED,2025-09-18,18/09/2027,910000,22.77,Live
S-21078,TEM-42712-C,Tanfield site 1,L7 3JT,81 1049 8596 750,REDzero,12/06/2024,12/06/2027,480000,21.58,Live
S-21079,TEM-67461-C,Eastbrook site 1,S23 5AX,53 5356 8897 622,RED Plus,2024-02-03,2027-02-02,42000,23.82,Live
S-21080,TEM-71375-A,Fernhill site 1,S7 5ER,87 3252 7164 985,RED,20/05/2026,19/05/2028,210000,25.85,Live
S-21081,TEM-71375-A,Fernhill site 2,S15 4NR,2765-3081-97934,RED,24/01/2026,24 January 2027,88000,22.17,Live
S-21082,TEM-21963-G,Bluewater site 1,G14 9BW,6154-5520-40337,RED,22/03/2027,21-Mar-28,340000,20.92,Live
S-21083,TEM-21963-G,Bluewater site 2,E21 8BP,2462015916696,RED,2026-03-17,17/03/2027,62500,21.48,Live
S-21084,TEM-21963-G,Bluewater site 3,S7 8NR,48 1866 6904 451,RED,2026-03-06,05-Mar-28,660000,21.01,Live
S-21085,TEM-89641-A,Quarrington site 1,N13 2BW,5229476576442,RED,25/07/2022,24/07/2025,210000,31.72,Ended
S-21086,TEM-54765-D,Ingleby site 1,L26 3HP,5866437001733,RED,2024-08-19,19/08/2027,42000,26.03,Live
S-21087,TEM-37004-F,Northgate site 1,S10 8HX,1302646314119,RED Plus,2024-05-05,2027-05-05,88000,29.26,Live
S-21088,TEM-37004-F,Northgate site 2,E6 4AW,13 6116 4223 620,REDzero,2025-09-25,2027-09-25,910000,27.47,Live
S-21089,TEM-23856-C,Orchard site 1,N26 8BP,7458-3531-90873,RED,2023-11-02,01-Nov-24,155000,20.83,Ended
S-21090,TEM-79371-B,Torque site 1,E23 5NP,99 3167 0601 227,RED,2023-08-25,24-Aug-26,480000,26.73,OOC
S-21091,TEM-68804-C,Rosedale site 1,N25 1JD,76 2947 5158 522,REDzero,01/10/2023,30/09/2026,62500,18.85,Live
S-21092,TEM-68804-C,Rosedale site 2,G18 1BR,46 9650 2358 525,REDzero,2025-03-30,30/03/2027,910000,19.99,Live
S-21093,TEM-81064-G,Eastbrook site 1,E24 2HW,4883914789505,RED,2026-04-16,16 April 2027,62500,21.05,Live
S-21094,TEM-81064-G,Eastbrook site 2,E22 3AX,52 8873 1814 652,RED,2026-03-07,2028-03-06,62500,22.03,Live
S-21095,TEM-57922-D,Thackery site 1,B7 2BR,30 1202 1797 880,RED Plus,2024-05-15,15 May 2025,210000,32.18,Ended
S-21096,TEM-12510-E,Zephyr site 1,L2 1BD,0223167798466,RED,2026-02-20,20/02/2028,1250000,30.82,Live
S-21097,TEM-27794-A,Harborne site 1,L29 5ND,9120496119377,REDzero,2025-10-31,31-Oct-26,910000,18.6,Live
S-21098,TEM-12116-B,Harborne site 1,N15 7JP,45 3125 9868 510,RED,27/10/2026,27/10/2027,155000,32.22,Live
S-21099,TEM-44088-D,Vantage site 1,N11 9JR,1689660233345,RED Plus,2025-12-07,07 December 2027,910000,19.53,Live
S-21100,TEM-46430-B,Umberside site 1,L11 4HR,3824043268367,RED,2024-08-01,01 August 2027,340000,21.92,Live
S-21101,TEM-46430-B,Umberside site 2,M29 1HT,7672106000503,RED,26/05/2027,25/05/2028,910000,29.77,Live
S-21102,TEM-51851-F,Ellerton site 1,L22 3HR,5413775707403,RED,2024-02-18,17/02/2026,2100000,27.95,Ended
S-21103,TEM-41503-E,Quenington site 1,N27 9BR,2452520713044,RED,06/04/2024,2026-04-06,1250000,20.56,Ended
S-21104,TEM-93644-A,Oakhurst site 1,M11 1BR,04 5136 1091 387,RED Plus,15/08/2025,15/08/2026,910000,26.34,OOC
S-21105,TEM-19446-D,Stanhope site 1,L24 4AW,8559470808713,REDzero,27/01/2026,27-Jan-28,480000,25.17,Live
S-21106,TEM-71622-B,Eastbrook site 1,G19 5JR,94 9877 8990 220,RED Plus,07/02/2027,07 February 2028,660000,28.24,Live
S-21107,TEM-72657-E,Hollybush site 1,B13 3ED,1590004574604,RED Plus,11/09/2025,11/09/2026,210000,22.88,Live
S-21108,TEM-29698-C,Quarrington site 1,L6 8HR,0625-0957-67915,RED Plus,30/03/2026,29 March 2028,88000,28.32,Live
S-21109,TEM-62354-C,Ellerton site 1,G16 5ER,8713-3922-38275,RED,2024-06-19,19/06/2027,42000,26.5,Live
S-21110,TEM-80038-E,Padstow site 1,E25 8BW,79 1598 5565 403,RED,25/04/2027,24-Apr-28,910000,24.56,Live
S-21111,TEM-77697-B,Oakhurst site 1,B17 6AR,3285698471895,RED,2026-06-16,16-Jun-27,480000,21.51,Live
S-21112,TEM-43515-G,Bramble site 1,N21 1JX,8818-8904-36503,RED,2025-04-19,19-Apr-27,480000,25.97,Live
S-21113,TEM-29749-D,Merrivale site 1,L15 8JP,6043537189777,RED Plus,2023-11-24,23-Nov-26,88000,21.63,Live
S-21114,TEM-62114-C,Millpond site 1,S10 8HX,0633859100943,RED,19/01/2026,19 January 2028,155000,26.95,Live
S-21115,TEM-27960-E,Hollybush site 1,E7 2ND,9290-9697-69312,RED,16/09/2025,16/09/2026,120000,29.34,Live
S-21116,TEM-16758-C,Lighthouse site 1,B11 7AR,2409-0050-12836,RED,10/11/2024,2026-11-10,120000,31.47,Live
S-21117,TEM-16758-C,Lighthouse site 2,M22 6JD,7661084991139,RED,2027-03-17,16/03/2028,155000,29.96,Live
S-21118,TEM-16758-C,Lighthouse site 3,B16 5JW,47 0260 3910 436,REDzero,20/04/2027,19/04/2028,2100000,23.75,Live
S-21119,TEM-16758-C,Lighthouse site 4,B14 7HW,9888377200370,RED,24/04/2027,2028-04-23,1250000,22.31,Live
S-21120,TEM-16758-C,Lighthouse site 5,M19 7BP,1615828045708,RED,2025-12-14,14-Dec-26,42000,27.51,Live
S-21121,TEM-16758-C,Lighthouse site 6,M5 1AX,7559-8054-56053,RED,2026-07-03,03/07/2027,62500,27.74,Live
S-21122,TEM-16758-C,Lighthouse site 7,E10 9HP,9783-0979-48339,RED,20/03/2025,20-Mar-27,155000,18.78,Live
S-21123,TEM-16758-C,Lighthouse site 8,G15 8HP,6840-5868-22956,REDzero,30/07/2025,30-Jul-27,120000,20.06,Live
S-21124,TEM-38387-G,Quarrington site 1,L25 3HR,0230453704056,RED,2023-02-23,2025-02-22,88000,29.98,Ended
S-21125,TEM-11536-G,Halewood site 1,M20 7HD,71 5092 2284 467,RED,2024-09-17,17/09/2027,42000,26.22,Live
S-21126,TEM-52403-A,Foxglove site 1,S19 1ET,70 6987 4323 969,RED,2025-12-01,01/12/2026,210000,26.36,Live
S-21127,TEM-52403-A,Foxglove site 2,N16 3ER,8951287796804,RED,14/02/2024,13 February 2027,88000,30.62,Live
S-21128,TEM-52403-A,Foxglove site 3,B27 3AD,73 7397 1208 536,RED Plus,2025-04-08,2028-04-07,480000,18.11,Live
S-21129,TEM-52403-A,Foxglove site 4,G16 9NW,3052435305441,REDzero,2026-12-23,23-Dec-27,2100000,26.42,Live
S-21130,TEM-68466-G,Atlas site 1,G5 7AT,1157562098324,RED,02/11/2024,02 November 2027,2100000,30.53,Live
S-21131,TEM-16148-C,Wrenfield site 1,L2 1BD,0563418186406,RED,2025-09-25,25-Sep-26,120000,20.21,Live
S-21132,TEM-16148-C,Wrenfield site 2,N18 8HR,0068386132558,RED Plus,2025-05-08,07/05/2028,340000,25.34,Live
S-21133,TEM-91807-G,Westcliff site 1,L13 6JP,6696548328753,RED Plus,19/10/2021,18-Oct-24,120000,19.89,Ended
S-21134,TEM-41331-E,Bramble site 1,S1 5ET,8971786072311,RED,20/05/2022,19/05/2025,120000,19.82,Ended
S-21135,TEM-41331-E,Bramble site 2,L30 8BR,5171375368861,RED,2022-11-07,2025-11-06,910000,24.66,Ended
S-21136,TEM-41331-E,Bramble site 3,E4 7NX,2254-3161-79368,RED,2023-11-14,13-Nov-24,2100000,18.05,Ended
S-21137,TEM-95599-A,Selworthy site 1,E24 2JX,9988-2840-25197,RED,16/08/2022,2025-08-15,2100000,29.53,Ended
S-21138,TEM-95599-A,Selworthy site 2,B24 8JT,38 2627 2349 191,REDzero,2022-07-09,08 July 2025,88000,29.71,Ended
S-21139,TEM-95599-A,Selworthy site 3,E16 4ND,8040348988183,RED,2023-03-04,03 March 2025,155000,28.0,Ended
S-21140,TEM-95599-A,Selworthy site 4,M21 6EW,0336-4485-75682,RED,10/11/2021,2024-11-09,88000,26.32,Ended
S-21141,TEM-95599-A,Selworthy site 5,E23 8HX,58 7926 0196 908,RED,03/03/2024,03/03/2026,910000,26.04,Ended
S-21142,TEM-95599-A,Selworthy site 6,E1 5JX,3462880353721,RED,23/01/2022,22-Jan-25,660000,20.47,Ended
S-21143,TEM-95599-A,Selworthy site 7,M11 2BW,0997185132725,RED,2023-07-11,2025-07-10,910000,29.16,Ended
S-21144,TEM-95599-A,Selworthy site 8,M9 7BT,2149-2724-05344,REDzero,02/01/2024,01 January 2026,62500,25.24,Ended
S-21145,TEM-19161-E,Yarrow site 1,G23 6JD,72 7137 2594 099,REDzero,13/09/2025,13 September 2026,210000,29.15,Live
S-21146,TEM-29711-A,Whitethorn site 1,B11 5JD,5610-2477-59056,RED Plus,13/01/2026,13/01/2028,62500,26.15,Live
S-21147,TEM-79800-G,Jarrow site 1,L9 5NR,5022708210600,RED,05/03/2024,2026-03-05,340000,20.65,Ended
S-21148,TEM-79800-G,Jarrow site 2,G30 3NX,7379-5434-60825,RED,2024-04-24,24 April 2026,210000,25.96,Ended
S-21149,TEM-86885-F,Violetta site 1,B16 6BP,0142753799813,RED,15/05/2024,15-May-27,2100000,17.87,Live
S-21150,TEM-86885-F,Violetta site 2,B21 1ET,2973479920290,RED,2025-01-06,2027-01-06,2100000,20.63,Live
S-21151,TEM-86885-F,Violetta site 3,B16 7NW,8722-6132-91445,RED,12/09/2025,12/09/2027,480000,28.29,Live
S-21152,TEM-21689-F,Eastbrook site 1,L13 4ED,81 8157 2717 074,RED,14/06/2026,14/06/2027,340000,20.15,Live
S-21153,TEM-65180-D,Vantage site 1,N1 9AR,06 4554 5626 267,RED,2025-11-11,11 November 2027,2100000,21.21,Live
S-21154,TEM-21321-E,Cranleigh site 1,G5 3BD,5573-7704-51419,RED,02/07/2026,02/07/2027,120000,31.22,Live
S-21155,TEM-91329-E,Merrivale site 1,E28 2NP,8880135536802,RED,2025-11-14,14 November 2026,155000,19.44,Live
S-21156,TEM-81426-G,Yewtree site 1,N24 8NT,4315-4035-23794,REDzero,2027-01-26,2028-01-26,88000,21.7,Live
S-21157,TEM-83038-G,Applegarth site 1,G5 1AR,7253160491019,RED Plus,24/08/2024,24-Aug-25,120000,30.68,Ended
S-21158,TEM-83038-G,Applegarth site 2,L23 1AX,2800874357840,RED,2022-03-08,07-Mar-25,480000,25.23,Ended
S-21159,TEM-16055-F,Selworthy site 1,G21 1EW,7649-5684-10442,RED,26/06/2026,26 June 2027,155000,21.1,Live
S-21160,TEM-52103-F,Riverbank site 1,S17 5HW,5639287232665,RED,2024-12-30,30-Dec-27,910000,29.92,Live
S-21161,TEM-50256-F,Ellerton site 1,B14 5NP,27 9257 3825 552,RED,15/03/2026,2028-03-14,88000,21.36,Live
S-21162,TEM-50256-F,Ellerton site 2,G14 4ND,41 5292 7302 826,RED Plus,28/12/2025,2026-12-28,120000,21.58,Live
S-21163,TEM-50256-F,Ellerton site 3,N22 4AX,42 5932 1484 318,REDzero,10/01/2027,2028-01-10,910000,22.91,Live
S-21164,TEM-45013-G,Elmwood site 1,N16 6BD,34 6508 7564 937,RED,2025-04-15,2027-04-15,120000,22.81,Live
S-21165,TEM-73219-G,Atlas site 1,M17 4ED,0856579702948,REDzero,2027-01-25,25-Jan-28,155000,20.73,Live
S-21166,TEM-73219-G,Atlas site 2,M4 7BT,5180282611345,REDzero,13/09/2026,2027-09-13,62500,27.65,Live
S-21167,TEM-73219-G,Atlas site 3,L11 2BT,7110-2828-45758,RED,2025-03-06,06 March 2027,155000,22.61,Live
S-21168,TEM-70970-D,Riverbank site 1,G30 6EW,9939-7516-29433,RED Plus,04/11/2023,03-Nov-26,155000,19.52,Live
S-21169,TEM-74090-G,Lowther site 1,B9 8BX,95 9783 7279 482,RED Plus,2024-12-08,08 December 2026,120000,27.15,Live
S-21170,TEM-43363-A,Vantage site 1,N2 7ET,0458-0674-57803,RED Plus,2026-10-10,10/10/2027,2100000,26.82,Live
S-21171,TEM-43363-A,Vantage site 2,B11 4HX,10 3214 5524 250,RED,2025-07-21,21-Jul-27,660000,28.7,Live
S-21172,TEM-16939-C,Maplin site 1,G8 5JR,1613937768469,RED,06/03/2026,06 March 2027,910000,21.52,Live
S-21173,TEM-16939-C,Maplin site 2,G6 4EX,6725312655455,RED,27/12/2025,27/12/2027,62500,23.97,Live
S-21174,TEM-16939-C,Maplin site 3,B20 7BP,8142283060026,REDzero,2025-05-31,31/05/2027,155000,22.97,Live
S-21175,TEM-36575-A,Ellerton site 1,S10 4HX,07 5095 5164 686,RED,2026-05-07,06 May 2028,910000,20.19,Live
S-21176,TEM-88778-G,Riverbank site 1,N29 5AP,4673233024276,REDzero,09/10/2024,09 October 2026,480000,28.08,Live
S-21177,TEM-37701-A,Quarrington site 1,B7 7JP,87 7205 1976 498,RED,2026-09-10,10-Sep-27,2100000,24.57,Live
S-21178,TEM-37212-A,Ellerton site 1,G10 5HX,4586725629809,RED,31/03/2026,2028-03-30,210000,29.56,Live
S-21179,TEM-97670-E,Northgate site 1,S6 8ED,35 2812 4563 410,RED,10/10/2024,10 October 2026,1250000,19.85,Live
S-21180,TEM-97670-E,Northgate site 2,L4 1AX,0174-8158-41895,RED,18/02/2027,18 February 2028,910000,28.17,Live
S-21181,TEM-70681-C,Ivybridge site 1,S15 8HX,5991-3019-78855,RED,2023-01-22,21 January 2026,155000,31.53,Ended
S-21182,TEM-46347-F,Merrivale site 1,L22 9BW,04 6250 4438 761,REDzero,17/11/2025,17-Nov-27,42000,21.21,Live
S-21183,TEM-15922-F,Farrier site 1,G11 1ED,99 9536 9573 854,RED,07/02/2027,07 February 2028,660000,18.61,Live
S-21184,TEM-46794-A,Farrier site 1,S5 5NT,31 0664 2285 642,RED Plus,2025-05-16,15-May-28,120000,24.45,Live
S-21185,TEM-66746-B,Langmere site 1,B2 7BR,4748-2064-32559,RED,2024-01-04,03-Jan-27,2100000,21.1,Live
S-21186,TEM-86526-E,Birchmoor site 1,B11 7NT,6981-8075-77905,REDzero,24/08/2025,24/08/2027,155000,29.32,Live
S-21187,TEM-54676-B,Ullswater site 1,L10 9ER,00 6494 6415 896,RED,2026-01-07,07 January 2027,88000,18.27,Live
S-21188,TEM-89666-G,Ashcombe site 1,E9 1HW,2812592071788,RED,26/10/2024,26/10/2026,88000,25.7,Live
S-21189,TEM-50763-C,Nettlebed site 1,B2 8JP,4172360511881,REDzero,2025-10-29,29 October 2027,340000,29.48,Live
S-21190,TEM-31799-G,Redwing site 1,E9 1AD,8020-1058-02389,RED Plus,13/03/2026,2027-03-13,660000,25.04,Live
S-21191,TEM-31799-G,Redwing site 2,N17 3AD,8017-4996-42246,RED,29/05/2025,28/05/2028,1250000,26.9,Live
S-21192,TEM-29102-F,Larkspur site 1,G20 1ND,5214-8055-58921,RED Plus,05/06/2024,05/06/2025,480000,30.01,Ended
S-21193,TEM-46283-A,Millpond site 1,G27 7BR,56 2441 4210 542,RED Plus,25/09/2025,25/09/2026,155000,30.59,Live
S-21194,TEM-36627-D,Maplin site 1,B21 6NX,9945-2657-74107,RED,2025-10-30,30-Oct-26,155000,30.76,Live
S-21195,TEM-36627-D,Maplin site 2,E18 2HP,8139-8439-97713,RED Plus,12/11/2024,12-Nov-27,1250000,23.84,Live
S-21196,TEM-81135-D,Larkspur site 1,N24 1BR,6768882972541,RED,2024-06-12,2027-06-12,660000,19.1,Live
S-21197,TEM-85969-C,Halewood site 1,M14 6BT,5042141069135,REDzero,2025-04-08,2028-04-07,340000,28.74,Live
S-21198,TEM-84055-E,Pemberley site 1,M18 6HP,50 8247 2980 226,RED,2025-12-19,19-Dec-27,88000,23.34,Live
S-21199,TEM-15504-B,Tredegar site 1,L8 6HT,3750-8686-23721,REDzero,24/04/2024,2027-04-24,88000,27.75,Live
S-21200,TEM-90941-A,Quenington site 1,E15 3AR,3731787458201,RED,2027-02-25,25 February 2028,210000,18.51,Live
S-21201,TEM-82764-E,Ashcombe site 1,E14 4EP,69 1299 3944 842,REDzero,2024-02-20,19 February 2027,2100000,26.5,Live
S-21202,TEM-69574-D,Saltmarsh site 1,N21 6ET,58 8366 5844 908,RED Plus,18/05/2025,2028-05-17,480000,31.33,Live
S-21203,TEM-69574-D,Saltmarsh site 2,N28 2JX,8264606160877,RED,2026-02-28,2027-02-28,120000,23.44,Live
S-21204,TEM-39494-A,Pennine site 1,N19 9NP,92 6031 6883 091,RED,09/01/2023,08/01/2026,910000,19.14,Ended
S-21205,TEM-39494-A,Pennine site 2,B27 9NP,15 5063 5333 309,REDzero,10/02/2023,09 February 2025,42000,21.37,Ended
S-21206,TEM-34109-F,Ravenscar site 1,S17 1HD,08 1847 5096 442,RED,2025-01-22,22-Jan-28,660000,29.71,Live
S-21207,TEM-88736-B,Kelbrook site 1,G1 3NX,6901-4732-20321,RED,06/10/2025,2026-10-06,120000,17.72,Live
S-21208,TEM-88736-B,Kelbrook site 2,B4 3NR,6979506200712,REDzero,2024-12-02,02/12/2026,88000,29.56,Live
S-21209,TEM-68826-D,Caldwell site 1,G5 2NT,9192-9890-54600,RED Plus,2025-03-02,02/03/2027,660000,27.57,Live
S-21210,TEM-74661-G,Kestrel site 1,S9 7JW,3372-4697-82447,RED,26/11/2024,2026-11-26,910000,30.0,Live
S-21211,TEM-74661-G,Kestrel site 2,S27 1HP,3367968122010,REDzero,2026-01-28,28/01/2027,910000,25.69,Live
S-21212,TEM-74661-G,Kestrel site 3,B20 4HR,30 8275 9928 946,RED,2023-10-27,26 October 2026,660000,24.95,Live
S-21213,TEM-30048-G,Cranleigh site 1,M1 7JW,8264-4101-62962,RED,21/10/2024,21-Oct-25,2100000,32.44,Ended
S-21214,TEM-30048-G,Cranleigh site 2,M9 2BX,2230939216347,RED,2022-12-27,26-Dec-25,210000,21.57,Ended
S-21215,TEM-83231-B,Orchard site 1,M9 8BP,4517394751528,RED,2027-01-09,09 January 2028,120000,17.63,Live
S-21216,TEM-83231-B,Orchard site 2,E16 9JX,5590078068514,RED,2025-03-21,20 March 2028,120000,20.57,Live
S-21217,TEM-90718-B,Hatherley site 1,S9 4AR,6793301097646,RED Plus,15/10/2025,15 October 2026,88000,28.3,Live
S-21218,TEM-83360-F,Quayside site 1,N20 2AD,8950-8015-17509,RED,25/10/2026,2027-10-25,155000,19.65,Live
S-21219,TEM-11470-C,Foxglove site 1,G3 2HR,3940-3678-22998,RED,2025-10-18,18-Oct-26,210000,23.48,Live
S-21220,TEM-11470-C,Foxglove site 2,L29 4JP,5574738476229,REDzero,2023-09-26,2026-09-25,120000,25.32,Live
S-21221,TEM-37869-C,Northgate site 1,L18 5BX,4764021912686,RED,20/11/2022,19 November 2024,42000,31.18,Ended
S-21222,TEM-74816-A,Northgate site 1,L2 4JX,7636510660088,RED,12/11/2025,2026-11-12,910000,22.61,Live
S-21223,TEM-18892-G,Stanhope site 1,S21 5BX,1795-4592-40950,RED Plus,2024-11-16,16 November 2026,480000,18.94,Live
S-21224,TEM-87662-F,Wrenfield site 1,B14 2JP,1113-6058-05701,RED,27/06/2025,2027-06-27,42000,29.84,Live
S-21225,TEM-77427-D,Thackery site 1,S1 4JW,22 9969 6604 913,RED,2024-08-17,17/08/2027,42000,29.32,Live
S-21226,TEM-10481-F,Zephyr site 1,E5 9AW,1135689526357,RED Plus,2024-09-15,15-Sep-26,910000,25.77,Live
S-21227,TEM-91606-D,Vantage site 1,S25 2AP,92 5176 4333 358,RED,14/10/2025,14/10/2026,42000,30.56,Live
S-21228,TEM-42546-A,Northgate site 1,E11 4HD,8705282277866,RED,2024-09-23,23 September 2025,1250000,27.9,Ended
S-21229,TEM-42546-A,Northgate site 2,L13 9EX,5760078785380,RED,12/08/2024,12-Aug-25,42000,23.65,Ended
S-21230,TEM-42546-A,Northgate site 3,M7 2ND,6727563954538,RED,2022-01-14,13-Jan-25,42000,23.16,Ended
S-21231,TEM-42546-A,Northgate site 4,B22 1BT,66 7917 4619 630,RED,2022-12-20,19/12/2024,120000,25.25,Ended
S-21232,TEM-42546-A,Northgate site 5,S25 8AX,5427-9222-51230,RED,2024-10-18,18-Oct-25,1250000,22.52,Ended
S-21233,TEM-42546-A,Northgate site 6,E15 6ED,1369521313722,RED,2024-01-15,14-Jan-25,660000,29.59,Ended
S-21234,TEM-76561-E,Rosedale site 1,G26 1EW,98 1911 8784 926,RED,24/10/2025,24/10/2026,120000,22.03,Live
S-21235,TEM-68152-C,Elmwood site 1,G14 8JD,00 8074 9391 279,RED,13/09/2025,2027-09-13,2100000,27.01,Live
S-21236,TEM-68152-C,Elmwood site 2,B19 9NX,44 3153 0531 998,RED,2025-04-03,03-Apr-27,2100000,22.58,Live
S-21237,TEM-63910-G,Ashcombe site 1,G9 4AP,63 9649 4494 383,RED,2022-11-14,13-Nov-24,42000,17.76,Ended
S-21238,TEM-63910-G,Ashcombe site 2,E6 3BW,7315494495302,RED,20/06/2024,20 June 2026,120000,24.29,Ended
S-21239,TEM-63910-G,Ashcombe site 3,G14 4EX,0635-7996-39690,RED Plus,2021-12-12,11-Dec-24,120000,25.07,Ended
S-21240,TEM-63910-G,Ashcombe site 4,E26 5AT,03 5668 4160 921,RED Plus,24/06/2024,24-Jun-25,2100000,18.08,Ended
S-21241,TEM-63910-G,Ashcombe site 5,E30 6NR,1712488369756,RED,03/07/2024,2026-07-03,910000,31.12,Ended
S-21242,TEM-63910-G,Ashcombe site 6,M8 3ER,82 8164 0508 854,RED Plus,08/02/2023,07 February 2026,42000,29.63,Ended
S-21243,TEM-63910-G,Ashcombe site 7,E16 4NP,6526079973038,RED,2024-02-15,2025-02-14,120000,31.44,Ended
S-21244,TEM-63910-G,Ashcombe site 8,M22 9JP,71 9935 5419 325,RED,2024-04-13,13/04/2026,62500,30.72,Ended
S-21245,TEM-44681-D,Oakhurst site 1,M13 5BR,5431155479345,RED Plus,20/11/2022,2024-11-19,62500,27.56,Ended
S-21246,TEM-21206-E,Maplin site 1,M21 5ET,5362012115347,RED,2027-01-24,24 January 2028,660000,24.35,Live
S-21247,TEM-20494-A,Northgate site 1,S8 8NT,1884-1345-02105,RED,13/10/2024,2027-10-13,480000,21.22,Live
S-21248,TEM-20494-A,Northgate site 2,L11 7HD,49 4604 5168 087,RED,2023-12-18,17/12/2026,120000,25.42,Live
S-21249,TEM-20494-A,Northgate site 3,L10 4NX,2236494094033,RED,2025-12-18,2027-12-18,155000,27.43,Live
S-21250,TEM-20494-A,Northgate site 4,L23 3NX,13 7946 6790 138,REDzero,2026-05-23,2028-05-22,2100000,24.53,Live
S-21251,TEM-16846-E,Yewtree site 1,E10 5HR,4818884925115,RED Plus,2026-06-13,13-Jun-27,1250000,22.31,Live
S-21252,TEM-25731-B,Dunmore site 1,B3 3JX,2421862243777,RED Plus,01/03/2026,2028-02-29,62500,22.67,Live
S-21253,TEM-52750-D,Cranleigh site 1,M30 2HP,08 0948 6246 554,RED Plus,18/11/2024,18-Nov-27,2100000,30.49,Live
S-21254,TEM-52750-D,Cranleigh site 2,L20 2HT,61 8291 4449 548,RED,2025-12-09,09 December 2026,88000,30.92,Live
S-21255,TEM-57220-A,Cranleigh site 1,L26 2JX,3467-1403-61164,REDzero,2024-03-04,04/03/2027,660000,25.82,Live
S-21256,TEM-83972-F,Eastbrook site 1,G13 5AX,9673228889800,RED,06/06/2025,06-Jun-27,210000,26.28,Live
S-21257,TEM-90136-C,Wrenfield site 1,B28 1AW,1136-3271-41268,REDzero,03/10/2026,03/10/2027,120000,28.7,Live
S-21258,TEM-94715-G,Bexley site 1,G11 5JT,09 2648 1751 022,RED,13/07/2026,2027-07-13,62500,18.97,Live
S-21259,TEM-77498-B,Umberside site 1,N2 3AW,7792-0185-42320,RED Plus,2025-03-10,10-Mar-26,120000,24.19,Ended
S-21260,TEM-78264-F,Langmere site 1,G30 2AX,3618006049870,RED,21/03/2025,20-Mar-28,210000,25.96,Live
S-21261,TEM-78264-F,Langmere site 2,S28 7JW,63 6363 0481 948,REDzero,10/10/2026,10-Oct-27,1250000,27.9,Live
S-21262,TEM-43956-D,Zetland site 1,M6 5HX,69 2340 4697 837,RED Plus,2025-10-10,10-Oct-27,62500,25.94,Live
S-21263,TEM-51533-B,Summerton site 1,L24 6AP,9497-7175-32267,RED Plus,17/03/2026,17/03/2027,210000,18.24,Live
S-21264,TEM-51533-B,Summerton site 2,L16 7BT,79 9479 4971 770,RED,12/09/2023,11-Sep-26,2100000,27.64,Live
S-21265,TEM-51533-B,Summerton site 3,G30 7NX,29 6116 4572 221,RED,2025-12-14,14 December 2026,660000,22.1,Live
S-21266,TEM-51533-B,Summerton site 4,N26 3BD,4862-2687-45979,RED,26/05/2026,2027-05-26,660000,31.39,Live
S-21267,TEM-51533-B,Summerton site 5,E7 1BR,1757340078335,RED,2024-11-23,23/11/2026,2100000,26.51,Live
S-21268,TEM-51533-B,Summerton site 6,M22 6HT,5456-6525-60753,RED,18/06/2025,18-Jun-27,62500,22.83,Live
S-21269,TEM-51533-B,Summerton site 7,M28 5BT,6353-7050-47793,REDzero,2024-12-21,21 December 2027,42000,32.07,Live
S-21270,TEM-51533-B,Summerton site 8,L30 9HT,48 8349 1930 416,RED,24/01/2026,24/01/2028,340000,30.28,Live
S-21271,TEM-64296-D,Halewood site 1,M6 7AP,6035044351121,RED Plus,2024-02-02,01-Feb-27,340000,19.42,Live
S-21272,TEM-64296-D,Halewood site 2,L22 8AW,0780960114902,RED,2025-04-23,22/04/2028,155000,23.61,Live
S-21273,TEM-27277-F,Oakhurst site 1,G30 1AD,0015-1325-72982,RED,05/05/2025,2028-05-04,910000,30.43,Live
S-21274,TEM-48513-C,Halewood site 1,M16 2AW,2250279163919,RED,2026-02-09,09/02/2027,1250000,21.21,Live
S-21275,TEM-93021-F,Harborne site 1,M20 2AR,9730250487507,RED Plus,20/07/2026,20 July 2027,42000,29.97,Live
S-21276,TEM-20633-B,Umberside site 1,S3 1JR,9392188328429,RED,2025-01-23,23/01/2028,1250000,30.85,Live
S-21277,TEM-22926-G,Wrenfield site 1,L27 4HR,52 8695 7880 736,REDzero,20/05/2025,20 May 2027,120000,31.24,Live
S-21278,TEM-22926-G,Wrenfield site 2,S27 7AX,3265497351836,RED,2026-07-31,31/07/2027,1250000,31.06,Live
S-21279,TEM-36058-D,Kingsmead site 1,L30 2AD,8632992144687,RED,2023-11-06,05/11/2026,2100000,21.83,Live
S-21280,TEM-99631-A,Quayside site 1,M7 4JT,1421-8477-05088,RED,13/05/2025,13 May 2027,155000,23.78,Live
S-21281,TEM-95329-D,Bexley site 1,B9 2HR,3272-0800-96492,REDzero,14/09/2024,14-Sep-26,2100000,18.59,Live
S-21282,TEM-95329-D,Bexley site 2,L4 9AX,6952-6383-75525,RED,2027-01-05,05/01/2028,62500,30.21,Live
S-21283,TEM-38248-F,Pennine site 1,S4 1BD,48 7023 9449 860,RED,2023-03-04,03-Mar-25,120000,29.76,Ended
S-21284,TEM-24822-A,Cobalt site 1,G26 9BX,3462-0647-14024,RED,2025-11-15,15-Nov-26,155000,23.3,Live
S-21285,TEM-24822-A,Cobalt site 2,E6 8BX,99 3962 4007 014,RED,2025-01-12,2028-01-12,340000,19.18,Live
S-21286,TEM-86120-E,Eastbrook site 1,G11 6AT,83 8787 1828 334,RED,08/03/2026,2027-03-08,88000,30.59,Live
S-21287,TEM-93965-D,Wrenfield site 1,B28 8EP,5710586124978,RED Plus,30/11/2024,2027-11-30,2100000,25.54,Live
S-21288,TEM-93965-D,Wrenfield site 2,G23 1NT,7696108267664,RED,03/05/2025,2028-05-02,660000,26.21,Live
S-21289,TEM-76802-E,Kestrel site 1,M10 5AX,7902802691527,RED Plus,14/10/2023,13-Oct-26,120000,28.04,Live
S-21290,TEM-33766-D,Ingleby site 1,M25 6BW,4333594670388,RED,08/12/2026,08-Dec-27,340000,24.99,Live
S-21291,TEM-33766-D,Ingleby site 2,L24 4EW,4326-6392-89852,RED,02/05/2024,02-May-27,1250000,26.97,Live
S-21292,TEM-33766-D,Ingleby site 3,E6 4BP,5620493564079,RED,2026-11-25,25/11/2027,1250000,29.67,Live
S-21293,TEM-78158-A,Vantage site 1,B24 2JT,3958861685422,RED,06/05/2024,06-May-27,62500,21.3,Live
S-21294,TEM-78158-A,Vantage site 2,E17 8NP,49 1459 6775 716,RED,2026-04-15,2028-04-14,155000,23.43,Live
S-21295,TEM-19791-E,Orchard site 1,G12 8EX,11 2374 2748 049,RED,2026-01-12,2028-01-12,910000,22.28,Live
S-21296,TEM-71375-C,Rosedale site 1,N27 2JW,1680390226898,RED,21/04/2025,2028-04-20,210000,18.39,Live
S-21297,TEM-85435-G,Saltmarsh site 1,S10 6NX,4653775462577,RED Plus,2026-07-26,2027-07-26,62500,31.52,Live
S-21298,TEM-85435-G,Saltmarsh site 2,E22 7EP,3597447195197,RED,2025-10-14,14 October 2026,120000,30.22,Live
S-21299,TEM-56150-F,Pemberley site 1,B12 3BT,90 5693 3850 467,RED Plus,2025-12-06,06/12/2026,120000,22.14,Live
S-21300,TEM-95290-F,Atlas site 1,N20 8HX,8412000361713,RED,2024-03-03,03 March 2025,42000,17.79,Ended
S-21301,TEM-95290-F,Atlas site 2,M23 9JW,6427-9572-07547,RED,2023-05-13,12/05/2026,42000,18.06,Ended
S-21302,TEM-55722-B,Kestrel site 1,G15 2EP,9053330967454,RED Plus,2025-01-13,13-Jan-27,120000,21.56,Live
S-21303,TEM-57471-E,Exmoor site 1,M27 5NX,46 8804 0950 350,RED,2023-11-06,05-Nov-26,120000,31.99,Live
S-21304,TEM-57471-E,Exmoor site 2,S1 5NR,7019522278302,RED,2026-09-25,25/09/2027,1250000,20.68,Live
S-21305,TEM-44322-D,Ellerton site 1,E8 3HX,75 7763 8926 657,RED,2025-07-11,11 July 2027,120000,22.78,Live
S-21306,TEM-44322-D,Ellerton site 2,L27 5HP,5554-3634-10165,REDzero,27/10/2023,26 October 2026,62500,32.34,Live
S-21307,TEM-64180-E,Ullswater site 1,M6 4HR,0704053697969,RED,29/05/2026,2027-05-29,210000,19.42,Live
S-21308,TEM-57445-A,Northgate site 1,M27 9NR,0184441221792,RED,31/08/2023,30/08/2026,42000,18.65,OOC
S-21309,TEM-53641-A,Quenington site 1,L5 4HP,1412-5539-25891,RED,2025-02-27,2027-02-27,155000,22.97,Live
S-21310,TEM-99099-D,Ironbridge site 1,N12 6JX,63 5970 8232 587,RED,11/02/2025,11/02/2028,340000,26.35,Live
S-21311,TEM-67147-B,Maplin site 1,N26 4BT,5173-3352-07251,RED,2026-04-12,12-Apr-27,660000,22.89,Live
S-21312,TEM-21522-C,Bramble site 1,M1 3NT,4963635261550,RED Plus,2023-12-08,07 December 2025,1250000,25.42,Ended
S-21313,TEM-64977-F,Ottershaw site 1,G21 3BT,1368724508627,REDzero,2023-07-28,27 July 2026,62500,18.25,Ended
S-21314,TEM-64977-F,Ottershaw site 2,L25 7JR,9600039621883,RED Plus,2024-12-09,09 December 2025,2100000,25.14,Ended
S-21315,TEM-43334-B,Atlas site 1,L4 7HP,0748146152332,RED,2026-01-08,08-Jan-28,210000,32.39,Live
S-21316,TEM-43334-B,Atlas site 2,N6 5EX,92 0382 1179 140,RED,2026-11-28,28 November 2027,660000,25.11,Live
S-21317,TEM-33250-D,Ingleby site 1,N14 6HR,7642-6931-20615,RED,2022-11-14,13 November 2025,88000,30.26,Ended
S-21318,TEM-80449-F,Larkspur site 1,N20 3HT,42 8286 2470 132,RED,2024-05-10,2027-05-10,62500,30.04,Live
S-21319,TEM-11218-E,Saltmarsh site 1,S12 3NP,7675232374634,RED,2024-12-06,06-Dec-27,120000,25.03,Live
S-21320,TEM-11218-E,Saltmarsh site 2,B3 6NW,21 7603 5814 528,RED,2024-09-28,28-Sep-26,42000,23.97,Live
S-21321,TEM-56850-C,Zephyr site 1,G27 3BT,62 8542 7257 873,RED,21/02/2025,21-Feb-28,62500,21.93,Live
S-21322,TEM-52076-F,Summerton site 1,B22 7EP,72 8181 1011 911,RED,2026-03-04,04 March 2027,1250000,28.8,Live
S-21323,TEM-92690-E,Whitethorn site 1,B26 2ER,7347-5210-51455,RED,2025-01-14,14 January 2028,910000,29.04,Live
S-21324,TEM-72164-A,Bluewater site 1,B10 4HW,3158-5361-00302,REDzero,12/07/2024,2027-07-12,120000,18.67,Live
S-21325,TEM-28806-F,Selworthy site 1,G2 7AX,18 8539 4051 506,RED,2024-10-20,20 October 2026,340000,22.19,Live
S-21326,TEM-52078-E,Cedar site 1,S4 6BT,5585331554781,REDzero,20/01/2026,20 January 2027,120000,23.72,Live
S-21327,TEM-52078-E,Cedar site 2,M13 5BP,84 2855 6118 711,RED,13/09/2026,13-Sep-27,480000,22.0,Live
S-21328,TEM-93653-D,Ottershaw site 1,E8 9HP,71 0971 1199 350,RED,30/01/2025,2028-01-30,1250000,23.15,Live
S-21329,TEM-93653-D,Ottershaw site 2,B3 1HT,5788834608362,RED Plus,2026-01-13,2027-01-13,660000,26.92,Live
S-21330,TEM-93653-D,Ottershaw site 3,G30 5HD,2557-5338-66264,REDzero,10/04/2027,09-Apr-28,155000,25.46,Live
S-21331,TEM-29863-D,Rosedale site 1,G18 2JP,4907913139293,RED,11/02/2026,2028-02-11,2100000,27.47,Live
S-21332,TEM-29863-D,Rosedale site 2,M27 1NR,0781772895656,RED,09/05/2026,08/05/2028,340000,18.96,Live
S-21333,TEM-42312-F,Ottershaw site 1,N9 4AP,5438-6050-52316,RED,09/03/2027,2028-03-08,210000,24.22,Live
S-21334,TEM-46262-E,Umberside site 1,S9 3HR,5275-2693-31210,REDzero,2023-11-24,2026-11-23,2100000,28.09,Live
S-21335,TEM-90462-A,Jarrow site 1,M25 8BD,44 3633 4381 612,REDzero,2023-08-14,13 August 2026,1250000,17.8,OOC
S-21336,TEM-48470-C,Quenington site 1,M24 7EP,2535-7036-40807,RED,2024-09-12,12 September 2027,88000,19.68,Live
S-21337,TEM-48470-C,Quenington site 2,G6 8NT,1815082906918,REDzero,21/11/2024,2026-11-21,62500,18.44,Live
S-21338,TEM-57910-B,Bexley site 1,B13 2NT,6032361731928,RED,16/01/2027,16 January 2028,340000,27.63,Live
S-21339,TEM-57910-B,Bexley site 2,N28 6EP,6865-8403-45195,RED Plus,2026-07-12,12/07/2027,155000,30.27,Live
S-21340,TEM-57910-B,Bexley site 3,G18 7BT,1206695176995,RED,2023-12-08,07 December 2026,155000,30.82,Live
S-21341,TEM-73391-B,Cranleigh site 1,E18 7EX,6885476750142,REDzero,2023-04-19,18 April 2026,155000,26.75,Ended
S-21342,TEM-73391-B,Cranleigh site 2,N4 1HP,47 0471 7594 362,REDzero,04/07/2024,2025-07-04,340000,17.53,Ended
S-21343,TEM-73391-B,Cranleigh site 3,G22 9ER,6770727262274,RED Plus,04/08/2024,04/08/2025,480000,30.3,Ended
S-21344,TEM-12742-C,Nettlebed site 1,E17 6BD,08 6911 2823 892,RED,2025-06-22,2027-06-22,155000,29.15,Live
S-21345,TEM-51538-A,Orchard site 1,L17 4NW,74 7142 6905 480,RED,24/04/2026,24/04/2027,42000,26.06,Live
S-21346,TEM-51538-A,Orchard site 2,G1 2HT,8209674449237,REDzero,30/04/2025,2028-04-29,910000,25.97,Live
S-21347,TEM-66043-E,Nettlebed site 1,E17 4NX,78 0735 7762 874,RED,16/10/2024,16 October 2027,340000,30.74,Live
S-21348,TEM-58999-F,Quayside site 1,S22 7HX,7841-7563-13297,RED Plus,26/12/2024,26/12/2026,2100000,18.91,Live
S-21349,TEM-58999-F,Quayside site 2,S21 9HP,1186-9600-06554,RED,13/01/2025,13 January 2028,910000,19.84,Live
S-21350,TEM-58999-F,Quayside site 3,N7 4BR,10 2360 0994 767,RED Plus,07/03/2027,06 March 2028,155000,24.33,Live
S-21351,TEM-50299-D,Ironbridge site 1,B24 8JR,7704289392499,RED Plus,2023-12-17,16-Dec-26,660000,28.37,Live
S-21352,TEM-72622-G,Kestrel site 1,N24 6EX,53 4843 1257 158,RED Plus,2026-03-19,2027-03-19,88000,22.51,Live
S-21353,TEM-72622-G,Kestrel site 2,S25 6ER,24 9753 9855 619,REDzero,06/03/2026,05 March 2028,120000,29.21,Live
S-21354,TEM-72622-G,Kestrel site 3,N5 8AD,9939131538153,RED,2027-02-13,13 February 2028,480000,18.7,Live
S-21355,TEM-72622-G,Kestrel site 4,S26 5HT,93 3929 9656 459,RED Plus,07/05/2024,07-May-27,120000,19.77,Live
S-21356,TEM-72622-G,Kestrel site 5,B21 2JD,9361843620467,RED,12/11/2025,12-Nov-27,910000,26.82,Live
S-21357,TEM-72622-G,Kestrel site 6,M14 8HX,7671-3754-23007,RED,2024-04-18,2027-04-18,88000,24.27,Live
S-21358,TEM-72622-G,Kestrel site 7,S9 6AD,2704826012912,REDzero,14/09/2023,2026-09-13,340000,28.74,Live
S-21359,TEM-72622-G,Kestrel site 8,G11 9BT,25 0404 9308 899,RED,2024-06-05,05-Jun-27,210000,18.4,Live
S-21360,TEM-37577-D,Ellerton site 1,S26 6HW,3949-9681-52922,RED,14/01/2025,2028-01-14,88000,25.75,Live
S-21361,TEM-37577-D,Ellerton site 2,E27 6JW,9782-3196-46560,RED Plus,2024-03-23,23 March 2027,42000,24.67,Live
S-21362,TEM-37577-D,Ellerton site 3,E13 1AT,47 8456 8169 101,RED,2024-10-03,03 October 2027,88000,22.46,Live
S-21363,TEM-18411-G,Pemberley site 1,N5 5ET,07 6667 5255 635,REDzero,2025-10-08,2027-10-08,480000,31.38,Live
S-21364,TEM-18411-G,Pemberley site 2,B24 7BP,1736-5485-33299,RED,24/04/2025,24-Apr-27,88000,18.92,Live
S-21365,TEM-18411-G,Pemberley site 3,B29 8ND,9039646154707,RED,19/09/2024,19/09/2026,210000,25.52,Live
S-21366,TEM-38521-E,Silverbeck site 1,N20 7EX,9533-8947-37038,RED,20/04/2025,19 April 2028,480000,27.58,Live
S-21367,TEM-59955-E,Denholm site 1,L25 8ND,1331-8430-07276,RED,2023-10-25,2026-10-24,120000,32.29,Live
S-21368,TEM-59955-E,Denholm site 2,N17 8BW,02 1196 9500 679,RED,2024-09-06,06-Sep-26,910000,24.8,Live
S-21369,TEM-59955-E,Denholm site 3,E28 7HP,1360860700882,RED Plus,31/10/2025,31-Oct-26,910000,22.28,Live
S-21370,TEM-59955-E,Denholm site 4,N9 4EP,32 4454 9042 362,RED,18/08/2024,18-Aug-27,62500,31.19,Live
S-21371,TEM-59955-E,Denholm site 5,S17 9EW,2722-6962-08685,RED Plus,16/11/2025,16-Nov-26,62500,26.83,Live
S-21372,TEM-59955-E,Denholm site 6,G29 7NT,2258747748698,RED,09/03/2026,08/03/2028,62500,26.4,Live
S-21373,TEM-23759-C,Eastbrook site 1,L12 7HP,1221-2237-02319,RED,2024-08-20,20 August 2027,155000,25.16,Live
S-21374,TEM-42085-C,Bluewater site 1,L7 3HD,3913969373205,RED,24/05/2026,24/05/2027,910000,28.5,Live
S-21375,TEM-76616-F,Kingsmead site 1,L25 7NR,7875760595141,RED,2025-09-15,15-Sep-27,62500,29.49,Live
S-21376,TEM-93920-F,Pemberley site 1,L5 8NT,1056063095137,RED,2026-06-11,11 June 2027,210000,20.73,Live
S-21377,TEM-93920-F,Pemberley site 2,G3 2NP,77 4262 8388 443,RED,25/09/2025,25/09/2026,88000,24.18,Live
S-21378,TEM-93920-F,Pemberley site 3,B18 9HD,2382150667387,REDzero,18/05/2027,17/05/2028,155000,31.06,Live
S-21379,TEM-93920-F,Pemberley site 4,S6 4ED,4648-6841-16343,RED,01/09/2024,01-Sep-27,1250000,29.1,Live
S-21380,TEM-93920-F,Pemberley site 5,M19 1NR,1794-7043-03751,RED,2025-03-03,02/03/2028,660000,31.39,Live
S-21381,TEM-93920-F,Pemberley site 6,B28 1AD,7811597731672,RED,2024-10-28,28 October 2027,88000,30.21,Live
S-21382,TEM-34916-F,Ottershaw site 1,L1 1BR,58 2519 7641 092,RED,02/10/2025,02-Oct-26,120000,26.99,Live
S-21383,TEM-34916-F,Ottershaw site 2,N11 1ED,08 0205 7598 709,RED,29/04/2027,28 April 2028,120000,32.22,Live
S-21384,TEM-34916-F,Ottershaw site 3,G1 9NW,2408-8783-45321,RED Plus,2025-05-29,28 May 2028,910000,18.81,Live
S-21385,TEM-34916-F,Ottershaw site 4,B5 4AD,1605625307142,RED Plus,04/12/2023,2026-12-03,120000,21.19,Live
S-21386,TEM-34916-F,Ottershaw site 5,B12 7ND,7712388662585,RED,09/02/2026,2028-02-09,88000,23.58,Live
S-21387,TEM-34916-F,Ottershaw site 6,L19 7BR,4429151758391,RED Plus,17/11/2024,17-Nov-27,2100000,21.95,Live
S-21388,TEM-34916-F,Ottershaw site 7,N21 6JD,03 6337 1256 068,REDzero,2023-10-16,15 October 2026,1250000,23.89,Live
S-21389,TEM-34916-F,Ottershaw site 8,B30 9NP,5069974097042,REDzero,11/11/2023,10-Nov-26,480000,30.06,Live
S-21390,TEM-90780-E,Padstow site 1,B20 2NX,2340-7810-01220,RED,21/02/2025,2026-02-21,120000,18.33,Ended
S-21391,TEM-50708-B,Tanfield site 1,S21 7JX,18 4114 2700 804,RED,2024-12-01,01 December 2027,2100000,31.3,Live
S-21392,TEM-58894-A,Hollybush site 1,M9 2EP,3660161511089,RED,2026-01-04,04-Jan-27,62500,20.08,Live
S-21393,TEM-97659-C,Dunmore site 1,L16 8EP,2062013662194,REDzero,2023-10-17,2026-10-16,155000,31.35,Live
S-21394,TEM-93550-D,Atlas site 1,G11 9HR,8397-2564-54573,RED Plus,03/06/2024,03 June 2027,2100000,32.46,Live
S-21395,TEM-62690-B,Rosedale site 1,S29 2ER,2135766276307,RED Plus,20/11/2023,19/11/2026,88000,19.17,Live
S-21396,TEM-94731-F,Caldwell site 1,M15 3AX,47 6222 4605 947,RED,25/12/2024,25-Dec-27,62500,23.17,Live
S-21397,TEM-70323-F,Maplin site 1,E22 6AP,6111-2662-00291,REDzero,08/10/2023,07/10/2026,120000,28.87,Live
S-21398,TEM-62181-G,Ingleby site 1,E8 4NW,2665658761814,REDzero,01/04/2026,01/04/2027,1250000,22.96,Live
S-21399,TEM-19581-A,Yarrow site 1,S16 6NR,20 0163 2672 185,RED Plus,08/04/2027,07-Apr-28,340000,19.73,Live
S-21400,TEM-23320-G,Zetland site 1,S28 1AP,7188-3968-48841,RED,2025-10-05,05/10/2026,910000,29.33,Live
S-21401,TEM-23320-G,Zetland site 2,G24 3JW,3534507085127,RED,2025-01-01,01-Jan-27,340000,31.29,Live
S-21402,TEM-23320-G,Zetland site 3,E4 3BR,78 8825 3229 291,RED,01/11/2026,2027-11-01,1250000,24.43,Live
S-21403,TEM-23320-G,Zetland site 4,G3 7NP,62 2052 3863 671,RED,2024-12-29,29 December 2026,155000,22.99,Live
S-21404,TEM-23320-G,Zetland site 5,B23 4EP,0285-7769-32295,REDzero,2025-05-31,30/05/2028,88000,24.41,Live
S-21405,TEM-23320-G,Zetland site 6,B6 7HR,9740-1690-39143,REDzero,2026-01-14,14-Jan-28,120000,24.52,Live
S-21406,TEM-23320-G,Zetland site 7,E26 3JD,17 5059 5878 880,REDzero,2024-09-28,2026-09-28,480000,23.85,Live
S-21407,TEM-23320-G,Zetland site 8,M30 2ET,3589163428018,REDzero,2024-11-22,22 November 2027,62500,18.35,Live
S-21408,TEM-26318-E,Kelbrook site 1,G25 4AX,2847408836711,RED,02/01/2024,01/01/2027,340000,19.05,Live
S-21409,TEM-26318-E,Kelbrook site 2,N11 3AD,6644949470624,RED Plus,06/05/2027,05-May-28,210000,25.13,Live
S-21410,TEM-26318-E,Kelbrook site 3,E6 7JR,8657-7094-19484,RED,24/03/2027,2028-03-23,340000,25.86,Live
S-21411,TEM-26318-E,Kelbrook site 4,B10 8NW,0856-3133-38939,RED,09/12/2025,09/12/2026,62500,22.42,Live
S-21412,TEM-23142-B,Quenington site 1,S22 6NW,9848-9265-59134,RED,12/09/2025,12 September 2027,480000,30.91,Live
S-21413,TEM-10614-B,Zetland site 1,G9 8AX,48 4779 1136 808,RED,2027-03-10,09-Mar-28,42000,17.65,Live
S-21414,TEM-95191-G,Elmwood site 1,S29 9JP,6088336987489,RED,2024-11-28,28/11/2027,88000,20.03,Live
S-21415,TEM-23040-A,Jespersen site 1,N22 8AR,3091949934620,RED,17/09/2025,2026-09-17,120000,22.64,Live
S-21416,TEM-57875-C,Stanhope site 1,S30 9EP,0627753234390,RED Plus,01/05/2026,2027-05-01,2100000,23.56,Live
S-21417,TEM-57875-C,Stanhope site 2,B14 6JD,3094-3665-59681,RED,2023-09-25,24-Sep-26,1250000,20.34,Live
S-21418,TEM-57695-G,Farrier site 1,S28 6JW,48 2350 8432 408,REDzero,2025-05-17,17-May-27,88000,21.42,Live
S-21419,TEM-62074-G,Maplin site 1,G29 1EP,8080463364503,RED,2025-02-26,26-Feb-27,155000,32.27,Live
S-21420,TEM-66136-A,Rosedale site 1,M16 1HD,29 6018 5455 123,REDzero,2025-05-30,29/05/2028,910000,21.19,Live
S-21421,TEM-66136-A,Rosedale site 2,N8 3NT,1904284657867,RED,2024-07-31,31/07/2027,88000,22.13,Live
S-21422,TEM-66136-A,Rosedale site 3,S11 1ET,3929-5876-56796,RED,26/02/2025,26 February 2028,910000,22.8,Live
S-21423,TEM-26396-E,Selworthy site 1,B29 6JR,6809-6679-15316,RED,14/05/2025,14-May-27,340000,25.93,Live
S-21424,TEM-49829-G,Wrenfield site 1,L3 8AP,51 4661 7245 553,RED Plus,01/02/2024,31-Jan-27,2100000,20.7,Live
S-21425,TEM-49829-G,Wrenfield site 2,N13 1AR,0299-2129-88658,RED,28/07/2025,2027-07-28,2100000,27.53,Live
S-21426,TEM-49829-G,Wrenfield site 3,N25 3EW,7303-5797-27664,RED,29/04/2024,29 April 2027,910000,24.71,Live
S-21427,TEM-49829-G,Wrenfield site 4,N24 5NX,6413452698713,RED,23/11/2024,23/11/2026,62500,19.78,Live
S-21428,TEM-25322-B,Millpond site 1,B10 6BD,9632340406552,RED,2022-05-22,2025-05-21,120000,25.08,Ended
S-21429,TEM-20342-E,Kestrel site 1,G13 1JD,3017367050250,RED,2024-03-08,2027-03-08,88000,22.47,Live
S-21430,TEM-65790-F,Millpond site 1,B29 4NW,9748726054291,RED Plus,08/06/2026,08/06/2027,88000,31.72,Live
S-21431,TEM-72183-E,Tanfield site 1,E1 7JX,9099-2445-44564,RED,18/12/2024,18/12/2027,120000,25.96,Live
S-21432,TEM-81984-D,Summerton site 1,N10 4BW,3683263162039,RED Plus,23/12/2023,22/12/2026,2100000,20.86,Live
S-21433,TEM-77278-D,Rosedale site 1,L25 6BW,2868-2577-35542,RED Plus,21/10/2025,21-Oct-26,88000,26.61,Live
S-21434,TEM-51615-B,Dunmore site 1,S20 2JT,6180843475620,RED,10/12/2024,10/12/2026,155000,22.65,Live
S-21435,TEM-51615-B,Dunmore site 2,G15 4JD,4966391502672,RED,2025-09-02,02-Sep-27,62500,30.58,Live
S-21436,TEM-98156-D,Lowther site 1,N30 7AP,46 2001 7741 091,RED Plus,2025-11-12,12-Nov-27,120000,18.9,Live
S-21437,TEM-19586-C,Tredegar site 1,N21 9AW,0941-3546-85969,REDzero,24/03/2025,2026-03-24,2100000,24.84,Ended
S-21438,TEM-70466-A,Atlas site 1,S1 6AW,8216059803289,RED Plus,2025-06-01,01-Jun-27,62500,29.57,Live
S-21439,TEM-42045-F,Halewood site 1,S27 5JR,32 9866 4987 340,RED,12/10/2024,2026-10-12,910000,27.9,Live
S-21440,TEM-27195-B,Padstow site 1,M4 5JX,02 6216 8548 508,RED,2024-12-24,24/12/2026,480000,20.17,Live
S-21441,TEM-81540-F,Stanhope site 1,N28 3BW,9391-1092-15725,RED,2024-08-27,2027-08-27,62500,24.19,Live
S-21442,TEM-81540-F,Stanhope site 2,E26 2EP,9506-6290-70387,RED,22/02/2025,22 February 2027,42000,23.67,Live
S-21443,TEM-81540-F,Stanhope site 3,M9 6HR,6266-8533-69352,RED,2024-12-06,06 December 2026,1250000,29.51,Live
S-21444,TEM-81540-F,Stanhope site 4,G25 2BW,1028-9371-17450,REDzero,2026-04-30,2028-04-29,2100000,27.22,Live
S-21445,TEM-81540-F,Stanhope site 5,G25 1BD,47 7895 7336 083,REDzero,10/04/2026,2027-04-10,155000,26.52,Live
S-21446,TEM-81540-F,Stanhope site 6,G16 6EW,3259694172015,RED,20/05/2026,20/05/2027,2100000,21.22,Live
S-21447,TEM-81540-F,Stanhope site 7,G11 1AR,0951867047432,RED,2024-10-30,2026-10-30,480000,23.89,Live
S-21448,TEM-81540-F,Stanhope site 8,N2 1HD,7448-5478-39704,REDzero,04/03/2025,04/03/2027,155000,32.25,Live
S-21449,TEM-73488-G,Bluewater site 1,B25 5ET,7403-5166-61494,RED,27/11/2024,27 November 2026,88000,21.17,Live
S-21450,TEM-22988-C,Silverbeck site 1,S12 4AP,91 9294 8702 239,RED,26/10/2024,26/10/2026,2100000,31.97,Live
S-21451,TEM-22988-C,Silverbeck site 2,L14 3ED,5327818254774,RED,2025-04-19,19 April 2027,155000,26.31,Live
S-21452,TEM-22988-C,Silverbeck site 3,E16 1ER,1608596520764,RED,2023-10-10,2026-10-09,660000,19.54,Live
S-21453,TEM-22988-C,Silverbeck site 4,M3 8EX,4658034136860,RED,20/08/2024,2027-08-20,2100000,23.69,Live
S-21454,TEM-22988-C,Silverbeck site 5,N3 4ER,4703-7845-25293,RED Plus,07/05/2026,06-May-28,480000,19.89,Live
S-21455,TEM-22988-C,Silverbeck site 6,S27 3NT,3774210773976,RED Plus,03/04/2025,02/04/2028,1250000,22.23,Live
S-21456,TEM-22988-C,Silverbeck site 7,G22 3ER,6235114821876,RED,2024-11-18,18-Nov-27,480000,29.57,Live
S-21457,TEM-22988-C,Silverbeck site 8,N16 6AD,03 8505 4464 343,RED Plus,2027-01-19,2028-01-19,120000,20.7,Live
S-21458,TEM-85422-A,Tanfield site 1,L18 4ND,1924317491422,RED,25/03/2024,25-Mar-27,660000,18.33,Live
S-21459,TEM-88620-A,Larkspur site 1,S3 7JT,0812727401377,RED,2026-06-12,12-Jun-27,2100000,19.47,Live
S-21460,TEM-88620-A,Larkspur site 2,B21 6NR,25 1864 3535 267,RED Plus,2025-09-06,06/09/2026,88000,21.9,Live
S-21461,TEM-88620-A,Larkspur site 3,B24 3ER,6882-9207-63028,REDzero,2024-09-13,13 September 2027,42000,25.18,Live
S-21462,TEM-88620-A,Larkspur site 4,E7 8NX,0892-9035-55129,RED,06/09/2025,06/09/2026,62500,22.23,Live
S-21463,TEM-88620-A,Larkspur site 5,B4 7EW,6100402976722,RED,2026-07-21,21 July 2027,62500,31.73,Live
S-21464,TEM-88620-A,Larkspur site 6,G28 1AW,72 1194 8811 254,REDzero,2025-05-02,02 May 2027,2100000,18.65,Live
S-21465,TEM-67346-E,Summerton site 1,N8 3HP,9762-8425-78911,RED Plus,21/05/2027,20-May-28,2100000,26.77,Live
S-21466,TEM-67346-E,Summerton site 2,S30 4BP,08 7240 7828 045,RED,07/01/2024,06-Jan-27,155000,29.87,Live
S-21467,TEM-71472-E,Farrier site 1,G1 6EX,7391082024827,REDzero,04/12/2022,03-Dec-25,1250000,24.53,Ended
S-21468,TEM-71472-E,Farrier site 2,L16 4HW,9956-6774-02521,REDzero,2024-02-11,10/02/2025,120000,30.68,Ended
S-21469,TEM-71472-E,Farrier site 3,N14 4EP,0089659681088,RED,2021-11-12,11-Nov-24,62500,27.28,Ended
S-21470,TEM-71472-E,Farrier site 4,S16 7JW,3231692518752,RED,2024-05-06,06/05/2025,340000,20.76,Ended
S-21471,TEM-81438-B,Ironbridge site 1,E5 8HD,0455775575431,REDzero,2022-05-08,07 May 2025,660000,19.87,Ended
S-21472,TEM-81438-B,Ironbridge site 2,B13 8BR,2850-5619-38362,RED,2023-10-28,27-Oct-25,480000,18.82,Ended
S-21473,TEM-84446-B,Saltmarsh site 1,G23 9HW,4084858451438,RED,21/12/2023,20/12/2026,42000,24.29,Live
S-21474,TEM-53150-D,Kingsmead site 1,N8 5HP,5543-6151-56867,RED,2027-02-18,18-Feb-28,910000,24.62,Live
S-21475,TEM-54962-G,Ironbridge site 1,B16 7JT,59 9179 0350 671,RED,03/11/2024,2026-11-03,480000,26.49,Live
S-21476,TEM-54962-G,Ironbridge site 2,B13 2BT,89 0787 1982 867,RED,2027-04-20,2028-04-19,910000,30.56,Live
S-21477,TEM-54962-G,Ironbridge site 3,N9 8BD,4426871708940,REDzero,22/10/2024,22 October 2027,155000,20.59,Live
S-21478,TEM-54962-G,Ironbridge site 4,N21 1HW,8781-9804-15249,RED,2024-12-31,31 December 2027,660000,23.36,Live
S-21479,TEM-54962-G,Ironbridge site 5,M26 4AD,0909-1344-91948,RED Plus,09/08/2024,09-Aug-27,62500,31.96,Live
S-21480,TEM-54962-G,Ironbridge site 6,G10 8ND,43 9154 7303 720,RED,2026-05-11,10 May 2028,120000,29.67,Live
S-21481,TEM-76213-E,Denholm site 1,S19 5BD,3348-4569-41722,RED,2025-02-09,2027-02-09,62500,28.7,Live
S-21482,TEM-76213-E,Denholm site 2,E13 2JX,6747750441007,REDzero,2024-10-15,15 October 2027,660000,26.27,Live
S-21483,TEM-77907-D,Norbury site 1,S30 4HP,4724-4090-91049,REDzero,26/11/2021,25-Nov-24,88000,19.14,Ended
S-21484,TEM-11342-C,Stanhope site 1,G18 9ND,5840618632392,RED,2024-06-30,30 June 2026,2100000,29.76,Ended
S-21485,TEM-68312-D,Lowther site 1,E19 7JW,89 1418 8979 395,RED,2024-12-29,29-Dec-26,42000,24.37,Live
S-21486,TEM-15304-G,Foxglove site 1,M21 7JP,3096562175074,RED,16/06/2025,16 June 2027,480000,27.39,Live
S-21487,TEM-61238-C,Ullswater site 1,B2 2JT,9741410087012,REDzero,10/09/2025,2026-09-10,120000,23.01,Live
S-21488,TEM-33182-D,Jespersen site 1,M5 7HW,1695-6640-04836,RED,02/01/2026,2027-01-02,88000,30.8,Live
S-21489,TEM-39185-G,Nettlebed site 1,S22 2NX,6330-2073-21939,REDzero,2025-11-07,07 November 2027,120000,20.77,Live
S-21490,TEM-58373-E,Lighthouse site 1,S15 2HD,26 9594 0663 461,REDzero,14/09/2024,14/09/2026,155000,23.59,Live
S-21491,TEM-87942-F,Jespersen site 1,E10 4NR,10 3123 2766 252,RED,2025-03-05,05-Mar-27,340000,21.74,Live
S-21492,TEM-64978-G,Bluewater site 1,B23 4ER,5087-9395-68759,RED,17/08/2025,2027-08-17,1250000,21.3,Live
S-21493,TEM-16209-D,Ashcombe site 1,M23 2BT,16 8716 7001 250,RED,08/05/2026,2028-05-07,62500,23.27,Live
S-21494,TEM-23471-D,Ottershaw site 1,S30 6NW,5138-4036-37742,RED,2023-07-09,2026-07-08,910000,17.77,Ended
S-21495,TEM-70764-F,Marlow site 1,S19 3HT,3734895157887,RED,25/06/2024,2027-06-25,340000,20.66,Live
S-21496,TEM-34536-F,Hollybush site 1,M6 7JP,06 6305 7013 514,RED,08/07/2026,2027-07-08,2100000,19.83,Live
S-21497,TEM-34536-F,Hollybush site 2,M22 1BX,41 1229 3983 954,REDzero,2025-10-20,20-Oct-26,120000,23.27,Live
S-21498,TEM-34536-F,Hollybush site 3,L21 6HD,99 4917 5427 873,RED,13/09/2026,13/09/2027,480000,30.19,Live
S-21499,TEM-66176-C,Kestrel site 1,M7 1JT,64 0958 6542 606,RED,2026-09-17,17-Sep-27,910000,29.33,Live
S-21500,TEM-53508-G,Stanhope site 1,M4 4NR,3280296739958,RED Plus,14/03/2026,13 March 2028,155000,27.84,Live
S-21501,TEM-29844-F,Stanhope site 1,N7 2HX,8873060151599,RED,2023-02-10,09 February 2026,2100000,32.1,Ended
S-21502,TEM-29844-F,Stanhope site 2,N14 3HR,90 4777 8588 994,REDzero,2025-06-04,04 June 2026,910000,27.45,Ended
S-21503,TEM-26009-E,Quenington site 1,N3 2BW,49 7328 3788 687,RED,2023-04-20,2026-04-19,1250000,28.23,Ended
S-21504,TEM-26009-E,Quenington site 2,L27 5HR,80 2778 6193 934,RED,05/02/2024,2025-02-04,88000,19.81,Ended
S-21505,TEM-97260-G,Langmere site 1,G2 6BD,2730201244769,RED Plus,05/01/2027,05/01/2028,1250000,25.7,Live
S-21506,TEM-47631-C,Lighthouse site 1,G7 8JT,1061-6891-51499,RED Plus,28/10/2024,28 October 2027,155000,18.25,Live
S-21507,TEM-47631-C,Lighthouse site 2,B2 6JD,2367-9899-40517,RED,30/11/2023,29-Nov-26,910000,23.59,Live
S-21508,TEM-47631-C,Lighthouse site 3,B1 9ND,95 6694 1553 372,REDzero,11/04/2024,11/04/2027,88000,27.22,Live
S-21509,TEM-47631-C,Lighthouse site 4,S6 8ND,0798353944347,RED,25/10/2025,25/10/2027,62500,20.38,Live
S-21510,TEM-71556-B,Cranleigh site 1,L3 3BT,86 2043 8840 035,RED Plus,23/11/2026,23 November 2027,155000,23.49,Live
S-21511,TEM-71556-B,Cranleigh site 2,B23 5HW,6699941887215,RED,2024-06-22,22 June 2027,660000,29.69,Live
S-21512,TEM-71556-B,Cranleigh site 3,N20 9BR,3117483436096,RED,2024-12-14,14 December 2026,340000,27.24,Live
S-21513,TEM-71556-B,Cranleigh site 4,G15 1EP,20 4144 1747 830,RED Plus,2025-11-22,2026-11-22,1250000,30.41,Live
S-21514,TEM-71556-B,Cranleigh site 5,G15 9AT,2795-6184-03819,RED,25/01/2024,24 January 2027,120000,28.62,Live
S-21515,TEM-71556-B,Cranleigh site 6,M13 5HR,0443-5570-16588,RED,2024-11-01,01 November 2027,88000,26.94,Live
S-21516,TEM-44241-E,Elmwood site 1,N24 7AD,7139-0771-55503,RED Plus,04/09/2025,04/09/2026,1250000,21.87,Live
S-21517,TEM-24419-E,Rosedale site 1,M7 8HR,7071100828392,RED,15/04/2024,15 April 2027,42000,23.16,Live
S-21518,TEM-24419-E,Rosedale site 2,L17 6BT,8126599181112,REDzero,16/01/2025,16-Jan-28,210000,21.98,Live
S-21519,TEM-24419-E,Rosedale site 3,E7 2AX,0874-3522-65318,REDzero,2026-01-14,2027-01-14,910000,25.12,Live
S-21520,TEM-24419-E,Rosedale site 4,G15 3HP,30 6672 5878 365,RED,03/11/2024,03/11/2027,480000,18.89,Live
S-21521,TEM-24419-E,Rosedale site 5,S6 7JP,6490-7543-28686,RED,15/04/2025,15 April 2027,910000,26.65,Live
S-21522,TEM-24419-E,Rosedale site 6,E12 6BT,4011-4091-38683,RED,07/11/2025,07-Nov-26,660000,24.66,Live
S-21523,TEM-24008-C,Quayside site 1,L14 2ND,3715507013409,RED,2024-02-08,2027-02-07,2100000,23.13,Live
S-21524,TEM-24008-C,Quayside site 2,G16 6NR,48 6221 9862 195,REDzero,2025-09-22,2027-09-22,210000,25.52,Live
S-21525,TEM-85596-F,Jespersen site 1,M18 2JR,2304-6532-06479,REDzero,2025-08-25,25 August 2027,480000,28.26,Live
S-21526,TEM-36102-F,Halewood site 1,G26 8BP,64 8888 2900 561,RED,07/02/2026,07 February 2027,1250000,26.37,Live
S-21527,TEM-65143-C,Norbury site 1,S18 4BD,7358513555532,REDzero,04/09/2025,2027-09-04,660000,20.18,Live
S-21528,TEM-74749-E,Summerton site 1,M27 3HP,35 0282 4229 168,RED,2027-03-16,15/03/2028,120000,31.04,Live
S-21529,TEM-43378-F,Norbury site 1,L11 9AR,8656285568946,RED,03/03/2026,03/03/2027,42000,19.74,Live
S-21530,TEM-43378-F,Norbury site 2,N3 4AT,4720-6364-30062,RED,03/10/2026,03/10/2027,660000,22.74,Live
S-21531,TEM-63883-A,Bluewater site 1,N1 9AT,8847-8955-25870,RED,07/05/2027,06/05/2028,910000,20.55,Live
S-21532,TEM-97351-B,Silverbeck site 1,N27 9JX,8769-9490-13126,RED,2026-01-08,08-Jan-27,1250000,24.43,Live
S-21533,TEM-82799-F,Farrier site 1,S22 3BD,32 1736 0196 104,RED Plus,2023-01-18,17-Jan-25,88000,25.55,Ended
S-21534,TEM-28933-C,Hollybush site 1,B7 4AR,2416-7419-76234,RED Plus,2025-04-16,2027-04-16,88000,20.28,Live
S-21535,TEM-28933-C,Hollybush site 2,N17 1ND,30 1925 1231 210,RED,30/03/2025,29-Mar-28,42000,27.12,Live
S-21536,TEM-28933-C,Hollybush site 3,B24 7HP,8089589366704,RED,2027-01-08,08/01/2028,88000,28.17,Live
S-21537,TEM-12066-A,Whitethorn site 1,S25 5JR,7917200349431,REDzero,12/03/2026,12/03/2027,120000,20.6,Live
S-21538,TEM-46031-G,Verity site 1,E11 7BX,9109-8389-50796,REDzero,07/08/2026,07/08/2027,42000,31.11,Live
S-21539,TEM-69021-D,Silverbeck site 1,G21 4BP,5727-0101-74804,RED,06/12/2025,06/12/2027,910000,25.56,Live
S-21540,TEM-28272-C,Ironbridge site 1,M9 9JD,0872-0401-42388,REDzero,10/02/2025,10-Feb-26,62500,17.64,Ended
S-21541,TEM-14033-G,Norbury site 1,S13 1BR,37 2995 0975 267,RED,2025-12-13,13/12/2027,155000,23.55,Live
S-21542,TEM-53591-A,Westcliff site 1,E16 7NR,7517-1045-14372,RED,10/05/2027,09/05/2028,660000,27.63,Live
S-21543,TEM-12693-E,Cranleigh site 1,L1 4HX,6273997264797,REDzero,2025-09-19,19-Sep-26,88000,29.67,Live
S-21544,TEM-12693-E,Cranleigh site 2,L21 3NW,1758192637859,REDzero,2026-10-31,2027-10-31,62500,22.72,Live
S-21545,TEM-27070-D,Summerton site 1,S15 8ET,173279928301,RED,27/05/2026,26/05/2028,155000,26.85,Live
S-21546,TEM-27070-D,Summerton site 2,G30 2BD,5014-8041-63318,RED,17/04/2026,17 April 2027,480000,21.62,Live
S-21547,TEM-27070-D,Summerton site 3,M13 5JD,3689-7958-51169,RED Plus,14/12/2025,2026-12-14,210000,18.18,Live
S-21548,TEM-20082-C,Cobalt site 1,L25 5HD,56 7782 3357 422,RED,17/12/2026,17/12/2027,1250000,26.71,Live
S-21549,TEM-64292-G,Ashcombe site 1,N26 5HW,3007-8356-16496,RED,08/04/2025,07/04/2028,480000,18.55,Live
S-21550,TEM-49941-D,Quenington site 1,G21 7NP,0579-4839-36559,RED,2024-12-19,2026-12-19,1250000,25.63,Live
S-21551,TEM-49941-D,Quenington site 2,M4 5BT,96 1239 8734 701,RED,26/10/2026,26-Oct-27,120000,21.27,Live
S-21552,TEM-12449-E,Vantage site 1,B11 8NX,9344028543110,REDzero,2024-04-02,2027-04-02,155000,23.81,Live
S-21553,TEM-51593-E,Umberside site 1,E22 4HD,2800-2260-54825,RED,15/11/2026,15-Nov-27,2100000,26.52,Live
S-21554,TEM-80432-G,Saltmarsh site 1,L23 8AX,86 6506 3397 999,REDzero,2027-02-24,24-Feb-28,210000,31.19,Live
S-21555,TEM-13993-B,Merrivale site 1,M27 7AD,0244-3409-86746,RED,29/07/2025,29-Jul-27,1250000,24.57,Live
S-21556,TEM-13993-B,Merrivale site 2,E25 3ER,0796762549977,RED Plus,2024-12-22,22 December 2027,910000,23.71,Live
S-21557,TEM-13993-B,Merrivale site 3,M15 4ED,0160734353018,RED Plus,2024-09-25,2027-09-25,340000,19.7,Live
S-21558,TEM-24809-A,Cedar site 1,B20 5BW,51 0517 1587 066,RED,2025-01-26,26 January 2027,62500,19.54,Live
S-21559,TEM-17460-E,Thackery site 1,B12 6NT,3037107033879,RED,2022-11-28,27 November 2024,88000,31.33,Ended
S-21560,TEM-85181-C,Lowther site 1,G30 9AX,23 3506 1106 779,RED,2026-07-28,28/07/2027,1250000,28.13,Live
S-21561,TEM-51943-A,Applegarth site 1,G10 7BW,5695-3053-10003,RED,2024-10-02,02 October 2027,210000,22.99,Live
S-21562,TEM-48933-C,Cranleigh site 1,S6 5AD,3808-1032-25533,REDzero,11/08/2024,11/08/2026,340000,30.03,OOC
S-21563,TEM-48933-C,Cranleigh site 2,L26 4JT,47 2071 4729 419,REDzero,06/02/2026,06-Feb-28,62500,22.86,Live
S-21564,TEM-81140-A,Hollybush site 1,E21 5ND,6335-3102-09629,REDzero,2026-10-12,12-Oct-27,340000,29.07,Live
S-21565,TEM-74431-G,Ironbridge site 1,S28 1EX,5650-2379-25416,RED,2025-01-16,16 January 2028,155000,31.39,Live
S-21566,TEM-51720-D,Bexley site 1,G5 4JD,3205-7713-05111,REDzero,04/12/2023,03 December 2026,120000,19.1,Live
S-21567,TEM-64473-C,Atlas site 1,E1 7HX,1743717075007,RED,24/10/2025,24-Oct-27,62500,18.7,Live
S-21568,TEM-15234-B,Larkspur site 1,M22 4BT,8634372649618,RED Plus,06/05/2024,06/05/2025,88000,32.13,Ended
S-21569,TEM-83880-D,Eastbrook site 1,M19 6ER,8671-4334-17294,RED,2024-10-25,25 October 2026,210000,23.7,Live
S-21570,TEM-83880-D,Eastbrook site 2,M6 1HW,98 0193 6174 872,RED,16/03/2024,16/03/2027,340000,18.43,Live
S-21571,TEM-47287-A,Hatherley site 1,L24 3HX,2422-4934-77062,RED Plus,16/11/2021,2024-11-15,1250000,19.16,Ended
S-21572,TEM-99084-E,Wrenfield site 1,B8 8JT,0064-8269-01120,RED Plus,2025-04-04,2027-04-04,210000,20.3,Live
S-21573,TEM-97268-D,Lighthouse site 1,L25 6JX,9584976696607,RED Plus,2024-01-06,05-Jan-26,120000,27.51,Ended
S-21574,TEM-10648-E,Whitethorn site 1,G5 1HP,6781102535998,REDzero,2026-07-05,05/07/2027,62500,31.46,Live
S-21575,TEM-83032-A,Elmwood site 1,N21 8HP,6441038806466,RED,16/03/2026,16/03/2027,480000,28.39,Live
S-21576,TEM-54890-F,Tredegar site 1,B26 6BR,3822732188933,REDzero,03/04/2027,02 April 2028,155000,31.85,Live
S-21577,TEM-97284-C,Kingsmead site 1,M28 6JR,9709477978470,RED,2022-10-19,18 October 2025,660000,18.91,Ended
S-21578,TEM-64515-D,Gilded site 1,L1 3HP,0652808850666,RED,17/04/2026,2027-04-17,62500,28.95,Live
S-21579,TEM-15011-B,Yarrow site 1,N24 4NX,63 2283 8069 636,RED,27/01/2027,27/01/2028,340000,23.92,Live
S-21580,TEM-84816-D,Bluewater site 1,L23 8JT,6972925222942,RED,2027-04-20,2028-04-19,62500,22.48,Live
S-21581,TEM-10658-D,Ingleby site 1,E23 4AP,94 3348 9968 960,RED,2024-10-19,2027-10-19,120000,17.54,Live
S-21582,TEM-10658-D,Ingleby site 2,S23 5HR,08 1850 7123 847,RED Plus,2025-12-20,20/12/2027,910000,30.44,Live
S-21583,TEM-62796-C,Stanhope site 1,G6 5HX,05 4329 7511 756,RED,03/05/2024,03/05/2027,42000,21.89,Live
S-21584,TEM-80276-G,Marlow site 1,G26 6BR,3233-3285-27400,RED,06/02/2026,2027-02-06,42000,29.49,Live
S-21585,TEM-80276-G,Marlow site 2,L16 7JR,8727358422321,RED,2026-05-17,16 May 2028,910000,30.04,Live
S-21586,TEM-94734-C,Gilded site 1,N19 7NR,58 3840 6778 611,REDzero,2024-12-12,12/12/2027,88000,21.51,Live
S-21587,TEM-94734-C,Gilded site 2,L12 5ED,3272304763813,RED,03/06/2024,03 June 2027,1250000,24.14,Live
S-21588,TEM-36124-C,Kestrel site 1,M6 6EP,2942031173149,RED,12/01/2026,12-Jan-27,1250000,29.06,Live
S-21589,TEM-36124-C,Kestrel site 2,E27 5BX,3865-3575-43722,REDzero,14/12/2025,14 December 2026,155000,28.74,Live
S-21590,TEM-36124-C,Kestrel site 3,M26 5JT,8535703589353,REDzero,2025-01-16,16-Jan-28,1250000,25.55,Live
S-21591,TEM-36124-C,Kestrel site 4,E7 5ER,07 1072 1073 137,REDzero,21/10/2026,21-Oct-27,660000,22.09,Live
S-21592,TEM-36124-C,Kestrel site 5,S14 8ER,6611844555330,RED,20/06/2026,2027-06-20,340000,25.69,Live
S-21593,TEM-36124-C,Kestrel site 6,L13 9HW,9477047667293,RED,2025-10-09,2027-10-09,88000,31.79,Live
S-21594,TEM-36124-C,Kestrel site 7,S17 2BW,4242004052632,REDzero,04/02/2025,04-Feb-28,1250000,25.9,Live
S-21595,TEM-36124-C,Kestrel site 8,L27 5HX,6147580145247,RED,2025-01-09,09-Jan-27,2100000,30.62,Live
S-21596,TEM-47225-E,Garwood site 1,B23 4BT,31 7530 6218 306,REDzero,2027-01-26,2028-01-26,210000,30.9,Live
S-21597,TEM-47225-E,Garwood site 2,E16 5ET,6365-8283-71913,REDzero,20/06/2025,20/06/2027,2100000,30.9,Live
S-21598,TEM-47225-E,Garwood site 3,G2 3BT,8611840017951,RED,19/10/2023,2026-10-18,42000,25.36,Live
S-21599,TEM-76050-B,Yarrow site 1,B14 8ED,13 2981 2753 168,RED Plus,2026-01-24,24-Jan-27,2100000,19.31,Live
S-21600,TEM-65971-G,Nettlebed site 1,S11 4NX,15 9353 9944 167,RED,05/12/2023,04-Dec-26,340000,28.62,Live
S-21601,TEM-87221-A,Hatherley site 1,N28 9NT,39 6402 2828 766,RED Plus,25/08/2025,25-Aug-27,120000,21.19,Live
S-21602,TEM-87221-A,Hatherley site 2,B14 4AR,7854478001894,RED,26/06/2026,2027-06-26,88000,26.82,Live
S-21603,TEM-64978-G,Kelbrook site 1,L20 3BD,23 1453 8963 139,RED,15/03/2026,15-Mar-27,210000,30.15,Live
S-21604,TEM-64978-G,Kelbrook site 2,M25 7ND,7751-6049-93332,RED,2024-09-14,14 September 2027,2100000,27.23,Live
S-21605,TEM-64978-G,Kelbrook site 3,G1 9JX,4239355694966,REDzero,2023-10-18,17-Oct-26,155000,21.21,Live
S-21606,TEM-64978-G,Kelbrook site 4,E1 8AD,50 1681 7321 560,RED,13/12/2026,13 December 2027,2100000,25.26,Live
S-21607,TEM-64978-G,Kelbrook site 5,S19 8BR,2511948960924,RED,13/09/2024,13/09/2027,480000,27.14,Live
S-21608,TEM-64978-G,Kelbrook site 6,E7 8EW,7388769994242,RED Plus,2026-05-15,15/05/2027,88000,26.18,Live
S-21609,TEM-64978-G,Kelbrook site 7,N27 7AD,5284664165997,RED,22/06/2026,22/06/2027,210000,23.15,Live
S-21610,TEM-64978-G,Kelbrook site 8,G10 3JT,14 6773 9100 807,REDzero,2026-01-12,12/01/2028,1250000,22.11,Live
S-21611,TEM-22911-G,Bexley site 1,E27 5JD,12 8125 3281 839,REDzero,2025-07-11,2027-07-11,2100000,30.91,Live
S-21612,TEM-22911-G,Bexley site 2,N3 5BD,61 9955 8279 400,REDzero,2025-11-07,07/11/2027,62500,29.89,Live
S-21613,TEM-22911-G,Bexley site 3,G13 9AD,0602-5934-80647,REDzero,2025-01-31,31-Jan-27,480000,20.03,Live
S-21614,TEM-34293-G,Kingsmead site 1,N9 3NW,2464-4269-83111,REDzero,22/05/2027,21-May-28,2100000,30.05,Live
S-21615,TEM-77789-G,Eastbrook site 1,N23 4NW,70 8050 5388 503,RED Plus,2024-09-13,2025-09-13,480000,30.96,Ended
S-21616,TEM-77789-G,Eastbrook site 2,G9 2AP,14 8364 1169 795,RED,2023-12-19,18-Dec-25,660000,30.09,Ended
S-21617,TEM-53511-D,Rosedale site 1,L20 5HX,0081-0240-00703,RED,2025-12-16,16-Dec-26,2100000,25.83,Live
S-21618,TEM-59210-E,Torque site 1,L11 8NW,9800909844138,RED,2026-05-27,2028-05-26,42000,28.81,Live
S-21619,TEM-25925-F,Padstow site 1,B28 2NP,9225338885023,RED Plus,2026-04-25,24/04/2028,2100000,25.66,Live
S-21620,TEM-25925-F,Padstow site 2,B24 3HR,7726-8638-70462,RED,2025-03-02,2027-03-02,480000,19.11,Live
S-21621,TEM-95494-D,Larkspur site 1,N17 2JP,3636320696787,REDzero,2023-10-30,2026-10-29,910000,24.18,Live
S-21622,TEM-62249-D,Redwing site 1,S28 9EX,0031597093421,RED,2023-10-27,26-Oct-26,210000,22.26,Live
S-21623,TEM-76915-A,Kingsmead site 1,B28 9EP,51 7869 1228 864,RED,2025-11-04,04/11/2026,62500,26.4,Live
S-21624,TEM-76915-A,Kingsmead site 2,G30 9ER,6762143866904,REDzero,12/03/2025,12/03/2027,480000,18.43,Live
S-21625,TEM-76915-A,Kingsmead site 3,E10 7AR,4759621722559,RED,16/04/2027,15 April 2028,62500,19.28,Live
S-21626,TEM-20332-D,Langmere site 1,G20 2JT,5325897900906,RED,2024-11-17,2026-11-17,2100000,18.03,Live
S-21627,TEM-70496-D,Lighthouse site 1,B1 1EP,72 6035 9567 079,RED,2023-11-28,2026-11-27,1250000,29.97,Live
S-21628,TEM-70496-D,Lighthouse site 2,L18 7EW,2234884083745,REDzero,25/02/2025,25 February 2028,62500,31.67,Live
S-21629,TEM-77387-E,Norbury site 1,E8 9BR,9904-0322-17055,REDzero,2025-06-14,2026-06-14,340000,20.95,Ended
S-21630,TEM-41857-A,Summerton site 1,S5 1HX,8424-8464-41807,RED,17/08/2024,17-Aug-27,88000,20.9,Live
S-21631,TEM-59491-C,Silverbeck site 1,M29 3JD,3663-6769-02961,RED,22/03/2024,2027-03-22,120000,25.66,Live
S-21632,TEM-22863-G,Wrenfield site 1,S16 3AX,3778-2318-72714,RED,15/05/2025,15-May-26,480000,18.48,Ended
S-21633,TEM-51023-G,Yewtree site 1,S4 7ET,88 8082 0141 222,RED,2025-07-12,12-Jul-26,1250000,23.32,Ended
S-21634,TEM-51023-G,Yewtree site 2,L30 3AW,1264-4916-40480,RED,26/12/2022,25-Dec-25,2100000,19.74,Ended
S-21635,TEM-90076-B,Lowther site 1,M17 8JD,6109797550803,RED Plus,04/05/2026,04 May 2027,210000,18.3,Live
S-21636,TEM-18432-C,Jespersen site 1,E8 9AT,1800-5517-03743,RED,25/02/2026,25 February 2028,480000,23.25,Live
S-21637,TEM-18432-C,Jespersen site 2,N24 8HP,71 6577 8281 286,RED,11/11/2025,11/11/2027,155000,31.84,Live
S-21638,TEM-16606-B,Fernhill site 1,E5 8AP,0912084058973,RED,2026-02-28,2027-02-28,155000,28.76,Live
S-21639,TEM-68976-D,Bluewater site 1,B8 2EW,24 2417 9903 578,RED,25/12/2024,25 December 2026,62500,26.75,Live
S-21640,TEM-68976-D,Bluewater site 2,S16 3NT,8761-3063-00037,RED,29/01/2027,2028-01-29,62500,26.82,Live
S-21641,TEM-34381-C,Foxglove site 1,B14 3BR,13 1497 1151 917,RED,2026-08-18,18/08/2027,88000,30.87,Live
S-21642,TEM-53577-B,Westcliff site 1,M5 9EW,6972377791249,RED,14/08/2026,2027-08-14,480000,31.32,Live
S-21643,TEM-94011-B,Harborne site 1,S4 4ER,0996-4067-60336,RED,22/10/2025,22-Oct-26,480000,18.85,Live
S-21644,TEM-94011-B,Harborne site 2,E9 5AP,81 3634 2415 838,RED,2024-05-26,26-May-27,42000,18.48,Live
S-21645,TEM-77688-F,Zetland site 1,E29 7NP,3308-7735-13397,RED,26/01/2025,26-Jan-27,2100000,24.55,Live
S-21646,TEM-10607-G,Ravenscar site 1,L19 7NX,85 9488 4289 796,RED,12/06/2024,2027-06-12,210000,29.86,Live
S-21647,TEM-89615-E,Cobalt site 1,S22 7HT,0319926295537,RED,2026-03-08,07/03/2028,62500,26.32,Live
S-21648,TEM-17362-G,Wrenfield site 1,M26 8JR,6148331427311,RED,2025-05-04,03 May 2028,480000,30.24,Live
S-21649,TEM-23687-B,Applegarth site 1,S16 9HP,1327144561970,RED Plus,2024-10-17,2025-10-17,210000,28.18,Ended
S-21650,TEM-23687-B,Applegarth site 2,E2 5BT,4774-6349-26473,RED,2023-06-14,13/06/2025,155000,27.34,Ended
S-21651,TEM-23687-B,Applegarth site 3,S9 3ED,5754-8516-68723,RED,2023-03-03,02/03/2026,88000,22.49,Ended
S-21652,TEM-29482-D,Umberside site 1,G15 5AR,5763-2603-75017,RED,2024-02-04,03-Feb-27,2100000,21.58,Live
S-21653,TEM-29482-D,Umberside site 2,M3 4HP,3295957190486,REDzero,19/02/2024,18-Feb-27,210000,20.34,Live
S-21654,TEM-29482-D,Umberside site 3,L1 9HX,3643790379497,RED Plus,07/03/2025,2028-03-06,210000,22.75,Live
S-21655,TEM-29482-D,Umberside site 4,G14 5HX,27 2780 3515 886,REDzero,26/04/2025,25/04/2028,910000,20.25,Live
S-21656,TEM-49954-C,Kingsmead site 1,B7 9BX,7754487019612,REDzero,2025-04-28,28 April 2027,660000,24.6,Live
S-21657,TEM-99496-C,Westcliff site 1,E9 6EX,5553-6508-01978,REDzero,2025-04-27,2027-04-27,120000,23.42,Live
S-21658,TEM-99496-C,Westcliff site 2,L10 5NR,1220-2901-95273,RED,2025-09-24,24 September 2027,660000,20.71,Live
S-21659,TEM-99496-C,Westcliff site 3,E10 4EW,8319-6616-78946,RED,23/10/2025,23/10/2026,910000,17.89,Live
S-21660,TEM-11099-A,Ingleby site 1,L24 5JT,66 9671 7046 585,REDzero,02/12/2023,01/12/2026,155000,32.21,Live
S-21661,TEM-58530-F,Padstow site 1,B26 1JW,50 3135 0843 627,RED,2026-02-17,17 February 2028,62500,23.78,Live
S-21662,TEM-73743-E,Northgate site 1,L28 4HD,0324637015717,RED Plus,2024-07-09,2027-07-09,155000,31.74,Live
S-21663,TEM-43517-G,Millpond site 1,S4 1NP,3952-8502-73311,REDzero,2025-04-10,10 April 2027,340000,21.88,Live
S-21664,TEM-43517-G,Millpond site 2,E3 3HW,1090-5633-29211,RED,08/01/2025,2027-01-08,210000,25.14,Live
S-21665,TEM-43517-G,Millpond site 3,S5 2JD,9762874902908,RED Plus,18/01/2026,18-Jan-27,2100000,27.63,Live
S-21666,TEM-43517-G,Millpond site 4,N30 9BD,1075092044051,RED,03/10/2024,03-Oct-26,62500,29.18,Live
S-21667,TEM-12060-G,Denholm site 1,L22 2AD,7630-2782-01717,REDzero,2024-10-29,2026-10-29,340000,27.04,Live
S-21668,TEM-66388-D,Kingsmead site 1,L30 3ED,0813464957515,RED Plus,2021-12-26,2024-12-25,660000,19.77,Ended
S-21669,TEM-66388-D,Kingsmead site 2,S9 9HR,87 0011 7311 271,RED Plus,2022-12-18,2024-12-17,910000,25.77,Ended
S-21670,TEM-38598-A,Ingleby site 1,E27 4JD,12 1952 5510 498,RED,2025-05-27,26-May-28,340000,19.41,Live
S-21671,TEM-79525-D,Pemberley site 1,E12 7JP,3412-5624-44140,RED,2026-01-14,2027-01-14,340000,24.45,Live
S-21672,TEM-53676-A,Cedar site 1,L18 3HD,8801030933419,RED Plus,2024-03-09,09-Mar-27,660000,21.27,Live
S-21673,TEM-52648-A,Fernhill site 1,S26 6ER,3330048810351,RED Plus,01/02/2026,01/02/2027,120000,28.21,Live
S-21674,TEM-74915-G,Birchmoor site 1,L3 1NT,3292047142721,RED,18/03/2025,18/03/2027,88000,29.56,Live
S-21675,TEM-74915-G,Birchmoor site 2,G9 2AP,7477-0971-68322,RED,2027-02-02,02-Feb-28,210000,19.23,Live
S-21676,TEM-46134-G,Padstow site 1,S9 6ED,9057161279166,RED,2024-02-16,2027-02-15,62500,31.13,Live
S-21677,TEM-24396-A,Saltmarsh site 1,N19 1BP,0496150456022,RED,06/11/2024,06/11/2026,210000,31.47,Live
S-21678,TEM-37233-D,Orchard site 1,S5 3NP,25 8470 7470 526,RED Plus,29/05/2023,28-May-25,2100000,28.51,Ended
S-21679,TEM-82902-D,Tanfield site 1,S21 6JT,8391675687500,REDzero,14/04/2026,14-Apr-27,155000,18.03,Live
S-21680,TEM-29855-E,Pennine site 1,L24 1BP,3921-5799-47798,RED Plus,07/04/2027,06-Apr-28,480000,21.05,Live
S-21681,TEM-29855-E,Pennine site 2,N23 4HP,9467072519873,RED,01/12/2024,2026-12-01,660000,26.86,Live
S-21682,TEM-29855-E,Pennine site 3,S27 4BP,2080-5195-71256,RED Plus,2023-10-15,14-Oct-26,910000,26.26,Live
S-21683,TEM-29855-E,Pennine site 4,B25 6BR,92 7885 6315 097,REDzero,2026-04-12,12 April 2027,480000,23.0,Live
S-21684,TEM-29855-E,Pennine site 5,N8 4ET,6279-3249-06575,REDzero,2026-01-03,03 January 2027,340000,18.71,Live
S-21685,TEM-29855-E,Pennine site 6,M21 3AW,73 6853 7245 293,RED,2025-03-18,2028-03-17,42000,17.76,Live
S-21686,TEM-29855-E,Pennine site 7,B29 9NR,5889-9449-55715,RED,19/04/2025,18/04/2028,42000,25.66,Live
S-21687,TEM-29855-E,Pennine site 8,B22 9AT,61 8865 0077 524,RED,2025-12-23,23 December 2027,155000,22.78,Live
S-21688,TEM-31124-G,Redwing site 1,B14 6BT,4607341983533,RED,2025-09-13,2026-09-13,42000,26.68,Live
S-21689,TEM-44007-C,Eastbrook site 1,B29 7BD,1357034819244,RED,19/09/2023,18 September 2026,120000,21.87,Live
S-21690,TEM-44007-C,Eastbrook site 2,E4 4EP,49 9387 9256 092,RED,01/11/2024,2027-11-01,88000,32.14,Live
S-21691,TEM-26428-F,Saltmarsh site 1,B1 2HD,9839-6571-92776,RED,20/09/2024,20/09/2027,910000,22.89,Live
S-21692,TEM-26428-F,Saltmarsh site 2,E7 6HW,4833545835433,RED Plus,09/09/2023,08-Sep-26,120000,22.08,Live
S-21693,TEM-93047-C,Whitethorn site 1,M20 4JT,8708-7644-55359,RED Plus,05/02/2027,2028-02-05,62500,30.47,Live
S-21694,TEM-93047-C,Whitethorn site 2,S28 5JD,7547-5923-44386,RED,2027-04-12,11-Apr-28,480000,31.02,Live
S-21695,TEM-17807-G,Pemberley site 1,E5 5ED,99 4634 9035 379,RED,2024-11-11,11-Nov-26,120000,31.6,Live
S-21696,TEM-17807-G,Pemberley site 2,M17 4EP,2135-2316-00268,RED Plus,06/01/2025,06 January 2028,120000,27.73,Live
S-21697,TEM-17807-G,Pemberley site 3,M26 1NW,40 8005 3959 582,RED,2025-10-07,07 October 2026,155000,21.5,Live
S-21698,TEM-17807-G,Pemberley site 4,M21 3JP,5123-6193-39991,RED,2024-07-09,09 July 2027,88000,21.69,Live
S-21699,TEM-31412-F,Bramble site 1,M1 2BD,53 2409 5795 929,RED,16/02/2026,16-Feb-28,2100000,27.2,Live
S-21700,TEM-15169-C,Lighthouse site 1,E17 2ER,8797-2746-23289,RED,2023-07-17,2026-07-16,480000,23.62,Ended
S-21701,TEM-66483-B,Kingsmead site 1,L7 9AT,80 4680 5674 699,RED,21/05/2025,20 May 2028,210000,23.08,Live
S-21702,TEM-15239-A,Torque site 1,G22 7NR,95 3845 6094 905,RED,2023-12-02,01 December 2026,88000,30.31,Live
S-21703,TEM-15239-A,Torque site 2,S2 5JR,36 8754 6513 833,REDzero,01/01/2025,01 January 2028,910000,25.64,Live
S-21704,TEM-15239-A,Torque site 3,L19 7JD,4155491736911,RED,16/10/2025,16/10/2027,480000,18.66,Live
S-21705,TEM-17420-G,Kestrel site 1,L21 5BW,5952-6041-39358,RED,01/11/2026,01 November 2027,120000,31.62,Live
S-21706,TEM-27943-C,Nettlebed site 1,B23 3NT,55 5788 7289 927,REDzero,11/03/2025,11/03/2027,62500,31.36,Live
S-21707,TEM-10645-F,Lighthouse site 1,B20 6BW,90 7753 9731 218,RED,28/04/2026,27 April 2028,88000,18.99,Live
S-21708,TEM-62469-G,Jespersen site 1,M15 7NX,55 6090 5365 793,RED,12/10/2024,2027-10-12,120000,29.51,Live
S-21709,TEM-40958-E,Cedar site 1,S20 7NW,4744646861664,RED,2026-10-24,2027-10-24,210000,31.69,Live
S-21710,TEM-46665-B,Maplin site 1,M19 3HT,5840495642640,RED Plus,2025-11-06,06-Nov-26,1250000,21.0,Live
S-21711,TEM-92630-A,Ashcombe site 1,N18 5AT,8131422368280,RED,22/10/2022,21/10/2025,42000,22.62,Ended
S-21712,TEM-92630-A,Ashcombe site 2,B11 8BT,6369445086964,RED,2022-07-12,11/07/2025,155000,27.82,Ended
S-21713,TEM-25059-F,Redwing site 1,B11 5AR,8436-4104-18731,RED,07/11/2024,07-Nov-25,910000,19.85,Ended
S-21714,TEM-25059-F,Redwing site 2,G10 8BP,98 2424 1084 462,RED,2024-01-05,2025-01-04,910000,23.03,Ended
S-21715,TEM-96238-A,Thackery site 1,L28 1AX,1351-2131-49238,REDzero,29/07/2026,2027-07-29,155000,17.62,Live
S-21716,TEM-49292-D,Langmere site 1,B9 7HT,1480975946996,RED Plus,2025-07-23,23-Jul-27,910000,17.92,Live
S-21717,TEM-22545-F,Ravenscar site 1,N24 9JX,50 3088 9661 129,REDzero,07/05/2026,06/05/2028,660000,29.89,Live
S-21718,TEM-22545-F,Ravenscar site 2,G1 7NP,7312339734046,RED,2026-05-22,2028-05-21,155000,32.28,Live
S-21719,TEM-29412-F,Pemberley site 1,M30 8BP,01 5749 4892 887,REDzero,21/10/2025,21/10/2027,910000,21.5,Live
S-21720,TEM-29412-F,Pemberley site 2,E23 1BT,0252-5991-75560,RED,18/07/2024,2027-07-18,88000,28.67,Live
S-21721,TEM-36156-G,Ottershaw site 1,M13 2EP,2397-8670-47808,REDzero,2025-03-26,26-Mar-27,42000,31.84,Live
S-21722,TEM-53054-G,Eastbrook site 1,N16 1ED,47 5290 5396 287,RED Plus,14/02/2025,14 February 2027,88000,18.96,Live
S-21723,TEM-45593-C,Saltmarsh site 1,S2 3EP,7431645484007,RED,30/09/2025,30-Sep-26,340000,29.45,Live
S-21724,TEM-33929-A,Silverbeck site 1,E9 1NX,3598686681147,RED,23/11/2026,2027-11-23,910000,20.73,Live
S-21725,TEM-33929-A,Silverbeck site 2,E11 4NP,8493772077359,RED Plus,28/11/2024,28-Nov-27,480000,19.12,Live
S-21726,TEM-33929-A,Silverbeck site 3,S20 8AD,1711271434943,RED,2026-10-29,2027-10-29,210000,22.28,Live
S-21727,TEM-84915-C,Redwing site 1,L16 9BW,0048-9322-04868,RED,07/12/2026,07 December 2027,62500,22.72,Live
S-21728,TEM-13913-F,Ironbridge site 1,G21 8AW,0712-7501-39371,RED,20/04/2025,20-Apr-27,660000,19.34,Live
S-21729,TEM-13913-F,Ironbridge site 2,M24 3ER,4796-2110-66494,RED Plus,2026-02-04,04 February 2027,120000,20.06,Live
S-21730,TEM-63242-D,Millpond site 1,L12 4NT,2116-0753-85415,RED Plus,2026-05-26,25/05/2028,210000,27.99,Live
S-21731,TEM-10305-G,Applegarth site 1,M8 2JR,9031900327157,REDzero,09/12/2023,08-Dec-26,120000,19.55,Live
S-21732,TEM-96683-A,Yarrow site 1,G30 4NT,3991277837635,REDzero,09/01/2027,09-Jan-28,340000,31.51,Live
S-21733,TEM-32531-C,Ivybridge site 1,G16 8HW,2311-5401-45673,RED,30/07/2025,30 July 2027,62500,30.69,Live
S-21734,TEM-32531-C,Ivybridge site 2,G2 5JR,1024-4878-90537,RED Plus,04/08/2025,04-Aug-26,62500,18.67,OOC
S-21735,TEM-98954-D,Langmere site 1,M7 4HR,3341747425400,RED,07/03/2022,06-Mar-25,62500,29.98,Ended
S-21736,TEM-42991-D,Saltmarsh site 1,E25 1JX,4444863457639,RED,2026-08-07,07 August 2027,88000,26.53,Live
S-21737,TEM-45644-D,Ottershaw site 1,B20 2HT,0014882253731,RED,2026-03-09,09/03/2027,910000,32.07,Live
S-21738,TEM-27928-E,Wrenfield site 1,E26 5BT,3681481443237,RED,28/06/2023,2025-06-27,42000,31.68,Ended
S-21739,TEM-36735-B,Kingsmead site 1,M14 8BW,2090489472315,RED,14/06/2024,14 June 2027,910000,18.67,Live
S-21740,TEM-36644-B,Westcliff site 1,M22 5AP,62 2297 6189 881,RED,25/05/2026,24 May 2028,120000,22.5,Live
S-21741,TEM-66461-D,Violetta site 1,S30 1BW,9801-4505-33586,RED,2025-12-23,23 December 2026,2100000,22.04,Live
S-21742,TEM-36132-G,Torque site 1,N18 1BT,8549-1233-84908,RED,2023-02-09,08/02/2026,1250000,21.47,Ended
S-21743,TEM-36132-G,Torque site 2,M13 2BR,15 0526 8503 097,RED Plus,11/11/2024,11/11/2025,2100000,24.3,Ended
S-21744,TEM-37249-D,Kelbrook site 1,M15 2EW,840812O047236,REDzero,2024-05-02,02/05/2027,480000,22.79,Live
S-21745,TEM-45705-D,Tredegar site 1,G12 6ND,2934481955332,RED,19/03/2026,2028-03-18,42000,25.07,Live
S-21746,TEM-71874-B,Orchard site 1,M3 2HX,2396936830587,RED,17/10/2025,17-Oct-26,120000,26.43,Live
S-21747,TEM-71874-B,Orchard site 2,N9 4HT,3802-8826-50531,REDzero,08/08/2024,2027-08-08,660000,27.2,Live
S-21748,TEM-71874-B,Orchard site 3,E25 3EP,7377671859759,RED Plus,19/01/2024,2027-01-18,340000,23.01,Live
S-21749,TEM-65042-G,Bramble site 1,L15 4AD,7532513637530,RED,16/06/2026,2027-06-16,155000,24.87,Live
S-21750,TEM-98325-D,Quarrington site 1,N3 4BP,93 3692 9963 689,RED,15/05/2026,2027-05-15,660000,18.98,Live
S-21751,TEM-40447-F,Westcliff site 1,M2 1HT,0247254758970,RED,14/02/2025,14-Feb-28,42000,21.96,Live
S-21752,TEM-49587-D,Tredegar site 1,B4 5NP,2251-3006-30504,REDzero,2025-02-09,2028-02-09,120000,31.25,Live
S-21753,TEM-43578-B,Farrier site 1,L11 4BW,63 8115 3097 048,RED,2027-05-05,04/05/2028,2100000,28.01,Live
S-21754,TEM-86740-D,Zephyr site 1,G30 8JP,4626615810006,RED,2025-09-13,13 September 2026,1250000,25.85,Live
S-21755,TEM-81973-B,Exmoor site 1,G13 7HD,1983-1771-64581,RED,12/05/2025,2027-05-12,2100000,24.79,Live
S-21756,TEM-74047-E,Yewtree site 1,N24 8NR,16 4234 8324 485,RED,14/05/2024,2026-05-14,340000,18.76,Ended
S-21757,TEM-92635-E,Fernhill site 1,S15 2NW,2357187682886,REDzero,2026-06-07,2027-06-07,88000,31.05,Live
S-21758,TEM-92635-E,Fernhill site 2,L6 8NR,7806-2098-17647,RED,2024-04-27,2027-04-27,155000,30.06,Live
S-21759,TEM-92635-E,Fernhill site 3,E30 2JR,2433-7244-72819,RED Plus,25/10/2026,25-Oct-27,42000,29.49,Live
S-21760,TEM-13206-B,Hollybush site 1,L14 3ED,9361-9484-63783,REDzero,2023-05-29,28-May-26,910000,19.96,Ended
S-21761,TEM-32901-G,Cranleigh site 1,M7 5HW,5675497251566,RED,2025-11-28,28/11/2026,155000,31.6,Live
S-21762,TEM-33293-A,Cedar site 1,S7 4HP,9853-1750-37454,REDzero,31/07/2026,31/07/2027,210000,27.95,Live
S-21763,TEM-86401-D,Foxglove site 1,B6 9EP,9950-1967-11813,RED,2026-02-24,24-Feb-28,480000,27.97,Live
S-21764,TEM-30193-B,Kingsmead site 1,B3 3EP,06 6425 7931 622,RED Plus,17/07/2026,17 July 2027,660000,31.48,Live
S-21765,TEM-29287-G,Maplin site 1,S20 1AX,4044114823199,RED,2024-08-14,14-Aug-27,62500,25.2,Live
S-21766,TEM-29287-G,Maplin site 2,N13 3AR,00 3361 4493 903,RED,10/04/2025,09 April 2028,1250000,18.71,Live
S-21767,TEM-60010-E,Selworthy site 1,B14 2HT,8911389675084,REDzero,2023-04-10,2025-04-09,480000,17.66,Ended
S-21768,TEM-97619-G,Eastbrook site 1,B3 7JW,6460-6953-12487,RED,14/04/2026,2027-04-14,480000,32.44,Live
S-21769,TEM-97619-G,Eastbrook site 2,E28 4JD,3659-2532-28839,RED,2024-05-13,13/05/2027,88000,32.41,Live
S-21770,TEM-78378-B,Jespersen site 1,S15 8ER,3035982887595,RED Plus,2025-10-20,20-Oct-26,480000,31.56,Live
S-21771,TEM-78378-B,Jespersen site 2,S22 5HW,79 4534 5794 147,RED Plus,2024-04-09,09/04/2027,155000,18.74,Live
S-21772,TEM-87162-G,Halewood site 1,S13 8NW,0556-0614-86052,RED Plus,2025-11-22,22/11/2026,155000,20.02,Live
S-21773,TEM-24610-A,Jespersen site 1,G17 4AP,2276560159929,RED Plus,2023-03-05,04/03/2025,2100000,30.0,Ended
S-21774,TEM-24610-A,Jespersen site 2,E23 4HW,5442-0175-28751,REDzero,2024-10-20,20-Oct-25,42000,30.01,Ended
S-21775,TEM-44732-B,Ullswater site 1,E7 2JT,8084-5455-30301,RED,2027-02-09,09-Feb-28,1250000,24.87,Live
S-21776,TEM-87018-F,Dunmore site 1,S19 9HP,3844-2500-58955,RED,2026-08-17,2027-08-17,62500,24.92,Live
S-21777,TEM-58849-B,Ellerton site 1,G17 7JX,5566-4725-55312,RED Plus,23/03/2026,23/03/2027,88000,29.56,Live
S-21778,TEM-75518-G,Caldwell site 1,B14 2NR,4367578251164,RED,2026-04-08,2028-04-07,120000,21.58,Live
S-21779,TEM-75518-G,Caldwell site 2,N27 4HD,8103121316269,RED Plus,2026-05-03,2027-05-03,2100000,32.32,Live
S-21780,TEM-35466-E,Torque site 1,S18 2EP,2443005512626,REDzero,05/05/2024,05-May-27,120000,19.54,Live
S-21781,TEM-43329-D,Ellerton site 1,G3 6JD,11 3561 2042 675,RED,2025-02-09,09 February 2028,120000,25.86,Live
S-21782,TEM-43329-D,Ellerton site 2,M7 9AW,1162380330889,RED,15/01/2025,15/01/2027,62500,20.17,Live
S-21783,TEM-38774-D,Kelbrook site 1,G27 5EW,7297189090550,RED Plus,24/12/2022,23-Dec-24,88000,30.06,Ended
S-21784,TEM-61002-E,Farrier site 1,M10 7AR,20 1611 8299 169,RED,2025-01-21,21 January 2028,660000,19.67,Live
S-21785,TEM-86357-D,Ashcombe site 1,S25 2AT,0562-3593-04648,RED,30/09/2026,30 September 2027,62500,28.71,Live
S-21786,TEM-76628-E,Lowther site 1,N15 4JP,4247360439872,RED,08/10/2025,08/10/2026,155000,20.74,Live
S-21787,TEM-26462-E,Nettlebed site 1,M16 3NR,3211349596345,RED,21/01/2024,20-Jan-26,2100000,19.55,Ended
S-21788,TEM-75011-F,Harborne site 1,L9 2JD,6992458740859,REDzero,23/01/2023,22/01/2025,910000,24.59,Ended
S-21789,TEM-61896-G,Cobalt site 1,G22 1NW,9846782409873,RED,02/04/2026,2028-04-01,2100000,30.83,Live
S-21790,TEM-14597-D,Cranleigh site 1,G28 8HD,7557-2468-18179,RED,2025-05-06,2028-05-05,210000,27.71,Live
S-21791,TEM-48426-G,Silverbeck site 1,L26 5HX,9955-0779-68395,RED Plus,2023-09-24,23 September 2026,88000,23.38,Live
S-21792,TEM-44806-G,Harborne site 1,L29 6ND,7974-6751-99990,RED,27/03/2026,26-Mar-28,1250000,22.94,Live
S-21793,TEM-27832-C,Riverbank site 1,G1 5ER,9073655243767,RED,01/11/2024,01 November 2027,2100000,24.92,Live
S-21794,TEM-27832-C,Riverbank site 2,M10 8HD,95 0483 7780 044,RED,06/12/2025,06 December 2027,62500,31.9,Live
S-21795,TEM-27832-C,Riverbank site 3,S27 1AX,8179569117309,RED,21/08/2025,21-Aug-27,340000,18.17,Live
S-21796,TEM-90752-C,Caldwell site 1,L2 5HD,6379800530348,RED Plus,27/06/2024,27-Jun-26,62500,24.85,Ended
S-21797,TEM-90752-C,Caldwell site 2,G18 8EP,50 6025 8292 420,RED,23/01/2023,2025-01-22,660000,27.92,Ended
S-21798,TEM-62515-E,Selworthy site 1,L22 2AP,2241-5407-19818,RED Plus,2026-05-07,06/05/2028,1250000,26.55,Live
S-21799,TEM-62515-E,Selworthy site 2,L8 8NP,0048071479499,RED Plus,2025-02-22,22 February 2028,480000,29.33,Live
S-21800,TEM-62515-E,Selworthy site 3,E22 2HX,9356805211889,RED Plus,2025-09-01,01 September 2027,660000,20.28,Live
S-21801,TEM-62515-E,Selworthy site 4,S3 5NR,2284704217737,RED,2027-02-17,2028-02-17,480000,20.48,Live
S-21802,TEM-78328-C,Caldwell site 1,B15 6JT,5980-9930-13889,REDzero,2024-10-23,23-Oct-27,210000,19.47,Live
S-21803,TEM-76519-F,Yewtree site 1,M26 3JT,5552-2749-39195,RED,2024-10-14,14 October 2027,210000,27.1,Live
S-21804,TEM-76519-F,Yewtree site 2,S25 2BW,05 1540 7089 614,RED,2024-12-25,25/12/2026,1250000,30.59,Live
S-21805,TEM-29515-E,Torque site 1,M2 7BR,6693976652135,REDzero,2023-12-10,09 December 2026,2100000,18.56,Live
S-21806,TEM-29515-E,Torque site 2,B13 5NX,0946404575915,RED,2026-07-21,21-Jul-27,660000,29.65,Live
S-21807,TEM-67384-C,Selworthy site 1,M20 4AT,11 9119 6318 632,RED,2026-10-03,2027-10-03,1250000,27.59,Live
S-21808,TEM-67384-C,Selworthy site 2,N3 4NR,33 7558 1703 266,RED Plus,2024-03-02,02-Mar-27,120000,24.74,Live
S-21809,TEM-67384-C,Selworthy site 3,S11 6NX,2412471347077,RED,25/04/2026,2027-04-25,210000,26.55,Live
S-21810,TEM-27115-E,Ivybridge site 1,M8 1JR,5056597206867,RED,19/11/2024,19-Nov-25,340000,32.02,Ended
S-21811,TEM-13716-D,Exmoor site 1,N18 3HX,67 4821 6561 820,RED Plus,17/11/2025,17 November 2027,480000,31.85,Live
S-21812,TEM-58509-D,Ravenscar site 1,L7 2AR,3379499847727,REDzero,05/10/2025,05/10/2026,120000,32.27,Live
S-21813,TEM-49576-C,Selworthy site 1,B17 8BW,9725332384925,RED,2025-08-19,19/08/2027,42000,25.2,Live
S-21814,TEM-47001-G,Cobalt site 1,N16 4BP,7554-4076-97998,RED,05/01/2025,2027-01-05,155000,20.98,Live
S-21815,TEM-47001-G,Cobalt site 2,E27 7ER,4304-7845-07411,RED Plus,2026-06-13,2027-06-13,42000,17.98,Live
S-21816,TEM-11091-G,Pennine site 1,N8 5NX,3549189080434,RED,04/12/2025,04-Dec-27,155000,28.65,Live
S-21817,TEM-83228-G,Hatherley site 1,S3 6JX,78 5408 9375 514,RED,18/09/2024,18/09/2026,660000,32.09,Live
S-21818,TEM-24663-G,Kestrel site 1,E25 4JX,6663-9762-30202,RED,2025-03-24,24/03/2026,42000,29.84,Ended
S-21819,TEM-43890-A,Pemberley site 1,L9 1HX,73 4525 5336 620,RED,17/11/2025,17 November 2026,120000,28.33,Live
S-21820,TEM-72631-D,Wrenfield site 1,L27 3NP,8050656807125,RED,28/02/2025,2027-02-28,88000,29.71,Live
S-21821,TEM-75881-A,Westcliff site 1,B3 5JP,3316484443421,RED Plus,2023-09-22,21 September 2026,480000,27.83,Live
S-21822,TEM-65877-E,Torque site 1,G4 9AW,1075-0301-97743,REDzero,25/07/2023,24 July 2025,42000,26.8,Ended
S-21823,TEM-65877-E,Torque site 2,G5 3HX,69 0572 8828 847,RED,03/04/2024,03/04/2025,42000,24.34,Ended
S-21824,TEM-65877-E,Torque site 3,S7 9ND,7452680834467,RED,31/05/2025,31-May-26,910000,20.87,Ended
S-21825,TEM-65877-E,Torque site 4,N3 8AP,06 3368 7261 966,RED,17/10/2021,16 October 2024,910000,26.47,Ended
S-21826,TEM-65877-E,Torque site 5,M25 3JX,3008-9537-28851,RED,2024-08-04,04 August 2025,88000,18.81,Ended
S-21827,TEM-65877-E,Torque site 6,G26 9AT,9617-4278-10796,RED Plus,08/02/2025,08/02/2026,62500,19.81,Ended
S-21828,TEM-95888-A,Ullswater site 1,S15 1ET,4610686354792,RED,2025-04-03,02-Apr-28,88000,24.83,Live
S-21829,TEM-95888-A,Ullswater site 2,L23 8AX,4760-2112-59270,REDzero,11/01/2024,10-Jan-27,910000,29.5,Live
S-21830,TEM-95888-A,Ullswater site 3,L9 6HP,63 6917 5287 705,RED,2026-02-02,02-Feb-27,1250000,20.99,Live
S-21831,TEM-96941-E,Pemberley site 1,L1 8NP,8315-2428-15195,RED Plus,14/01/2025,2027-01-14,480000,32.18,Live
S-21832,TEM-96941-E,Pemberley site 2,B29 9ET,9254127570897,RED,27/04/2026,27/04/2027,660000,17.62,Live
S-21833,TEM-26981-E,Hatherley site 1,L20 7AP,2891324262411,REDzero,11/11/2021,10-Nov-24,910000,18.22,Ended
S-21834,TEM-64123-E,Zetland site 1,G24 2HW,36 4802 5160 141,RED,24/11/2023,2025-11-23,155000,18.16,Ended
S-21835,TEM-64123-E,Zetland site 2,M27 6NW,7255760387933,RED,2024-07-03,03-Jul-25,660000,25.4,Ended
S-21836,TEM-43044-F,Umberside site 1,G4 3BX,52 4416 0134 977,REDzero,2026-01-30,2028-01-30,62500,23.4,Live
S-21837,TEM-82271-B,Nettlebed site 1,L21 9HP,8126058233716,RED,2022-03-05,04-Mar-25,340000,20.24,Ended
S-21838,TEM-27428-G,Ashcombe site 1,E21 8JD,3626209227080,REDzero,2027-01-03,03/01/2028,340000,29.89,Live
S-21839,TEM-10902-B,Nettlebed site 1,G10 4HD,5461-5569-72669,RED,2025-09-28,28/09/2026,42000,22.92,Live
S-21840,TEM-50908-F,Ivybridge site 1,G27 3BX,45 5169 9559 783,RED,25/01/2026,25 January 2027,910000,18.43,Live
S-21841,TEM-50908-F,Ivybridge site 2,B19 8NP,29 4896 6207 026,REDzero,04/03/2026,03 March 2028,62500,22.41,Live
S-21842,TEM-50908-F,Ivybridge site 3,B12 7HP,50 2456 3176 375,REDzero,14/07/2025,14-Jul-27,2100000,32.24,Live
S-21843,TEM-79239-G,Redwing site 1,E8 7AR,70 2503 9751 092,REDzero,20/04/2024,2027-04-20,2100000,27.03,Live
S-21844,TEM-73602-F,Wrenfield site 1,E19 5BD,28 9388 2882 661,RED,2025-05-23,22-May-28,210000,25.34,Live
S-21845,TEM-73602-F,Wrenfield site 2,S2 6ER,25049479357727,REDzero,2025-05-27,27-May-27,155000,25.72,Live
S-21846,TEM-44950-F,Quenington site 1,M30 4NR,5450658821513,RED Plus,2023-08-29,28-Aug-25,660000,28.64,Ended
S-21847,TEM-28721-E,Redwing site 1,B20 9ER,6292-5949-92831,RED Plus,2026-01-11,11-Jan-27,42000,28.66,Live
S-21848,TEM-28721-E,Redwing site 2,N2 9ND,7264-5135-90016,RED,19/03/2026,2027-03-19,155000,28.93,Live
S-21849,TEM-31621-F,Fernhill site 1,G3 2AP,6856-2897-39227,RED Plus,23/11/2025,2027-11-23,2100000,31.13,Live
S-21850,TEM-81785-D,Quayside site 1,E13 4AW,0940532598060,RED,09/01/2027,09-Jan-28,1250000,32.4,Live
S-21851,TEM-59450-C,Ullswater site 1,L14 9JD,7794-8981-50004,REDzero,2025-12-02,02 December 2026,910000,25.34,Live
S-21852,TEM-79116-G,Caldwell site 1,L26 1NR,7574233575113,RED,19/06/2024,19/06/2027,210000,20.19,Live
S-21853,TEM-79116-G,Caldwell site 2,E4 9AX,6752-6580-85912,RED,2026-01-10,10/01/2027,480000,25.3,Live
S-21854,TEM-39192-B,Quayside site 1,E25 6BD,1804877135651,RED,2024-06-23,23 June 2026,210000,18.94,Ended
S-21855,TEM-18076-G,Pennine site 1,G11 3EX,7950-8030-37970,RED,2025-10-26,26-Oct-26,1250000,24.7,Live
S-21856,TEM-16902-D,Whitethorn site 1,B11 7NT,5489-7582-70702,RED Plus,2025-05-16,2027-05-16,1250000,19.39,Live
S-21857,TEM-16902-D,Whitethorn site 2,M19 4BP,3128478742275,RED Plus,14/09/2024,14 September 2027,88000,28.34,Live
S-21858,TEM-16902-D,Whitethorn site 3,N19 3NX,0096-7589-35202,RED,12/02/2027,12/02/2028,910000,24.22,Live
S-21859,TEM-28896-G,Lowther site 1,B16 4BT,8738501302423,RED,03/03/2025,2028-03-02,88000,19.1,Live
S-21860,TEM-28896-G,Lowther site 2,M11 6EX,1453692358063,RED,2025-08-06,06 August 2027,62500,31.81,Live
S-21861,TEM-28896-G,Lowther site 3,S29 6JP,2441203799122,RED,31/08/2025,2027-08-31,88000,30.74,Live
S-21862,TEM-28896-G,Lowther site 4,L19 2BR,05 6067 0549 669,RED,27/09/2023,26 September 2026,480000,28.34,Live
S-21863,TEM-35157-F,Cedar site 1,B1 5EW,6119-0176-69648,RED,2024-10-29,29/10/2026,660000,23.3,Live
S-21864,TEM-35157-F,Cedar site 2,G22 6BD,13 0176 8890 289,RED,2025-09-06,06-Sep-27,88000,32.25,Live
S-21865,TEM-33086-F,Quayside site 1,B22 6BX,38 1510 5665 805,RED,22/08/2026,2027-08-22,62500,21.28,Live
S-21866,TEM-32000-B,Northgate site 1,S26 5NW,4422496776661,RED,2025-05-15,14-May-28,62500,31.15,Live
S-21867,TEM-32000-B,Northgate site 2,N9 5NW,5902286692313,RED,2024-04-17,17/04/2027,480000,23.62,Live
S-21868,TEM-32000-B,Northgate site 3,S8 2ND,9420674153093,REDzero,06/10/2023,05-Oct-26,2100000,26.9,Live
S-21869,TEM-39726-D,Fernhill site 1,N10 7NR,91 0410 1460 034,RED,29/04/2024,2027-04-29,340000,18.79,Live
S-21870,TEM-39726-D,Fernhill site 2,M24 8HR,8972-8607-71195,REDzero,11/05/2026,10/05/2028,910000,17.73,Live
S-21871,TEM-39726-D,Fernhill site 3,B19 3HP,13 1869 0933 323,RED Plus,2024-11-18,18/11/2026,62500,31.01,Live
S-21872,TEM-39726-D,Fernhill site 4,S7 8HT,7191367815710,REDzero,16/11/2023,15-Nov-26,660000,25.77,Live
S-21873,TEM-39726-D,Fernhill site 5,L26 6AP,4140498174917,RED,08/08/2025,2027-08-08,120000,31.81,Live
S-21874,TEM-39726-D,Fernhill site 6,L23 7BD,04 2261 3165 399,REDzero,2025-01-02,02/01/2028,910000,31.15,Live
S-21875,TEM-32914-F,Yarrow site 1,N5 2ND,04 8090 5329 113,RED,13/04/2024,13/04/2027,62500,25.06,Live
S-21876,TEM-56127-F,Summerton site 1,G3 2ND,17 9089 1422 803,RED,2024-04-12,2027-04-12,480000,18.27,Live
S-21877,TEM-56127-F,Summerton site 2,S13 9BR,52 7208 8246 093,RED Plus,30/08/2024,30 August 2026,2100000,30.95,OOC
S-21878,TEM-82283-C,Quayside site 1,E13 3EW,7603202912511,REDzero,23/09/2026,2027-09-23,910000,21.03,Live
S-21879,TEM-21999-G,Ullswater site 1,S15 1HX,3313841166299,RED,14/08/2026,14 August 2027,660000,19.82,Live
S-21880,TEM-21999-G,Ullswater site 2,N1 7ED,6149184239678,RED,22/03/2025,21-Mar-28,88000,29.61,Live
S-21881,TEM-21999-G,Ullswater site 3,B25 3NX,34 3377 7021 167,REDzero,2025-12-28,28-Dec-26,480000,21.89,Live
S-21882,TEM-52391-B,Verity site 1,B15 8ND,5480-0506-25078,RED Plus,13/04/2024,13 April 2027,120000,20.5,Live
S-21883,TEM-52391-B,Verity site 2,E27 2JP,1654-6243-07733,RED,2024-09-09,09-Sep-26,62500,19.47,Live
S-21884,TEM-82796-D,Bluewater site 1,S11 2NW,54 7518 3673 394,REDzero,2024-09-06,06 September 2026,910000,18.6,Live
S-21885,TEM-82796-D,Bluewater site 2,S3 2HW,0058567254740,RED,2023-09-09,08/09/2026,42000,19.98,Live
S-21886,TEM-66892-F,Dunmore site 1,B8 3NW,66 5220 9932 369,RED,2024-09-30,30-Sep-26,1250000,25.48,Live
S-21887,TEM-66892-F,Dunmore site 2,M5 1NX,72 6557 8401 926,RED,16/03/2026,15 March 2028,210000,30.97,Live
S-21888,TEM-84561-B,Riverbank site 1,N11 4ED,65 6265 9982 691,RED,2027-03-05,04-Mar-28,2100000,26.32,Live
S-21889,TEM-16256-E,Bexley site 1,G10 9HR,0982-8909-41036,RED,2025-08-07,07-Aug-27,2100000,24.39,Live
S-21890,TEM-74006-C,Northgate site 1,L25 7BR,04 3497 7401 081,RED Plus,04/12/2025,2027-12-04,910000,27.47,Live
S-21891,TEM-77937-C,Silverbeck site 1,L3 4AW,2034-4748-36786,RED,2024-01-07,2026-01-06,2100000,28.29,Ended
S-21892,TEM-86410-C,Elmwood site 1,B20 1ER,8017-4074-84527,RED,15/02/2025,15 February 2027,2100000,28.18,Live
S-21893,TEM-66155-D,Caldwell site 1,B18 6JP,2777-7175-62017,RED Plus,2024-05-31,31/05/2027,660000,28.63,Live
S-21894,TEM-96836-B,Bluewater site 1,N16 3JT,4306584651386,REDzero,2024-10-17,17/10/2027,42000,21.09,Live
S-21895,TEM-78770-C,Cobalt site 1,M27 9JR,44 5154 9801 360,RED,2026-05-16,2028-05-15,62500,19.51,Live
S-21896,TEM-78770-C,Cobalt site 2,M4 4HR,71 5178 8312 639,RED,2024-12-04,04 December 2027,660000,26.1,Live
S-21897,TEM-55503-F,Foxglove site 1,B25 5AX,1024512104452,REDzero,2025-11-18,2026-11-18,2100000,22.59,Live
S-21898,TEM-42171-F,Cranleigh site 1,L11 7NW,70 0790 1998 945,RED,2024-09-13,13/09/2026,155000,32.33,Live
S-21899,TEM-12642-E,Ingleby site 1,L10 8BX,8593-5477-76799,RED,27/12/2024,27-Dec-27,62500,23.18,Live
S-21900,TEM-12642-E,Ingleby site 2,L29 4HW,0990-3508-48563,REDzero,2024-11-22,22 November 2027,42000,29.42,Live
S-21901,TEM-23700-A,Quayside site 1,L1 1EP,4485-8750-00648,RED Plus,13/09/2023,12/09/2026,62500,30.04,Live
S-21902,TEM-23700-A,Quayside site 2,M15 7AX,8136522282716,RED Plus,21/09/2026,21/09/2027,120000,18.87,Live
S-21903,TEM-23700-A,Quayside site 3,E18 7AW,96 6759 5145 117,RED,2025-05-04,04-May-27,62500,22.62,Live
S-21904,TEM-23700-A,Quayside site 4,E4 9HP,85 4688 9482 732,REDzero,2026-06-03,02/06/2028,42000,26.89,Live
S-21905,TEM-81981-F,Northgate site 1,S25 7HP,0239444859668,RED,2024-03-19,2027-03-19,340000,25.94,Live
S-21906,TEM-81981-F,Northgate site 2,M13 4JX,58 9935 7174 814,REDzero,10/02/2026,10-Feb-27,340000,20.12,Live
S-21907,TEM-41385-A,Silverbeck site 1,B3 7AW,0172021848005,RED,2024-10-18,2026-10-18,42000,28.86,Live
S-21908,TEM-17760-B,Pemberley site 1,N21 2HR,9302-3383-69038,RED Plus,24/08/2025,24-Aug-27,210000,20.17,Live
S-21909,TEM-63917-E,Cranleigh site 1,L21 9NP,07 1826 5098 484,REDzero,09/11/2026,09 November 2027,210000,22.92,Live
S-21910,TEM-63917-E,Cranleigh site 2,S26 3HT,68 5814 6290 682,RED,2024-12-23,2026-12-23,42000,28.7,Live
S-21911,TEM-82582-B,Violetta site 1,M28 1AP,0812-6617-30728,REDzero,2025-06-06,06-Jun-27,62500,17.51,Live
S-21912,TEM-82582-B,Violetta site 2,N6 5BT,54 9490 2944 537,RED,04/01/2025,04 January 2027,340000,26.13,Live
S-21913,TEM-82582-B,Violetta site 3,S30 8NW,22 2624 1304 200,RED Plus,2025-03-23,22-Mar-28,2100000,19.39,Live
S-21914,TEM-82582-B,Violetta site 4,B26 6AD,8065188719249,RED Plus,2024-10-22,22 October 2026,480000,27.43,Live
S-21915,TEM-82582-B,Violetta site 5,B8 8JW,1487-1565-14400,RED,25/03/2026,25 March 2027,120000,19.27,Live
S-21916,TEM-82582-B,Violetta site 6,N18 2JR,7938-4157-23157,RED Plus,2025-04-07,07/04/2027,660000,24.18,Live
S-21917,TEM-36372-B,Ellerton site 1,M9 3BT,98 7772 5369 889,REDzero,21/09/2025,21 September 2027,88000,25.16,Live
S-21918,TEM-51532-E,Exmoor site 1,G5 2BR,4973-9080-73681,RED,2025-05-24,2028-05-23,340000,18.74,Live
S-21919,TEM-49540-B,Verity site 1,S9 2AP,6444517730420,RED,12/05/2027,11-May-28,480000,26.93,Live
S-21920,TEM-85390-D,Jespersen site 1,M1 7BR,3768-9516-21879,RED,2026-03-08,2028-03-07,660000,19.4,Live
S-21921,TEM-57538-E,Ashcombe site 1,E11 5BD,9620306035783,RED,2025-05-11,10-May-28,210000,24.47,Live
S-21922,TEM-98712-D,Northgate site 1,B30 5NX,22 2785 9610 345,REDzero,08/01/2024,2027-01-07,210000,28.18,Live
S-21923,TEM-24199-D,Lighthouse site 1,B5 5EP,4733996424816,RED Plus,2026-09-12,2027-09-12,120000,27.94,Live
S-21924,TEM-24199-D,Lighthouse site 2,S13 3ER,4029-6416-30628,RED,09/04/2026,08/04/2028,480000,29.97,Live
S-21925,TEM-24199-D,Lighthouse site 3,S25 1JT,6464668410102,RED,05/03/2025,2028-03-04,340000,26.32,Live
S-21926,TEM-97150-B,Verity site 1,M27 3JP,74 1969 8333 529,RED,2023-10-29,28/10/2026,155000,30.88,Live
S-21927,TEM-97150-B,Verity site 2,B27 4JR,2139-9809-09348,RED,22/07/2024,22-Jul-27,1250000,23.58,Live
S-21928,TEM-22043-C,Elmwood site 1,E1 7BT,6181812140286,REDzero,29/04/2024,29/04/2027,2100000,31.2,Live
S-21929,TEM-22043-C,Elmwood site 2,L10 5HT,9734712058396,RED Plus,2024-05-13,2027-05-13,910000,21.36,Live
S-21930,TEM-99427-E,Selworthy site 1,M8 9BD,9160068916536,REDzero,2026-03-19,18-Mar-28,480000,24.34,Live
S-21931,TEM-88307-G,Tredegar site 1,M20 2BW,8498-9789-31492,RED,03/04/2024,03-Apr-27,1250000,25.3,Live
S-21932,TEM-88307-G,Tredegar site 2,L23 7HX,3926-6825-96623,RED,29/10/2023,2026-10-28,1250000,21.19,Live
S-21933,TEM-88307-G,Tredegar site 3,N11 7AD,6918-5753-01552,RED Plus,2027-02-01,01-Feb-28,910000,26.61,Live
S-21934,TEM-88307-G,Tredegar site 4,M9 1ED,0194423040504,RED,08/06/2025,08/06/2027,120000,29.57,Live
S-21935,TEM-88307-G,Tredegar site 5,N1 8BP,0211-9530-59491,RED,2026-02-18,18 February 2028,120000,28.13,Live
S-21936,TEM-88307-G,Tredegar site 6,L18 4BR,16 4526 0309 676,RED,16/11/2025,16 November 2027,120000,19.06,Live
S-21937,TEM-16004-D,Larkspur site 1,M7 5BD,16 1447 0702 029,RED,03/11/2023,02-Nov-26,42000,28.18,Live
S-21938,TEM-14529-E,Millpond site 1,M7 7AD,8263332464183,RED,2025-01-31,31 January 2027,2100000,30.53,Live
S-21939,TEM-13512-F,Umberside site 1,N28 7EX,3532913342491,RED,24/07/2024,24/07/2026,2100000,23.26,Ended
S-21940,TEM-62443-B,Denholm site 1,L11 2BD,6390-9525-64661,RED,07/11/2025,07 November 2026,660000,26.93,Live
S-21941,TEM-68308-E,Millpond site 1,S4 5HR,7851-2151-66488,REDzero,17/04/2027,16/04/2028,480000,22.51,Live
S-21942,TEM-68308-E,Millpond site 2,B13 8EX,2682668798802,RED,19/02/2026,19/02/2028,340000,25.58,Live
S-21943,TEM-16551-F,Thackery site 1,M5 7HR,3005703472446,RED,18/02/2026,18/02/2027,62500,22.21,Live
S-21944,TEM-92406-B,Saltmarsh site 1,B20 2HT,54 4981 6398 234,RED,2024-01-03,02/01/2027,340000,27.94,Live
S-21945,TEM-92406-B,Saltmarsh site 2,S28 6ND,5379-8712-70866,REDzero,23/09/2024,23-Sep-27,42000,26.41,Live
S-21946,TEM-66094-F,Larkspur site 1,M12 5ER,1088-1301-65410,RED Plus,07/04/2025,06/04/2028,210000,29.51,Live
S-21947,TEM-66094-F,Larkspur site 2,B10 9JW,51 9475 8663 073,RED,11/02/2026,11/02/2027,2100000,29.85,Live
S-21948,TEM-66094-F,Larkspur site 3,M27 7JD,5772486530773,RED,2025-02-08,08-Feb-27,910000,30.23,Live
S-21949,TEM-66094-F,Larkspur site 4,M3 7NR,9131476419798,RED Plus,21/06/2025,21/06/2027,155000,23.52,Live
S-21950,TEM-66094-F,Larkspur site 5,B13 4AX,3787-4346-69771,RED,18/01/2027,18/01/2028,210000,30.57,Live
S-21951,TEM-66094-F,Larkspur site 6,B26 6ND,510551O506455,RED,2026-07-22,22 July 2027,120000,20.88,Live
S-21952,TEM-70386-A,Selworthy site 1,E30 9EX,84 0930 9663 534,RED,23/01/2025,23 January 2028,2100000,26.82,Live
S-21953,TEM-70386-A,Selworthy site 2,M23 3AW,1827-9647-70570,RED,23/09/2025,23 September 2027,1250000,31.13,Live
S-21954,TEM-82634-A,Whitethorn site 1,B3 9BW,46 4573 1750 825,RED,2027-05-26,25-May-28,2100000,20.71,Live
S-21955,TEM-75669-G,Umberside site 1,M24 8BP,6538706692408,REDzero,04/06/2024,04 June 2027,155000,25.29,Live
S-21956,TEM-34928-D,Ivybridge site 1,L17 9JR,1192-2986-32666,RED,2023-09-10,09 September 2026,62500,26.28,Live
S-21957,TEM-41686-F,Torque site 1,S16 7NW,975960461207,RED Plus,13/02/2027,2028-02-13,480000,28.58,Live
S-21958,TEM-34078-F,Ravenscar site 1,E11 8NR,1378624312208,REDzero,2025-12-14,14/12/2026,660000,20.3,Live
S-21959,TEM-62559-E,Dunmore site 1,S4 9AD,7521737692012,RED,10/10/2024,10/10/2025,120000,29.96,Ended
S-21960,TEM-77004-E,Stanhope site 1,G6 3HX,75 1911 3754 550,RED,27/10/2025,27/10/2026,480000,26.36,Live
S-21961,TEM-59227-F,Silverbeck site 1,M14 4ET,3309867540390,RED Plus,2025-09-21,21-Sep-27,155000,18.68,Live
S-21962,TEM-89822-G,Pennine site 1,E16 2AW,90 1675 5702 590,RED Plus,2023-12-02,01/12/2024,2100000,31.47,Ended
S-21963,TEM-89822-G,Pennine site 2,L24 2NP,8395-7896-73234,RED,15/02/2023,14/02/2026,88000,32.49,Ended
S-21964,TEM-77742-G,Eastbrook site 1,N28 9JW,1319361840311,RED,2026-11-15,15 November 2027,155000,27.06,Live
S-21965,TEM-77742-G,Eastbrook site 2,G18 6JR,3541-5851-80011,REDzero,2026-12-10,10 December 2027,660000,26.46,Live
S-21966,TEM-77742-G,Eastbrook site 3,B19 9JW,4543482644725,RED,26/11/2024,26/11/2026,155000,23.1,Live
S-21967,TEM-77742-G,Eastbrook site 4,L17 7AD,5421-8321-02599,RED Plus,2027-05-25,24 May 2028,660000,19.99,Live
S-21968,TEM-77742-G,Eastbrook site 5,N2 1BX,27 5361 1496 201,RED,2024-11-24,24-Nov-26,210000,23.9,Live
S-21969,TEM-77742-G,Eastbrook site 6,L28 3BX,2250358721386,RED Plus,25/01/2024,24/01/2027,660000,28.84,Live
S-21970,TEM-77742-G,Eastbrook site 7,L29 4EP,6949-9818-11997,RED Plus,2024-11-19,19/11/2026,120000,31.71,Live
S-21971,TEM-77742-G,Eastbrook site 8,N18 7ER,80 3544 0229 647,REDzero,2026-03-13,12 March 2028,2100000,28.55,Live
S-21972,TEM-79157-F,Larkspur site 1,N14 1HR,1661268086231,RED Plus,2026-02-24,24-Feb-28,2100000,20.43,Live
S-21973,TEM-79157-F,Larkspur site 2,N13 2BP,7598-6144-34335,RED Plus,03/10/2024,2027-10-03,1250000,22.81,Live
S-21974,TEM-62035-G,Bluewater site 1,B8 7ND,3877-1914-41198,REDzero,08/03/2025,07 March 2028,42000,26.18,Live
S-21975,TEM-94975-A,Umberside site 1,S18 2AR,3957626294425,REDzero,07/10/2026,07 October 2027,155000,28.52,Live
S-21976,TEM-29639-C,Kestrel site 1,S16 1NP,3928123710531,RED Plus,17/11/2023,16/11/2026,155000,30.79,Live
S-21977,TEM-35083-D,Zetland site 1,L5 1BD,3767864599512,REDzero,17/02/2024,16/02/2027,155000,17.98,Live
S-21978,TEM-93195-A,Dunmore site 1,B4 9NR,2348937421128,RED,2026-02-28,2028-02-28,480000,31.55,Live
S-21979,TEM-13367-A,Merrivale site 1,N23 5HP,86 1873 4683 763,RED,08/06/2024,2027-06-08,1250000,22.08,Live
S-21980,TEM-35492-D,Millpond site 1,B20 9ED,9453151402555,RED Plus,2026-06-09,09/06/2027,1250000,20.76,Live
S-21981,TEM-30313-B,Ingleby site 1,S28 4AR,6223487727726,RED,16/10/2023,15-Oct-26,42000,32.4,Live
S-21982,TEM-30313-B,Ingleby site 2,G6 4BP,81 1427 5710 232,RED,14/10/2024,14-Oct-26,340000,30.54,Live
S-21983,TEM-30313-B,Ingleby site 3,N26 8ED,7390-4604-51732,RED,29/08/2024,29 August 2026,660000,25.32,OOC
S-21984,TEM-30313-B,Ingleby site 4,E14 4JX,3876014361955,REDzero,2023-10-13,12/10/2026,480000,25.91,Live
S-21985,TEM-30313-B,Ingleby site 5,M1 8NX,73 2827 6383 839,REDzero,08/09/2024,08-Sep-27,210000,27.26,Live
S-21986,TEM-30313-B,Ingleby site 6,M22 3ND,7461521295667,RED,12/02/2024,11/02/2027,910000,25.33,Live
S-21987,TEM-33556-F,Ironbridge site 1,E9 8HD,51 4629 3193 851,RED,26/11/2024,26-Nov-27,155000,31.8,Live
S-21988,TEM-33556-F,Ironbridge site 2,B23 9JP,7914-9695-11929,RED Plus,2026-08-01,2027-08-01,155000,31.23,Live
S-21989,TEM-65538-G,Quayside site 1,M25 8JR,6699-6162-71387,RED,16/09/2024,16/09/2026,120000,27.93,Live
S-21990,TEM-65538-G,Quayside site 2,E10 5JT,45 6113 5260 678,RED Plus,2027-01-07,07/01/2028,120000,30.38,Live
S-21991,TEM-20376-F,Quayside site 1,L10 3BT,77 8875 3495 894,RED,2024-01-14,13-Jan-27,120000,26.42,Live
S-21992,TEM-56853-C,Atlas site 1,G10 9NT,2446865692865,RED,26/07/2024,26 July 2027,2100000,21.24,Live
S-21993,TEM-56853-C,Atlas site 2,S13 9EX,0301-5246-90162,RED,2027-04-13,12/04/2028,660000,21.22,Live
S-21994,TEM-58495-G,Cranleigh site 1,L27 9EP,8632414272127,RED Plus,2025-11-07,07/11/2027,42000,25.74,Live
S-21995,TEM-30476-D,Nettlebed site 1,G5 7JW,9786-9566-02557,REDzero,2024-05-08,08-May-27,42000,31.68,Live
S-21996,TEM-30476-D,Nettlebed site 2,G2 1JX,57 0549 3632 268,RED,2023-12-21,20 December 2026,42000,23.17,Live
S-21997,TEM-30476-D,Nettlebed site 3,M19 4ED,4219136621668,RED,2024-09-19,2026-09-19,480000,20.13,Live
S-21998,TEM-70730-F,Tredegar site 1,G18 4EX,7208-0936-43857,RED Plus,16/05/2024,2027-05-16,2100000,20.38,Live
S-21999,TEM-73110-E,Marlow site 1,M25 1NX,4363293945567,RED,2026-05-11,11 May 2027,155000,30.43,Live
S-22000,TEM-73110-E,Marlow site 2,N15 5HT,21 9549 4742 615,RED Plus,2025-04-23,23-Apr-27,62500,27.06,Live
S-22001,TEM-38586-C,Ottershaw site 1,M26 6HR,6005-8402-30324,RED,2023-12-16,15 December 2026,42000,30.09,Live
S-22002,TEM-38586-C,Ottershaw site 2,B15 6JT,4252495545819,RED,2027-04-28,2028-04-27,120000,21.03,Live
S-22003,TEM-28394-C,Westcliff site 1,M23 4BX,8090070341349,REDzero,2024-04-11,2027-04-11,340000,21.06,Live
S-22004,TEM-11416-A,Millpond site 1,M21 2HR,8204972039448,RED,22/10/2025,2027-10-22,910000,18.17,Live
S-22005,TEM-11416-A,Millpond site 2,S15 2NT,70 5484 8521 034,REDzero,05/08/2024,05 August 2027,910000,24.69,Live
S-22006,TEM-47429-C,Tanfield site 1,B20 9JP,7013008002686,RED,2022-10-16,15/10/2025,88000,21.59,Ended
S-22007,TEM-27641-C,Bexley site 1,E1 9AR,6927-3793-50902,RED,30/06/2025,30-Jun-27,62500,18.68,Live
S-22008,TEM-27641-C,Bexley site 2,E28 8BP,1718168444277,RED Plus,18/01/2025,18 January 2027,62500,22.99,Live
S-22009,TEM-27641-C,Bexley site 3,S5 2HD,1817709736077,RED,2026-05-10,2027-05-10,2100000,32.19,Live
S-22010,TEM-97931-C,Hollybush site 1,B17 8EX,2774988390941,RED,12/07/2025,12-Jul-27,88000,31.37,Live
S-22011,TEM-98576-D,Fernhill site 1,N28 6BT,63 2574 2281 441,REDzero,2026-05-26,25 May 2028,120000,30.35,Live
S-22012,TEM-98576-D,Fernhill site 2,N20 6HX,19 6475 2032 717,RED,2024-07-12,12-Jul-27,42000,28.21,Live
S-22013,TEM-80608-A,Umberside site 1,E1 8JR,4326143336600,RED,2025-02-08,08/02/2027,62500,24.36,Live
S-22014,TEM-59062-C,Verity site 1,B20 4NP,9317691422004,RED,17/10/2026,17-Oct-27,480000,25.08,Live
S-22015,TEM-16645-C,Ottershaw site 1,L2 9AP,26 0406 0658 962,RED,08/04/2025,08-Apr-27,155000,21.2,Live
S-22016,TEM-50028-B,Foxglove site 1,E15 6AT,16 5815 5028 250,RED Plus,2023-10-19,18/10/2026,210000,24.8,Live
S-22017,TEM-50028-B,Foxglove site 2,G13 3ND,8841-9519-29072,RED,15/08/2026,15/08/2027,480000,26.09,Live
S-22018,TEM-55621-A,Fernhill site 1,B20 6HD,52 1193 4400 332,RED Plus,2023-12-20,19/12/2025,42000,25.61,Ended
S-22019,TEM-68984-G,Ellerton site 1,N21 5JR,9639976338234,RED Plus,2022-11-30,29-Nov-24,62500,31.39,Ended
S-22020,TEM-68984-G,Ellerton site 2,S28 6JW,8478831172430,RED,11/12/2022,10-Dec-25,480000,21.69,Ended
S-22021,TEM-58268-G,Quenington site 1,S30 7AP,5897300006686,RED Plus,2025-02-07,07 February 2027,340000,30.47,Live
S-22022,TEM-40108-D,Thackery site 1,S14 9AX,0164-3147-99862,REDzero,2025-10-21,21/10/2027,660000,19.95,Live
S-22023,TEM-41621-A,Riverbank site 1,M24 5ND,2592666995817,RED,17/06/2026,17/06/2027,2100000,27.04,Live
S-22024,TEM-63109-F,Norbury site 1,G21 5HT,9485549888638,RED Plus,2025-05-05,2028-05-04,2100000,23.56,Live
S-22025,TEM-78229-A,Oakhurst site 1,L8 4JX,8368-1610-26606,RED,06/10/2025,2027-10-06,42000,22.24,Live
S-22026,TEM-78229-A,Oakhurst site 2,S15 4NW,2754737057108,REDzero,12/11/2026,12 November 2027,340000,28.32,Live
S-22027,TEM-78229-A,Oakhurst site 3,S21 8AW,9637-5508-21412,RED,01/02/2025,01/02/2028,155000,23.54,Live
S-22028,TEM-13552-E,Cranleigh site 1,G25 1NT,36 4274 6268 718,RED Plus,07/07/2025,07/07/2027,910000,17.85,Live
S-22029,TEM-13552-E,Cranleigh site 2,E28 5JR,6394290787217,RED,2026-01-31,31-Jan-27,340000,25.43,Live
S-22030,TEM-13552-E,Cranleigh site 3,S23 6HT,2106661197351,RED,24/02/2026,2028-02-24,660000,20.01,Live
S-22031,TEM-13552-E,Cranleigh site 4,N11 7AX,6942-1509-94434,REDzero,23/10/2026,23/10/2027,480000,31.64,Live
S-22032,TEM-13552-E,Cranleigh site 5,B20 9AR,9686777879336,RED Plus,2026-11-19,19-Nov-27,210000,24.86,Live
S-22033,TEM-13552-E,Cranleigh site 6,L12 7ET,8307-6357-85261,RED,18/01/2026,18-Jan-27,2100000,28.75,Live
S-22034,TEM-21342-B,Summerton site 1,M19 5BR,2671-6923-30578,RED Plus,06/05/2024,06 May 2027,155000,29.37,Live
S-22035,TEM-21342-B,Summerton site 2,G19 4NX,65 9169 4771 160,RED Plus,09/05/2024,09-May-27,340000,23.61,Live
S-22036,TEM-46736-C,Bramble site 1,E13 2BX,35 0478 8906 680,RED,25/12/2026,25/12/2027,660000,31.89,Live
S-22037,TEM-20018-G,Bexley site 1,M18 8HD,68 1977 0612 241,REDzero,13/12/2026,13/12/2027,660000,18.55,Live
S-22038,TEM-78567-D,Kingsmead site 1,G2 3EX,0989-0652-29825,RED Plus,28/09/2025,2026-09-28,340000,29.08,Live
S-22039,TEM-40943-F,Bluewater site 1,B22 5JP,5254-3381-61203,RED Plus,2025-02-13,2028-02-13,340000,19.87,Live
S-22040,TEM-40943-F,Bluewater site 2,N25 1ER,5858658340585,RED Plus,17/10/2026,17-Oct-27,210000,25.26,Live
S-22041,TEM-56465-C,Hollybush site 1,B19 7AX,2910547397360,RED Plus,2026-04-26,2027-04-26,88000,20.93,Live
S-22042,TEM-46556-B,Ingleby site 1,S7 1ER,0966398145061,RED Plus,08/11/2022,07/11/2025,62500,19.33,Ended
S-22043,TEM-43456-C,Redwing site 1,M13 1AX,70 7990 7905 484,RED,21/03/2024,21/03/2027,120000,25.21,Live
S-22044,TEM-48419-E,Larkspur site 1,B1 6JT,1395-3359-24625,RED,2024-11-14,14/11/2026,910000,20.01,Live
S-22045,TEM-48419-E,Larkspur site 2,E12 2BP,21 0043 9545 712,RED,2025-01-28,28 January 2028,88000,26.31,Live
S-22046,TEM-48419-E,Larkspur site 3,B13 5BX,7397864670493,RED,03/11/2023,02-Nov-26,88000,25.52,Live
S-22047,TEM-59828-C,Fernhill site 1,N7 2EW,68 0166 7266 530,REDzero,25/01/2024,24/01/2027,42000,31.79,Live
S-22048,TEM-96279-B,Cobalt site 1,L19 7JR,5160-5717-24078,REDzero,31/03/2026,2027-03-31,42000,26.61,Live
S-22049,TEM-91895-C,Ullswater site 1,N17 6NX,17 0449 3455 420,RED,2024-04-24,2026-04-24,660000,25.83,Ended
S-22050,TEM-91895-C,Ullswater site 2,M9 9JX,9018683059248,REDzero,2024-04-06,06-Apr-25,88000,18.19,Ended
S-22051,TEM-65987-B,Langmere site 1,E24 3BW,0505-9816-14928,RED,2021-12-02,2024-12-01,120000,18.13,Ended
S-22052,TEM-65987-B,Langmere site 2,E8 3JR,8552613527126,RED,2023-06-21,20-Jun-26,910000,20.02,Ended
S-22053,TEM-65987-B,Langmere site 3,B20 7BX,9651642490460,REDzero,21/07/2022,2025-07-20,42000,22.58,Ended
S-22054,TEM-65987-B,Langmere site 4,N14 1JX,22 2945 1847 427,RED Plus,2022-10-18,17-Oct-25,88000,20.89,Ended
S-22055,TEM-65987-B,Langmere site 5,E30 5EX,75 7821 1506 545,REDzero,2022-07-23,22 July 2025,910000,25.91,Ended
S-22056,TEM-65987-B,Langmere site 6,M8 4HW,3615202293393,REDzero,24/06/2023,23/06/2026,2100000,27.3,Ended
S-22057,TEM-65987-B,Langmere site 7,L6 2AP,6201-7931-74134,RED Plus,25/10/2023,24/10/2024,155000,24.43,Ended
S-22058,TEM-65987-B,Langmere site 8,M15 7AR,8814-6717-59620,RED,2025-01-02,2026-01-02,340000,28.0,Ended
S-22059,TEM-26306-B,Atlas site 1,S27 7JT,52 7910 4731 057,RED,2026-03-16,15 March 2028,88000,30.83,Live
S-22060,TEM-64946-A,Millpond site 1,M25 7JD,3029850829268,REDzero,15/03/2024,15/03/2025,62500,22.53,Ended
S-22061,TEM-64946-A,Millpond site 2,S14 3HT,33 6915 2404 077,RED,2025-05-10,10/05/2026,210000,30.31,Ended
S-22062,TEM-64946-A,Millpond site 3,L23 6AT,7584670324705,RED,03/05/2023,02 May 2026,88000,29.39,Ended
S-22063,TEM-10296-A,Pemberley site 1,M18 5AP,3072899649291,RED,2025-02-17,17 February 2028,120000,20.65,Live
S-22064,TEM-39922-C,Tanfield site 1,N25 5EW,2918-4410-00983,RED,19/01/2024,2026-01-18,210000,25.32,Ended
S-22065,TEM-39922-C,Tanfield site 2,E22 5ET,0100655594346,RED,04/05/2025,2026-05-04,42000,21.98,Ended
S-22066,TEM-68556-A,Kelbrook site 1,G6 7AT,16 4907 7745 880,REDzero,2027-03-31,30/03/2028,155000,20.57,Live
S-22067,TEM-68556-A,Kelbrook site 2,L15 1JX,38 9929 7964 143,REDzero,01/12/2024,01 December 2026,42000,21.72,Live
S-22068,TEM-56783-B,Lowther site 1,S1 4BD,1973493041854,RED,2024-10-14,14-Oct-26,88000,20.3,Live
S-22069,TEM-56783-B,Lowther site 2,B9 5HX,37 1702 8062 245,RED Plus,2023-08-06,2026-08-05,910000,19.86,OOC
S-22070,TEM-56783-B,Lowther site 3,M20 9JD,3067-8185-80206,REDzero,21/04/2024,21-Apr-27,210000,26.34,Live
S-22071,TEM-56783-B,Lowther site 4,N10 3ER,64 0768 0137 834,RED,2025-04-03,03-Apr-27,1250000,24.63,Live
S-22072,TEM-56783-B,Lowther site 5,G2 7JD,6474629537111,RED,19/03/2027,18 March 2028,480000,26.61,Live
S-22073,TEM-56783-B,Lowther site 6,S24 3NR,6899066535433,RED,22/01/2026,2027-01-22,155000,23.74,Live
S-22074,TEM-26731-D,Zetland site 1,B30 5JD,63 0679 6883 137,RED Plus,2027-03-26,25 March 2028,120000,19.65,Live
S-22075,TEM-26731-D,Zetland site 2,S22 9AT,55 9067 9143 539,RED,2023-10-14,13/10/2026,340000,22.31,Live
S-22076,TEM-21558-G,Bramble site 1,M30 7EW,6722280651205,RED,2025-06-23,2027-06-23,660000,27.36,Live
S-22077,TEM-33681-D,Hatherley site 1,E5 5ER,3547-8210-23659,RED,22/11/2023,21 November 2025,62500,20.92,Ended
S-22078,TEM-17645-A,Cranleigh site 1,S18 4HT,0994-0821-05559,REDzero,2021-10-31,30-Oct-24,910000,23.74,Ended
S-22079,TEM-97355-B,Westcliff site 1,L9 4BX,36 5440 3266 896,RED,10/09/2023,09-Sep-26,88000,30.29,Live
S-22080,TEM-40508-F,Quarrington site 1,N12 6NP,5301261316148,REDzero,24/05/2026,24/05/2027,340000,20.97,Live
S-22081,TEM-21496-F,Harborne site 1,M22 7HX,1771-8064-26201,RED,27/10/2025,27-Oct-26,660000,21.6,Live
S-22082,TEM-14734-F,Thackery site 1,M25 2JP,5850-8165-13494,RED,25/02/2027,25 February 2028,62500,32.49,Live
S-22083,TEM-70443-C,Atlas site 1,S23 2AR,1061-4131-97738,RED,2023-08-12,11/08/2025,42000,31.93,Ended
S-22084,TEM-70443-C,Atlas site 2,E7 1AX,9152259081936,RED,2023-08-05,04-Aug-25,88000,31.52,Ended
S-22085,TEM-70443-C,Atlas site 3,B2 2JR,05 4264 4025 970,RED Plus,2022-10-05,04 October 2024,340000,21.72,Ended
S-22086,TEM-96743-E,Lowther site 1,N27 2BP,2108489436490,RED Plus,2024-08-19,19/08/2027,910000,20.31,Live
S-22087,TEM-38080-D,Ottershaw site 1,M29 2AP,1623-1624-41475,REDzero,16/10/2025,16/10/2027,88000,19.14,Live
S-22088,TEM-16076-A,Ivybridge site 1,B6 8BW,6776-8022-63163,RED,09/03/2025,09/03/2026,660000,30.54,Ended
S-22089,TEM-50587-F,Zetland site 1,N23 7JX,4281-2878-01845,RED,2025-08-19,19-Aug-27,210000,23.79,Live
S-22090,TEM-94750-F,Lowther site 1,S6 3ED,7426-8776-97973,RED,16/02/2024,15-Feb-27,660000,23.81,Live
S-22091,TEM-33770-B,Tredegar site 1,G13 8EX,3380-1700-72418,RED,27/01/2025,27/01/2027,2100000,24.03,Live
S-22092,TEM-33770-B,Tredegar site 2,N22 5JW,41 1891 6636 227,RED Plus,2025-11-23,23 November 2026,62500,25.95,Live
S-22093,TEM-33770-B,Tredegar site 3,B7 1NX,0327800458616,RED,2026-11-24,24/11/2027,2100000,29.03,Live
S-22094,TEM-68074-E,Cedar site 1,G3 7AR,6198862132216,RED,2026-05-30,30/05/2027,120000,24.64,Live
S-22095,TEM-68074-E,Cedar site 2,N23 9ND,1047601858983,REDzero,2024-10-26,2027-10-26,120000,30.51,Live
S-22096,TEM-95805-C,Ashcombe site 1,G2 6BW,1293-1161-83176,RED,2027-03-04,03 March 2028,155000,20.2,Live
S-22097,TEM-95805-C,Ashcombe site 2,L14 6AP,9091646176109,RED Plus,2026-07-07,07/07/2027,910000,26.66,Live
S-22098,TEM-95805-C,Ashcombe site 3,S4 1ET,99 0243 7137 402,RED,25/08/2025,2027-08-25,2100000,26.63,Live
S-22099,TEM-95805-C,Ashcombe site 4,E10 5ER,8068720209197,RED,2026-08-27,2027-08-27,1250000,28.64,Live
S-22100,TEM-95805-C,Ashcombe site 5,B8 1AW,6457309811040,RED Plus,13/02/2026,2027-02-13,2100000,21.38,Live
S-22101,TEM-95805-C,Ashcombe site 6,S28 2EX,5158262015364,RED,2025-10-12,12 October 2026,480000,24.03,Live
S-22102,TEM-47939-G,Violetta site 1,N29 4AR,0931026115591,RED,23/05/2023,22 May 2026,1250000,23.63,Ended
S-22103,TEM-47939-G,Violetta site 2,B19 7JW,8057-9060-48420,REDzero,2024-05-20,20/05/2026,910000,24.9,Ended
S-22104,TEM-73520-G,Pemberley site 1,M21 6AP,1609017628841,REDzero,07/11/2022,06 November 2024,62500,20.99,Ended
S-22105,TEM-35794-F,Stanhope site 1,B3 8NT,1224509633854,RED,2027-04-20,19 April 2028,1250000,29.59,Live
S-22106,TEM-42856-G,Nettlebed site 1,N5 7HP,8181774341491,RED Plus,30/12/2025,30 December 2027,120000,31.28,Live
S-22107,TEM-13748-D,Northgate site 1,L12 3NP,6578330111768,RED,06/10/2024,06 October 2027,910000,22.3,Live
S-22108,TEM-13748-D,Northgate site 2,E25 9JW,6781653062589,RED,03/06/2026,03 June 2027,155000,29.65,Live
S-22109,TEM-22130-B,Tredegar site 1,N26 7EX,4902444807106,RED,2025-10-19,2027-10-19,340000,31.15,Live
S-22110,TEM-80928-A,Eastbrook site 1,N27 7AX,96 3025 3473 338,RED,28/03/2027,27 March 2028,910000,26.16,Live
S-22111,TEM-54446-F,Atlas site 1,G2 1JR,38 5517 3484 223,RED,2026-10-04,04/10/2027,88000,27.62,Live
S-22112,TEM-38672-A,Caldwell site 1,E18 2EW,9046-9148-24324,RED Plus,2026-05-14,13-May-28,155000,29.04,Live
S-22113,TEM-43449-B,Yewtree site 1,N30 3ER,5550-6153-71965,RED,04/06/2026,04-Jun-27,62500,22.0,Live
S-22114,TEM-99909-C,Pemberley site 1,G25 4NR,6665461220887,RED,22/01/2026,2027-01-22,660000,21.14,Live
S-22115,TEM-75120-G,Nettlebed site 1,M23 3BP,1599-9925-24464,RED,2026-06-01,2028-05-31,88000,27.77,Live
S-22116,TEM-63816-B,Torque site 1,L11 6EW,4423284172768,RED,10/05/2026,09-May-28,62500,28.86,Live
S-22117,TEM-24748-F,Kestrel site 1,G13 3NX,6615-0982-54868,RED,12/02/2026,12 February 2028,42000,24.27,Live
S-22118,TEM-24748-F,Kestrel site 2,L19 6HT,40 6839 7389 118,RED,2023-12-20,19/12/2026,62500,20.36,Live
S-22119,TEM-10203-B,Rosedale site 1,S11 1BW,79 2208 5197 937,RED Plus,2024-03-27,27 March 2027,480000,19.4,Live
S-22120,TEM-26079-D,Caldwell site 1,N16 2JR,72 3640 0381 866,RED,14/09/2023,13/09/2026,62500,21.43,Live
S-22121,TEM-50912-G,Kelbrook site 1,G18 9BW,49 2915 4920 811,RED,16/09/2023,2026-09-15,120000,24.23,Live
S-22122,TEM-50912-G,Kelbrook site 2,L23 5HT,6830-9555-50104,RED,2026-07-21,21 July 2027,660000,24.06,Live
S-22123,TEM-43138-G,Elmwood site 1,B7 4JT,17 7237 8119 318,RED,12/12/2025,12 December 2026,340000,19.85,Live
S-22124,TEM-43138-G,Elmwood site 2,M1 9JX,05 3099 0601 865,RED,2025-04-14,13-Apr-28,210000,28.09,Live
S-22125,TEM-74847-F,Garwood site 1,E30 9EW,0563-3855-59291,RED,25/01/2024,24 January 2027,120000,32.02,Live
S-22126,TEM-33596-D,Verity site 1,L8 3HW,75 5437 5821 222,RED,03/02/2024,02 February 2027,2100000,23.75,Live
S-22127,TEM-33596-D,Verity site 2,G25 4ND,0057-1785-65112,REDzero,2025-09-09,2027-09-09,480000,20.81,Live
S-22128,TEM-71735-D,Langmere site 1,N24 8BD,4635820101113,RED Plus,2025-12-22,22-Dec-26,480000,29.07,Live
S-22129,TEM-76460-B,Ottershaw site 1,E30 7AT,8731-6856-58084,RED,25/05/2027,24 May 2028,120000,18.36,Live
S-22130,TEM-59799-D,Kestrel site 1,G12 3NX,6773730539738,RED,20/10/2025,20-Oct-27,340000,19.0,Live
S-22131,TEM-95066-C,Yarrow site 1,L26 8BR,1172-8264-64265,RED,2024-02-18,2026-02-17,340000,32.48,Ended
S-22132,TEM-95066-C,Yarrow site 2,M26 7ER,3010487989240,RED,23/10/2022,2024-10-22,1250000,21.96,Ended
S-22133,TEM-67171-C,Violetta site 1,G19 2HW,9563-2834-34989,RED Plus,30/01/2025,30/01/2027,210000,27.86,Live
S-22134,TEM-67171-C,Violetta site 2,S19 7BD,0304978804600,RED,12/04/2025,12/04/2027,660000,27.68,Live
S-22135,TEM-35316-G,Quarrington site 1,B20 3EW,20 2116 9963 916,RED,06/03/2025,06/03/2027,62500,17.54,Live
S-22136,TEM-24946-F,Bluewater site 1,G26 1BD,75 0001 3024 279,RED,2024-10-11,11/10/2027,660000,21.13,Live
S-22137,TEM-44898-A,Ashcombe site 1,L17 8JX,6908-9164-78357,RED Plus,08/04/2025,07/04/2028,155000,31.68,Live
S-22138,TEM-44898-A,Ashcombe site 2,M24 5AP,92 3998 0089 227,RED,09/07/2024,09-Jul-27,155000,25.21,Live
S-22139,TEM-66371-F,Selworthy site 1,G28 4AW,1813-8671-48687,REDzero,17/10/2026,17/10/2027,120000,31.73,Live
S-22140,TEM-66371-F,Selworthy site 2,G11 4HX,46 4701 7766 990,RED,2026-02-24,24-Feb-28,210000,20.73,Live
S-22141,TEM-87119-D,Selworthy site 1,E10 5NT,59 7528 5548 403,RED,11/11/2025,2026-11-11,340000,27.63,Live
S-22142,TEM-29376-D,Northgate site 1,E4 6HD,48 1305 1401 670,RED,08/10/2024,08/10/2027,2100000,21.74,Live
S-22143,TEM-91739-G,Pennine site 1,G18 8AX,0206-3762-64505,RED,08/02/2026,08/02/2028,120000,26.87,Live
S-22144,TEM-91739-G,Pennine site 2,L13 4HD,3880903169847,RED Plus,05/04/2026,04-Apr-28,1250000,29.03,Live
S-22145,TEM-40154-C,Quarrington site 1,M28 7EX,84 4790 3372 064,REDzero,12/07/2025,2027-07-12,210000,24.79,Live
S-22146,TEM-40154-C,Quarrington site 2,B17 8JP,5281-5882-11016,RED Plus,2024-04-05,05/04/2027,910000,28.44,Live
S-22147,TEM-40154-C,Quarrington site 3,G10 6HT,32 6954 6265 143,RED Plus,2024-09-29,29 September 2027,42000,29.45,Live
S-22148,TEM-90355-G,Norbury site 1,L26 3AW,4770-9171-14476,RED,2026-10-14,2027-10-14,480000,29.36,Live
S-22149,TEM-82493-B,Ivybridge site 1,B17 9BP,4722-2445-24850,REDzero,2023-10-07,06 October 2026,62500,19.01,Live
S-22150,TEM-46648-B,Riverbank site 1,M6 1ND,7758258852686,RED Plus,2023-11-07,06/11/2024,480000,29.14,Ended
S-22151,TEM-82898-F,Westcliff site 1,L18 8JT,9316-3876-71977,RED Plus,20/05/2027,19 May 2028,480000,22.91,Live
S-22152,TEM-88516-E,Marlow site 1,L12 2BX,1621498567000,RED,2025-09-09,2026-09-09,340000,18.54,Live
S-22153,TEM-88516-E,Marlow site 2,B12 9NT,7096-5428-72807,RED,2024-11-12,12 November 2027,660000,19.99,Live
S-22154,TEM-59732-F,Gilded site 1,S1 1NX,9916-0073-28388,RED,29/11/2023,28/11/2026,2100000,19.41,Live
S-22155,TEM-59732-F,Gilded site 2,L23 8HD,10 1160 0199 387,REDzero,2025-08-27,27 August 2027,1250000,24.89,Live
S-22156,TEM-22048-C,Harborne site 1,S1 3AW,92 9595 4996 141,RED Plus,2026-08-27,2027-08-27,2100000,29.16,Live
S-22157,TEM-72898-C,Dunmore site 1,G18 4BW,8089145246797,RED,2026-04-06,05 April 2028,1250000,19.72,Live
S-22158,TEM-26690-F,Wrenfield site 1,S21 9JW,4315446073996,REDzero,04/02/2027,04-Feb-28,480000,20.52,Live
S-22159,TEM-26690-F,Wrenfield site 2,G13 5BP,6212-2909-02491,RED Plus,2026-12-13,13-Dec-27,210000,25.86,Live
S-22160,TEM-26690-F,Wrenfield site 3,M20 6NP,0305-5896-42929,REDzero,19/08/2024,19 August 2027,88000,24.34,Live
S-22161,TEM-26690-F,Wrenfield site 4,E29 7NP,8682555180027,REDzero,2024-12-29,29/12/2027,1250000,25.86,Live
S-22162,TEM-26690-F,Wrenfield site 5,M4 5EX,5895-2923-27145,REDzero,2026-01-12,12 January 2027,120000,30.79,Live
S-22163,TEM-26690-F,Wrenfield site 6,M27 5HD,03 7429 8216 342,RED,2026-01-23,23-Jan-27,155000,31.38,Live
S-22164,TEM-26690-F,Wrenfield site 7,S17 3HT,8173290526073,RED,22/09/2023,21/09/2026,910000,20.89,Live
S-22165,TEM-26690-F,Wrenfield site 8,G26 2BW,6060112767772,RED,2024-10-01,01/10/2026,120000,18.4,Live
S-22166,TEM-81755-D,Maplin site 1,S6 6EX,0534-0213-97954,RED Plus,2027-04-08,07 April 2028,480000,24.65,Live
S-22167,TEM-81755-D,Maplin site 2,E29 1HW,8721192687976,RED,01/02/2026,01 February 2028,120000,26.74,Live
S-22168,TEM-81755-D,Maplin site 3,L7 5JP,1327785230822,RED,25/12/2026,25 December 2027,88000,29.04,Live
S-22169,TEM-27459-G,Summerton site 1,S13 8AP,8652338623988,REDzero,2022-12-28,27 December 2025,210000,29.26,Ended
S-22170,TEM-57714-C,Zetland site 1,M9 7EW,0665346848392,RED,04/02/2026,04 February 2027,2100000,28.39,Live
S-22171,TEM-57714-C,Zetland site 2,G6 5JD,64 0998 3314 518,RED,2025-07-27,27-Jul-27,340000,32.49,Live
S-22172,TEM-57714-C,Zetland site 3,B7 5BX,9524-2875-02825,RED,27/02/2025,27 February 2027,42000,25.43,Live
S-22173,TEM-68828-F,Ullswater site 1,S27 7ED,22 6288 3318 276,RED,2027-05-02,01-May-28,88000,23.29,Live
S-22174,TEM-68828-F,Ullswater site 2,S29 1JP,2674373500749,REDzero,2023-10-26,25-Oct-26,155000,30.55,Live
S-22175,TEM-39975-C,Ivybridge site 1,S8 6NP,8489307130518,RED,05/11/2021,2024-11-04,910000,29.95,Ended
S-22176,TEM-39975-C,Ivybridge site 2,B18 8BD,51 3381 1071 952,RED,2024-11-16,16-Nov-25,1250000,32.34,Ended
S-22177,TEM-26362-A,Ottershaw site 1,L15 9EX,9807-1331-34410,RED,2025-04-26,25/04/2028,480000,23.02,Live
S-22178,TEM-26362-A,Ottershaw site 2,M5 2NP,15 0637 1566 062,REDzero,09/07/2025,09-Jul-27,62500,23.67,Live
S-22179,TEM-92527-E,Summerton site 1,L23 9BR,7637-5779-70747,RED,22/02/2025,22 February 2028,910000,30.41,Live
S-22180,TEM-98989-A,Riverbank site 1,N30 3EW,10 2027 0123 780,RED,18/11/2024,18 November 2027,42000,28.65,Live
S-22181,TEM-51976-F,Fernhill site 1,B23 1ER,7346-4939-89595,REDzero,2025-04-05,04/04/2028,62500,29.16,Live
S-22182,TEM-51976-F,Fernhill site 2,S7 5BW,4832-4420-25701,REDzero,2026-03-28,28 March 2027,210000,26.02,Live
S-22183,TEM-90461-A,Jarrow site 1,E26 5ET,7021-0068-42581,RED,22/06/2025,22 June 2027,660000,25.36,Live
S-22184,TEM-61299-E,Exmoor site 1,E22 5HR,0889134183638,RED,07/02/2027,07 February 2028,88000,17.59,Live
S-22185,TEM-13775-G,Stanhope site 1,B11 5BX,2255-1053-83628,RED,2025-12-05,2026-12-05,660000,28.23,Live
S-22186,TEM-13775-G,Stanhope site 2,L25 6BW,6946-4454-72649,RED,2025-08-15,15/08/2027,340000,26.3,Live
S-22187,TEM-13775-G,Stanhope site 3,S2 5JD,8863511832468,RED,18/11/2025,18-Nov-27,340000,30.76,Live
S-22188,TEM-13775-G,Stanhope site 4,B4 3AT,0928033749897,REDzero,2024-11-27,27 November 2026,210000,18.01,Live
S-22189,TEM-43125-D,Bramble site 1,M15 7BX,4474817158695,RED Plus,2025-07-21,21/07/2027,480000,31.4,Live
S-22190,TEM-43125-D,Bramble site 2,B14 1HD,1301-2177-25583,RED,2024-10-09,09 October 2026,42000,31.38,Live
S-22191,TEM-54785-E,Ironbridge site 1,M13 4JX,18 5002 2283 111,RED,2024-10-24,24/10/2026,1250000,31.76,Live
S-22192,TEM-45961-F,Harborne site 1,E19 5BR,1644081021778,RED,2023-09-08,07 September 2026,88000,31.73,Live
S-22193,TEM-40605-B,Marlow site 1,S4 9JT,8036402578482,RED,30/12/2026,30/12/2027,88000,22.51,Live
S-22194,TEM-40605-B,Marlow site 2,S8 1EW,42 0111 0203 181,RED,2026-04-03,02 April 2028,120000,31.73,Live
S-22195,TEM-40605-B,Marlow site 3,L8 8ER,8098-6911-70371,RED Plus,2025-04-26,26 April 2027,210000,23.77,Live
S-22196,TEM-40605-B,Marlow site 4,L24 1NT,97 8944 8360 965,RED,28/03/2026,27 March 2028,42000,23.41,Live
S-22197,TEM-79607-E,Farrier site 1,B7 1BX,4671-3297-51952,REDzero,10/10/2025,10-Oct-27,42000,31.51,Live
S-22198,TEM-79607-E,Farrier site 2,S13 1ED,45 6317 2323 339,RED,2025-07-12,12-Jul-27,42000,18.08,Live
S-22199,TEM-79607-E,Farrier site 3,S25 5NR,61 8932 9132 697,RED,27/12/2026,27 December 2027,120000,27.96,Live
S-22200,TEM-79607-E,Farrier site 4,E11 5EW,9166937098262,RED,13/11/2023,12 November 2026,210000,23.52,Live
S-22201,TEM-79607-E,Farrier site 5,N19 7ED,51 7591 6955 732,RED,2025-02-26,26 February 2027,62500,30.93,Live
S-22202,TEM-79607-E,Farrier site 6,N11 7ET,3905442120103,RED Plus,2023-09-09,2026-09-08,660000,23.21,Live
S-22203,TEM-40335-B,Garwood site 1,S11 2EX,9087768712880,RED Plus,24/09/2025,24 September 2027,340000,25.92,Live
S-22204,TEM-18271-E,Rosedale site 1,M15 2JX,4010223480141,RED,2025-09-23,23-Sep-27,210000,28.81,Live
S-22205,TEM-17853-F,Riverbank site 1,E17 5EP,4533-0431-40115,REDzero,12/05/2024,12 May 2027,340000,19.59,Live
S-22206,TEM-60942-G,Ironbridge site 1,L4 4NR,15 5155 5134 324,RED,2026-04-17,2028-04-16,155000,25.91,Live
S-22207,TEM-26418-D,Kingsmead site 1,B17 8AP,7447-9620-28392,RED,2025-04-01,31 March 2028,62500,23.24,Live
S-22208,TEM-46504-B,Ivybridge site 1,E29 1NR,3993742830461,RED Plus,2026-11-30,30-Nov-27,480000,18.76,Live
S-22209,TEM-46504-B,Ivybridge site 2,E5 1JT,9589183065971,RED,19/10/2025,2027-10-19,120000,22.89,Live
S-22210,TEM-57756-D,Orchard site 1,N24 1JR,38 4948 8104 124,REDzero,2025-05-02,2027-05-02,210000,27.59,Live
S-22211,TEM-75540-C,Caldwell site 1,G19 4ND,33 4714 0600 587,REDzero,2025-04-24,24-Apr-27,42000,19.67,Live
S-22212,TEM-81307-B,Eastbrook site 1,B22 8NX,1918341739531,RED,30/08/2024,30/08/2027,210000,30.66,Live
S-22213,TEM-31199-A,Tanfield site 1,G2 3AP,9479-8609-56520,RED Plus,10/01/2025,10-Jan-26,910000,24.5,Ended
S-22214,TEM-31199-A,Tanfield site 2,N23 7NX,52994068435807,RED,28/12/2023,27-Dec-24,340000,27.79,Ended
S-22215,TEM-31199-A,Tanfield site 3,E24 7BX,96 4748 0803 532,RED,24/12/2022,23 December 2025,340000,27.13,Ended
S-22216,TEM-31199-A,Tanfield site 4,M5 7HT,63 2743 2548 207,REDzero,2025-04-27,27 April 2026,2100000,29.61,Ended
S-22217,TEM-31199-A,Tanfield site 5,S29 5JP,9651-8813-12795,REDzero,2023-05-19,18-May-25,62500,30.29,Ended
S-22218,TEM-31199-A,Tanfield site 6,M12 1HW,5141363114156,RED Plus,2025-06-26,26/06/2026,660000,24.44,Ended
S-22219,TEM-93610-G,Farrier site 1,S6 7BR,75 3051 8011 084,RED,2024-10-09,09-Oct-27,42000,24.71,Live
S-22220,TEM-93610-G,Farrier site 2,N7 9ND,0332176658159,RED,04/10/2025,04 October 2027,210000,31.99,Live
S-22221,TEM-93749-D,Merrivale site 1,B5 5HT,6720232432615,RED Plus,2023-01-05,04-Jan-26,2100000,31.21,Ended
S-22222,TEM-93749-D,Merrivale site 2,G19 3EP,58 4743 1415 876,RED,11/01/2023,10 January 2025,2100000,24.82,Ended
S-22223,TEM-34978-A,Whitethorn site 1,B3 1NR,97 1434 0155 617,RED Plus,2025-07-11,11/07/2027,120000,29.75,Live
S-22224,TEM-34978-A,Whitethorn site 2,B29 2BR,8969114718570,RED,02/08/2025,2027-08-02,340000,19.59,Live
S-22225,TEM-10911-B,Padstow site 1,N21 9JR,21 6342 0090 641,RED Plus,06/07/2023,2026-07-05,62500,21.06,Ended
S-22226,TEM-10911-B,Padstow site 2,N21 9AX,2731269636064,RED,30/10/2022,29 October 2025,910000,29.17,Ended
S-22227,TEM-10911-B,Padstow site 3,E13 4JD,9427735698407,RED,2022-12-02,01 December 2024,660000,29.34,Ended
S-22228,TEM-98409-A,Nettlebed site 1,M28 4EP,54 1483 2072 104,RED,25/10/2025,25-Oct-27,155000,30.06,Live
S-22229,TEM-19563-C,Zetland site 1,B19 1BD,8479514071890,RED,14/11/2023,13/11/2026,910000,29.42,Live
S-22230,TEM-19563-C,Zetland site 2,G19 4AR,33 5546 6016 820,RED,2025-03-08,08-Mar-27,910000,25.97,Live
S-22231,TEM-31007-C,Quarrington site 1,M10 3BW,2598083824139,RED,22/11/2025,22/11/2026,42000,28.11,Live
S-22232,TEM-31007-C,Quarrington site 2,B1 4NR,10 3484 2047 361,RED,05/11/2023,2026-11-04,155000,27.47,Live
S-22233,TEM-58269-G,Oakhurst site 1,E26 7AR,8723-1868-90666,RED Plus,25/03/2024,25-Mar-27,42000,26.18,Live
S-22234,TEM-53466-E,Ironbridge site 1,B5 8JT,5428626878219,RED,05/08/2025,05 August 2027,910000,29.26,Live
S-22235,TEM-53466-E,Ironbridge site 2,E30 5JR,9582-2996-71168,REDzero,2025-06-18,2027-06-18,480000,20.75,Live
S-22236,TEM-29637-D,Ivybridge site 1,N18 6JP,1849-2412-00025,RED Plus,2024-01-02,01/01/2027,88000,25.79,Live
S-22237,TEM-54632-B,Thackery site 1,N8 4ED,9066340697154,RED,2025-11-12,12 November 2026,910000,20.62,Live
S-22238,TEM-78492-F,Torque site 1,M25 5AT,5985321043486,REDzero,2026-10-28,28/10/2027,210000,17.72,Live
S-22239,TEM-78492-F,Torque site 2,L16 7NW,43 3845 8579 352,RED,14/09/2026,14 September 2027,340000,18.06,Live
S-22240,TEM-77215-B,Langmere site 1,G28 3EW,2215266007315,RED,02/11/2025,02-Nov-27,340000,22.25,Live
S-22241,TEM-53550-E,Ellerton site 1,B20 5EW,8958-8551-42041,RED Plus,2025-07-18,18/07/2027,340000,21.86,Live
S-22242,TEM-19821-G,Garwood site 1,G20 1HR,36 8871 1724 169,RED,12/07/2025,2027-07-12,480000,27.0,Live
S-22243,TEM-94687-E,Quarrington site 1,N1 4HD,4470-3349-04300,RED,2024-05-16,16-May-27,88000,27.6,Live
S-22244,TEM-52585-E,Hollybush site 1,M4 4JR,6470-1771-45310,RED Plus,2025-10-07,07 October 2026,62500,18.32,Live
S-22245,TEM-97249-E,Jespersen site 1,N17 5HP,6785-9928-63500,REDzero,16/01/2026,16/01/2027,910000,19.41,Live
S-22246,TEM-93388-F,Maplin site 1,M10 1JD,79 2804 9225 561,RED Plus,31/08/2025,31 August 2027,42000,19.53,Live
S-22247,TEM-38129-F,Applegarth site 1,S15 4JX,6164510486964,RED,12/09/2025,12/09/2026,62500,30.85,Live
S-22248,TEM-81600-G,Bramble site 1,M20 2HD,16 5132 8857 187,RED,2025-05-14,2027-05-14,2100000,25.21,Live
S-22249,TEM-60089-E,Fernhill site 1,N6 2NW,9984-4106-35139,RED Plus,14/10/2024,2027-10-14,2100000,23.54,Live
S-22250,TEM-60089-E,Fernhill site 2,E15 3AX,3955468420258,RED,2026-05-24,24-May-27,660000,25.77,Live
S-22251,TEM-60089-E,Fernhill site 3,S14 1BW,09 1381 4992 317,RED,10/09/2024,10/09/2027,155000,31.31,Live
S-22252,TEM-59730-C,Quenington site 1,B4 2EW,0135-4846-09943,RED Plus,2025-02-12,12 February 2028,660000,29.24,Live
S-22253,TEM-12521-B,Cedar site 1,G10 5ET,7213-0986-04787,REDzero,2024-02-15,2025-02-14,155000,22.2,Ended
S-22254,TEM-68732-F,Ironbridge site 1,N1 2NT,2826-3958-84694,RED,2023-06-10,09 June 2026,910000,30.38,Ended
S-22255,TEM-68732-F,Ironbridge site 2,N12 5JW,4615748860160,RED Plus,27/11/2022,26 November 2024,155000,23.95,Ended
S-22256,TEM-68732-F,Ironbridge site 3,G30 4EX,4604891212432,RED,18/09/2024,18 September 2025,120000,23.77,Ended
S-22257,TEM-37249-E,Nettlebed site 1,E18 7EW,11 3187 6093 734,REDzero,2026-10-10,10/10/2027,42000,25.0,Live
S-22258,TEM-14637-B,Wrenfield site 1,M30 3BR,6374-2537-00131,RED Plus,08/04/2025,07-Apr-28,910000,19.1,Live
S-22259,TEM-77748-D,Umberside site 1,E22 6AD,2948865131331,REDzero,01/05/2026,01/05/2027,480000,21.83,Live
S-22260,TEM-77748-D,Umberside site 2,S19 5BT,73 4975 6892 596,RED,13/12/2023,2026-12-12,1250000,27.6,Live
S-22261,TEM-89996-G,Hatherley site 1,L12 9JX,3695117230896,RED,2024-01-02,01/01/2027,42000,22.36,Live
S-22262,TEM-89996-G,Hatherley site 2,E25 6HR,96 1845 4360 987,REDzero,2025-11-14,14-Nov-26,660000,25.18,Live
S-22263,TEM-92104-A,Applegarth site 1,S3 7EP,3806-3676-39341,RED,2026-10-03,03 October 2027,155000,28.62,Live
S-22264,TEM-18113-C,Harborne site 1,G3 3HP,7971-0492-93534,RED,2026-03-09,08/03/2028,340000,20.78,Live
S-22265,TEM-18113-C,Harborne site 2,M13 9NW,99 6005 7938 045,REDzero,2026-05-15,2027-05-15,660000,22.49,Live
S-22266,TEM-18113-C,Harborne site 3,G28 9NX,3276636374614,RED Plus,2025-03-11,2027-03-11,88000,21.9,Live
S-22267,TEM-82689-E,Elmwood site 1,N27 5BD,7825674117264,RED,2023-07-27,26 July 2025,88000,24.11,Ended
S-22268,TEM-82689-E,Elmwood site 2,G11 4JX,9390-1137-34415,RED Plus,23/02/2025,23-Feb-26,1250000,21.51,Ended
S-22269,TEM-93826-D,Cobalt site 1,L11 9NW,7794810582942,RED,28/06/2024,28-Jun-26,340000,18.33,Ended
S-22270,TEM-30875-D,Westcliff site 1,M28 6ET,0752185502560,RED,2026-04-30,2027-04-30,88000,32.37,Live
S-22271,TEM-30875-D,Westcliff site 2,E22 2ED,54 1123 4852 246,REDzero,24/07/2026,24 July 2027,120000,19.99,Live
S-22272,TEM-49826-E,Ashcombe site 1,E16 9NX,5975913554035,RED,16/01/2025,16-Jan-28,210000,20.55,Live
S-22273,TEM-91924-F,Lighthouse site 1,S15 2EX,8423-7401-11838,RED,09/09/2025,09-Sep-27,660000,27.77,Live
S-22274,TEM-45483-B,Thackery site 1,E30 2HW,81 9254 9832 418,RED,2025-02-23,2027-02-23,1250000,24.86,Live
S-22275,TEM-45483-B,Thackery site 2,M30 1NT,9279142709180,RED,23/10/2023,22-Oct-26,660000,25.59,Live
S-22276,TEM-41022-G,Westcliff site 1,G17 1HP,85 5565 2496 194,RED,2025-01-25,2026-01-25,340000,26.74,Ended
S-22277,TEM-41022-G,Westcliff site 2,B21 4HX,8848-5748-88774,RED,2023-03-11,10/03/2025,155000,30.63,Ended
S-22278,TEM-41022-G,Westcliff site 3,L8 6NX,4932-4716-65701,RED Plus,17/10/2022,16/10/2025,2100000,17.89,Ended
S-22279,TEM-41022-G,Westcliff site 4,S17 9AD,4882110606615,RED Plus,16/08/2023,15-Aug-25,210000,24.84,Ended
S-22280,TEM-98760-D,Westcliff site 1,M9 5HW,4007680658707,RED,2025-04-25,25 April 2027,42000,17.99,Live
S-22281,TEM-69706-A,Umberside site 1,E2 8ET,8772096464139,RED Plus,2025-09-17,17-Sep-26,62500,25.15,Live
S-22282,TEM-60980-G,Cedar site 1,B21 8HD,7635-7809-63607,RED,02/08/2022,01/08/2025,155000,27.69,Ended
S-22283,TEM-60980-G,Cedar site 2,E9 5HX,7544-4128-26513,RED,02/08/2025,2026-08-02,480000,29.29,Ended
S-22284,TEM-94343-F,Exmoor site 1,G28 9NT,5229-0742-37029,RED,2026-06-14,14/06/2027,155000,20.48,Live
S-22285,TEM-94343-F,Exmoor site 2,N17 3NW,88 1426 5204 465,RED,2024-10-30,30/10/2027,910000,32.06,Live
S-22286,TEM-24490-A,Whitethorn site 1,G14 3BD,9113-2432-59330,RED Plus,2024-03-08,2025-03-08,155000,21.69,Ended
S-22287,TEM-24490-A,Whitethorn site 2,S25 8BW,83 6092 4475 224,RED Plus,08/08/2024,08-Aug-25,88000,26.23,Ended
S-22288,TEM-24490-A,Whitethorn site 3,B4 7AR,4275757507908,RED,29/06/2025,29 June 2026,155000,28.2,Ended
S-22289,TEM-24490-A,Whitethorn site 4,N7 3BR,8355085996770,RED Plus,2022-05-19,18/05/2025,88000,26.01,Ended
S-22290,TEM-51823-G,Ivybridge site 1,L1 9JW,08 3929 8410 360,RED,22/10/2023,2026-10-21,2100000,18.61,Live
S-22291,TEM-51823-G,Ivybridge site 2,E8 5NT,3844534438340,REDzero,2027-04-02,2028-04-01,120000,29.88,Live
S-22292,TEM-33254-G,Langmere site 1,M1 5JD,7902-0040-83476,RED,17/12/2024,17-Dec-27,480000,24.82,Live
S-22293,TEM-33254-G,Langmere site 2,M19 2BP,59 2317 6146 336,RED,22/05/2027,21-May-28,1250000,23.9,Live
S-22294,TEM-33254-G,Langmere site 3,G3 3JP,6643-7907-79021,RED,23/03/2026,22/03/2028,2100000,17.97,Live
S-22295,TEM-33254-G,Langmere site 4,N25 2AX,8211-8665-97837,RED,2025-01-02,02-Jan-28,120000,27.84,Live
S-22296,TEM-52996-F,Millpond site 1,B21 6EW,7356833826864,RED,2025-03-03,03/03/2026,42000,29.59,Ended
S-22297,TEM-82704-A,Eastbrook site 1,E16 1BP,0858945624338,RED,2025-01-02,2026-01-02,210000,23.36,Ended
S-22298,TEM-82704-A,Eastbrook site 2,M8 5AD,2229745147262,RED,19/06/2024,19 June 2025,210000,21.42,Ended
S-22299,TEM-82704-A,Eastbrook site 3,L24 6HT,5934564112495,RED Plus,19/10/2022,18-Oct-24,155000,27.65,Ended
S-22300,TEM-82704-A,Eastbrook site 4,M21 2NW,01 3503 4421 743,RED,2023-11-25,2024-11-24,910000,22.36,Ended
S-22301,TEM-82704-A,Eastbrook site 5,L8 6BR,2445-7159-39715,RED,02/12/2023,01 December 2025,88000,21.58,Ended
S-22302,TEM-82704-A,Eastbrook site 6,G21 2EP,6632-3178-34105,REDzero,19/02/2023,18/02/2026,660000,18.89,Ended
S-22303,TEM-82704-A,Eastbrook site 7,B7 2JW,54 4206 7612 361,RED Plus,2023-02-16,15 February 2026,2100000,30.18,Ended
S-22304,TEM-82704-A,Eastbrook site 8,M29 9ND,87 4623 9601 348,RED,2025-01-01,01-Jan-26,340000,18.73,Ended
S-22305,TEM-83410-F,Umberside site 1,M11 1HW,1479-3516-44727,RED,2025-04-05,04 April 2028,2100000,17.72,Live
S-22306,TEM-13453-A,Silverbeck site 1,G9 1JP,1219007742690,RED,2024-12-24,2027-12-24,88000,18.67,Live
S-22307,TEM-39270-F,Lighthouse site 1,M13 2EW,70 1693 2520 184,RED Plus,2026-06-01,31 May 2028,910000,21.52,Live
S-22308,TEM-39270-F,Lighthouse site 2,G21 8ET,9121504475143,REDzero,21/01/2024,20 January 2027,480000,20.01,Live
S-22309,TEM-66238-A,Saltmarsh site 1,M22 3EP,7676828585350,REDzero,10/12/2022,09/12/2025,210000,30.5,Ended
S-22310,TEM-66238-A,Saltmarsh site 2,B1 8NR,9582-3831-19216,RED,2024-07-07,07/07/2026,2100000,24.9,Ended
S-22311,TEM-66238-A,Saltmarsh site 3,L29 9AP,0186769670171,RED,13/06/2024,2026-06-13,1250000,28.03,Ended
S-22312,TEM-66238-A,Saltmarsh site 4,L6 1JT,05 1594 4707 663,RED,11/10/2022,10/10/2024,660000,21.29,Ended
S-22313,TEM-69889-C,Vantage site 1,N19 1JX,6627867045694,RED,2025-05-16,2028-05-15,340000,23.23,Live
S-22314,TEM-55629-F,Hatherley site 1,E4 4AT,3451225254574,RED,03/01/2026,2028-01-03,210000,23.53,Live
S-22315,TEM-54369-B,Hatherley site 1,L6 2AR,0463-0413-11481,REDzero,16/12/2026,16 December 2027,155000,19.8,Live
S-22316,TEM-79634-G,Millpond site 1,N12 3EW,9897019659190,RED,08/10/2025,08 October 2026,120000,30.04,Live
S-22317,TEM-92326-E,Langmere site 1,S25 9AT,4747449514196,RED,2025-09-12,12 September 2027,480000,26.04,Live
S-22318,TEM-92326-E,Langmere site 2,M20 1JD,94 0243 2933 518,RED,2024-11-17,2026-11-17,1250000,23.25,Live
S-22319,TEM-62739-D,Whitethorn site 1,B22 5HD,8193-1734-23511,RED,02/01/2026,02 January 2027,155000,19.97,Live
S-22320,TEM-73680-F,Denholm site 1,L14 7NP,49 9420 8627 912,RED Plus,2024-03-01,01/03/2027,210000,28.56,Live
S-22321,TEM-73680-F,Denholm site 2,M28 4BX,8222-0371-78964,RED,2023-12-31,30/12/2026,88000,21.29,Live
S-22322,TEM-94168-D,Umberside site 1,B13 7HD,8077725749336,RED,10/02/2025,10/02/2027,88000,27.98,Live
S-22323,TEM-94168-D,Umberside site 2,M16 6JR,5188-9738-26616,RED,22/11/2023,2026-11-21,88000,24.88,Live
S-22324,TEM-30919-E,Ottershaw site 1,E25 7NT,6271071802332,RED,16/11/2026,16 November 2027,120000,18.31,Live
S-22325,TEM-30919-E,Ottershaw site 2,S14 8JW,49 1986 1221 801,RED Plus,2026-02-05,05 February 2027,210000,29.69,Live
S-22326,TEM-24457-D,Quayside site 1,S17 4ER,86 5700 1277 131,RED,24/05/2025,24/05/2027,480000,22.92,Live
S-22327,TEM-96440-A,Westcliff site 1,E20 3NP,0183-0684-91865,RED,25/01/2025,25 January 2028,910000,25.97,Live
S-22328,TEM-42177-B,Northgate site 1,M29 9JT,1314-6981-27301,REDzero,2026-09-05,05 September 2027,910000,19.65,Live
S-22329,TEM-69728-F,Violetta site 1,N17 7HX,24 3018 1443 492,RED,05/11/2024,05-Nov-26,2100000,21.99,Live
S-22330,TEM-69728-F,Violetta site 2,M2 9HX,5966-5219-90489,RED Plus,02/05/2025,2028-05-01,480000,32.11,Live
S-22331,TEM-49420-D,Ellerton site 1,N12 3ND,99 5160 5624 862,RED,20/06/2024,2026-06-20,62500,28.94,Ended
S-22332,TEM-29137-B,Langmere site 1,E26 8AX,9103-5631-03862,RED,2024-01-22,2027-01-21,155000,23.08,Live
S-22333,TEM-29137-B,Langmere site 2,B2 9NW,5398194754914,REDzero,2026-03-29,28-Mar-28,42000,28.3,Live
S-22334,TEM-46956-A,Quenington site 1,B14 3BT,7064774717764,REDzero,2025-02-20,20-Feb-28,340000,21.62,Live
S-22335,TEM-73512-E,Yarrow site 1,G4 1HR,8462-0382-57320,RED Plus,08/02/2023,07 February 2026,62500,30.62,Ended
S-22336,TEM-73512-E,Yarrow site 2,G5 5HX,9040590644230,RED,2023-07-27,26-Jul-26,480000,30.54,Ended
S-22337,TEM-23668-D,Nettlebed site 1,B14 5BX,6545365563949,REDzero,2025-12-27,27-Dec-26,2100000,25.31,Live
S-22338,TEM-23668-D,Nettlebed site 2,S9 4JP,2809-3608-56059,RED Plus,2025-05-12,12-May-27,480000,26.85,Live
S-22339,TEM-23668-D,Nettlebed site 3,N7 4NR,1918-8811-62967,REDzero,2024-09-19,19/09/2027,210000,22.25,Live
S-22340,TEM-23668-D,Nettlebed site 4,G27 1BR,0818-7970-36664,RED,10/01/2025,2028-01-10,660000,24.44,Live
S-22341,TEM-23668-D,Nettlebed site 5,E23 8NR,5073879718079,RED Plus,2026-02-02,2028-02-02,2100000,23.29,Live
S-22342,TEM-23668-D,Nettlebed site 6,M10 9EX,5769869530080,RED Plus,10/01/2025,10 January 2027,42000,21.28,Live
S-22343,TEM-31748-B,Langmere site 1,E18 1AR,13 4714 8508 250,RED,29/11/2024,29-Nov-27,2100000,21.87,Live
S-22344,TEM-31748-B,Langmere site 2,B1 6HP,99 6088 0119 915,REDzero,18/10/2023,17-Oct-26,1250000,22.95,Live
S-22345,TEM-31748-B,Langmere site 3,L27 4BW,62 8918 5618 902,REDzero,15/01/2025,15 January 2027,42000,20.0,Live
S-22346,TEM-93421-E,Garwood site 1,N25 1ED,2638-6197-43812,RED Plus,2025-02-03,03-Feb-28,2100000,28.8,Live
S-22347,TEM-83210-F,Elmwood site 1,B28 3EW,3869-5187-69918,RED,17/01/2025,17 January 2028,910000,24.61,Live
S-22348,TEM-63946-E,Oakhurst site 1,B24 9EX,8482-4334-85736,RED Plus,06/09/2024,06-Sep-27,210000,22.56,Live
S-22349,TEM-87333-F,Maplin site 1,N7 4BD,7420-5490-27344,RED Plus,2024-03-01,2025-03-01,42000,24.57,Ended
S-22350,TEM-87333-F,Maplin site 2,B3 6BX,7345577586323,RED,22/07/2025,22 July 2026,2100000,20.7,Ended
S-22351,TEM-62016-G,Ivybridge site 1,N26 4JW,21 3496 4573 392,RED,01/01/2025,01-Jan-28,340000,26.65,Live
S-22352,TEM-50484-E,Pennine site 1,B25 3EX,55 2023 7233 758,REDzero,2024-03-10,10 March 2025,62500,18.78,Ended
S-22353,TEM-50484-E,Pennine site 2,G5 5AP,9829-5729-48931,RED,2023-06-14,13 June 2026,480000,23.63,Ended
S-22354,TEM-35472-G,Oakhurst site 1,B17 6BP,4150-5208-14764,RED,2025-08-18,18 August 2027,1250000,21.8,Live
S-22355,TEM-35472-G,Oakhurst site 2,S5 7HP,77 4621 5327 005,RED,19/07/2025,2027-07-19,480000,19.92,Live
S-22356,TEM-90348-F,Kelbrook site 1,L30 5JD,9097420672327,REDzero,26/05/2025,2028-05-25,42000,19.71,Live
S-22357,TEM-37853-F,Wrenfield site 1,S24 7HR,51 5224 7159 937,RED,2026-01-24,24/01/2028,660000,31.04,Live
S-22358,TEM-88824-G,Halewood site 1,B27 3BW,63 9121 2857 856,RED,17/01/2027,17-Jan-28,1250000,27.85,Live
S-22359,TEM-37274-B,Pennine site 1,M17 5EX,8571-0974-89274,RED,18/04/2024,18 April 2027,1250000,20.81,Live
S-22360,TEM-12290-F,Quarrington site 1,S24 2EX,7367402756531,REDzero,2026-04-05,05-Apr-27,88000,29.99,Live
S-22361,TEM-58880-C,Quayside site 1,S8 8AD,27 4846 6403 333,RED Plus,06/12/2024,06/12/2027,42000,25.21,Live
S-22362,TEM-80426-G,Violetta site 1,E2 5JP,9015135335433,RED,2024-10-18,18-Oct-26,340000,24.21,Live
S-22363,TEM-80426-G,Violetta site 2,M7 9ND,33 2508 3640 670,RED,16/02/2026,16/02/2027,660000,24.87,Live
S-22364,TEM-34676-G,Quayside site 1,E20 2BX,9992-4522-34301,RED,12/06/2025,2026-06-12,42000,30.21,Ended
S-22365,TEM-48114-A,Umberside site 1,N25 3EW,88 2870 0721 551,RED,2026-04-03,03-Apr-27,42000,25.34,Live
S-22366,TEM-48114-A,Umberside site 2,M9 3NR,80 8441 4370 883,RED Plus,11/12/2026,2027-12-11,120000,20.83,Live
S-22367,TEM-48114-A,Umberside site 3,M4 5BT,8961-0780-20326,RED,05/05/2024,05-May-27,120000,19.6,Live
S-22368,TEM-39194-A,Rosedale site 1,B26 1AT,29 7128 2243 349,RED,2024-02-06,2027-02-05,1250000,22.08,Live
S-22369,TEM-46031-C,Torque site 1,E24 1HR,4456-2797-77281,RED,2025-10-16,2027-10-16,480000,22.38,Live
S-22370,TEM-67732-E,Hollybush site 1,L4 8HW,2286465828346,RED,2026-02-24,24 February 2027,910000,26.67,Live
S-22371,TEM-35456-B,Ashcombe site 1,L17 2NR,3868023689940,RED,24/03/2025,23/03/2028,2100000,28.23,Live
S-22372,TEM-35456-B,Ashcombe site 2,N5 7AD,9308578604295,RED,06/07/2025,06 July 2027,62500,25.38,Live
S-22373,TEM-42931-A,Ivybridge site 1,G9 5AP,21 4664 2756 837,RED,02/02/2026,02-Feb-28,340000,23.33,Live
S-22374,TEM-92741-G,Summerton site 1,B20 7NT,7056887034435,RED Plus,29/04/2026,2028-04-28,660000,23.27,Live
S-22375,TEM-85129-D,Marlow site 1,N30 1EW,4656539625617,RED,07/11/2022,06 November 2025,1250000,20.72,Ended
S-22376,TEM-46504-D,Ingleby site 1,S1 7NX,1397305165813,RED,2023-04-17,2026-04-16,210000,32.26,Ended
S-22377,TEM-22275-E,Farrier site 1,G9 6HW,2554-4831-33491,REDzero,06/05/2027,2028-05-05,155000,31.21,Live
S-22378,TEM-15263-F,Summerton site 1,G16 8BR,9617618868479,RED,2024-10-12,12/10/2026,210000,23.33,Live
S-22379,TEM-53881-B,Maplin site 1,N9 6JR,8072110876663,RED,12/11/2024,2027-11-12,660000,28.69,Live
S-22380,TEM-95489-C,Lighthouse site 1,B29 7EP,1620055507057,RED Plus,2023-05-06,05-May-25,155000,32.44,Ended
S-22381,TEM-95489-C,Lighthouse site 2,E3 8BW,09 3724 4261 330,RED Plus,2022-09-20,19 September 2025,910000,31.88,Ended
S-22382,TEM-25299-G,Larkspur site 1,B16 9HR,0843387551155,RED,2024-01-10,09-Jan-27,62500,18.19,Live
S-22383,TEM-19071-C,Ravenscar site 1,M9 2JT,9431868739524,REDzero,2023-12-27,2026-12-26,62500,24.89,Live
S-22384,TEM-67447-C,Yewtree site 1,L9 4HX,60 0142 2129 014,RED,04/03/2024,04-Mar-27,155000,22.02,Live
S-22385,TEM-60246-A,Ironbridge site 1,L24 5NP,1079303669942,RED,12/04/2025,11 April 2028,42000,29.68,Live
S-22386,TEM-60246-A,Ironbridge site 2,N12 3JR,5259-8702-22088,RED,2026-04-26,25-Apr-28,2100000,23.45,Live
S-22387,TEM-11646-B,Birchmoor site 1,M18 5EW,2630082077310,RED,2026-02-26,26-Feb-28,42000,29.28,Live
S-22388,TEM-13481-F,Silverbeck site 1,N19 5HT,7522016787942,RED,2023-11-29,28 November 2025,210000,30.7,Ended
S-22389,TEM-13481-F,Silverbeck site 2,M3 3JT,3302020579018,RED,2022-08-17,16/08/2025,155000,29.86,Ended
S-22390,TEM-98219-A,Merrivale site 1,B2 3AP,05 6297 8887 614,RED,15/01/2026,2028-01-15,660000,31.88,Live
S-22391,TEM-98219-A,Merrivale site 2,G20 4ED,6354520749857,RED,2026-05-12,11-May-28,155000,27.03,Live
S-22392,TEM-98219-A,Merrivale site 3,S11 5JD,92 0969 6904 745,REDzero,2026-06-02,02 June 2027,340000,24.18,Live
S-22393,TEM-46387-C,Northgate site 1,B22 3HW,0925-4880-67606,REDzero,2025-02-17,17/02/2027,62500,26.62,Live
S-22394,TEM-46387-C,Northgate site 2,G5 5AR,9305230309487,RED,12/12/2024,12 December 2027,910000,30.06,Live
S-22395,TEM-56230-E,Halewood site 1,S17 3HR,7972-7365-24850,REDzero,22/01/2025,22/01/2028,340000,30.27,Live
S-22396,TEM-56230-E,Halewood site 2,M22 8NX,3722-2522-34750,RED,2026-02-20,20/02/2028,2100000,32.1,Live
S-22397,TEM-56230-E,Halewood site 3,S10 8HX,3981-9097-14762,RED,2025-04-19,18/04/2028,155000,31.7,Live
S-22398,TEM-94084-E,Violetta site 1,N22 1NP,63 4708 4983 745,REDzero,2025-02-08,08 February 2027,910000,22.32,Live
S-22399,TEM-94084-E,Violetta site 2,L3 1NT,5075631012682,RED,2025-11-09,09 November 2027,480000,30.54,Live
S-22400,TEM-87773-F,Farrier site 1,B23 1NX,2523-4395-04833,REDzero,26/02/2023,2025-02-25,1250000,32.21,Ended
S-22401,TEM-87773-F,Farrier site 2,M12 6JW,6688713886108,RED,09/01/2022,08 January 2025,210000,19.65,Ended
S-22402,TEM-81120-C,Riverbank site 1,B23 2BR,5588533001972,RED,2025-04-08,08 April 2027,42000,21.54,Live
S-22403,TEM-56756-D,Stanhope site 1,L26 8ED,2300-8654-60326,RED,13/11/2024,13-Nov-27,210000,29.03,Live
S-22404,TEM-48748-G,Quenington site 1,L2 5AP,4473648200972,REDzero,21/06/2025,21-Jun-27,88000,19.71,Live
S-22405,TEM-47124-E,Ashcombe site 1,E1 3BR,2080-1916-02329,RED,05/02/2024,2027-02-04,155000,25.29,Live
S-22406,TEM-71953-G,Verity site 1,S6 8JW,59 1187 1946 757,RED,17/02/2026,17/02/2028,1250000,31.17,Live
S-22407,TEM-76239-E,Cobalt site 1,S20 7JW,13 5615 3186 014,RED Plus,2023-09-29,28-Sep-26,340000,30.56,Live
S-22408,TEM-93172-D,Bramble site 1,B27 5AR,75 1743 6307 935,REDzero,12/11/2023,2026-11-11,1250000,32.09,Live
S-22409,TEM-93172-D,Bramble site 2,E24 2NP,2834-8226-12232,RED,2027-02-14,14/02/2028,340000,26.81,Live
S-22410,TEM-93172-D,Bramble site 3,B9 9HW,2583184497579,RED,18/08/2025,18 August 2026,660000,29.29,OOC
S-22411,TEM-93172-D,Bramble site 4,N17 1ET,7147919311086,REDzero,2026-08-24,24/08/2027,155000,20.47,Live
S-22412,TEM-93172-D,Bramble site 5,S26 5HT,9648655626352,RED,2027-01-31,31-Jan-28,42000,25.33,Live
S-22413,TEM-93172-D,Bramble site 6,N27 7HR,4872259663891,RED,2025-04-15,14 April 2028,340000,19.05,Live
S-22414,TEM-72652-G,Redwing site 1,L17 1BD,5672268201403,RED,2024-02-03,02/02/2027,2100000,30.24,Live
S-22415,TEM-78790-C,Harborne site 1,N4 4BT,8206924460905,RED,24/02/2027,24 February 2028,120000,28.27,Live
S-22416,TEM-52894-C,Ashcombe site 1,B23 5ER,4962081262556,RED,01/09/2024,01/09/2027,155000,30.64,Live
S-22417,TEM-47720-F,Bexley site 1,B5 6NT,3565431934282,RED Plus,2027-05-25,24 May 2028,340000,18.62,Live
S-22418,TEM-47720-F,Bexley site 2,N30 1ND,0044-3419-38967,RED,27/08/2024,2027-08-27,660000,27.4,Live
S-22419,TEM-47720-F,Bexley site 3,L6 4HT,4075029877292,REDzero,12/12/2025,12 December 2026,480000,20.65,Live
S-22420,TEM-47720-F,Bexley site 4,B13 8BD,00 2326 4649 065,RED,2026-04-25,24 April 2028,910000,26.39,Live
S-22421,TEM-44631-G,Wrenfield site 1,M1 7HD,9577481114616,RED,2025-09-23,2026-09-23,2100000,25.45,Live
S-22422,TEM-30518-A,Zetland site 1,B19 4BW,4043-6635-41354,RED,2024-10-27,27/10/2027,62500,22.33,Live
S-22423,TEM-24895-C,Gilded site 1,L13 4ER,8982-3760-70892,RED,10/12/2021,09-Dec-24,88000,26.83,Ended
S-22424,TEM-56695-D,Jarrow site 1,G16 1EW,65 8833 9441 436,RED,2026-11-09,09 November 2027,88000,18.87,Live
S-22425,TEM-56695-D,Jarrow site 2,B19 2AW,66 4944 8872 070,REDzero,2025-04-21,20/04/2028,210000,24.48,Live
S-22426,TEM-64823-A,Tanfield site 1,S21 9HW,1192-4230-39605,RED,2024-02-03,02 February 2025,42000,27.3,Ended
S-22427,TEM-79231-G,Halewood site 1,M9 5HT,6269-6482-88552,RED,04/11/2024,04-Nov-27,1250000,22.11,Live
S-22428,TEM-93891-F,Birchmoor site 1,E12 6AT,6699537695075,RED,12/03/2026,12-Mar-27,210000,19.82,Live
S-22429,TEM-93891-F,Birchmoor site 2,S12 3ED,93 8047 5843 882,RED,2024-12-28,28 December 2026,480000,22.38,Live
S-22430,TEM-93891-F,Birchmoor site 3,B4 9ED,74 0003 1518 178,RED Plus,2025-11-14,14-Nov-26,120000,29.0,Live
S-22431,TEM-93891-F,Birchmoor site 4,L3 5AT,71 7508 8856 630,RED Plus,2026-05-25,2027-05-25,120000,20.06,Live
S-22432,TEM-67847-G,Ivybridge site 1,B21 4AX,43 3966 8665 947,RED,2025-07-16,16-Jul-27,42000,29.72,Live
S-22433,TEM-71682-F,Violetta site 1,G10 4NP,4327945185875,RED,2025-08-30,30/08/2026,660000,18.64,OOC
S-22434,TEM-71682-F,Violetta site 2,L6 5NT,64 4588 3236 296,RED,09/02/2025,2027-02-09,210000,19.05,Live
S-22435,TEM-71682-F,Violetta site 3,M3 8JR,6989067892828,RED Plus,05/09/2023,04/09/2026,155000,28.84,Live
S-22436,TEM-51299-B,Marlow site 1,S13 8NR,6824706477310,RED,2024-02-08,2027-02-07,910000,21.86,Live
S-22437,TEM-51299-B,Marlow site 2,B24 4AD,7087670884336,RED,05/11/2025,05/11/2026,62500,27.09,Live
S-22438,TEM-51299-B,Marlow site 3,N11 8BX,85 2221 0625 128,RED,2024-11-25,25-Nov-27,480000,31.88,Live
S-22439,TEM-51299-B,Marlow site 4,N20 8HX,8780092388405,RED,14/01/2026,14-Jan-27,2100000,26.61,Live
S-22440,TEM-19545-A,Saltmarsh site 1,E29 6BX,23 0394 0553 266,RED,2025-05-09,08-May-28,120000,23.27,Live
S-22441,TEM-40353-G,Verity site 1,L20 7HT,3795-1779-90971,RED Plus,2025-01-29,29/01/2027,62500,31.34,Live
S-22442,TEM-40353-G,Verity site 2,S27 4JR,1123-1828-37818,RED,25/03/2027,24/03/2028,120000,31.44,Live
S-22443,TEM-40353-G,Verity site 3,S14 7AT,9556155123368,RED Plus,2026-04-12,12-Apr-27,2100000,30.58,Live
S-22444,TEM-40353-G,Verity site 4,L23 9AT,1972309813060,REDzero,19/02/2024,18 February 2027,62500,21.15,Live
S-22445,TEM-40353-G,Verity site 5,M10 4AP,57 8021 5844 147,RED Plus,2024-08-24,24 August 2027,480000,20.79,Live
S-22446,TEM-40353-G,Verity site 6,M25 7EX,569384O151528,REDzero,2024-05-26,26-May-27,62500,29.37,Live
S-22447,TEM-60716-B,Jarrow site 1,S2 8ET,5235271968627,RED,2025-10-17,17/10/2026,2100000,30.65,Live
S-22448,TEM-60716-B,Jarrow site 2,L3 5HT,67 2678 9568 600,RED,2026-03-06,06 March 2027,2100000,30.26,Live
S-22449,TEM-45123-E,Pemberley site 1,N21 6JT,8520-3976-10566,RED,18/06/2024,18-Jun-27,155000,23.09,Live
S-22450,TEM-45123-E,Pemberley site 2,B27 1BX,59 0822 4564 965,RED,2024-10-31,31 October 2026,910000,26.65,Live
S-22451,TEM-79024-C,Summerton site 1,G10 5AW,61 2360 5436 981,RED,2026-05-23,2027-05-23,42000,19.23,Live
S-22452,TEM-49672-F,Nettlebed site 1,S29 8AX,3426552433221,RED Plus,2025-06-21,21/06/2027,480000,19.14,Live
S-22453,TEM-49062-E,Pennine site 1,M14 6ED,7376-2177-27357,RED,2023-07-29,28 July 2026,910000,25.88,OOC
S-22454,TEM-30282-D,Saltmarsh site 1,G27 4AP,5799642072638,RED,19/06/2026,19 June 2027,62500,18.12,Live
S-22455,TEM-14852-E,Cobalt site 1,G19 5HW,8144882873579,RED,2025-07-28,28-Jul-27,340000,28.28,Live
S-22456,TEM-14852-E,Cobalt site 2,G18 7HD,59 0077 9275 582,RED,30/05/2025,29 May 2028,88000,24.7,Live
S-22457,TEM-88879-F,Farrier site 1,N15 5ND,9211-1040-95996,RED,30/04/2026,2028-04-29,42000,19.34,Live
S-22458,TEM-85998-E,Eastbrook site 1,B19 8AX,4440-3166-98020,RED,2025-05-31,31-May-27,2100000,18.87,Live
S-22459,TEM-18245-E,Applegarth site 1,S18 8ND,17 0784 8149 075,RED,08/05/2027,07/05/2028,1250000,22.23,Live
S-22460,TEM-18309-B,Tanfield site 1,G5 9BP,8337052572539,RED,2025-11-06,06 November 2027,62500,32.46,Live
S-22461,TEM-39280-F,Northgate site 1,E10 9EP,1211-5122-98365,RED Plus,2025-09-10,2027-09-10,2100000,25.53,Live
S-22462,TEM-31178-A,Denholm site 1,L22 7ET,1475-5497-89988,RED,23/10/2024,23 October 2026,155000,17.84,Live
S-22463,TEM-94039-G,Bexley site 1,N6 5EW,3688057969620,REDzero,2025-11-03,2026-11-03,1250000,26.21,Live
S-22464,TEM-94039-G,Bexley site 2,G28 9AR,19 4492 0256 402,RED,12/08/2024,12/08/2027,120000,28.9,Live
S-22465,TEM-94039-G,Bexley site 3,M28 5ER,2006-1875-42172,RED Plus,2026-06-23,23-Jun-27,340000,18.3,Live
S-22466,TEM-33655-G,Tredegar site 1,E26 9JP,5447939710633,RED,2027-04-06,2028-04-05,2100000,24.34,Live
S-22467,TEM-35968-E,Zetland site 1,E27 2AD,1621874452742,RED,30/09/2025,2026-09-30,480000,23.81,Live
S-22468,TEM-65558-A,Quarrington site 1,M27 4BW,8487637429050,RED,31/05/2025,2027-05-31,660000,21.32,Live
S-22469,TEM-65558-A,Quarrington site 2,S18 4JR,32 0065 5845 688,RED Plus,2024-03-14,14/03/2027,88000,22.72,Live
S-22470,TEM-31789-D,Millpond site 1,G8 4HT,8230233515870,RED,2024-12-28,28 December 2027,480000,31.17,Live
S-22471,TEM-20357-A,Saltmarsh site 1,G1 3HT,0299287307234,RED,2024-06-16,16/06/2027,62500,31.84,Live
S-22472,TEM-79966-D,Jarrow site 1,S29 5JX,2586144321429,RED,2025-11-15,15 November 2026,2100000,24.12,Live
S-22473,TEM-79966-D,Jarrow site 2,B9 5NW,7814-1087-15239,RED,2025-08-21,21/08/2027,660000,17.54,Live
S-22474,TEM-79966-D,Jarrow site 3,M15 8AD,8430793355738,REDzero,14/09/2023,2026-09-13,155000,24.42,Live
S-22475,TEM-79966-D,Jarrow site 4,E30 7JP,3260-9883-47902,REDzero,2027-01-12,2028-01-12,1250000,22.21,Live
S-22476,TEM-79966-D,Jarrow site 5,G25 8JD,2816-6797-72336,RED,2026-03-14,14-Mar-27,120000,30.57,Live
S-22477,TEM-79966-D,Jarrow site 6,N21 6JD,01 6985 2726 616,REDzero,19/07/2026,19/07/2027,340000,25.74,Live
S-22478,TEM-79966-D,Jarrow site 7,L21 3HP,66 6422 2718 974,RED Plus,2025-10-03,2026-10-03,88000,22.74,Live
S-22479,TEM-79966-D,Jarrow site 8,N23 8HP,1080330570077,RED,2025-05-04,04 May 2027,910000,19.46,Live
S-22480,TEM-16376-E,Riverbank site 1,S23 7HR,4577187813901,RED Plus,2024-10-07,2026-10-07,155000,27.87,Live
S-22481,TEM-16376-E,Riverbank site 2,N28 5HP,3450-4353-18760,RED,19/04/2024,19 April 2027,480000,24.17,Live
S-22482,TEM-16376-E,Riverbank site 3,L14 3BW,24 8748 3281 953,RED,2026-04-16,16-Apr-27,660000,20.35,Live
S-22483,TEM-16376-E,Riverbank site 4,M8 3NW,44 1559 1451 901,RED Plus,27/02/2024,26/02/2027,120000,21.98,Live
S-22484,TEM-16376-E,Riverbank site 5,E8 3JP,0267801663608,RED Plus,2027-01-23,23 January 2028,910000,30.68,Live
S-22485,TEM-16376-E,Riverbank site 6,N2 9NW,7742978886217,RED,2025-06-23,23 June 2027,480000,22.72,Live
S-22486,TEM-95694-B,Kelbrook site 1,S30 4NP,1640518319651,RED,21/03/2027,20/03/2028,62500,26.68,Live
S-22487,TEM-95694-B,Kelbrook site 2,N23 6ER,2804-3252-62092,RED,27/02/2025,27-Feb-28,660000,23.33,Live
S-22488,TEM-45328-F,Pemberley site 1,G5 7ED,1814-8915-06218,RED Plus,2023-04-14,13 April 2026,120000,21.87,Ended
S-22489,TEM-39740-B,Westcliff site 1,M22 6JR,9639-7895-69314,REDzero,2023-06-10,09/06/2026,210000,27.47,Ended
S-22490,TEM-39740-B,Westcliff site 2,L20 2BD,7659849602779,REDzero,2022-01-30,2025-01-29,480000,21.84,Ended
S-22491,TEM-39740-B,Westcliff site 3,B24 6AP,0722970541395,RED Plus,2024-02-22,2026-02-21,88000,23.81,Ended
S-22492,TEM-39740-B,Westcliff site 4,N30 7HD,34 3542 6796 269,RED,2022-08-05,04/08/2025,2100000,28.22,Ended
S-22493,TEM-39740-B,Westcliff site 5,B29 5HP,4843969882394,RED,2021-12-11,10-Dec-24,2100000,28.77,Ended
S-22494,TEM-39740-B,Westcliff site 6,M13 6HP,3058-4656-77261,RED,2023-01-26,25 January 2026,210000,22.58,Ended
S-22495,TEM-60309-C,Bexley site 1,L26 3JT,9274-5248-91395,RED Plus,2024-11-29,29-Nov-27,1250000,28.74,Live
S-22496,TEM-86548-A,Verity site 1,S13 5JT,73 7156 4075 475,RED Plus,07/02/2024,06 February 2027,1250000,25.94,Live
S-22497,TEM-86548-A,Verity site 2,S21 3HP,8811-4635-17565,RED,23/12/2025,2027-12-23,660000,19.7,Live
S-22498,TEM-86548-A,Verity site 3,N15 9JP,3757044293642,RED Plus,06/05/2024,06-May-27,62500,27.96,Live
S-22499,TEM-86548-A,Verity site 4,B3 6ED,1902-7699-96232,RED,2023-11-08,07/11/2026,210000,18.93,Live
S-22500,TEM-86548-A,Verity site 5,S25 4HX,3327-2506-44144,RED,28/02/2024,27 February 2027,340000,28.53,Live
S-22501,TEM-86548-A,Verity site 6,N13 9AP,33 7216 9344 629,RED,2024-09-30,30-Sep-27,210000,30.1,Live
S-22502,TEM-86548-A,Verity site 7,G19 2JD,5663015069899,RED,2024-10-15,15/10/2026,2100000,25.92,Live
S-22503,TEM-86548-A,Verity site 8,S2 3BD,4366003870052,RED,2024-09-21,21/09/2026,1250000,22.22,Live
S-22504,TEM-16264-B,Torque site 1,N17 2HR,10 5546 6537 885,RED,18/10/2024,18 October 2027,88000,19.9,Live
S-22505,TEM-71644-A,Langmere site 1,G14 5NR,42 4434 3870 983,RED,23/11/2025,23/11/2026,340000,27.66,Live
S-22506,TEM-71644-A,Langmere site 2,B10 7BX,5458-2169-01730,RED,2024-09-28,2027-09-28,2100000,25.94,Live
S-22507,TEM-71644-A,Langmere site 3,E30 3AR,7222245159218,RED,2025-09-19,19-Sep-27,340000,31.7,Live
S-22508,TEM-71644-A,Langmere site 4,N30 1NR,69 9100 5442 658,RED,03/10/2023,02-Oct-26,1250000,25.52,Live
S-22509,TEM-71644-A,Langmere site 5,E23 8AD,7359946582400,RED,04/07/2026,04-Jul-27,340000,28.6,Live
S-22510,TEM-71644-A,Langmere site 6,B27 3ET,5255-7448-66051,RED,2024-03-25,25/03/2027,480000,20.69,Live
S-22511,TEM-72713-D,Hollybush site 1,B27 9AX,88 4304 1438 175,REDzero,2025-04-15,2027-04-15,210000,20.1,Live
S-22512,TEM-33972-A,Hollybush site 1,M28 9HP,68 9956 4977 861,RED,2023-11-25,24-Nov-26,210000,29.66,Live
S-22513,TEM-33972-A,Hollybush site 2,L18 1EP,70 8916 9587 159,RED,07/11/2026,07-Nov-27,660000,29.74,Live
S-22514,TEM-86667-F,Ullswater site 1,E2 3BT,09 6056 5987 537,RED Plus,2024-10-21,21-Oct-27,120000,29.0,Live
S-22515,TEM-86667-F,Ullswater site 2,S7 8JP,01 7334 6876 440,RED,09/10/2024,09/10/2026,340000,21.9,Live
S-22516,TEM-87644-C,Saltmarsh site 1,M12 5JT,1027692299341,RED,04/10/2023,03/10/2026,88000,31.64,Live
S-22517,TEM-45628-B,Northgate site 1,N2 9BP,6002152895777,RED,2027-02-27,27-Feb-28,660000,23.72,Live
S-22518,TEM-45628-B,Northgate site 2,S6 5EP,53 5449 9405 838,REDzero,2025-05-15,15/05/2027,62500,31.18,Live
S-22519,TEM-48238-B,Farrier site 1,E5 4BD,73 3560 6806 035,RED Plus,2026-07-28,28-Jul-27,155000,22.98,Live
S-22520,TEM-99264-A,Thackery site 1,M16 6AD,1443-5406-77814,RED Plus,2026-03-10,2027-03-10,1250000,17.87,Live
S-22521,TEM-59060-E,Riverbank site 1,B17 7EW,3693066543352,RED,01/08/2026,01/08/2027,910000,27.54,Live
S-22522,TEM-41491-F,Oakhurst site 1,S29 8AW,4678-0410-48515,RED,2024-07-23,23-Jul-27,88000,32.17,Live
S-22523,TEM-75448-A,Maplin site 1,S14 3HP,5343217321578,RED,09/12/2023,2026-12-08,2100000,26.74,Live
S-22524,TEM-53534-E,Ullswater site 1,M14 9NP,2352-1323-49437,RED,2026-08-28,28/08/2027,2100000,31.62,Live
S-22525,TEM-49360-G,Halewood site 1,S6 1HD,7362-6328-09136,RED,12/11/2023,11-Nov-26,2100000,24.76,Live
S-22526,TEM-49360-G,Halewood site 2,N30 1EP,4730738700040,RED Plus,2025-02-15,15 February 2027,155000,24.92,Live
S-22527,TEM-49360-G,Halewood site 3,S7 6AR,35 9759 9750 353,REDzero,2025-07-17,2027-07-17,120000,23.04,Live
S-22528,TEM-49360-G,Halewood site 4,G30 3AD,0902711057446,RED,25/02/2024,24/02/2027,62500,27.75,Live
S-22529,TEM-73054-A,Summerton site 1,N17 7JX,3938624111178,RED,2025-04-10,09/04/2028,120000,20.45,Live
S-22530,TEM-39156-B,Merrivale site 1,M18 7HW,2371751772636,RED,2025-04-26,25 April 2028,120000,27.67,Live
S-22531,TEM-15708-D,Bramble site 1,S4 9JT,6959424877426,RED,12/05/2027,11-May-28,120000,18.99,Live
S-22532,TEM-15708-D,Bramble site 2,B22 1HR,93 6626 1064 570,REDzero,29/12/2024,29/12/2027,910000,25.0,Live
S-22533,TEM-15708-D,Bramble site 3,B19 3BW,4996-3832-10743,REDzero,18/07/2025,2027-07-18,42000,22.33,Live
S-22534,TEM-15708-D,Bramble site 4,L23 6HR,8225-0427-57474,RED,28/12/2024,28-Dec-26,62500,22.85,Live
S-22535,TEM-12630-A,Jarrow site 1,E18 6ET,7973199195222,RED,12/02/2023,11 February 2025,340000,21.51,Ended
S-22536,TEM-66229-B,Stanhope site 1,G12 2NT,5330-2618-17009,RED,2025-03-20,19/03/2028,88000,17.8,Live
S-22537,TEM-66229-B,Stanhope site 2,L5 8JD,5504849586373,REDzero,2024-10-25,25-Oct-26,42000,19.33,Live
S-22538,TEM-66229-B,Stanhope site 3,S29 6HX,075761O061026,REDzero,2026-01-09,09-Jan-28,910000,19.27,Live
S-22539,TEM-66229-B,Stanhope site 4,N12 6JP,3517627598247,RED,2025-12-07,07 December 2026,910000,21.07,Live
S-22540,TEM-62918-A,Bramble site 1,M21 5AT,00 4127 7185 279,RED,2022-04-05,04-Apr-25,340000,32.3,Ended
S-22541,TEM-54674-D,Zephyr site 1,M11 2AT,5379-7176-01912,RED,2025-04-01,2027-04-01,910000,25.0,Live
S-22542,TEM-45027-G,Larkspur site 1,B2 1NW,0937-1335-52078,REDzero,2023-10-09,08 October 2026,660000,27.33,Live
S-22543,TEM-45027-G,Larkspur site 2,N29 6HR,5808-6772-85160,RED,04/10/2024,2027-10-04,340000,26.26,Live
S-22544,TEM-45027-G,Larkspur site 3,M28 6NR,3187-7481-14744,RED Plus,2025-05-31,2028-05-30,62500,28.54,Live
S-22545,TEM-47613-F,Padstow site 1,L23 2HT,90 3387 3723 811,RED,2024-12-15,15-Dec-27,910000,24.69,Live
S-22546,TEM-41962-F,Bramble site 1,N29 1EW,0098904370742,RED,2026-09-29,29-Sep-27,1250000,18.55,Live
S-22547,TEM-41962-F,Bramble site 2,M17 6NT,4729-5839-56174,RED,2025-12-05,2026-12-05,340000,21.01,Live
S-22548,TEM-74212-C,Atlas site 1,G30 9NT,1033960297803,RED Plus,16/01/2024,2027-01-15,210000,22.01,Live
S-22549,TEM-61050-F,Verity site 1,M19 8EP,44 2292 0583 708,RED,26/08/2025,26-Aug-26,155000,31.26,OOC
S-22550,TEM-44612-E,Northgate site 1,E24 3EX,50 4076 7934 435,RED Plus,22/08/2025,22/08/2027,660000,20.86,Live
S-22551,TEM-55698-D,Kestrel site 1,M21 5BX,62 0362 6294 919,REDzero,19/08/2023,18-Aug-25,340000,24.72,Ended
S-22552,TEM-93747-C,Umberside site 1,L13 9BP,7557150960460,RED,2026-06-16,16-Jun-27,480000,19.64,Live
S-22553,TEM-68916-A,Atlas site 1,M2 9BD,26 1509 8655 675,RED Plus,2025-06-14,14/06/2027,42000,32.38,Live
S-22554,TEM-15338-F,Zephyr site 1,E4 3BR,39 8265 5091 425,REDzero,18/10/2025,2026-10-18,210000,18.45,Live
S-22555,TEM-20237-E,Birchmoor site 1,L28 9BW,6086938855867,RED,2023-09-10,2026-09-09,910000,26.06,Live
S-22556,TEM-20237-E,Birchmoor site 2,E10 2BW,8334-5604-01728,RED,2025-04-28,28-Apr-27,340000,27.75,Live
S-22557,TEM-34547-B,Gilded site 1,N21 9HX,89 4358 7178 286,RED,2025-09-28,28-Sep-26,210000,24.23,Live
S-22558,TEM-37270-G,Kingsmead site 1,M13 8EP,35 9224 6730 659,RED,2024-05-27,2025-05-27,660000,30.45,Ended
S-22559,TEM-77033-D,Wrenfield site 1,B18 5AX,5806380588566,RED Plus,2026-08-06,06 August 2027,155000,30.15,Live
S-22560,TEM-38914-G,Nettlebed site 1,G9 3ER,9798087554850,RED,11/11/2024,2026-11-11,155000,19.84,Live
S-22561,TEM-62266-D,Yarrow site 1,E7 1HP,9316415953384,RED Plus,25/11/2025,2027-11-25,660000,28.52,Live
S-22562,TEM-62266-D,Yarrow site 2,N17 2BT,06 9969 9196 414,REDzero,2024-06-13,13 June 2027,1250000,27.69,Live
S-22563,TEM-62266-D,Yarrow site 3,B15 1ND,82 1585 6326 345,RED,20/08/2025,2027-08-20,2100000,18.04,Live
S-22564,TEM-62266-D,Yarrow site 4,L20 2BX,0904052062665,REDzero,2026-07-10,10-Jul-27,660000,21.79,Live
S-22565,TEM-62266-D,Yarrow site 5,N24 1BP,2659-1283-93208,RED,2023-12-10,2026-12-09,2100000,30.38,Live
S-22566,TEM-62266-D,Yarrow site 6,E28 7BD,2019-4164-76372,RED Plus,20/09/2025,20-Sep-26,2100000,22.44,Live
S-22567,TEM-44288-B,Eastbrook site 1,G6 9HD,7474-4178-45423,RED Plus,2025-09-11,2026-09-11,660000,18.55,Live
S-22568,TEM-44288-B,Eastbrook site 2,G10 7AP,45 4029 9299 975,REDzero,12/06/2025,12/06/2027,2100000,27.56,Live
S-22569,TEM-32378-D,Fernhill site 1,G3 9JX,8268-8746-88944,RED,08/05/2023,07/05/2026,480000,18.15,Ended
S-22570,TEM-32378-D,Fernhill site 2,G19 5JW,5774417970658,RED,13/08/2024,13 August 2025,480000,31.07,Ended
S-22571,TEM-87173-D,Applegarth site 1,N15 7HP,0763290021736,REDzero,13/03/2027,12 March 2028,88000,28.51,Live
S-22572,TEM-87173-D,Applegarth site 2,L6 8NP,0337006937602,RED,2023-12-02,01-Dec-26,2100000,18.55,Live
S-22573,TEM-53683-G,Lowther site 1,G23 5BD,7802058874419,REDzero,12/08/2025,2026-08-12,1250000,17.76,OOC
S-22574,TEM-61023-F,Norbury site 1,S5 3JW,2897-5293-89283,RED Plus,05/05/2027,04 May 2028,155000,20.74,Live
S-22575,TEM-61023-F,Norbury site 2,N23 7BT,75 4345 8309 293,RED,01/05/2027,30/04/2028,88000,17.68,Live
S-22576,TEM-99794-E,Orchard site 1,B24 6AT,7405839234882,RED,24/11/2024,24 November 2027,340000,24.54,Live
S-22577,TEM-95497-A,Verity site 1,N12 1JD,8683932215396,REDzero,2024-03-31,31/03/2027,480000,30.57,Live
S-22578,TEM-95497-A,Verity site 2,E29 7BX,5252-1411-75600,RED,2025-02-11,11/02/2028,155000,18.46,Live
S-22579,TEM-95497-A,Verity site 3,N6 7ER,4664-6693-75590,RED Plus,06/01/2026,06 January 2028,62500,30.9,Live
S-22580,TEM-95497-A,Verity site 4,S14 2BW,1740505159803,REDzero,03/06/2026,03/06/2027,62500,26.05,Live
S-22581,TEM-95497-A,Verity site 5,G21 7AP,6725-6571-16519,RED,02/02/2025,02/02/2028,88000,22.94,Live
S-22582,TEM-95497-A,Verity site 6,E1 8EP,7858835422526,RED,16/12/2024,16-Dec-27,155000,26.32,Live
S-22583,TEM-12797-F,Eastbrook site 1,S9 7NP,3534339954205,RED,02/12/2025,02-Dec-26,62500,18.26,Live
S-22584,TEM-31824-A,Caldwell site 1,E8 5JR,6961832027242,REDzero,18/09/2025,18-Sep-27,42000,17.7,Live
S-22585,TEM-31824-A,Caldwell site 2,M16 9AP,8577-1879-89395,RED Plus,20/02/2026,20-Feb-28,42000,30.45,Live
S-22586,TEM-69754-G,Riverbank site 1,G12 2AT,68 1159 7710 343,RED,2025-04-04,04-Apr-27,120000,17.92,Live
S-22587,TEM-69754-G,Riverbank site 2,M29 3HD,85 5132 1512 348,RED Plus,2025-10-14,14-Oct-27,910000,28.88,Live
S-22588,TEM-62362-D,Silverbeck site 1,B21 8HD,95 3440 9775 988,RED Plus,25/04/2027,24 April 2028,480000,25.87,Live
S-22589,TEM-90540-F,Summerton site 1,G1 5HX,88 6098 4912 765,REDzero,30/08/2024,30-Aug-27,62500,24.36,Live
S-22590,TEM-38746-F,Kelbrook site 1,L20 6EP,3547-6030-13970,RED Plus,22/08/2023,21/08/2026,155000,31.45,OOC
S-22591,TEM-38746-F,Kelbrook site 2,B9 3AR,01 1621 1261 322,REDzero,2025-03-21,20 March 2028,42000,23.7,Live
S-22592,TEM-38746-F,Kelbrook site 3,L16 9JW,787169206210,RED,2025-12-18,18/12/2027,42000,24.23,Live
S-22593,TEM-38746-F,Kelbrook site 4,N24 6BD,9895-7916-72989,REDzero,2024-06-28,28-Jun-27,910000,22.35,Live
S-22594,TEM-38746-F,Kelbrook site 5,N3 3AP,0511-1678-33342,RED Plus,2025-05-16,16/05/2027,62500,26.32,Live
S-22595,TEM-38746-F,Kelbrook site 6,E1 6NP,06 1229 1637 686,RED,2025-04-09,09-Apr-27,120000,26.68,Live
S-22596,TEM-38746-F,Kelbrook site 7,N9 6EW,94 9206 1943 427,REDzero,01/02/2025,01 February 2028,210000,31.32,Live
S-22597,TEM-38746-F,Kelbrook site 8,L14 7AD,8542759888864,RED,05/05/2026,04-May-28,660000,18.71,Live
S-22598,TEM-24603-F,Zephyr site 1,E26 8BT,68 6287 8242 075,RED,22/12/2023,21-Dec-26,120000,32.4,Live
S-22599,TEM-99537-C,Orchard site 1,M23 6BD,01 3276 6559 138,REDzero,2025-04-20,19 April 2028,910000,27.51,Live
S-22600,TEM-35871-B,Quarrington site 1,M5 1NX,19 9442 3928 728,RED,21/01/2026,21-Jan-28,480000,29.08,Live
S-22601,TEM-49352-D,Whitethorn site 1,S5 2HP,1664818257016,RED Plus,27/11/2025,27/11/2026,120000,25.59,Live
S-22602,TEM-11571-B,Bramble site 1,N27 2BT,9189364595930,RED,14/04/2026,13 April 2028,88000,22.34,Live
S-22603,TEM-40748-C,Pennine site 1,S25 6JX,5824-0032-20193,RED,18/10/2024,2027-10-18,210000,18.0,Live
S-22604,TEM-70735-G,Umberside site 1,L22 7EW,7899265261827,REDzero,2026-04-03,03 April 2027,210000,28.47,Live
S-22605,TEM-28926-B,Ullswater site 1,N15 2AP,49 5892 4300 717,REDzero,2026-03-05,2028-03-04,120000,18.18,Live
S-22606,TEM-28926-B,Ullswater site 2,E12 5HR,28 6985 0325 839,REDzero,2027-04-22,2028-04-21,2100000,22.48,Live
S-22607,TEM-69261-A,Zetland site 1,B14 3JP,80 6877 7917 473,RED Plus,21/03/2026,21/03/2027,62500,19.29,Live
S-22608,TEM-40698-D,Torque site 1,L29 7BX,3733514234775,RED,08/01/2027,08 January 2028,42000,29.24,Live
S-22609,TEM-40698-D,Torque site 2,G14 2BX,5481-2227-79138,REDzero,2025-09-24,24 September 2026,910000,30.37,Live
S-22610,TEM-63908-D,Ironbridge site 1,N20 1ND,0903750378603,RED,2026-05-11,11 May 2027,120000,31.99,Live
S-22611,TEM-63908-D,Ironbridge site 2,N29 8AP,8347920011834,RED Plus,2025-02-28,28-Feb-28,480000,23.05,Live
S-22612,TEM-43901-E,Bluewater site 1,S1 8BX,9535285756221,RED,2026-04-15,14-Apr-28,42000,24.95,Live
S-22613,TEM-41622-B,Farrier site 1,M6 9HX,3355-8146-41105,RED,23/08/2022,22-Aug-25,120000,27.01,Ended
S-22614,TEM-60647-F,Kingsmead site 1,N14 3HX,1968-5262-50275,RED,2027-03-04,03 March 2028,660000,25.16,Live
S-22615,TEM-73278-C,Dunmore site 1,L22 2BT,02 5248 3511 303,RED,24/04/2025,24-Apr-27,62500,20.15,Live
S-22616,TEM-33907-E,Lighthouse site 1,M28 4JW,2087757729069,RED,2024-11-04,2025-11-04,1250000,25.69,Ended
S-22617,TEM-33907-E,Lighthouse site 2,M25 6AR,4741-5934-66395,RED,09/05/2025,09 May 2026,1250000,30.72,Ended
S-22618,TEM-24309-D,Hatherley site 1,N11 7JW,4736-5674-28348,RED Plus,2025-09-14,14-Sep-26,42000,26.83,Live
S-22619,TEM-24309-D,Hatherley site 2,L29 3EX,1267259469902,RED,23/10/2025,23/10/2027,340000,19.49,Live
S-22620,TEM-24309-D,Hatherley site 3,N9 8JP,2144544061264,RED,2025-03-07,2028-03-06,155000,29.15,Live
S-22621,TEM-10745-C,Oakhurst site 1,L6 9NX,9934587228481,RED,21/12/2024,2027-12-21,1250000,32.12,Live
S-22622,TEM-50282-B,Ashcombe site 1,G6 6JT,6220231559256,REDzero,2026-04-13,13 April 2027,660000,17.61,Live
S-22623,TEM-50282-B,Ashcombe site 2,G15 8NP,67 1819 8256 118,RED,05/06/2026,2027-06-05,210000,17.56,Live
S-22624,TEM-50282-B,Ashcombe site 3,N18 6BT,44 9357 6806 562,REDzero,06/10/2024,06 October 2026,2100000,19.94,Live
S-22625,TEM-77200-D,Tanfield site 1,E1 8AT,1061-7318-59690,REDzero,2024-01-21,20/01/2026,1250000,21.89,Ended
S-22626,TEM-77200-D,Tanfield site 2,L6 3JR,7122696641137,RED,2024-07-25,25-Jul-25,42000,19.9,Ended
S-22627,TEM-70592-A,Ellerton site 1,M24 4BD,6952315157449,RED,2024-01-30,29 January 2027,42000,20.29,Live
S-22628,TEM-70592-A,Ellerton site 2,L16 5EX,1539-0094-39463,REDzero,12/12/2026,2027-12-12,910000,26.25,Live
S-22629,TEM-70592-A,Ellerton site 3,B13 3HT,00 4653 3138 109,RED,03/02/2026,03/02/2028,2100000,28.37,Live
S-22630,TEM-90558-B,Hatherley site 1,E20 5NT,9144941824957,RED,05/04/2027,04-Apr-28,910000,29.09,Live
S-22631,TEM-16525-F,Cedar site 1,M24 7ER,66 4671 3273 308,RED,2026-05-25,24 May 2028,62500,25.96,Live
S-22632,TEM-16525-F,Cedar site 2,M2 3EW,1382780637774,RED Plus,18/02/2024,17/02/2027,120000,19.26,Live
S-22633,TEM-16525-F,Cedar site 3,G11 5HX,9281-7707-23017,RED Plus,2025-02-03,03 February 2027,910000,31.84,Live
S-22634,TEM-16525-F,Cedar site 4,E5 6NX,1050-1729-10446,RED,2024-02-25,24 February 2027,62500,19.5,Live
S-22635,TEM-16525-F,Cedar site 5,S28 1BD,90 8868 1686 102,RED,2025-06-02,02 June 2027,88000,25.51,Live
S-22636,TEM-16525-F,Cedar site 6,E10 9BR,0064-2474-68826,RED,2023-10-16,2026-10-15,340000,20.24,Live
S-22637,TEM-16525-F,Cedar site 7,S1 1JR,4619472104042,REDzero,22/11/2024,22-Nov-27,480000,18.5,Live
S-22638,TEM-16525-F,Cedar site 8,L16 3ED,44 5164 0584 877,RED,18/11/2025,18/11/2027,910000,24.86,Live
S-22639,TEM-80017-A,Cedar site 1,N13 8HW,61 4879 6145 212,RED,2027-01-09,09-Jan-28,210000,31.49,Live
S-22640,TEM-20503-D,Quarrington site 1,E9 3JX,8853-8162-89428,REDzero,18/04/2026,18 April 2027,62500,24.31,Live
S-22641,TEM-20503-D,Quarrington site 2,S26 3HX,3590072900349,RED,2026-01-08,08 January 2028,210000,19.83,Live
S-22642,TEM-47620-B,Pemberley site 1,E23 2BW,0562-6566-75468,RED,13/08/2026,13-Aug-27,42000,32.36,Live
S-22643,TEM-47620-B,Pemberley site 2,N26 5AR,5100929281442,RED,2024-11-21,21/11/2026,88000,22.18,Live
S-22644,TEM-77710-D,Westcliff site 1,B12 3NP,4480-7409-16066,RED,21/05/2024,21-May-25,1250000,27.08,Ended
S-22645,TEM-77710-D,Westcliff site 2,N3 4AD,8685-2471-62977,RED Plus,01/03/2022,28 February 2025,62500,30.5,Ended
S-22646,TEM-77710-D,Westcliff site 3,E17 3NT,30 6914 2523 211,RED Plus,2023-02-04,03-Feb-26,660000,19.59,Ended
S-22647,TEM-77710-D,Westcliff site 4,S19 7JX,4432-0092-93455,RED Plus,20/11/2022,19 November 2024,480000,31.98,Ended
S-22648,TEM-81069-D,Jarrow site 1,E6 6ND,9828-0270-85002,RED,2024-08-30,30-Aug-26,155000,24.36,OOC
S-22649,TEM-73119-B,Riverbank site 1,S8 1BT,37 2629 7686 303,RED,2024-02-11,2025-02-10,42000,25.93,Ended
S-22650,TEM-73119-B,Riverbank site 2,M21 8BR,9288782736085,RED Plus,2024-04-21,21/04/2025,2100000,32.44,Ended
S-22651,TEM-73119-B,Riverbank site 3,G4 2AT,16 5850 6249 875,RED,10/04/2024,10-Apr-26,155000,30.98,Ended
S-22652,TEM-73119-B,Riverbank site 4,G2 3AT,7368345807108,RED,06/11/2021,05-Nov-24,88000,27.95,Ended
S-22653,TEM-96742-B,Pemberley site 1,S19 2HW,59 1414 6241 818,RED Plus,2024-09-18,18-Sep-26,340000,26.25,Live
S-22654,TEM-47296-E,Nettlebed site 1,E23 9NT,3516-8604-71165,RED,24/03/2026,2028-03-23,1250000,31.88,Live
S-22655,TEM-87627-A,Tanfield site 1,B14 6ER,7029-2396-40872,RED,2024-12-21,21 December 2025,910000,17.64,Ended
S-22656,TEM-63590-B,Wrenfield site 1,N7 2AT,5359235128936,RED,25/11/2024,25 November 2026,660000,24.6,Live
S-22657,TEM-52115-A,Kelbrook site 1,E26 4HT,3642066170789,RED Plus,2027-02-22,2028-02-22,42000,24.78,Live
S-22658,TEM-52115-A,Kelbrook site 2,E30 7HT,06 3603 3037 913,REDzero,2025-04-09,09/04/2027,480000,23.77,Live
S-22659,TEM-52115-A,Kelbrook site 3,B7 2BX,2477-5255-92681,RED,2026-06-15,15 June 2027,62500,30.62,Live
S-22660,TEM-76562-F,Lighthouse site 1,E2 4ED,3492-3371-13747,RED,2025-02-28,2028-02-28,480000,28.73,Live
S-22661,TEM-29046-B,Exmoor site 1,S22 2ER,3795-1964-65353,RED,06/05/2027,05-May-28,2100000,32.08,Live
S-22662,TEM-10614-C,Lowther site 1,N29 5HX,85 6211 9479 524,RED,2025-10-23,23 October 2026,910000,29.7,Live
S-22663,TEM-43019-F,Padstow site 1,L23 3HR,6315-1094-59350,REDzero,10/12/2025,2027-12-10,120000,21.88,Live
S-22664,TEM-23612-E,Fernhill site 1,B7 2AR,3232543400931,RED Plus,2025-10-17,2026-10-17,120000,19.39,Live
S-22665,TEM-23612-E,Fernhill site 2,E3 3HX,7337111024776,RED,05/10/2025,05/10/2026,660000,31.53,Live
S-22666,TEM-23612-E,Fernhill site 3,L8 1EP,0210780777954,RED,23/11/2025,23-Nov-26,1250000,27.5,Live
S-22667,TEM-79801-G,Ellerton site 1,M19 1ED,62 6391 9297 893,RED Plus,2025-03-27,27/03/2027,210000,27.58,Live
S-22668,TEM-19085-E,Birchmoor site 1,L3 5JD,90 7107 1609 829,RED,2027-02-13,13-Feb-28,480000,31.75,Live
S-22669,TEM-19085-E,Birchmoor site 2,N1 5EP,7788014953012,REDzero,11/04/2025,2028-04-10,155000,32.28,Live
S-22670,TEM-19085-E,Birchmoor site 3,G3 1AX,60 9262 4947 870,RED,27/09/2025,2026-09-27,480000,18.99,Live
S-22671,TEM-19085-E,Birchmoor site 4,B5 1HR,40 4202 6098 937,RED,2026-11-12,2027-11-12,2100000,27.42,Live
S-22672,TEM-19085-E,Birchmoor site 5,L25 4JX,66 9602 0851 774,RED,27/01/2024,2027-01-26,88000,23.96,Live
S-22673,TEM-19085-E,Birchmoor site 6,G28 7HD,8435-9575-26714,RED,29/12/2025,29 December 2027,2100000,22.05,Live
S-22674,TEM-30574-E,Bramble site 1,S27 2JX,00 4767 2117 162,RED,2026-07-11,2027-07-11,480000,18.82,Live
S-22675,TEM-90949-B,Jarrow site 1,B24 7BT,5361648137093,RED Plus,28/05/2026,28 May 2027,210000,30.36,Live
S-22676,TEM-91974-E,Zephyr site 1,E24 7ER,2523-5812-30484,RED,2025-07-04,2027-07-04,660000,26.78,Live
S-22677,TEM-91974-E,Zephyr site 2,L16 9HD,8808-7482-78893,RED,2025-05-18,17/05/2028,62500,19.86,Live
S-22678,TEM-68320-G,Cobalt site 1,M28 2JT,2747786677433,RED,26/03/2026,25-Mar-28,155000,24.84,Live
S-22679,TEM-68320-G,Cobalt site 2,G14 4BD,1747-7110-30941,RED,2024-04-09,09 April 2027,480000,24.76,Live
S-22680,TEM-70688-D,Kelbrook site 1,N11 3JR,14 3803 3713 002,RED,2024-11-15,15/11/2025,210000,17.77,Ended
S-22681,TEM-70688-D,Kelbrook site 2,S1 6AT,7919691281028,RED,25/06/2022,24/06/2025,210000,24.32,Ended
S-22682,TEM-70688-D,Kelbrook site 3,N28 8BT,6849-0093-65423,RED,2024-07-09,09/07/2026,1250000,29.1,Ended
S-22683,TEM-70688-D,Kelbrook site 4,G11 6AX,11 0299 9301 480,RED,2022-12-13,12/12/2025,1250000,32.36,Ended
S-22684,TEM-70688-D,Kelbrook site 5,M9 5JT,3500837230160,REDzero,2024-01-02,01 January 2025,210000,28.16,Ended
S-22685,TEM-70688-D,Kelbrook site 6,S16 8BX,4165-0736-76063,RED,2021-10-23,22/10/2024,155000,26.14,Ended
S-22686,TEM-87082-C,Lowther site 1,G18 8EX,6301-6927-03239,RED,2027-05-16,2028-05-15,42000,27.98,Live
S-22687,TEM-87082-C,Lowther site 2,E3 7ED,86 0591 7336 082,RED Plus,12/04/2025,12/04/2027,210000,21.63,Live
S-22688,TEM-98172-D,Lighthouse site 1,L18 1NW,4122-8278-18569,RED Plus,01/04/2024,01/04/2027,1250000,21.5,Live
S-22689,TEM-98172-D,Lighthouse site 2,G18 2BR,3166-9699-75760,RED,2026-02-28,28/02/2028,910000,19.87,Live
S-22690,TEM-25233-B,Atlas site 1,B3 4BW,29 7114 6999 861,RED,16/01/2025,2028-01-16,1250000,30.53,Live
S-22691,TEM-25233-B,Atlas site 2,E8 4ED,7921070323494,RED,2026-01-24,2028-01-24,155000,17.81,Live
S-22692,TEM-25233-B,Atlas site 3,N12 6AD,3394-4004-58580,RED,2026-04-16,16-Apr-27,120000,29.0,Live
S-22693,TEM-25233-B,Atlas site 4,L7 8AP,6840-2779-74030,RED,11/06/2024,11-Jun-27,2100000,19.5,Live
S-22694,TEM-54460-D,Farrier site 1,M30 9JR,5021-0872-00501,RED,2026-11-27,27-Nov-27,155000,28.72,Live
S-22695,TEM-54460-D,Farrier site 2,N5 7BR,89 9181 5755 241,RED,2025-10-02,2027-10-02,660000,27.31,Live
S-22696,TEM-31729-D,Maplin site 1,G21 4AX,38 4406 2184 077,RED,2027-05-20,19 May 2028,62500,27.38,Live
S-22697,TEM-31729-D,Maplin site 2,M5 5HD,6242782235194,RED,10/12/2024,10/12/2026,660000,26.42,Live
S-22698,TEM-31729-D,Maplin site 3,G4 4AP,8756360663621,REDzero,28/06/2026,28 June 2027,120000,19.21,Live
S-22699,TEM-31729-D,Maplin site 4,G26 2JR,8203831477753,REDzero,2025-01-25,25 January 2027,1250000,27.08,Live
S-22700,TEM-31729-D,Maplin site 5,M14 8JT,47 9417 0398 264,REDzero,28/03/2027,27 March 2028,1250000,26.89,Live
S-22701,TEM-31729-D,Maplin site 6,N30 1AX,27 1965 7771 529,RED,03/02/2026,03-Feb-27,88000,27.56,Live
S-22702,TEM-53490-B,Ottershaw site 1,B23 6BP,71 9250 6049 562,RED,10/12/2023,09 December 2026,210000,19.66,Live
S-22703,TEM-53490-B,Ottershaw site 2,G8 7NP,0300369395493,RED,2025-10-04,04-Oct-27,2100000,21.43,Live
S-22704,TEM-80819-C,Stanhope site 1,N30 7JR,5820819228053,RED,2024-11-19,19 November 2025,42000,26.96,Ended
S-22705,TEM-47031-G,Oakhurst site 1,N13 9HP,1181838826323,RED,19/12/2025,19 December 2026,42000,25.71,Live
S-22706,TEM-25829-A,Ellerton site 1,S9 4BW,5072168068944,RED,15/12/2025,15 December 2027,62500,29.44,Live
S-22707,TEM-39014-D,Ravenscar site 1,M25 3NT,60 6918 0715 243,RED Plus,2025-12-13,13 December 2027,1250000,17.77,Live
S-22708,TEM-50221-D,Foxglove site 1,L23 7AR,74 3784 8875 535,RED Plus,16/11/2025,16 November 2026,120000,25.02,Live
S-22709,TEM-50221-D,Foxglove site 2,B25 3AD,2108-9978-51690,RED,19/02/2024,18/02/2027,155000,26.53,Live
S-22710,TEM-13972-E,Selworthy site 1,E24 9HX,50 9685 0254 309,RED Plus,2022-11-30,2024-11-29,910000,24.77,Ended
S-22711,TEM-72222-B,Ivybridge site 1,B16 3ED,5241907238411,RED,2023-08-19,18/08/2026,120000,31.45,OOC
S-22712,TEM-72222-B,Ivybridge site 2,M24 9JX,1351-1884-79828,RED,11/09/2023,2026-09-10,62500,18.46,Live
S-22713,TEM-72222-B,Ivybridge site 3,G29 3ER,4451-5906-00695,RED,2026-03-21,21 March 2027,42000,31.79,Live
S-22714,TEM-34480-B,Tredegar site 1,M21 9JW,1848-8281-19162,RED,2026-06-10,10-Jun-27,88000,31.13,Live
S-22715,TEM-73360-F,Ullswater site 1,L17 9AX,61 9535 4725 650,RED Plus,19/12/2023,18/12/2026,1250000,22.49,Live
S-22716,TEM-59847-C,Ashcombe site 1,E29 3JP,75 0942 5336 907,RED,12/01/2027,12-Jan-28,660000,25.2,Live
S-22717,TEM-59847-C,Ashcombe site 2,N18 1JW,52 2179 6861 349,RED,18/05/2027,17-May-28,120000,20.93,Live
S-22718,TEM-59847-C,Ashcombe site 3,G9 9AP,56 8733 0763 539,RED,28/04/2024,2027-04-28,210000,23.94,Live
S-22719,TEM-31952-G,Maplin site 1,B13 6EW,01 1770 7587 499,RED,11/07/2025,11 July 2027,155000,31.21,Live
S-22720,TEM-92493-B,Tanfield site 1,E30 3EW,5322475322731,RED Plus,2022-06-04,03 June 2025,155000,24.12,Ended
S-22721,TEM-47818-F,Dunmore site 1,S15 1ET,5013-2740-43613,RED,27/10/2023,2026-10-26,42000,18.61,Live
S-22722,TEM-51293-G,Silverbeck site 1,G3 7HT,18 2850 6595 000,RED Plus,30/10/2022,29/10/2024,660000,22.96,Ended
S-22723,TEM-37331-A,Pemberley site 1,S16 2JD,2834779252720,RED,2025-12-20,20 December 2026,480000,23.79,Live
S-22724,TEM-28820-B,Ironbridge site 1,N4 1AD,4487-4415-04543,RED,2025-09-11,11/09/2026,62500,21.79,Live
S-22725,TEM-11468-C,Eastbrook site 1,B18 3NT,32 9663 1940 514,REDzero,02/01/2027,02-Jan-28,340000,24.78,Live
S-22726,TEM-55216-B,Oakhurst site 1,M1 8EX,17 8269 9276 816,RED,2026-09-27,27/09/2027,1250000,20.58,Live
S-22727,TEM-59186-G,Ravenscar site 1,L29 8HW,5282513483307,REDzero,2025-04-06,06-Apr-27,62500,23.97,Live
S-22728,TEM-47340-B,Whitethorn site 1,S18 1BD,0447-6479-39451,RED,2027-03-04,03 March 2028,2100000,20.62,Live
S-22729,TEM-93487-G,Applegarth site 1,M23 3HT,1691-6811-30374,RED,28/05/2026,27-May-28,120000,22.27,Live
S-22730,TEM-84796-G,Atlas site 1,G12 1NX,1345-2377-95315,REDzero,13/04/2025,12-Apr-28,88000,20.58,Live
S-22731,TEM-46997-G,Selworthy site 1,S22 1AR,9022094309005,RED Plus,2025-02-04,2028-02-04,660000,18.16,Live
S-22732,TEM-49580-D,Ellerton site 1,B4 2NP,96 5112 5911 168,RED,23/11/2024,23/11/2027,660000,25.58,Live
S-22733,TEM-75612-F,Ashcombe site 1,G14 3HW,5999776655608,REDzero,2025-12-18,18 December 2027,88000,22.31,Live
S-22734,TEM-72793-F,Merrivale site 1,M29 3JX,5582-5924-53634,REDzero,20/08/2025,20/08/2027,480000,19.41,Live
S-22735,TEM-87778-D,Padstow site 1,G29 8ED,6336-0398-88944,REDzero,2025-10-02,2027-10-02,480000,21.2,Live
S-22736,TEM-87778-D,Padstow site 2,G11 6HX,0887396097208,RED,08/08/2026,08 August 2027,155000,32.45,Live
S-22737,TEM-87778-D,Padstow site 3,L5 4HP,0546603857944,REDzero,26/11/2023,2026-11-25,120000,23.36,Live
S-22738,TEM-68771-C,Kingsmead site 1,E28 2HW,90 1264 3976 528,RED,22/08/2023,21 August 2026,42000,29.82,OOC
S-22739,TEM-14425-B,Lowther site 1,S18 1ER,4258-9089-52531,REDzero,24/03/2026,24/03/2027,155000,32.48,Live
S-22740,TEM-79898-C,Summerton site 1,S15 1JD,09 6430 8001 345,RED,02/09/2025,02-Sep-27,120000,27.89,Live
S-22741,TEM-36928-E,Lowther site 1,B14 2ER,5156762130481,REDzero,2024-12-10,10 December 2026,62500,17.8,Live
S-22742,TEM-36928-E,Lowther site 2,M24 5AW,0266-7091-02821,RED,2025-05-12,11 May 2028,1250000,26.37,Live
S-22743,TEM-36928-E,Lowther site 3,G14 3EW,8840-2282-57091,RED,2024-06-21,21 June 2027,480000,30.36,Live
S-22744,TEM-36928-E,Lowther site 4,B4 8JT,2777-2242-10537,RED,2025-02-21,21 February 2028,910000,22.13,Live
S-22745,TEM-36928-E,Lowther site 5,B21 9BW,7368-5055-88791,REDzero,2024-10-05,2027-10-05,340000,18.11,Live
S-22746,TEM-36928-E,Lowther site 6,M23 5HX,8042-5184-08141,RED,2026-06-06,06/06/2027,155000,28.21,Live
S-22747,TEM-36702-F,Quarrington site 1,S27 2HT,85174848789757,RED,2025-01-11,11/01/2028,210000,29.85,Live
S-22748,TEM-36702-F,Quarrington site 2,E12 6NW,51 4743 3725 878,RED,03/05/2024,2027-05-03,2100000,31.73,Live
S-22749,TEM-36702-F,Quarrington site 3,N11 5AP,3473-3922-36136,RED Plus,2026-03-06,05 March 2028,210000,17.51,Live
S-22750,TEM-36702-F,Quarrington site 4,G13 2HP,3455-9224-81873,RED Plus,2024-07-08,08-Jul-27,340000,30.5,Live
S-22751,TEM-62493-B,Cedar site 1,M21 8ED,7227242020044,RED Plus,2025-11-10,10-Nov-26,660000,24.08,Live
S-22752,TEM-69274-B,Zetland site 1,N6 4JR,5228028836973,RED,2025-05-26,26 May 2027,210000,24.72,Live
S-22753,TEM-88885-B,Denholm site 1,N28 2JR,3134979343253,RED,2025-08-16,16-Aug-27,480000,32.19,Live
S-22754,TEM-41784-G,Kingsmead site 1,M27 2HT,0557506346417,REDzero,2024-07-08,2027-07-08,660000,26.77,Live
S-22755,TEM-41784-G,Kingsmead site 2,N11 1JT,8128098636441,RED,2026-03-09,08 March 2028,210000,24.91,Live
S-22756,TEM-40412-F,Farrier site 1,B22 7HP,2051667280652,RED,2024-08-15,15-Aug-26,62500,30.81,OOC
S-22757,TEM-12706-G,Tanfield site 1,S18 3ET,03 0969 6175 300,RED,17/05/2026,17-May-27,62500,28.09,Live
S-22758,TEM-69758-B,Cranleigh site 1,B29 4BX,96 2644 3498 225,RED,13/08/2025,13/08/2027,340000,18.06,Live
S-22759,TEM-24576-F,Zetland site 1,B26 1HX,7776475999422,RED,2027-02-06,06 February 2028,120000,18.2,Live
S-22760,TEM-24576-F,Zetland site 2,E6 4NR,3644638942831,RED,26/05/2026,2027-05-26,62500,30.03,Live
S-22761,TEM-24576-F,Zetland site 3,S29 2EP,1107-0597-65154,RED,16/12/2025,16 December 2027,340000,29.69,Live
S-22762,TEM-24576-F,Zetland site 4,E6 6BT,97 4151 8644 574,RED,01/10/2025,01-Oct-27,660000,31.44,Live
S-22763,TEM-51262-F,Atlas site 1,E29 4AW,94 2848 6785 181,REDzero,19/05/2027,18 May 2028,340000,30.91,Live
S-22764,TEM-51262-F,Atlas site 2,L20 4HP,0654241865933,RED,19/01/2025,19-Jan-28,42000,32.32,Live
S-22765,TEM-55389-A,Ingleby site 1,L2 9HR,3334413688475,RED,17/09/2025,17-Sep-26,210000,30.66,Live
S-22766,TEM-55389-A,Ingleby site 2,N7 8AD,97 5997 7040 151,RED Plus,2024-09-16,2026-09-16,340000,26.15,Live
S-22767,TEM-20505-D,Lighthouse site 1,G1 2HX,4785-6726-66530,RED,03/06/2025,02 June 2028,660000,27.22,Live
S-22768,TEM-16307-A,Hatherley site 1,M3 4JR,2973671350604,RED Plus,2025-04-13,2028-04-12,480000,24.6,Live
S-22769,TEM-16307-A,Hatherley site 2,B9 6NX,51 4181 2931 285,RED Plus,19/12/2026,19-Dec-27,42000,24.54,Live
S-22770,TEM-16307-A,Hatherley site 3,L7 7BD,3900-4277-77181,RED,26/02/2026,26-Feb-28,2100000,28.11,Live
S-22771,TEM-21875-G,Tredegar site 1,M7 9BD,0830-6697-74640,RED,2026-02-10,10/02/2027,62500,23.64,Live
S-22772,TEM-21875-G,Tredegar site 2,G28 6HW,3024293540207,RED,05/02/2025,05-Feb-28,340000,24.18,Live
S-22773,TEM-26087-G,Oakhurst site 1,M7 9BP,7840040248096,RED,06/05/2026,06-May-27,88000,30.81,Live
S-22774,TEM-26087-G,Oakhurst site 2,B6 2ER,2553450153028,RED Plus,2025-12-08,08 December 2026,2100000,19.54,Live
S-22775,TEM-26087-G,Oakhurst site 3,N23 1EW,21 0792 5754 126,RED,20/10/2024,20 October 2026,120000,32.16,Live
S-22776,TEM-26087-G,Oakhurst site 4,B8 9HD,3766577858391,RED,2024-01-29,28/01/2027,42000,22.41,Live
S-22777,TEM-55744-B,Lowther site 1,S25 3EW,02 6679 6037 504,RED,2024-10-29,29/10/2026,62500,22.17,Live
S-22778,TEM-55744-B,Lowther site 2,G18 1JP,5866979576226,RED,13/02/2026,13 February 2028,660000,21.07,Live
S-22779,TEM-55744-B,Lowther site 3,M30 1JW,8432380374712,REDzero,14/05/2027,13-May-28,120000,28.46,Live
S-22780,TEM-91966-E,Northgate site 1,L25 7HW,9245-4977-88741,RED Plus,2024-11-06,06-Nov-27,340000,19.58,Live
S-22781,TEM-19810-A,Ravenscar site 1,S4 1AP,5224-0147-92028,RED,02/02/2027,2028-02-02,210000,18.22,Live
S-22782,TEM-15264-G,Exmoor site 1,L6 4EP,6396873705235,REDzero,2026-03-22,22 March 2027,210000,21.18,Live
S-22783,TEM-97988-B,Yewtree site 1,M5 2EX,8843837808005,REDzero,01/11/2025,01/11/2026,120000,21.74,Live
S-22784,TEM-11696-C,Umberside site 1,E14 8EX,1549942714990,RED Plus,2025-11-03,03-Nov-27,62500,17.73,Live
S-22785,TEM-99518-B,Thackery site 1,G11 4AT,44 4392 3896 726,RED Plus,2026-04-01,31-Mar-28,480000,23.81,Live
S-22786,TEM-90786-C,Harborne site 1,E27 8NR,63 2728 7562 569,RED,2024-05-18,18/05/2027,88000,22.58,Live
S-22787,TEM-15027-E,Yewtree site 1,B21 4AD,728212090057,RED,04/01/2024,03 January 2027,340000,25.67,Live
S-22788,TEM-15027-E,Yewtree site 2,N25 3JD,6035195211356,RED Plus,06/07/2026,06 July 2027,1250000,27.42,Live
S-22789,TEM-81048-A,Quarrington site 1,E6 2BR,75 6493 2133 564,RED,2025-08-21,21 August 2027,340000,25.51,Live
S-22790,TEM-75999-A,Lighthouse site 1,E17 5BD,1602195550866,RED,21/10/2024,21 October 2027,120000,30.12,Live
S-22791,TEM-75999-A,Lighthouse site 2,B6 7BR,81 3588 1599 654,RED Plus,2026-05-11,10/05/2028,42000,29.27,Live
S-22792,TEM-28655-D,Cranleigh site 1,S28 4NP,63 3155 6392 183,RED,2024-08-01,01 August 2027,910000,26.31,Live
S-22793,TEM-48910-G,Ellerton site 1,M4 4NT,4859379075165,REDzero,05/09/2023,2026-09-04,2100000,19.35,Live
S-22794,TEM-89352-C,Vantage site 1,S30 7HW,2928438410720,RED Plus,11/05/2025,11/05/2027,42000,24.19,Live
S-22795,TEM-22787-A,Hatherley site 1,M13 9NT,7231-6205-57893,RED,30/08/2025,30-Aug-27,2100000,25.89,Live
S-22796,TEM-29440-E,Millpond site 1,M30 5AR,9560445730384,RED,30/06/2024,30-Jun-25,910000,28.46,Ended
S-22797,TEM-97802-G,Ellerton site 1,L2 4AP,8777804269502,RED,2024-08-30,30-Aug-26,88000,21.28,OOC
S-22798,TEM-47606-G,Ellerton site 1,S16 2HT,6190628128737,RED,2023-09-25,24 September 2026,42000,22.73,Live
S-22799,TEM-47606-G,Ellerton site 2,N2 1ED,4580394007439,RED Plus,10/01/2025,2028-01-10,62500,23.84,Live
S-22800,TEM-74292-C,Kelbrook site 1,E7 3JX,05 9999 8338 587,RED Plus,13/10/2025,13 October 2026,62500,23.5,Live
S-22801,TEM-74292-C,Kelbrook site 2,M6 8AP,64 5842 7078 995,REDzero,2025-03-19,18-Mar-28,340000,29.67,Live
S-22802,TEM-44954-A,Cobalt site 1,G9 3HT,1544887050338,REDzero,14/02/2025,2027-02-14,910000,30.99,Live
S-22803,TEM-42523-D,Gilded site 1,G10 2AW,1276546765401,REDzero,2025-11-08,2026-11-08,62500,27.07,Live
S-22804,TEM-51302-E,Northgate site 1,L7 5ND,07 7477 4631 666,RED,29/01/2026,2028-01-29,2100000,29.8,Live
S-22805,TEM-51302-E,Northgate site 2,N17 3HR,71 0153 7536 147,RED,2025-10-19,19-Oct-27,210000,29.28,Live
S-22806,TEM-80336-A,Eastbrook site 1,N17 3HD,65 2546 4738 951,RED,2024-04-07,07/04/2027,1250000,26.16,Live
S-22807,TEM-45877-D,Nettlebed site 1,G4 1NP,23 6580 1421 975,RED,2023-11-04,2026-11-03,480000,25.38,Live
S-22808,TEM-12180-G,Fernhill site 1,G23 1ER,6458016468630,RED,24/06/2025,24 June 2027,2100000,26.79,Live
S-22809,TEM-87478-F,Northgate site 1,M10 7HP,9807920765130,RED,19/05/2022,18-May-25,1250000,30.51,Ended
S-22810,TEM-57487-B,Padstow site 1,E26 9HX,9294722406715,RED Plus,2022-02-24,23/02/2025,910000,27.16,Ended
S-22811,TEM-35237-F,Tanfield site 1,N30 2JW,75 2757 1187 414,RED,07/11/2025,07 November 2026,62500,28.67,Live
S-22812,TEM-35237-F,Tanfield site 2,G13 1AW,9366-2045-77056,RED,2026-07-26,26 July 2027,1250000,32.14,Live
S-22813,TEM-13723-A,Elmwood site 1,S7 3NR,9935492241302,RED,06/09/2024,2026-09-06,210000,22.54,Live
S-22814,TEM-39873-F,Kingsmead site 1,G14 8ET,63 2974 5184 243,RED Plus,2026-09-20,20-Sep-27,210000,28.96,Live
S-22815,TEM-14932-G,Bexley site 1,N7 9NX,0426-4575-31008,RED,23/01/2025,2026-01-23,210000,26.57,Ended
S-22816,TEM-34718-E,Wrenfield site 1,G8 5AR,6018-4817-42682,RED,06/09/2023,2026-09-05,120000,22.68,Live
S-22817,TEM-95233-D,Bexley site 1,B16 6JX,14 7716 5284 671,RED,2026-03-13,12/03/2028,2100000,18.8,Live
S-22818,TEM-42911-A,Silverbeck site 1,N10 8NX,9688450749698,RED,30/07/2026,30-Jul-27,910000,31.63,Live
S-22819,TEM-47592-D,Elmwood site 1,L1 6AP,1535180411515,REDzero,17/07/2024,17/07/2027,210000,25.91,Live
S-22820,TEM-73923-G,Ironbridge site 1,B1 7JT,0923221134412,RED Plus,08/01/2025,08-Jan-27,2100000,18.41,Live
S-22821,TEM-19151-C,Foxglove site 1,S3 7NR,6360-8973-03545,RED,2023-12-13,12 December 2026,1250000,18.68,Live
S-22822,TEM-65000-F,Ingleby site 1,L12 5JT,3701126249591,RED,2025-01-30,30 January 2028,910000,29.33,Live
S-22823,TEM-60824-C,Northgate site 1,M25 2NP,8268455210491,RED,01/03/2027,2028-02-29,2100000,21.59,Live
S-22824,TEM-13261-D,Denholm site 1,M23 8NP,36 9775 3125 160,RED Plus,16/02/2024,15-Feb-27,62500,23.47,Live
S-22825,TEM-13261-D,Denholm site 2,L17 1EX,0655370827382,RED,2025-11-09,09 November 2026,210000,31.77,Live
S-22826,TEM-84263-E,Caldwell site 1,N7 4BX,02 9116 3166 146,REDzero,2027-04-09,08 April 2028,2100000,31.92,Live
S-22827,TEM-84263-E,Caldwell site 2,B7 3HP,4361-1817-10177,RED,2023-11-05,2026-11-04,155000,21.24,Live
S-22828,TEM-80146-C,Maplin site 1,N20 5JR,5897558226815,RED,07/05/2024,07-May-27,88000,24.2,Live
S-22829,TEM-82462-F,Denholm site 1,B9 6NT,0365-1721-60644,RED,23/02/2026,2028-02-23,480000,31.27,Live
S-22830,TEM-23451-G,Quarrington site 1,S17 8AD,9606162179589,RED,2025-03-20,20/03/2026,42000,30.6,Ended
S-22831,TEM-23451-G,Quarrington site 2,G20 5AR,7368722278590,RED,21/06/2024,21/06/2026,1250000,26.61,Ended
S-22832,TEM-64201-E,Zetland site 1,S9 4HR,8219-4761-15513,RED,20/01/2024,19-Jan-27,910000,22.63,Live
S-22833,TEM-47204-C,Stanhope site 1,E20 5AR,2871-0620-88168,RED,07/03/2026,07 March 2027,480000,27.93,Live
S-22834,TEM-24480-C,Bexley site 1,S13 4ED,5931-1362-26997,REDzero,2025-10-27,2027-10-27,155000,20.57,Live
S-22835,TEM-52575-B,Elmwood site 1,S9 4JD,3080929053252,RED,19/03/2024,19/03/2026,120000,23.15,Ended
S-22836,TEM-46036-B,Saltmarsh site 1,S12 8BT,24 5354 5200 402,RED,2024-10-28,28 October 2026,480000,18.18,Live
S-22837,TEM-46036-B,Saltmarsh site 2,N18 1HP,2779721594236,RED,2026-02-04,04 February 2028,120000,30.45,Live
S-22838,TEM-45809-B,Selworthy site 1,M2 8BX,5115562428705,RED Plus,13/07/2025,13/07/2027,910000,26.8,Live
S-22839,TEM-61591-G,Wrenfield site 1,M22 3ER,6781439002329,RED,2024-10-13,13 October 2026,910000,23.83,Live
S-22840,TEM-24683-G,Yewtree site 1,S29 7AW,84 2338 1167 339,RED,18/01/2026,18-Jan-28,910000,32.28,Live
S-22841,TEM-28792-C,Kelbrook site 1,S14 1ED,5480-2428-11661,REDzero,2024-08-18,18/08/2027,42000,24.28,Live
S-22842,TEM-23690-E,Eastbrook site 1,L1 3NW,7472-5746-05713,RED Plus,07/06/2026,2027-06-07,210000,29.61,Live
S-22843,TEM-43601-F,Norbury site 1,B10 2HW,21 6269 9753 657,RED Plus,22/03/2024,22-Mar-27,660000,28.53,Live
S-22844,TEM-11702-C,Garwood site 1,S7 8JD,5377941899314,RED,2026-04-15,14 April 2028,660000,20.27,Live
S-22845,TEM-36739-A,Harborne site 1,B11 7AT,0664-1410-82771,REDzero,04/03/2025,03 March 2028,62500,21.29,Live
S-22846,TEM-33658-E,Harborne site 1,G24 6BX,3141980609195,RED,06/09/2023,05/09/2026,340000,27.89,Live
S-22847,TEM-87066-G,Torque site 1,E11 9HP,5151-6125-81903,REDzero,2024-01-22,21 January 2027,210000,29.03,Live
S-22848,TEM-88938-D,Caldwell site 1,S27 4JD,15 2358 4044 067,RED,23/11/2024,2026-11-23,88000,20.58,Live
S-22849,TEM-58915-G,Foxglove site 1,M30 2BX,43 3393 3106 055,RED Plus,25/10/2025,25-Oct-26,120000,28.42,Live
S-22850,TEM-64740-F,Gilded site 1,G15 6JX,9226388789901,RED,25/03/2024,25/03/2027,340000,20.19,Live
S-22851,TEM-11025-D,Umberside site 1,B6 7EX,38 3099 3719 693,RED,10/02/2025,10 February 2028,120000,19.52,Live
S-22852,TEM-11025-D,Umberside site 2,L18 5HR,2230795006393,RED,2026-05-16,15/05/2028,155000,32.01,Live
S-22853,TEM-62951-C,Denholm site 1,G9 6AR,13 1700 8507 134,REDzero,10/11/2025,10-Nov-26,42000,31.22,Live
S-22854,TEM-61171-E,Padstow site 1,E14 5JD,1347226756868,RED Plus,21/11/2022,2024-11-20,480000,21.43,Ended
S-22855,TEM-61171-E,Padstow site 2,L17 6BD,86 3379 8493 932,RED Plus,09/10/2024,2025-10-09,660000,24.0,Ended
S-22856,TEM-71214-D,Birchmoor site 1,M8 5ER,4074-6374-48979,RED,10/11/2025,10-Nov-26,2100000,29.05,Live
S-22857,TEM-71214-D,Birchmoor site 2,N24 9NR,7008-8107-85320,RED,15/01/2025,15-Jan-27,42000,25.72,Live
S-22858,TEM-95416-F,Whitethorn site 1,M27 2AT,1105-0715-72523,RED,2025-12-05,05 December 2026,340000,20.01,Live
S-22859,TEM-90234-C,Vantage site 1,L10 3HP,2189-8838-07251,REDzero,17/11/2021,16-Nov-24,62500,32.26,Ended
S-22860,TEM-79853-A,Ingleby site 1,N16 6HD,3234261259317,REDzero,20/04/2027,19 April 2028,88000,29.68,Live
S-22861,TEM-46766-C,Cedar site 1,B28 2ER,7576784063424,RED,2024-02-12,11/02/2027,120000,19.72,Live
S-22862,TEM-45829-A,Ironbridge site 1,S18 7AT,1501-5225-78907,RED,2024-10-07,07 October 2025,155000,19.59,Ended
S-22863,TEM-45829-A,Ironbridge site 2,L9 4NW,6767871463660,RED,2023-01-31,2025-01-30,910000,29.59,Ended
S-22864,TEM-67551-G,Oakhurst site 1,E16 2NP,89 1676 1586 607,REDzero,21/10/2026,2027-10-21,155000,31.56,Live
S-22865,TEM-12126-D,Zetland site 1,E17 5BT,8427-5807-05563,RED Plus,27/07/2024,27/07/2027,660000,32.32,Live
S-22866,TEM-27970-E,Ingleby site 1,M16 5AP,1571-3283-60179,REDzero,18/11/2024,18-Nov-27,42000,30.64,Live
S-22867,TEM-68176-A,Quenington site 1,G14 7BD,66 4837 8099 492,RED Plus,2024-12-11,11 December 2027,480000,24.84,Live
S-22868,TEM-68968-C,Cobalt site 1,L18 9HW,8426899546908,REDzero,17/09/2022,16/09/2025,210000,22.97,Ended
S-22869,TEM-68968-C,Cobalt site 2,B17 7JX,2069016516632,RED,06/09/2024,2025-09-06,155000,20.82,Ended
S-22870,TEM-16618-B,Bexley site 1,S6 6EP,0644986232180,RED,2026-09-25,25/09/2027,2100000,19.03,Live
S-22871,TEM-34706-B,Denholm site 1,G6 6NT,8942741013342,REDzero,2023-10-27,2026-10-26,1250000,29.23,Live
S-22872,TEM-39150-C,Oakhurst site 1,M12 1JX,6116849520800,RED Plus,2025-01-08,08-Jan-26,120000,21.97,Ended
S-22873,TEM-39150-C,Oakhurst site 2,G1 7NR,54 5209 8057 204,RED Plus,02/12/2022,01-Dec-24,120000,18.86,Ended
S-22874,TEM-39150-C,Oakhurst site 3,B7 7JR,3085-8721-15232,RED Plus,2022-12-05,04/12/2025,910000,22.28,Ended
S-22875,TEM-33688-B,Umberside site 1,N27 8JR,6832-1565-06238,RED,2026-04-29,28-Apr-28,62500,20.42,Live
S-22876,TEM-33688-B,Umberside site 2,N29 5NT,8688-8407-75923,RED,09/10/2024,09/10/2026,155000,25.43,Live
S-22877,TEM-52117-B,Quenington site 1,B12 7BR,53 0496 2290 239,RED,2024-07-26,26-Jul-27,340000,23.18,Live
S-22878,TEM-99141-E,Orchard site 1,B16 2AW,649130O928104,RED,2027-05-05,04/05/2028,120000,23.67,Live
S-22879,TEM-83200-B,Jarrow site 1,E23 4AW,0662786447742,RED,13/10/2025,13/10/2026,910000,18.75,Live
S-22880,TEM-83200-B,Jarrow site 2,E1 4AR,4283-4914-66287,REDzero,2025-03-07,2028-03-06,660000,27.87,Live
S-22881,TEM-83200-B,Jarrow site 3,M24 7HD,3952054426795,RED,2026-01-21,21-Jan-27,660000,31.34,Live
S-22882,TEM-15388-A,Quayside site 1,B27 8EX,1645836666386,RED,2024-10-06,06 October 2027,2100000,21.43,Live
S-22883,TEM-15388-A,Quayside site 2,B20 7AT,4700761186660,RED,24/01/2026,24-Jan-28,62500,18.05,Live
S-22884,TEM-19593-A,Gilded site 1,L5 5JX,99 5037 3116 195,RED Plus,2026-07-30,30/07/2027,42000,22.15,Live
S-22885,TEM-19593-A,Gilded site 2,B5 3BX,2431-4656-16968,RED,17/12/2026,17 December 2027,660000,25.42,Live
S-22886,TEM-17924-G,Cobalt site 1,E22 7ND,4836962226116,REDzero,10/12/2026,2027-12-10,62500,29.04,Live
S-22887,TEM-17924-G,Cobalt site 2,L27 1BX,7000221439684,RED,2025-02-23,23/02/2028,62500,24.21,Live
S-22888,TEM-17924-G,Cobalt site 3,G27 6AX,18 9480 8590 167,RED Plus,2023-09-30,2026-09-29,2100000,30.04,Live
S-22889,TEM-72442-C,Riverbank site 1,B21 8NW,9732807836363,RED,08/04/2025,08 April 2027,340000,20.32,Live
S-22890,TEM-59443-F,Cedar site 1,B16 6BW,41 7472 5501 249,RED Plus,2024-11-21,21 November 2026,660000,31.75,Live
S-22891,TEM-59443-F,Cedar site 2,G11 5ET,1927-3184-09119,RED,11/03/2025,10/03/2028,2100000,20.73,Live
S-22892,TEM-98751-G,Dunmore site 1,S18 6BR,7401695879818,RED,2023-07-21,20-Jul-25,120000,21.91,Ended
S-22893,TEM-64607-A,Pennine site 1,M15 9AT,5584028092270,REDzero,16/05/2025,15-May-28,155000,24.66,Live
S-22894,TEM-35195-C,Foxglove site 1,B23 8AX,3158786330326,RED,2025-08-16,2026-08-16,480000,25.31,OOC
S-22895,TEM-35195-C,Foxglove site 2,L1 2NW,54 8511 6806 322,RED,2026-02-02,02/02/2027,42000,20.05,Live
S-22896,TEM-31327-E,Umberside site 1,B19 4BP,1927-4781-52380,RED,2024-02-03,02 February 2027,910000,24.39,Live
S-22897,TEM-31327-E,Umberside site 2,L2 4BW,93 6804 7148 543,RED,05/11/2025,05 November 2027,660000,26.55,Live
S-22898,TEM-65240-C,Riverbank site 1,S16 8EW,0520-5402-14219,RED,2024-06-29,2027-06-29,1250000,24.16,Live
S-22899,TEM-65240-C,Riverbank site 2,M15 5NW,03 7010 3855 182,RED,07/02/2027,07-Feb-28,910000,19.85,Live
S-22900,TEM-90186-F,Silverbeck site 1,S5 8JD,4616-4687-14646,REDzero,2025-05-10,09 May 2028,480000,17.78,Live
S-22901,TEM-90186-F,Silverbeck site 2,M13 1HD,90 5059 6734 493,RED,2024-12-29,29-Dec-26,340000,19.52,Live
S-22902,TEM-90186-F,Silverbeck site 3,E12 2EX,2972699915798,RED,25/05/2024,25-May-27,120000,17.84,Live
S-22903,TEM-84479-A,Westcliff site 1,N19 4AD,95 8325 9704 735,REDzero,2024-09-18,2026-09-18,210000,28.33,Live
S-22904,TEM-91519-C,Larkspur site 1,B7 2EW,37 8509 8595 301,RED,06/04/2027,05 April 2028,210000,22.46,Live
S-22905,TEM-91519-C,Larkspur site 2,B21 1AW,46 7058 9231 990,RED,2027-01-07,07-Jan-28,155000,22.92,Live
S-22906,TEM-91519-C,Larkspur site 3,N4 7EP,95 4742 0197 516,RED,2027-03-03,02/03/2028,660000,31.09,Live
S-22907,TEM-91519-C,Larkspur site 4,G28 9NR,8939-1132-42698,RED,2025-11-20,2027-11-20,480000,30.88,Live
S-22908,TEM-91519-C,Larkspur site 5,E10 7NP,2607408679155,REDzero,07/08/2025,07-Aug-27,120000,26.79,Live
S-22909,TEM-91519-C,Larkspur site 6,G22 8BP,46 3642 0305 271,RED Plus,10/05/2024,10/05/2027,120000,17.54,Live
S-22910,TEM-77111-A,Birchmoor site 1,S18 7AX,85 6428 2582 032,RED,2025-01-12,12-Jan-27,1250000,28.54,Live
S-22911,TEM-77111-A,Birchmoor site 2,G11 7AW,00 9635 7560 572,RED Plus,21/07/2025,21 July 2027,120000,31.66,Live
S-22912,TEM-40398-E,Torque site 1,M30 2AP,2378-6136-96594,RED,10/10/2025,2027-10-10,62500,18.79,Live
S-22913,TEM-40398-E,Torque site 2,B23 7NR,5286411097057,RED,2024-11-15,15-Nov-26,2100000,21.18,Live
S-22914,TEM-79011-B,Yewtree site 1,M24 5HW,5983055580256,RED,29/02/2024,28-Feb-27,480000,20.31,Live
S-22915,TEM-45553-G,Birchmoor site 1,M21 6BP,9954270566120,REDzero,03/01/2026,03 January 2027,660000,20.69,Live
S-22916,TEM-35221-C,Kestrel site 1,G3 8JP,0703202283824,RED,2026-05-30,30/05/2027,1250000,28.95,Live
S-22917,TEM-37761-C,Ottershaw site 1,G1 7AW,6912709218753,RED,2025-03-07,06 March 2028,88000,18.66,Live
S-22918,TEM-41161-C,Ellerton site 1,N19 3AD,49 5452 3055 822,RED Plus,03/04/2026,02/04/2028,42000,19.55,Live
S-22919,TEM-41161-C,Ellerton site 2,G11 4JX,5369636156820,RED,2026-01-24,2027-01-24,1250000,27.18,Live
S-22920,TEM-71157-G,Jarrow site 1,G16 4ND,19 1059 7566 367,RED,01/08/2026,2027-08-01,660000,24.22,Live
S-22921,TEM-99894-F,Norbury site 1,E6 8HR,0275-4078-25148,RED,2026-12-20,20-Dec-27,62500,18.93,Live
S-22922,TEM-66280-C,Summerton site 1,G6 4HD,31 2530 5956 286,RED Plus,01/02/2026,2028-02-01,210000,31.78,Live
S-22923,TEM-27198-B,Marlow site 1,G6 2HP,5328-6601-74254,REDzero,17/10/2023,16-Oct-26,210000,26.12,Live
S-22924,TEM-28137-C,Fernhill site 1,L12 4JW,7412832582606,RED Plus,10/12/2026,2027-12-10,42000,23.0,Live
S-22925,TEM-23877-F,Yarrow site 1,E28 1HT,4424412176293,RED,16/12/2023,2024-12-15,42000,31.88,Ended
S-22926,TEM-23877-F,Yarrow site 2,S25 8HX,2878-8712-24153,RED,24/09/2022,23 September 2025,660000,24.53,Ended
S-22927,TEM-23877-F,Yarrow site 3,S29 5BD,8932982520147,RED,21/03/2023,2025-03-20,155000,25.77,Ended
S-22928,TEM-23877-F,Yarrow site 4,B25 3ET,9632745451318,RED,06/08/2022,05/08/2025,660000,29.79,Ended
S-22929,TEM-23877-F,Yarrow site 5,N27 4NT,1314-7646-40923,REDzero,2023-10-23,2024-10-22,1250000,30.01,Ended
S-22930,TEM-23877-F,Yarrow site 6,G7 9NR,5193879625753,RED,03/06/2025,2026-06-03,340000,26.83,Ended
S-22931,TEM-25902-C,Tredegar site 1,S19 4BX,3392-9221-27366,RED Plus,2022-08-14,13 August 2025,480000,27.7,Ended
S-22932,TEM-25902-C,Tredegar site 2,M27 5NP,89 8504 3204 398,RED,27/01/2022,26-Jan-25,1250000,28.97,Ended
S-22933,TEM-28265-E,Kelbrook site 1,M20 2AX,63 6016 9697 523,RED,19/09/2025,19/09/2026,42000,27.71,Live
S-22934,TEM-78895-A,Atlas site 1,E3 9HP,62 0557 8935 653,RED,2026-04-13,2028-04-12,88000,29.09,Live
S-22935,TEM-78895-A,Atlas site 2,N20 5JD,8746-8807-98417,RED,2025-09-14,2026-09-14,2100000,29.61,Live
S-22936,TEM-94785-B,Cobalt site 1,N8 8BP,4101497290789,RED Plus,2022-10-23,2025-10-22,340000,25.59,Ended
S-22937,TEM-30931-E,Applegarth site 1,M16 7NR,12 3714 7144 591,REDzero,2026-05-28,28-May-27,2100000,28.96,Live
S-22938,TEM-67479-F,Violetta site 1,M14 9HD,4611152103841,RED,2026-02-02,2028-02-02,88000,22.35,Live
S-22939,TEM-76248-E,Dunmore site 1,B12 6NW,1983-0381-08425,RED,2024-09-08,2026-09-08,155000,29.91,Live
S-22940,TEM-70488-F,Eastbrook site 1,S14 3JP,5515818964400,REDzero,2026-05-19,19 May 2027,340000,30.3,Live
S-22941,TEM-70488-F,Eastbrook site 2,S13 4ND,5024306570399,RED,16/01/2027,16/01/2028,910000,29.27,Live
S-22942,TEM-92251-C,Eastbrook site 1,G30 8BT,11 2764 6970 340,RED,18/02/2026,18-Feb-27,660000,28.27,Live
S-22943,TEM-92251-C,Eastbrook site 2,E17 9HD,2149810441073,RED Plus,30/01/2025,30-Jan-28,2100000,19.0,Live
S-22944,TEM-16238-A,Dunmore site 1,G14 6ET,5704-7960-90029,RED,09/03/2025,08 March 2028,88000,29.74,Live
S-22945,TEM-23724-D,Saltmarsh site 1,G13 7JP,7749-7911-70550,RED,15/02/2025,15 February 2027,1250000,18.42,Live
S-22946,TEM-23724-D,Saltmarsh site 2,B12 4NR,3464844664661,RED Plus,23/11/2026,2027-11-23,480000,26.28,Live
S-22947,TEM-23724-D,Saltmarsh site 3,E21 7JP,4682-1432-29376,RED,2025-02-05,05-Feb-27,910000,20.75,Live
S-22948,TEM-23724-D,Saltmarsh site 4,E19 9JR,2906-0829-97565,RED,2027-01-28,28-Jan-28,155000,21.72,Live
S-22949,TEM-77961-F,Eastbrook site 1,E6 4AT,8732-1039-75448,REDzero,21/08/2026,21/08/2027,155000,29.62,Live
S-22950,TEM-77961-F,Eastbrook site 2,G19 5JW,54 9656 2943 178,RED Plus,2024-11-06,2027-11-06,88000,21.45,Live
S-22951,TEM-72047-C,Tredegar site 1,G21 3NP,8225-9951-45396,RED Plus,2026-01-02,2027-01-02,88000,22.93,Live
S-22952,TEM-72047-C,Tredegar site 2,B30 4JR,5092-9288-36212,RED Plus,2025-01-11,11-Jan-28,660000,18.91,Live
S-22953,TEM-46689-G,Umberside site 1,E29 7HT,30 5080 8291 363,REDzero,16/01/2025,16/01/2028,1250000,27.8,Live
S-22954,TEM-74854-A,Verity site 1,G5 4JT,4883-2423-94579,RED,24/11/2025,24-Nov-27,2100000,19.29,Live
S-22955,TEM-74854-A,Verity site 2,N1 7AD,8709634028977,RED,2024-04-13,13 April 2027,480000,22.07,Live
S-22956,TEM-83566-F,Vantage site 1,N22 9JT,6011000573945,RED Plus,04/09/2025,04 September 2026,210000,21.08,Live
S-22957,TEM-26241-F,Ivybridge site 1,M3 6BT,99 1714 5999 797,RED,23/09/2025,2027-09-23,1250000,22.31,Live
S-22958,TEM-91938-A,Pemberley site 1,L9 4JR,3001857441177,RED,23/08/2024,23/08/2027,910000,26.36,Live
S-22959,TEM-71406-D,Umberside site 1,M20 8EW,2700247250201,RED,2024-01-11,10-Jan-27,120000,21.95,Live
S-22960,TEM-72033-C,Cobalt site 1,N6 4HR,1095-5141-57864,RED,19/08/2025,2026-08-19,120000,21.51,OOC
S-22961,TEM-60754-G,Harborne site 1,B23 2AW,6497533931988,RED,08/11/2026,08 November 2027,88000,29.63,Live
S-22962,TEM-46927-C,Whitethorn site 1,N4 3EP,6870-5527-11147,RED,2024-03-12,12/03/2027,1250000,32.18,Live
S-22963,TEM-33751-G,Verity site 1,N30 3HP,3387-6371-51628,RED,2026-03-10,09/03/2028,480000,29.72,Live
S-22964,TEM-79101-D,Denholm site 1,E9 3BT,9056-9871-81260,RED Plus,2025-12-30,30 December 2027,480000,25.37,Live
S-22965,TEM-64043-A,Vantage site 1,N8 9NR,8122225151343,REDzero,28/10/2024,28-Oct-26,120000,18.58,Live
S-22966,TEM-75991-F,Whitethorn site 1,L21 1AW,67 0004 5707 243,RED Plus,2025-07-06,2027-07-06,42000,27.41,Live
S-22967,TEM-23053-G,Cobalt site 1,L27 7JT,3189750596538,RED Plus,28/03/2026,2027-03-28,480000,26.07,Live
S-22968,TEM-43012-A,Marlow site 1,N10 3ND,09 9809 3600 938,RED Plus,04/09/2024,04-Sep-25,88000,19.88,Ended
S-22969,TEM-43012-A,Marlow site 2,S29 3AW,0402608888449,REDzero,24/10/2021,23-Oct-24,660000,26.26,Ended
S-22970,TEM-60293-A,Umberside site 1,B23 9BX,7770-1914-10720,RED,19/01/2025,19/01/2027,210000,20.01,Live
S-22971,TEM-29166-B,Ingleby site 1,E19 8EW,8126658628547,RED,2024-07-24,24-Jul-27,2100000,23.95,Live
S-22972,TEM-29166-B,Ingleby site 2,M5 6BD,51 4078 9849 076,RED,2026-03-21,2027-03-21,910000,29.21,Live
S-22973,TEM-88416-A,Vantage site 1,S18 1BW,00 9023 4760 611,RED,26/07/2024,26-Jul-27,340000,23.86,Live
S-22974,TEM-75332-E,Ivybridge site 1,E25 9JX,3845-4991-69176,RED,2026-07-16,16 July 2027,2100000,19.77,Live
S-22975,TEM-73599-E,Selworthy site 1,M18 7NR,1260139302836,RED,2025-09-21,21-Sep-27,660000,30.86,Live
S-22976,TEM-17665-C,Tredegar site 1,N13 4BW,3234-0409-05070,REDzero,26/06/2024,26 June 2026,42000,23.93,Ended
S-22977,TEM-88784-F,Riverbank site 1,S20 9JT,82 4672 9546 588,RED,02/04/2026,02-Apr-27,88000,26.91,Live
S-22978,TEM-88784-F,Riverbank site 2,N11 2AD,0782685946459,RED Plus,2026-03-31,2028-03-30,2100000,26.38,Live
S-22979,TEM-88784-F,Riverbank site 3,L4 2JR,6736769500256,REDzero,25/11/2026,25 November 2027,910000,30.77,Live
S-22980,TEM-62290-A,Farrier site 1,M16 7BX,2925480857238,RED Plus,16/10/2025,16-Oct-27,88000,28.65,Live
S-22981,TEM-80623-C,Rosedale site 1,M27 3JP,5240506952937,RED Plus,2026-02-05,05-Feb-27,62500,23.22,Live
S-22982,TEM-80623-C,Rosedale site 2,M21 4ND,7429652350749,RED Plus,2025-12-04,2027-12-04,155000,29.82,Live
S-22983,TEM-71009-D,Padstow site 1,N27 2JR,5516140794709,RED,04/11/2024,04 November 2025,88000,24.2,Ended
S-22984,TEM-77359-A,Langmere site 1,N1 4HX,1199-5148-55191,RED,28/11/2024,28-Nov-26,1250000,18.36,Live
S-22985,TEM-82185-D,Umberside site 1,N26 1AX,8501-8185-51435,RED,20/11/2026,20 November 2027,62500,25.78,Live
S-22986,TEM-28479-F,Summerton site 1,L17 9BR,6437-4034-24458,RED,11/09/2025,2027-09-11,88000,18.98,Live
S-22987,TEM-51578-F,Wrenfield site 1,B26 6EP,7999756715767,RED Plus,2027-03-21,2028-03-20,340000,22.37,Live
S-22988,TEM-49916-B,Elmwood site 1,G13 9ED,0469833402334,RED,24/12/2025,24-Dec-27,340000,31.23,Live
S-22989,TEM-49916-B,Elmwood site 2,L26 2JT,65 7273 5771 347,RED,17/03/2024,2027-03-17,340000,30.84,Live
S-22990,TEM-39188-A,Birchmoor site 1,M8 5HR,77 7832 8142 174,RED,2025-12-02,2027-12-02,1250000,23.57,Live
S-22991,TEM-21157-D,Zetland site 1,E19 6JP,66 3695 5969 936,RED,2025-10-24,24 October 2026,910000,19.69,Live
S-22992,TEM-14008-D,Selworthy site 1,L10 8NX,3190-5337-18665,RED Plus,20/01/2023,19 January 2025,910000,17.8,Ended
S-22993,TEM-14008-D,Selworthy site 2,M1 7HT,0706-0646-87969,RED Plus,2025-07-02,02-Jul-26,120000,21.22,Ended
S-22994,TEM-14008-D,Selworthy site 3,G18 3HT,6801748987618,REDzero,2021-11-15,14 November 2024,120000,30.43,Ended
S-22995,TEM-95310-D,Bexley site 1,G8 6AD,0946543165967,RED Plus,2025-01-01,01-Jan-27,660000,23.29,Live
S-22996,TEM-11885-E,Whitethorn site 1,N23 4BT,7308-0697-88875,RED,2025-02-15,15/02/2026,340000,31.9,Ended
S-22997,TEM-81817-F,Lowther site 1,B12 5EP,0124-3717-93106,RED,23/09/2024,23 September 2025,2100000,31.79,Ended
S-22998,TEM-66877-E,Oakhurst site 1,B4 3HT,3050907289543,REDzero,16/11/2024,16 November 2026,155000,28.14,Live
S-22999,TEM-28223-E,Hatherley site 1,N8 8NT,5636579728104,REDzero,13/04/2025,12 April 2028,2100000,26.79,Live
S-23000,TEM-17168-A,Atlas site 1,S28 9AT,6832-6675-72146,RED,10/06/2026,10 June 2027,2100000,28.58,Live
S-23001,TEM-34226-C,Dunmore site 1,E10 7AR,70 1701 2052 509,RED,25/01/2024,24/01/2027,660000,30.71,Live
S-23002,TEM-43149-G,Kelbrook site 1,S24 8JT,71 5985 5189 421,REDzero,14/05/2024,14/05/2027,660000,18.88,Live
S-23003,TEM-51004-C,Maplin site 1,L12 1AT,7063-2033-34453,RED,2026-03-19,18/03/2028,910000,18.51,Live
S-23004,TEM-74975-A,Westcliff site 1,E26 4HT,9046253561738,RED,31/03/2026,31/03/2027,660000,30.05,Live
S-23005,TEM-74975-A,Westcliff site 2,L15 3JX,8369733804667,RED Plus,19/06/2025,19-Jun-27,1250000,24.97,Live
S-23006,TEM-74975-A,Westcliff site 3,B13 8NP,0604-3110-27007,RED,24/10/2023,23/10/2026,88000,18.5,Live
S-23007,TEM-74975-A,Westcliff site 4,N16 3ET,83 5828 1625 145,RED Plus,23/02/2025,23-Feb-28,155000,31.42,Live
S-23008,TEM-74252-C,Thackery site 1,M21 4JP,6132045774690,RED,2023-09-25,24-Sep-26,480000,31.66,Live
S-23009,TEM-74252-C,Thackery site 2,G15 6JT,5735-2268-85537,RED,2026-09-19,2027-09-19,910000,28.93,Live
S-23010,TEM-79268-A,Ashcombe site 1,E13 6BD,762388947136,RED,2024-12-15,15-Dec-26,120000,24.23,Live
S-23011,TEM-79268-A,Ashcombe site 2,L21 9HT,40 6095 4597 121,RED Plus,2024-08-05,05/08/2027,910000,20.33,Live
S-23012,TEM-25950-A,Stanhope site 1,S18 7ED,0343751849361,RED,11/05/2022,10 May 2025,155000,27.58,Ended
S-23013,TEM-90589-D,Riverbank site 1,N26 8NX,30 7316 6061 167,RED,2024-08-05,05-Aug-25,340000,18.83,Ended
S-23014,TEM-79474-D,Redwing site 1,G8 7AR,6261-8103-24425,RED,2025-05-15,2027-05-15,2100000,17.57,Live
S-23015,TEM-79474-D,Redwing site 2,G22 7HD,54 1371 2667 387,REDzero,26/11/2025,26/11/2027,1250000,22.31,Live
S-23016,TEM-51422-E,Norbury site 1,L1 9HR,4012881222547,RED,11/12/2024,11-Dec-27,42000,22.67,Live
S-23017,TEM-51422-E,Norbury site 2,S23 8ER,8382-1617-66772,RED Plus,2024-06-23,2027-06-23,88000,31.76,Live
S-23018,TEM-51422-E,Norbury site 3,N26 4HX,8871436632539,RED,12/10/2026,12-Oct-27,120000,21.96,Live
S-23019,TEM-51422-E,Norbury site 4,B3 2BP,04 3645 8081 030,RED Plus,14/04/2026,13-Apr-28,120000,21.18,Live
S-23020,TEM-51422-E,Norbury site 5,E9 6ET,5121-1464-70876,RED Plus,2025-10-21,21 October 2027,88000,21.88,Live
S-23021,TEM-51422-E,Norbury site 6,M7 3HW,1840-5966-89042,REDzero,2025-01-04,04 January 2027,210000,27.17,Live
S-23022,TEM-51422-E,Norbury site 7,N11 8AR,3788-2552-13713,RED,10/11/2025,10-Nov-26,210000,24.43,Live
S-23023,TEM-51422-E,Norbury site 8,S12 7EX,9853263758050,RED,2027-01-11,11/01/2028,210000,20.34,Live
S-23024,TEM-90298-F,Merrivale site 1,M19 3AP,0664-7346-59252,RED,08/02/2025,08 February 2027,88000,25.05,Live
S-23025,TEM-90298-F,Merrivale site 2,G18 2JD,6656561494482,RED Plus,13/11/2025,13 November 2027,62500,21.36,Live
S-23026,TEM-90298-F,Merrivale site 3,S9 3HX,2877-8611-98328,RED Plus,2025-04-28,28 April 2027,660000,31.27,Live
S-23027,TEM-90298-F,Merrivale site 4,G1 5JD,4017-4619-24788,RED,06/11/2025,06/11/2026,660000,30.56,Live
S-23028,TEM-34169-C,Saltmarsh site 1,L2 7AT,0181-3569-67208,RED Plus,25/09/2025,25-Sep-27,88000,24.65,Live
S-23029,TEM-34169-C,Saltmarsh site 2,G9 1NR,20 0045 3106 331,REDzero,2025-12-17,2026-12-17,210000,20.8,Live
S-23030,TEM-34169-C,Saltmarsh site 3,B28 7BR,8868071478310,RED Plus,2026-03-20,2027-03-20,120000,29.39,Live
S-23031,TEM-34169-C,Saltmarsh site 4,S13 9NW,9570326933453,RED Plus,20/01/2026,20 January 2027,340000,22.99,Live
S-23032,TEM-68370-F,Cedar site 1,M21 5BX,00 6789 6114 197,RED,2024-12-18,18-Dec-26,42000,21.31,Live
S-23033,TEM-68370-F,Cedar site 2,L30 4NR,3521-9622-16432,REDzero,04/02/2027,2028-02-04,155000,27.33,Live
S-23034,TEM-86386-A,Cobalt site 1,N2 1JR,1305258368500,RED Plus,16/10/2024,16/10/2027,2100000,21.62,Live
S-23035,TEM-21412-A,Lighthouse site 1,M9 1AW,6287432466447,RED Plus,03/02/2026,2027-02-03,1250000,30.25,Live
S-23036,TEM-95434-D,Kestrel site 1,M15 3ER,6040813397744,RED,2024-05-11,11/05/2027,155000,26.02,Live
S-23037,TEM-95434-D,Kestrel site 2,N26 8NT,4219666948765,RED,02/03/2025,01-Mar-28,88000,20.2,Live
S-23038,TEM-95434-D,Kestrel site 3,M21 8ND,83 9338 9176 804,RED,31/05/2025,30-May-28,120000,28.1,Live
S-23039,TEM-95434-D,Kestrel site 4,E25 9ER,57 0907 2686 753,RED,01/09/2024,2027-09-01,2100000,27.34,Live
S-23040,TEM-95434-D,Kestrel site 5,G14 7AT,13 6976 6848 329,REDzero,10/02/2025,10/02/2027,210000,31.29,Live
S-23041,TEM-95434-D,Kestrel site 6,S3 4JP,8546776492336,RED,2024-05-15,15 May 2027,660000,20.54,Live
S-23042,TEM-87121-F,Bluewater site 1,B13 2AX,1995-0447-08214,RED,24/02/2025,2027-02-24,480000,24.59,Live
S-23043,TEM-72888-D,Cobalt site 1,G29 6BD,1736440996293,RED,2026-02-19,19 February 2028,660000,20.83,Live
S-23044,TEM-89527-E,Bexley site 1,B18 5HX,25 4341 4702 831,REDzero,2027-02-18,18 February 2028,120000,31.2,Live
S-23045,TEM-17688-E,Elmwood site 1,L28 3BW,21 1757 8256 735,RED,2025-01-13,13/01/2027,42000,22.72,Live
S-23046,TEM-51131-F,Silverbeck site 1,N7 7JD,04 8800 2242 550,RED,21/04/2026,20 April 2028,210000,25.54,Live
S-23047,TEM-83602-D,Elmwood site 1,B25 2NT,52 6173 3068 931,RED,06/02/2026,06 February 2028,155000,31.02,Live
S-23048,TEM-62829-G,Elmwood site 1,S30 1HT,65 3242 8098 620,RED Plus,2023-06-27,26/06/2026,155000,26.75,Ended
S-23049,TEM-84626-G,Zetland site 1,B19 6BT,5017-6930-98733,REDzero,14/04/2025,14-Apr-27,910000,28.27,Live
S-23050,TEM-15201-D,Cranleigh site 1,M22 6ET,41 0671 6202 546,RED,2024-07-26,26 July 2027,155000,21.16,Live
S-23051,TEM-12341-G,Quayside site 1,S12 8ER,2049108586995,RED Plus,11/09/2024,11-Sep-27,340000,18.88,Live
S-23052,TEM-29831-C,Applegarth site 1,B22 7AR,0183884390352,RED,22/01/2023,21-Jan-25,910000,30.55,Ended
S-23053,TEM-29831-C,Applegarth site 2,N11 6NT,5744083104490,RED,2025-01-06,06 January 2026,62500,24.53,Ended
S-23054,TEM-29831-C,Applegarth site 3,M23 8ER,9013006503510,RED,2022-12-19,18-Dec-25,1250000,20.65,Ended
S-23055,TEM-29831-C,Applegarth site 4,M24 3BX,5567-6629-07003,RED,02/03/2024,02-Mar-25,120000,19.65,Ended
S-23056,TEM-96083-D,Exmoor site 1,L11 3ED,2679302411750,REDzero,2027-01-09,09 January 2028,480000,26.72,Live
S-23057,TEM-35249-C,Marlow site 1,L6 7BW,8737271429343,RED,05/03/2025,04/03/2028,660000,20.28,Live
S-23058,TEM-52693-D,Ivybridge site 1,S5 7AD,1257927834992,REDzero,18/04/2025,2028-04-17,62500,29.97,Live
S-23059,TEM-66143-B,Saltmarsh site 1,E27 4ND,9579-9073-03486,RED,2026-06-07,07/06/2027,88000,30.28,Live
S-23060,TEM-31427-C,Vantage site 1,N14 3BD,6717128245735,RED,23/04/2024,23 April 2026,660000,22.26,Ended
S-23061,TEM-31427-C,Vantage site 2,E16 8HP,35213476699847,RED,2025-05-23,23-May-26,2100000,20.19,Ended
S-23062,TEM-83086-G,Jarrow site 1,M17 9NP,3663035840693,RED Plus,10/07/2025,2027-07-10,2100000,19.25,Live
S-23063,TEM-91121-B,Bluewater site 1,N3 2BR,5696-1982-57865,RED,2025-06-24,24-Jun-27,480000,28.08,Live
S-23064,TEM-91121-B,Bluewater site 2,L23 5HT,1552460599732,RED Plus,2025-11-25,25 November 2026,42000,28.32,Live
S-23065,TEM-91121-B,Bluewater site 3,E24 4JR,3363-1608-28759,RED Plus,2026-10-29,29 October 2027,42000,18.81,Live
S-23066,TEM-91121-B,Bluewater site 4,N7 1HW,81 1463 0609 309,RED Plus,19/01/2024,2027-01-18,88000,25.45,Live
S-23067,TEM-91121-B,Bluewater site 5,E18 1JT,0248-4762-33928,RED,2023-10-25,24 October 2026,910000,17.71,Live
S-23068,TEM-91121-B,Bluewater site 6,N19 7ET,1107-0638-43363,RED,01/02/2025,01/02/2027,62500,29.99,Live
S-23069,TEM-56009-C,Northgate site 1,M29 3NX,9820-5127-60602,RED,04/05/2025,04-May-26,155000,31.14,Ended
S-23070,TEM-56009-C,Northgate site 2,L8 6BW,0602-7296-43184,RED,2024-05-09,2026-05-09,210000,30.08,Ended
S-23071,TEM-95466-G,Thackery site 1,E21 7JW,2632-8131-92513,RED,24/05/2024,24 May 2027,120000,32.0,Live
S-23072,TEM-32448-A,Saltmarsh site 1,N18 7BT,9245038594463,RED,2024-04-06,06-Apr-25,910000,28.07,Ended
S-23073,TEM-12231-F,Garwood site 1,E21 7EP,7914-8358-87307,RED,09/04/2025,09-Apr-27,155000,17.56,Live
S-23074,TEM-23545-C,Lowther site 1,B29 1EW,0861-5557-72586,RED,05/01/2026,05/01/2028,42000,29.82,Live
S-23075,TEM-23545-C,Lowther site 2,M8 7BT,12 9468 8748 090,RED Plus,18/10/2025,2027-10-18,660000,26.18,Live
S-23076,TEM-18516-E,Whitethorn site 1,M20 2ED,46 9507 7419 845,RED,2024-12-25,25/12/2027,88000,27.32,Live
S-23077,TEM-49123-A,Lowther site 1,S29 6JT,77 8369 1513 679,RED,19/01/2025,19/01/2027,660000,18.46,Live
S-23078,TEM-49123-A,Lowther site 2,E23 3EX,8101289999636,RED Plus,10/09/2024,10/09/2026,480000,29.38,Live
S-23079,TEM-54871-D,Pennine site 1,S12 3EW,5523177270393,RED,23/08/2024,2027-08-23,120000,31.71,Live
S-23080,TEM-54871-D,Pennine site 2,N4 6NP,89 7853 1508 057,RED,2025-04-22,21/04/2028,910000,25.95,Live
S-23081,TEM-83323-A,Umberside site 1,L15 3JT,28 3220 5081 484,REDzero,2026-01-24,2028-01-24,155000,22.39,Live
S-23082,TEM-62212-F,Wrenfield site 1,G22 5AX,18 9833 5053 263,RED,2025-10-20,20-Oct-26,155000,18.98,Live
S-23083,TEM-12154-F,Saltmarsh site 1,N27 5HT,63 9927 3132 904,RED Plus,2024-12-07,07 December 2027,88000,31.36,Live
S-23084,TEM-12154-F,Saltmarsh site 2,N27 2AX,2110-4776-16814,RED,2023-10-04,03 October 2026,910000,19.51,Live
S-23085,TEM-71324-D,Cedar site 1,M21 9NP,62 6141 4892 351,REDzero,15/12/2024,2027-12-15,910000,17.76,Live
S-23086,TEM-71324-D,Cedar site 2,S28 3AT,5377-5036-85868,RED,10/09/2025,10 September 2026,660000,22.59,Live
S-23087,TEM-58990-G,Kestrel site 1,G14 9AR,31 5217 9839 900,REDzero,14/10/2023,13/10/2026,155000,25.6,Live
S-23088,TEM-67599-D,Cranleigh site 1,B15 9ND,1124204732919,RED,08/09/2024,08 September 2025,88000,24.91,Ended
S-23089,TEM-71340-F,Applegarth site 1,E7 5AW,6404013872936,RED,2025-08-08,2027-08-08,42000,29.98,Live
S-23090,TEM-71340-F,Applegarth site 2,G23 6HT,95 3415 2299 941,RED,2026-04-05,05/04/2027,88000,22.92,Live
S-23091,TEM-71340-F,Applegarth site 3,B14 3EW,36 7407 3113 733,REDzero,2025-03-06,05-Mar-28,910000,21.64,Live
S-23092,TEM-44159-C,Atlas site 1,B20 6AX,7713128587634,RED,2026-12-31,31/12/2027,2100000,30.79,Live
S-23093,TEM-44159-C,Atlas site 2,S24 8BR,7058688628001,RED,08/05/2027,2028-05-07,210000,25.52,Live
S-23094,TEM-44159-C,Atlas site 3,S12 1EP,38 7330 1204 873,REDzero,2024-12-19,19-Dec-26,910000,27.92,Live
S-23095,TEM-36470-F,Caldwell site 1,N3 3ET,03 9087 6082 707,RED Plus,2024-09-02,02-Sep-27,62500,20.01,Live
S-23096,TEM-30694-F,Larkspur site 1,G25 2AW,14235569236497,RED,23/02/2025,23 February 2027,1250000,18.84,Live
S-23097,TEM-30694-F,Larkspur site 2,E17 6AW,88 0500 0800 905,RED,30/12/2024,30-Dec-27,910000,31.28,Live
S-23098,TEM-30694-F,Larkspur site 3,B30 4NX,09 3668 7837 368,RED,2024-12-01,01/12/2026,1250000,30.97,Live
S-23099,TEM-30694-F,Larkspur site 4,B26 9BP,14 0537 2750 835,RED,2025-12-10,10 December 2026,910000,29.24,Live
S-23100,TEM-99110-C,Garwood site 1,M2 4ED,1270901250293,RED,2023-12-12,2024-12-11,120000,27.2,Ended
S-23101,TEM-99110-C,Garwood site 2,S6 3BT,9891-9522-48136,RED,2024-07-22,22/07/2025,155000,19.37,Ended
S-23102,TEM-99110-C,Garwood site 3,L15 4NW,7103054390412,REDzero,2024-12-16,16/12/2025,210000,21.75,Ended
S-23103,TEM-47829-B,Larkspur site 1,M6 8HT,2611-0515-46897,RED,2025-12-11,11-Dec-27,2100000,31.65,Live
S-23104,TEM-93400-E,Selworthy site 1,G15 5JW,03 1844 7248 455,RED,2024-09-18,18/09/2027,480000,26.49,Live
S-23105,TEM-67042-F,Merrivale site 1,B24 8HR,33 8993 1782 984,RED,15/10/2025,15/10/2026,2100000,30.45,Live
S-23106,TEM-67042-F,Merrivale site 2,S21 1EW,2200-9615-56305,RED,2027-04-17,2028-04-16,155000,23.36,Live
S-23107,TEM-18023-C,Pemberley site 1,L13 5JR,91 3981 9990 859,RED Plus,03/12/2025,03/12/2026,660000,28.61,Live
S-23108,TEM-18023-C,Pemberley site 2,E26 4AT,8921653446847,RED,31/07/2025,31 July 2027,210000,24.59,Live
S-23109,TEM-18023-C,Pemberley site 3,S5 8BD,8323153290718,RED,2026-03-07,06 March 2028,42000,25.18,Live
S-23110,TEM-18023-C,Pemberley site 4,L11 5BR,9967-2425-74549,RED Plus,2024-01-11,10 January 2027,480000,23.51,Live
S-23111,TEM-18023-C,Pemberley site 5,N7 6AP,6004310931243,RED,2027-04-26,25 April 2028,210000,21.54,Live
S-23112,TEM-18023-C,Pemberley site 6,S17 8ER,1972078869235,RED Plus,2026-03-05,05 March 2027,2100000,30.0,Live
S-23113,TEM-85075-F,Quayside site 1,L25 3AT,83 8293 4345 728,RED,2025-12-23,23-Dec-26,210000,32.12,Live
S-23114,TEM-85075-F,Quayside site 2,S21 2AP,28 1863 0660 959,REDzero,2026-10-27,27/10/2027,480000,21.99,Live
S-23115,TEM-93265-E,Ravenscar site 1,E13 4BX,97 4623 5678 917,RED,2026-03-23,23-Mar-27,480000,30.89,Live
S-23116,TEM-93265-E,Ravenscar site 2,G11 1ED,23 7041 8245 970,RED Plus,2024-11-04,04 November 2026,88000,21.88,Live
S-23117,TEM-93265-E,Ravenscar site 3,M5 5HD,2987932968490,RED,2023-09-06,2026-09-05,155000,31.12,Live
S-23118,TEM-93265-E,Ravenscar site 4,B25 4HP,3034-1774-63017,REDzero,2026-02-10,10-Feb-28,2100000,25.72,Live
S-23119,TEM-93265-E,Ravenscar site 5,L3 3EX,8951989275866,REDzero,27/07/2026,2027-07-27,210000,20.92,Live
S-23120,TEM-93265-E,Ravenscar site 6,L17 8EX,25 9946 9172 221,RED,2026-01-16,16/01/2027,155000,28.21,Live
S-23121,TEM-78761-B,Zephyr site 1,S17 5JD,3615-9927-19367,RED Plus,09/03/2025,09/03/2027,42000,23.65,Live
S-23122,TEM-52041-F,Thackery site 1,N23 1JD,4203034918843,REDzero,2022-06-19,18 June 2025,1250000,24.15,Ended
S-23123,TEM-10897-C,Ullswater site 1,G11 5HT,9300-9109-72495,RED,01/04/2025,31-Mar-28,1250000,31.63,Live
S-23124,TEM-80702-E,Quarrington site 1,B4 5AX,9314084355238,RED,2023-11-30,29 November 2026,210000,24.48,Live
S-23125,TEM-80702-E,Quarrington site 2,E30 3EW,6882-1810-45451,RED Plus,2025-10-25,25 October 2026,1250000,22.03,Live
S-23126,TEM-85717-G,Garwood site 1,S21 9JW,0171356725642,RED,2024-09-11,11/09/2026,62500,18.88,Live
S-23127,TEM-25895-D,Ullswater site 1,L25 2HD,09 9871 6160 965,REDzero,10/12/2024,2027-12-10,62500,25.66,Live
S-23128,TEM-98824-C,Orchard site 1,M29 4HW,47 2736 5904 304,RED,22/04/2024,22/04/2027,210000,29.16,Live
S-23129,TEM-98824-C,Orchard site 2,L10 6NT,2276161586375,RED,10/08/2025,10 August 2026,42000,18.99,OOC
S-23130,TEM-83344-B,Fernhill site 1,S25 6AW,6678178579608,RED,29/02/2024,2027-02-28,340000,28.89,Live
S-23131,TEM-83344-B,Fernhill site 2,L30 5HP,9134652737393,RED Plus,2025-12-30,30/12/2027,62500,20.72,Live
S-23132,TEM-49828-F,Yewtree site 1,S1 8AD,5225133439842,REDzero,26/09/2025,26-Sep-27,910000,24.85,Live
S-23133,TEM-49828-F,Yewtree site 2,S2 3BP,2137400094102,RED,2026-05-19,19-May-27,210000,23.39,Live
S-23134,TEM-49828-F,Yewtree site 3,S24 8JR,6155715254209,REDzero,19/06/2025,2027-06-19,1250000,27.56,Live
S-23135,TEM-58307-A,Merrivale site 1,N25 4JT,76 9203 3175 973,RED,2025-03-17,2027-03-17,155000,19.57,Live
S-23136,TEM-55034-C,Gilded site 1,B26 6HR,61 6803 5218 039,RED,2026-05-02,02 May 2027,480000,25.91,Live
S-23137,TEM-19027-E,Eastbrook site 1,N11 8ET,5426-7288-07032,RED,2023-02-21,20-Feb-26,88000,25.31,Ended
S-23138,TEM-19027-E,Eastbrook site 2,E2 5BT,5048-9362-47888,RED,2024-03-03,03 March 2025,2100000,23.21,Ended
S-23139,TEM-19027-E,Eastbrook site 3,S5 9HR,6349-5027-59096,REDzero,2023-04-13,12/04/2025,210000,30.35,Ended
S-23140,TEM-52363-B,Tanfield site 1,S4 3ND,3277-2066-39667,REDzero,2027-04-11,10-Apr-28,910000,26.71,Live
S-23141,TEM-52363-B,Tanfield site 2,N28 2BX,7586-3979-13448,RED,04/12/2026,04-Dec-27,62500,23.87,Live
S-23142,TEM-52363-B,Tanfield site 3,N30 7JD,60 7190 4024 328,RED,24/04/2025,2028-04-23,42000,29.4,Live
S-23143,TEM-52363-B,Tanfield site 4,M12 3ED,13 4116 9763 827,RED,29/09/2025,29 September 2027,155000,18.96,Live
S-23144,TEM-35498-C,Ashcombe site 1,M7 7JW,14 3715 9614 792,REDzero,31/03/2027,30/03/2028,1250000,22.83,Live
S-23145,TEM-35498-C,Ashcombe site 2,B14 2BR,5337-8572-13388,RED,2025-02-21,21/02/2027,660000,26.24,Live
S-23146,TEM-64981-C,Farrier site 1,S5 3HP,83 7754 2876 903,REDzero,07/01/2023,06/01/2026,42000,29.63,Ended
S-23147,TEM-66329-B,Ullswater site 1,S13 5AP,1236-3033-39640,RED Plus,29/10/2025,29-Oct-27,480000,24.62,Live
S-23148,TEM-53077-G,Zetland site 1,S27 5ND,1715461198241,REDzero,2024-03-20,2027-03-20,340000,20.51,Live
S-23149,TEM-16198-G,Lighthouse site 1,M1 2JP,6664-1338-11433,RED,14/02/2025,14 February 2028,340000,22.03,Live
S-23150,TEM-62410-G,Exmoor site 1,S27 5NX,27 4523 6894 992,RED,08/06/2025,2027-06-08,660000,21.63,Live
S-23151,TEM-87083-B,Quayside site 1,G1 8JW,1191114395556,RED Plus,2023-11-22,21/11/2025,480000,18.82,Ended
S-23152,TEM-21926-F,Torque site 1,E30 1AR,3470666904999,RED Plus,2024-05-01,01/05/2027,155000,29.85,Live
S-23153,TEM-13761-F,Orchard site 1,M2 9BW,2827-0920-02216,RED,2026-07-14,2027-07-14,480000,22.7,Live
S-23154,TEM-44301-C,Ashcombe site 1,L9 4NP,1334073668160,REDzero,2023-08-29,28-Aug-25,88000,23.12,Ended
S-23155,TEM-44301-C,Ashcombe site 2,G6 7AX,7722-5297-66500,RED,2023-10-27,26/10/2024,120000,18.06,Ended
S-23156,TEM-68537-A,Orchard site 1,B14 3ED,6559-5640-52649,RED,2022-05-03,02/05/2025,42000,30.68,Ended
S-23157,TEM-49645-F,Wrenfield site 1,B15 2BW,6231-7264-89695,RED,09/05/2027,08 May 2028,2100000,29.24,Live
S-23158,TEM-21519-G,Exmoor site 1,G30 3AW,5464926075184,RED,10/11/2023,09/11/2026,660000,30.3,Live
S-23159,TEM-42963-B,Lighthouse site 1,N12 9ER,3289-7298-10074,RED,2026-02-04,04/02/2028,1250000,18.98,Live
S-23160,TEM-32426-F,Verity site 1,B15 4AW,9310-3294-74859,RED Plus,29/01/2025,29-Jan-27,660000,17.77,Live
S-23161,TEM-60843-D,Cranleigh site 1,G3 9EW,6367-3152-30710,RED,28/02/2024,27 February 2027,480000,29.85,Live
S-23162,TEM-60843-D,Cranleigh site 2,S26 6JW,3763834958499,RED Plus,2027-05-26,25/05/2028,120000,23.09,Live
S-23163,TEM-60843-D,Cranleigh site 3,G24 7BP,0945-2671-80673,RED,2024-07-26,26 July 2027,2100000,18.06,Live
S-23164,TEM-60843-D,Cranleigh site 4,M27 1AW,31 9175 3938 295,RED Plus,06/08/2024,06-Aug-26,480000,30.58,OOC
S-23165,TEM-60843-D,Cranleigh site 5,L18 4JD,60 5447 7246 356,REDzero,04/01/2025,2027-01-04,210000,26.29,Live
S-23166,TEM-60843-D,Cranleigh site 6,B24 6EX,21 7013 4348 424,RED,16/10/2026,16/10/2027,2100000,23.3,Live
S-23167,TEM-20680-B,Cobalt site 1,B2 2JP,9092-1499-34509,RED,15/11/2024,15-Nov-27,1250000,22.26,Live
S-23168,TEM-13489-B,Westcliff site 1,N15 2AT,7023-9706-76932,RED,29/08/2025,29 August 2027,910000,19.51,Live
S-23169,TEM-44386-D,Marlow site 1,N16 6NW,5463501902054,RED,2026-03-31,30 March 2028,660000,25.89,Live
S-23170,TEM-39701-C,Hollybush site 1,E12 4HW,0486038432986,REDzero,15/12/2022,2025-12-14,340000,27.78,Ended
S-23171,TEM-81861-F,Lighthouse site 1,M22 4EP,5853798572388,RED,2025-04-09,2028-04-08,155000,19.39,Live
S-23172,TEM-93744-D,Foxglove site 1,E13 1BT,52 6732 8432 986,REDzero,2026-05-07,2027-05-07,660000,19.18,Live
S-23173,TEM-32542-F,Lighthouse site 1,B29 9JW,1782808835654,REDzero,05/10/2023,04-Oct-26,88000,29.91,Live
S-23174,TEM-11400-A,Birchmoor site 1,S11 1AT,2331192734055,RED,2025-06-06,2027-06-06,42000,17.61,Live
S-23175,TEM-11400-A,Birchmoor site 2,M18 3JD,7334041010976,RED,16/10/2025,16/10/2026,1250000,29.11,Live
S-23176,TEM-99079-C,Kingsmead site 1,G11 1BR,9632-8899-81797,RED,2025-06-29,29 June 2027,88000,22.63,Live
S-23177,TEM-99079-C,Kingsmead site 2,M17 6AP,6732-1857-36939,REDzero,2024-03-29,29/03/2027,210000,25.63,Live
S-23178,TEM-99079-C,Kingsmead site 3,G2 2HX,26 0717 7474 490,RED,2025-09-25,25-Sep-27,660000,26.57,Live
S-23179,TEM-99079-C,Kingsmead site 4,N18 4AT,388055164848,RED Plus,17/12/2024,17/12/2026,660000,31.96,Live
S-23180,TEM-21474-G,Quayside site 1,S12 8JT,1247165208010,RED,01/04/2023,31 March 2025,210000,26.62,Ended
S-23181,TEM-21474-G,Quayside site 2,L16 2HD,0935-7920-17772,RED,23/09/2022,2025-09-22,1250000,20.97,Ended
S-23182,TEM-25595-A,Tredegar site 1,N29 2JR,46 5481 9323 300,RED,2022-08-06,05 August 2025,62500,23.49,Ended
S-23183,TEM-22679-G,Jarrow site 1,E18 9JW,7719-8114-20777,RED,2025-03-13,13 March 2027,660000,22.57,Live
S-23184,TEM-66354-F,Kingsmead site 1,E9 4AT,8013189380455,RED,2025-03-29,28 March 2028,2100000,21.46,Live
S-23185,TEM-66354-F,Kingsmead site 2,N12 4ER,16 6509 7074 460,RED,2025-01-11,11/01/2027,88000,27.39,Live
S-23186,TEM-44601-D,Padstow site 1,G27 3JT,41 4667 4252 100,REDzero,2025-06-01,01/06/2026,42000,22.32,Ended
S-23187,TEM-63472-F,Hollybush site 1,G15 5NX,1694741672104,RED,2024-06-06,2027-06-06,62500,29.05,Live
S-23188,TEM-59626-C,Maplin site 1,E29 2BR,3773838424636,RED,16/08/2026,16-Aug-27,155000,19.6,Live
S-23189,TEM-88127-D,Padstow site 1,E5 9NT,2797-4576-53282,RED Plus,18/03/2024,18 March 2027,88000,18.76,Live
S-23190,TEM-76954-F,Farrier site 1,E24 7EX,5154808236920,RED Plus,2026-01-02,02-Jan-27,910000,29.5,Live
S-23191,TEM-76954-F,Farrier site 2,L2 1BX,2177989562170,RED,2024-11-02,2027-11-02,62500,29.94,Live
S-23192,TEM-76954-F,Farrier site 3,S1 2HP,5716772739836,RED Plus,03/02/2025,03/02/2027,1250000,31.95,Live
S-23193,TEM-76954-F,Farrier site 4,B12 7NW,65 0060 0576 794,RED,2024-10-09,2026-10-09,155000,24.4,Live
S-23194,TEM-76954-F,Farrier site 5,L6 7NW,0203081072262,RED Plus,2024-06-02,02 June 2027,1250000,28.67,Live
S-23195,TEM-76954-F,Farrier site 6,L25 5ED,07 3823 7500 444,RED,2023-09-18,17/09/2026,210000,27.04,Live
S-23196,TEM-57585-B,Ottershaw site 1,G10 6BT,6324462832760,RED,2027-04-09,08-Apr-28,340000,30.45,Live
S-23197,TEM-57585-B,Ottershaw site 2,S5 1HW,1457991981295,REDzero,2025-04-07,07-Apr-27,210000,24.1,Live
S-23198,TEM-57585-B,Ottershaw site 3,N11 2JR,8577563954863,RED,2023-09-21,20/09/2026,1250000,28.48,Live
S-23199,TEM-94828-C,Wrenfield site 1,M25 7BT,41 1797 2517 645,RED,22/10/2023,21-Oct-24,88000,21.71,Ended
S-23200,TEM-12612-F,Ullswater site 1,G1 1BW,01 2055 2742 032,REDzero,05/04/2024,05/04/2027,210000,31.99,Live
S-23201,TEM-28503-F,Summerton site 1,S14 3ED,6480004986631,RED Plus,2024-04-13,13 April 2027,42000,27.63,Live
S-23202,TEM-43196-B,Ravenscar site 1,B18 1EX,1618863291655,RED,2027-02-09,09/02/2028,155000,19.76,Live
S-23203,TEM-61034-C,Foxglove site 1,E13 7JD,55 2311 7036 656,RED Plus,03/05/2025,2027-05-03,480000,18.21,Live
S-23204,TEM-76424-D,Atlas site 1,N14 1NP,8109680916125,RED,2025-11-29,29/11/2027,210000,23.6,Live
S-23205,TEM-76424-D,Atlas site 2,E26 5JP,4398436079434,RED,2025-01-12,12-Jan-28,42000,29.25,Live
S-23206,TEM-55141-G,Farrier site 1,L6 4JP,0845-7260-48654,RED Plus,11/01/2025,2027-01-11,210000,18.92,Live
S-23207,TEM-55141-G,Farrier site 2,S9 1BT,5762-1830-92057,RED,24/10/2024,2027-10-24,120000,27.26,Live
S-23208,TEM-36673-G,Gilded site 1,N23 7AR,1211-6754-72759,RED,18/10/2023,17 October 2026,42000,18.83,Live
S-23209,TEM-36673-G,Gilded site 2,M29 1HW,8043289027804,RED Plus,01/06/2026,01 June 2027,62500,27.92,Live
S-23210,TEM-76267-A,Zephyr site 1,E16 9JP,1858954337571,RED,26/07/2025,26 July 2027,2100000,32.39,Live
S-23211,TEM-76267-A,Zephyr site 2,L28 8EP,14 1170 8199 941,REDzero,2025-11-26,26/11/2027,210000,30.23,Live
S-23212,TEM-79283-A,Kelbrook site 1,S28 8EW,84 7082 2584 403,REDzero,01/04/2024,2027-04-01,2100000,22.55,Live
S-23213,TEM-79283-A,Kelbrook site 2,S5 5NP,29 3453 0201 420,RED Plus,2026-07-09,2027-07-09,88000,18.07,Live
S-23214,TEM-79283-A,Kelbrook site 3,M7 5NR,3906-7860-20726,REDzero,18/04/2024,18 April 2027,1250000,29.44,Live
S-23215,TEM-79283-A,Kelbrook site 4,E7 6ET,0980355545922,REDzero,20/03/2026,2028-03-19,155000,32.44,Live
S-23216,TEM-91381-F,Cobalt site 1,G16 7BD,49 8428 5819 377,RED,09/10/2025,2027-10-09,42000,24.42,Live
S-23217,TEM-71001-A,Verity site 1,E7 1JD,80 5417 1287 800,RED Plus,2027-05-30,29-May-28,88000,25.68,Live
S-23218,TEM-98057-E,Pemberley site 1,N9 2ND,27 4930 9866 131,REDzero,07/01/2026,2027-01-07,88000,32.25,Live
S-23219,TEM-53567-F,Millpond site 1,L7 8BP,5180984304989,RED,2025-06-23,23-Jun-27,480000,25.64,Live
S-23220,TEM-53567-F,Millpond site 2,L8 4EW,5154506058592,REDzero,2026-08-29,29/08/2027,910000,19.34,Live
S-23221,TEM-87650-E,Verity site 1,B3 7NW,5260908147811,RED Plus,26/04/2026,2027-04-26,42000,22.94,Live
S-23222,TEM-15941-D,Stanhope site 1,G30 8BP,1170864671959,REDzero,2023-09-10,2026-09-09,1250000,21.34,Live
S-23223,TEM-53726-E,Ellerton site 1,L17 2BT,5813473071798,RED,14/11/2024,14-Nov-26,210000,21.8,Live
S-23224,TEM-53726-E,Ellerton site 2,L1 4BX,4107-4646-39429,RED,2026-03-23,22/03/2028,480000,23.07,Live
S-23225,TEM-71701-E,Ravenscar site 1,B14 1AX,8715-3982-05461,RED Plus,2025-02-27,27/02/2028,42000,29.97,Live
S-23226,TEM-46830-D,Saltmarsh site 1,S16 4ER,7595123323132,RED,20/11/2025,20-Nov-27,340000,26.33,Live
S-23227,TEM-11664-A,Tanfield site 1,B10 2JX,2675541646748,RED Plus,29/04/2025,28 April 2028,42000,31.46,Live
S-23228,TEM-37130-F,Maplin site 1,L13 4ER,90 2874 7354 560,RED,2025-04-17,16 April 2028,660000,30.04,Live
S-23229,TEM-10395-C,Hatherley site 1,E21 3AT,06 9140 3976 507,RED,11/11/2024,11-Nov-27,42000,27.33,Live
S-23230,TEM-60061-D,Redwing site 1,M10 5AP,46 7148 7177 970,RED Plus,29/07/2025,29/07/2027,42000,29.61,Live
S-23231,TEM-60061-D,Redwing site 2,L6 7BP,84 3312 4526 935,RED,2027-02-08,08-Feb-28,660000,19.74,Live
S-23232,TEM-60061-D,Redwing site 3,L12 9NT,9128-9145-76532,RED Plus,19/02/2025,19-Feb-28,155000,22.65,Live
S-23233,TEM-60061-D,Redwing site 4,E21 9AT,0976-8636-43971,RED,2025-03-07,07 March 2027,88000,17.56,Live
S-23234,TEM-46707-F,Oakhurst site 1,G27 2JX,8533347579756,REDzero,2024-07-21,2027-07-21,155000,29.82,Live
S-23235,TEM-56184-B,Quayside site 1,E3 7ER,02 5031 0206 341,REDzero,09/10/2025,2027-10-09,88000,25.16,Live
S-23236,TEM-82421-F,Cobalt site 1,S29 5BX,27 2397 5962 993,RED,2026-03-21,21/03/2027,910000,26.62,Live
S-23237,TEM-90621-B,Ingleby site 1,G1 2BW,7325064591996,RED,2026-04-30,29 April 2028,210000,31.34,Live
S-23238,TEM-27158-A,Bramble site 1,G6 6BP,7209629420114,RED,2024-01-27,26-Jan-27,155000,23.95,Live
S-23239,TEM-78863-F,Rosedale site 1,N2 6NX,0400-9244-50863,REDzero,15/02/2025,15-Feb-26,660000,27.67,Ended
S-23240,TEM-78863-F,Rosedale site 2,G4 8JP,5283609202601,RED,2025-01-27,2026-01-27,910000,21.19,Ended
S-23241,TEM-72468-C,Kelbrook site 1,B13 7JX,89370536082817,RED,28/02/2027,28-Feb-28,660000,21.46,Live
S-23242,TEM-30073-A,Westcliff site 1,L18 4NP,76 7202 2010 203,RED,10/10/2021,2024-10-09,120000,24.54,Ended
S-23243,TEM-51832-G,Ivybridge site 1,N15 5NW,6522023930111,RED Plus,06/09/2025,06 September 2027,910000,26.7,Live
S-23244,TEM-51832-G,Ivybridge site 2,L9 3JP,1605601483728,RED,01/03/2025,01-Mar-27,210000,18.29,Live
S-23245,TEM-51832-G,Ivybridge site 3,E30 8ND,9797342016698,RED,2025-08-03,03/08/2027,62500,32.21,Live
S-23246,TEM-60082-F,Hollybush site 1,B20 7BD,7400687922742,RED,2026-03-10,2027-03-10,88000,20.11,Live
S-23247,TEM-44188-G,Silverbeck site 1,E16 5HW,36 7586 2712 831,RED Plus,04/03/2027,03/03/2028,88000,20.06,Live
S-23248,TEM-55069-B,Vantage site 1,B12 4BX,6494-5465-32856,RED Plus,27/03/2026,26/03/2028,480000,19.77,Live
S-23249,TEM-36328-A,Padstow site 1,B11 9EW,29 9517 8041 652,RED,2025-10-07,07-Oct-27,910000,26.15,Live
S-23250,TEM-59575-C,Nettlebed site 1,E28 2NX,0456970828345,RED Plus,16/03/2026,2027-03-16,62500,21.34,Live
S-23251,TEM-46930-F,Tanfield site 1,L21 6ND,2291374979007,RED Plus,24/11/2024,24/11/2027,62500,24.31,Live
S-23252,TEM-46930-F,Tanfield site 2,M20 3BP,6345022782660,REDzero,2024-11-15,2026-11-15,340000,28.67,Live
S-23253,TEM-95776-F,Zetland site 1,G23 8JW,72 9609 2661 120,RED,02/01/2024,2027-01-01,120000,21.68,Live
S-23254,TEM-95776-F,Zetland site 2,L22 2BP,4898-3615-76268,RED,2025-06-03,2028-06-02,2100000,19.15,Live
S-23255,TEM-82019-E,Saltmarsh site 1,M23 5BP,06 4582 6068 311,RED,2025-08-06,06 August 2027,62500,26.22,Live
S-23256,TEM-82019-E,Saltmarsh site 2,E2 4ED,1260-2536-63527,RED,08/04/2027,2028-04-07,155000,30.34,Live
S-23257,TEM-82019-E,Saltmarsh site 3,L27 8BR,21 5807 9668 363,RED,15/02/2025,15 February 2027,155000,30.97,Live
S-23258,TEM-82019-E,Saltmarsh site 4,L20 2ER,3068215431603,RED,2027-01-26,26 January 2028,62500,26.57,Live
S-23259,TEM-38037-G,Torque site 1,N9 2JD,4202538748458,RED,2025-01-03,03-Jan-28,210000,25.18,Live
S-23260,TEM-38037-G,Torque site 2,L29 1HR,41 4231 2947 627,RED Plus,04/12/2025,04/12/2027,480000,22.31,Live
S-23261,TEM-50778-A,Orchard site 1,S28 7BD,0831-2848-41875,RED,24/11/2026,24 November 2027,120000,20.81,Live
S-23262,TEM-73057-F,Vantage site 1,E22 3JR,0853076667693,RED,2025-10-29,29-Oct-27,42000,32.02,Live
S-23263,TEM-11681-E,Silverbeck site 1,L28 1BW,01 8377 4053 653,RED,2024-01-01,31 December 2025,2100000,27.4,Ended
S-23264,TEM-32432-C,Summerton site 1,N22 1JP,21 1881 2847 118,RED Plus,2022-11-07,06-Nov-24,155000,21.47,Ended
S-23265,TEM-88039-G,Ingleby site 1,N17 3JW,1403468618066,REDzero,2027-01-11,11-Jan-28,660000,23.44,Live
S-23266,TEM-51906-E,Birchmoor site 1,L8 4AD,5790-0976-53107,REDzero,14/02/2022,13 February 2025,2100000,21.72,Ended
S-23267,TEM-51906-E,Birchmoor site 2,M22 8BW,1648-9991-64472,RED,02/12/2022,01/12/2024,340000,20.44,Ended
S-23268,TEM-51906-E,Birchmoor site 3,E6 3NX,0961-9104-50437,REDzero,2025-03-16,16/03/2026,120000,29.44,Ended
S-23269,TEM-51906-E,Birchmoor site 4,E12 3HT,9277-5812-43904,RED,2024-12-29,29/12/2025,42000,24.1,Ended
S-23270,TEM-45958-C,Vantage site 1,B22 6EP,14 0708 8917 592,RED,2023-05-26,25-May-26,88000,19.8,Ended
S-23271,TEM-45958-C,Vantage site 2,E15 1AX,9034-6195-78933,RED Plus,2022-12-07,06 December 2024,155000,25.15,Ended
S-23272,TEM-45958-C,Vantage site 3,B1 7AD,5415784169291,RED Plus,15/11/2021,14 November 2024,340000,25.37,Ended
S-23273,TEM-45958-C,Vantage site 4,S14 8BT,7764403291417,RED Plus,2024-01-31,30/01/2025,340000,25.34,Ended
S-23274,TEM-45958-C,Vantage site 5,L9 8EX,7954-2683-60716,RED,2024-09-06,06/09/2025,120000,17.77,Ended
S-23275,TEM-45958-C,Vantage site 6,E7 5HD,0240-8945-86673,REDzero,2024-03-20,20 March 2026,1250000,24.32,Ended
S-23276,TEM-45921-E,Zetland site 1,N1 5BT,7878-8675-28380,REDzero,2023-09-22,21/09/2026,910000,32.26,Live
S-23277,TEM-67076-C,Kestrel site 1,S28 4HD,7975573148758,RED,23/10/2023,22-Oct-26,155000,26.11,Live
S-23278,TEM-41994-D,Larkspur site 1,G16 3JT,00 2870 6297 654,RED Plus,2023-09-21,20-Sep-26,210000,31.25,Live
S-23279,TEM-41994-D,Larkspur site 2,S3 8AW,5920760993212,REDzero,2026-12-14,14-Dec-27,42000,28.01,Live
S-23280,TEM-41994-D,Larkspur site 3,S12 2HX,4179387803551,RED,22/04/2026,2028-04-21,2100000,32.11,Live
S-23281,TEM-41994-D,Larkspur site 4,G9 1AP,0830206128189,RED,15/11/2025,15/11/2026,660000,23.26,Live
S-23282,TEM-97097-A,Elmwood site 1,N1 2HP,1614416116748,RED,2025-08-05,2027-08-05,62500,22.92,Live
S-23283,TEM-22923-A,Hatherley site 1,N5 7BT,5939594123907,RED,16/04/2027,15/04/2028,62500,26.84,Live
S-23284,TEM-22923-A,Hatherley site 2,N9 9HT,9596968827486,RED Plus,2025-11-09,09-Nov-26,340000,20.16,Live
S-23285,TEM-83404-E,Zetland site 1,G26 9HW,7933484935610,RED Plus,21/03/2025,2027-03-21,340000,25.21,Live
S-23286,TEM-38201-D,Pemberley site 1,M18 4EW,8217-1745-34871,RED,2025-02-10,10 February 2027,62500,25.23,Live
S-23287,TEM-94104-F,Ravenscar site 1,E3 1NR,53 8622 7574 855,RED,2021-11-19,2024-11-18,1250000,24.15,Ended
S-23288,TEM-94104-F,Ravenscar site 2,N7 1ND,0629-0485-39960,RED,2024-06-08,2026-06-08,910000,23.45,Ended
S-23289,TEM-94104-F,Ravenscar site 3,N4 2HT,88 7867 1391 355,RED,2023-05-23,2025-05-22,155000,27.45,Ended
S-23290,TEM-94104-F,Ravenscar site 4,M27 8AR,1892-8009-04656,RED,2025-07-24,24-Jul-26,88000,20.72,Ended
S-23291,TEM-48969-A,Bluewater site 1,M9 3AP,12 0905 6504 894,REDzero,2027-01-21,21 January 2028,1250000,26.07,Live
S-23292,TEM-48969-A,Bluewater site 2,S27 9HP,9751330667615,RED,2024-04-23,2027-04-23,1250000,29.6,Live
S-23293,TEM-14410-D,Langmere site 1,L28 9NT,3944-7574-59562,RED,2023-12-27,26 December 2024,62500,30.56,Ended
S-23294,TEM-14410-D,Langmere site 2,E19 6JW,7220-3362-38177,RED Plus,27/03/2024,27 March 2026,120000,28.37,Ended
S-23295,TEM-48572-G,Ivybridge site 1,E1 8BX,6030-3946-54813,REDzero,2024-10-02,02 October 2027,62500,19.55,Live
S-23296,TEM-84480-D,Hollybush site 1,G12 8HD,285822O537372,RED Plus,30/03/2022,29-Mar-25,910000,18.46,Ended
S-23297,TEM-84480-D,Hollybush site 2,S13 2EW,9122159689642,RED Plus,2023-11-21,20 November 2025,910000,27.66,Ended
S-23298,TEM-84480-D,Hollybush site 3,B28 4JX,08 9772 3534 515,RED,2022-07-24,23 July 2025,1250000,30.48,Ended
S-23299,TEM-43633-F,Denholm site 1,N30 3JW,0326-6058-79325,RED,2024-03-18,18/03/2027,480000,18.5,Live
S-23300,TEM-69235-C,Saltmarsh site 1,B27 1JT,0857331787523,RED Plus,2025-01-02,02-Jan-28,1250000,26.79,Live
S-23301,TEM-69235-C,Saltmarsh site 2,B11 5ND,6889-7229-24663,REDzero,2026-07-23,23 July 2027,62500,29.13,Live
S-23302,TEM-69235-C,Saltmarsh site 3,L19 1JP,4464844647801,RED Plus,2024-04-28,28-Apr-27,2100000,19.91,Live
S-23303,TEM-69235-C,Saltmarsh site 4,L30 9NP,7087-3845-97205,REDzero,2026-10-17,17/10/2027,340000,29.9,Live
S-23304,TEM-41680-C,Torque site 1,B10 3JD,5602348524891,RED,2023-11-26,25/11/2024,120000,30.79,Ended
S-23305,TEM-41680-C,Torque site 2,S28 3EX,0831187672597,REDzero,03/01/2025,03/01/2026,155000,20.02,Ended
S-23306,TEM-59595-C,Maplin site 1,B23 3HW,9678566600048,RED,2025-09-15,15-Sep-27,480000,27.01,Live
S-23307,TEM-59595-C,Maplin site 2,M15 4JP,4250-4625-19753,RED,2026-04-28,28/04/2027,62500,24.46,Live
S-23308,TEM-59595-C,Maplin site 3,B19 3AT,3019430276075,RED Plus,2024-09-13,13/09/2026,120000,18.96,Live
S-23309,TEM-86949-D,Thackery site 1,G10 6HW,5393-3349-94648,RED Plus,2025-10-30,30 October 2026,1250000,29.25,Live
S-23310,TEM-86949-D,Thackery site 2,L1 1NP,5405055733803,REDzero,07/09/2025,2026-09-07,88000,19.39,Live
S-23311,TEM-81174-C,Marlow site 1,E30 7AP,14 4415 7087 264,REDzero,2025-04-16,16 April 2027,62500,17.74,Live
S-23312,TEM-93422-G,Tredegar site 1,N15 9AR,5027456254629,REDzero,16/09/2023,15 September 2026,910000,32.4,Live
S-23313,TEM-89434-A,Violetta site 1,E21 2JD,0200-5843-86232,RED,19/03/2026,18-Mar-28,42000,18.7,Live
S-23314,TEM-40019-E,Ullswater site 1,M3 4NW,1512950481888,RED,2023-08-28,27/08/2025,2100000,20.35,Ended
S-23315,TEM-76465-C,Hatherley site 1,N15 6BD,7272-1342-80760,RED,2026-04-20,20-Apr-27,2100000,18.23,Live
S-23316,TEM-98434-D,Redwing site 1,M24 9AT,2039158640844,RED,18/01/2024,17/01/2027,155000,25.34,Live
S-23317,TEM-33568-A,Cedar site 1,M19 8AR,86 3914 2632 748,RED,2024-12-07,07/12/2026,660000,23.82,Live
S-23318,TEM-33568-A,Cedar site 2,B25 5ED,1945-0993-26953,RED,2027-03-22,2028-03-21,120000,19.83,Live
S-23319,TEM-46106-D,Selworthy site 1,N2 2BX,35 3915 5215 259,RED,2026-02-05,05 February 2028,88000,22.24,Live
S-23320,TEM-50629-E,Thackery site 1,M8 9ER,1031-6205-29693,REDzero,2026-10-08,2027-10-08,340000,18.49,Live
S-23321,TEM-50629-E,Thackery site 2,M19 3ER,1914-5856-06796,REDzero,10/09/2023,09-Sep-26,910000,23.39,Live
S-23322,TEM-55420-E,Nettlebed site 1,E22 3ED,66 0214 9349 521,RED,2024-11-26,26 November 2027,155000,26.56,Live
S-23323,TEM-40262-C,Marlow site 1,B1 3ND,7626439620334,RED Plus,2026-06-19,2027-06-19,155000,24.75,Live
S-23324,TEM-40262-C,Marlow site 2,B11 9AD,48 3855 9869 261,RED Plus,2024-11-22,22-Nov-27,340000,19.7,Live
S-23325,TEM-72013-E,Saltmarsh site 1,E15 1AW,45 9625 6717 744,RED,26/04/2026,25 April 2028,480000,27.21,Live
S-23326,TEM-72013-E,Saltmarsh site 2,S12 2JT,2911974285268,RED Plus,24/08/2025,24 August 2027,88000,32.41,Live
S-23327,TEM-72013-E,Saltmarsh site 3,M2 3NR,6249-8192-11209,RED,2026-12-20,20/12/2027,1250000,26.91,Live
S-23328,TEM-77533-F,Applegarth site 1,G22 7AR,1290-5594-53438,RED Plus,2025-10-07,07/10/2026,2100000,20.9,Live
S-23329,TEM-31623-D,Ivybridge site 1,N12 7HW,4069153456634,RED Plus,02/06/2025,2028-06-01,155000,21.03,Live
S-23330,TEM-52888-B,Norbury site 1,L16 8HT,2913973673501,RED,2025-04-29,28-Apr-28,62500,25.18,Live
S-23331,TEM-52888-B,Norbury site 2,S24 7NR,9884903562480,RED Plus,2027-03-17,16/03/2028,42000,26.83,Live
S-23332,TEM-41257-F,Norbury site 1,S6 9AT,5061148913678,RED Plus,2024-10-23,23 October 2026,210000,25.93,Live
S-23333,TEM-21821-G,Bexley site 1,B5 3ER,3507-7247-66193,RED,26/05/2024,2027-05-26,62500,18.0,Live
S-23334,TEM-83355-E,Garwood site 1,B7 2JD,09 4190 7371 336,RED,11/07/2024,2027-07-11,1250000,30.14,Live
S-23335,TEM-48050-A,Nettlebed site 1,M25 3JW,1107-4391-77486,RED,15/11/2024,2027-11-15,2100000,32.28,Live
S-23336,TEM-48050-A,Nettlebed site 2,M5 6ER,60 3326 1062 766,RED,2023-11-17,16 November 2026,340000,30.66,Live
S-23337,TEM-88950-F,Tanfield site 1,E9 9JW,0781-2811-06419,RED,2024-07-08,08 July 2027,480000,27.3,Live
S-23338,TEM-30735-B,Ellerton site 1,L2 4ED,53 0143 7521 401,REDzero,2024-03-16,2027-03-16,88000,26.84,Live
S-23339,TEM-18109-G,Quayside site 1,L17 6NW,6205075399575,RED,06/05/2027,05-May-28,88000,20.45,Live
S-23340,TEM-18109-G,Quayside site 2,G15 5NW,4831354056032,RED,20/12/2025,20/12/2027,62500,30.58,Live
S-23341,TEM-18109-G,Quayside site 3,N5 5BD,3174-7201-54645,RED Plus,15/05/2025,15-May-27,210000,26.2,Live
S-23342,TEM-18109-G,Quayside site 4,L11 3BT,6530955624714,RED Plus,11/08/2025,2026-08-11,42000,21.8,OOC
S-23343,TEM-18109-G,Quayside site 5,B19 9BD,9547618405769,RED Plus,2027-05-27,26/05/2028,660000,24.99,Live
S-23344,TEM-18109-G,Quayside site 6,E6 3BP,5865-8113-71794,RED,15/11/2026,15-Nov-27,1250000,29.57,Live
S-23345,TEM-56822-B,Quayside site 1,L28 4AT,70 9104 7197 952,RED,30/10/2021,29/10/2024,910000,30.08,Ended
S-23346,TEM-56822-B,Quayside site 2,B5 6JR,0973926662166,RED,2022-01-22,2025-01-21,155000,27.3,Ended
S-23347,TEM-10193-F,Padstow site 1,B18 7JT,4803-4987-22554,REDzero,2024-06-21,21 June 2027,2100000,25.84,Live
S-23348,TEM-10193-F,Padstow site 2,L4 2AP,1456-0222-89006,RED Plus,2025-09-04,04-Sep-26,480000,18.42,Live
S-23349,TEM-56077-C,Ravenscar site 1,M30 6HW,5923728243650,RED,16/11/2025,16-Nov-26,155000,24.69,Live
S-23350,TEM-56077-C,Ravenscar site 2,B10 9BD,9906-1929-84313,RED,11/12/2026,2027-12-11,340000,30.9,Live
S-23351,TEM-56077-C,Ravenscar site 3,L17 7ET,8691-7797-88263,REDzero,2026-02-21,21 February 2027,660000,28.26,Live
S-23352,TEM-56077-C,Ravenscar site 4,N10 1HW,7234187355777,REDzero,25/01/2025,25 January 2027,660000,29.34,Live
S-23353,TEM-56077-C,Ravenscar site 5,N28 6JP,6994-2596-98848,RED,22/06/2026,22 June 2027,42000,20.43,Live
S-23354,TEM-56077-C,Ravenscar site 6,M7 6ED,3689826162612,RED Plus,2024-11-23,2027-11-23,42000,31.85,Live
S-23355,TEM-56077-C,Ravenscar site 7,N21 8JD,2307272811840,RED,2025-03-29,29 March 2027,1250000,29.52,Live
S-23356,TEM-56077-C,Ravenscar site 8,M5 9ET,5265-8248-69117,RED,2027-03-07,06 March 2028,62500,20.76,Live
S-23357,TEM-10010-A,Ullswater site 1,B10 7BP,5766-0629-30732,RED,2026-01-26,2027-01-26,480000,19.56,Live
S-23358,TEM-99395-D,Atlas site 1,G10 5BX,9441-3440-76294,RED Plus,06/03/2024,06 March 2027,480000,19.06,Live
S-23359,TEM-99395-D,Atlas site 2,M16 9NW,1093932442968,RED,03/04/2025,02-Apr-28,42000,24.98,Live
S-23360,TEM-99395-D,Atlas site 3,N26 1HX,8598917317203,RED,2025-06-29,2027-06-29,2100000,30.0,Live
S-23361,TEM-98154-F,Gilded site 1,L24 8HP,2548924664632,RED,2025-02-19,19/02/2027,660000,28.76,Live
S-23362,TEM-18292-B,Padstow site 1,G2 9JD,17 0828 1750 592,RED Plus,2026-02-07,07-Feb-27,62500,19.78,Live
S-23363,TEM-20539-B,Marlow site 1,L17 6NP,26 3447 4941 567,RED,13/09/2023,12 September 2026,2100000,18.63,Live
S-23364,TEM-28964-G,Ivybridge site 1,B8 3JW,5375-9462-14254,REDzero,24/03/2025,23-Mar-28,210000,26.04,Live
S-23365,TEM-28964-G,Ivybridge site 2,E22 9NW,8150-6256-37332,RED,2025-01-27,27 January 2028,480000,27.45,Live
S-23366,TEM-57938-D,Saltmarsh site 1,M7 6ND,1122787141570,RED,03/06/2026,2028-06-02,480000,22.47,Live
S-23367,TEM-57938-D,Saltmarsh site 2,M6 4AD,5865262313656,RED,11/08/2026,11 August 2027,42000,29.0,Live
S-23368,TEM-35960-F,Ironbridge site 1,B20 9ND,6968-9853-26181,RED Plus,29/08/2026,29 August 2027,210000,25.62,Live
S-23369,TEM-60381-E,Torque site 1,E27 9BD,8065-6777-65663,RED,09/02/2026,09 February 2028,210000,26.92,Live
S-23370,TEM-86260-D,Denholm site 1,S23 6HT,8193-0625-77658,RED Plus,2025-01-25,25-Jan-28,62500,18.64,Live
S-23371,TEM-26020-G,Harborne site 1,G28 8ER,48 0711 8890 197,RED,29/08/2025,29 August 2027,2100000,32.32,Live
S-23372,TEM-92203-F,Ottershaw site 1,L22 9BW,0115178959645,RED,05/11/2025,05/11/2026,2100000,31.74,Live
S-23373,TEM-92203-F,Ottershaw site 2,B4 2JR,56 3502 6880 706,RED Plus,2025-10-26,26-Oct-27,62500,24.75,Live
S-23374,TEM-87705-G,Lighthouse site 1,S6 9NX,3551250538603,REDzero,2025-09-15,2026-09-15,42000,19.87,Live
S-23375,TEM-46669-C,Birchmoor site 1,B18 4BW,6509761994609,RED,28/01/2026,28/01/2027,62500,30.65,Live
S-23376,TEM-78479-G,Hatherley site 1,E22 2AR,99 0687 3256 028,RED,2027-04-04,2028-04-03,155000,18.47,Live
S-23377,TEM-50272-D,Quenington site 1,M2 3AR,9485559674881,RED,11/01/2025,11 January 2027,62500,18.79,Live
S-23378,TEM-50272-D,Quenington site 2,M4 1HX,8209387011260,RED,21/03/2025,21-Mar-27,340000,19.8,Live
S-23379,TEM-50272-D,Quenington site 3,S30 6HT,4839-7264-39780,REDzero,07/01/2024,06-Jan-27,480000,32.5,Live
S-23380,TEM-50272-D,Quenington site 4,L25 6BR,6347-8566-50864,REDzero,19/01/2026,19-Jan-27,210000,21.99,Live
S-23381,TEM-50272-D,Quenington site 5,G27 9BD,4861856835793,REDzero,14/08/2024,14-Aug-26,340000,29.37,OOC
S-23382,TEM-50272-D,Quenington site 6,E12 6NW,7895259047581,RED,25/01/2025,25/01/2028,120000,22.34,Live
S-23383,TEM-68142-E,Birchmoor site 1,S25 4HX,6114-9459-54922,RED,08/04/2025,07/04/2028,88000,24.53,Live
S-23384,TEM-68142-E,Birchmoor site 2,B18 1AP,4927806834126,RED,2025-11-24,24/11/2026,42000,27.22,Live
S-23385,TEM-91195-B,Ironbridge site 1,L7 7BD,8438-2753-50046,RED,2024-11-13,13/11/2027,910000,17.76,Live
S-23386,TEM-98538-G,Cobalt site 1,M12 1BR,1600787435929,RED,2022-05-09,08-May-25,340000,22.4,Ended
S-23387,TEM-98538-G,Cobalt site 2,B21 2HT,5419544506258,RED,04/01/2023,03-Jan-26,42000,24.35,Ended
S-23388,TEM-28004-D,Tanfield site 1,B5 9HP,15 0763 3605 110,RED,2025-12-04,2026-12-04,88000,27.51,Live
S-23389,TEM-28004-D,Tanfield site 2,E17 4NP,1779286333306,RED Plus,25/05/2026,24-May-28,660000,21.77,Live
S-23390,TEM-59573-B,Marlow site 1,N8 2HP,19 5018 9453 925,RED,23/11/2026,2027-11-23,1250000,29.35,Live
S-23391,TEM-84125-D,Applegarth site 1,E11 9HP,88 7071 0424 634,RED,2026-05-25,25/05/2027,660000,21.01,Live
S-23392,TEM-84125-D,Applegarth site 2,S1 8EP,2707-1302-34156,RED,01/03/2027,2028-02-29,1250000,24.51,Live
S-23393,TEM-86911-F,Bexley site 1,E19 9ET,4036-7483-59396,RED,16/10/2024,16 October 2025,1250000,28.27,Ended
S-23394,TEM-56907-F,Cobalt site 1,G18 4ET,97 2562 0203 549,REDzero,2025-09-14,14-Sep-26,340000,30.68,Live
S-23395,TEM-56907-F,Cobalt site 2,E2 5JT,0173-4541-56737,RED,2026-06-06,06/06/2027,88000,29.42,Live
S-23396,TEM-56907-F,Cobalt site 3,S18 4JT,9507-2788-98712,RED Plus,2025-10-24,24-Oct-26,2100000,17.52,Live
S-23397,TEM-56907-F,Cobalt site 4,L9 4ER,1351-5970-12262,REDzero,2024-12-17,17/12/2026,480000,20.84,Live
S-23398,TEM-95358-A,Oakhurst site 1,E23 9HX,52 9655 4240 237,RED,2025-04-26,25-Apr-28,88000,30.49,Live
S-23399,TEM-95358-A,Oakhurst site 2,M8 7NT,9841693559459,RED Plus,23/03/2027,22 March 2028,155000,19.31,Live
S-23400,TEM-95358-A,Oakhurst site 3,M8 7NT,4558880084688,RED,16/10/2023,15-Oct-26,62500,24.56,Live
S-23401,TEM-95358-A,Oakhurst site 4,E1 6BW,3993-4717-65735,RED,2025-04-29,28 April 2028,910000,17.62,Live
S-23402,TEM-95358-A,Oakhurst site 5,S2 3AD,8492-3971-14482,RED,2026-09-17,17 September 2027,62500,19.97,Live
S-23403,TEM-95358-A,Oakhurst site 6,M19 7NT,31 2283 1845 758,RED,2025-02-26,26/02/2028,660000,21.2,Live
S-23404,TEM-95358-A,Oakhurst site 7,S27 1BT,7568-4121-89594,RED,2026-04-11,11-Apr-27,120000,19.35,Live
S-23405,TEM-95358-A,Oakhurst site 8,E6 2EP,1324507724946,RED,24/02/2026,2028-02-24,480000,27.05,Live
S-23406,TEM-30822-C,Yarrow site 1,S23 9BP,4487658360683,REDzero,2025-09-08,2027-09-08,210000,28.26,Live
S-23407,TEM-63851-G,Vantage site 1,E23 6AX,0797-3800-69233,RED,23/09/2024,2026-09-23,210000,22.68,Live
S-23408,TEM-63851-G,Vantage site 2,S7 7AR,3230651488964,RED Plus,22/11/2026,22/11/2027,910000,20.96,Live
S-23409,TEM-63851-G,Vantage site 3,E14 1HT,54 5552 8775 146,RED,22/07/2025,2027-07-22,120000,32.45,Live
S-23410,TEM-63851-G,Vantage site 4,E15 1ER,5540059979249,REDzero,2025-03-12,2028-03-11,1250000,18.92,Live
S-23411,TEM-63851-G,Vantage site 5,G30 9HR,4381572835939,RED,30/05/2027,29/05/2028,120000,24.31,Live
S-23412,TEM-63851-G,Vantage site 6,E26 5BX,3962696768261,RED,26/04/2026,2027-04-26,1250000,24.99,Live
S-23413,TEM-38245-F,Ivybridge site 1,B22 1ED,0116968559557,REDzero,2026-10-05,05-Oct-27,660000,19.18,Live
S-23414,TEM-20399-E,Thackery site 1,M30 6AW,61 7899 2819 799,REDzero,16/12/2026,2027-12-16,120000,21.82,Live
S-23415,TEM-69213-E,Quarrington site 1,B26 4JW,8915424483923,REDzero,2025-05-30,30-May-27,42000,18.97,Live
S-23416,TEM-69213-E,Quarrington site 2,S10 4HW,0287317006465,RED,2026-10-18,18 October 2027,120000,20.19,Live
S-23417,TEM-46442-D,Kestrel site 1,B20 4BD,91 8378 8790 372,REDzero,2024-02-07,06 February 2027,2100000,24.48,Live
S-23418,TEM-46442-D,Kestrel site 2,B11 9HX,2352219106291,REDzero,2026-09-06,06-Sep-27,2100000,17.96,Live
S-23419,TEM-20126-G,Denholm site 1,M26 9HX,53 7347 7185 319,RED Plus,2026-04-15,14 April 2028,480000,21.5,Live
S-23420,TEM-97396-B,Caldwell site 1,S3 5ED,38 0014 9861 076,RED,2026-04-24,23-Apr-28,2100000,28.34,Live
S-23421,TEM-97396-B,Caldwell site 2,M24 7NR,8583624230631,RED,2026-07-09,2027-07-09,155000,26.18,Live
S-23422,TEM-75793-E,Garwood site 1,N26 2NP,4972-7488-29962,RED,2022-03-29,28 March 2025,42000,28.49,Ended
S-23423,TEM-81547-C,Cobalt site 1,L11 7BW,9125-7615-91280,RED,2025-03-10,10 March 2026,1250000,26.99,Ended
S-23424,TEM-85643-B,Selworthy site 1,G7 3HX,4113-5303-21994,RED Plus,2025-01-15,15-Jan-27,340000,29.02,Live
S-23425,TEM-53009-B,Thackery site 1,G8 6EP,5598318779055,RED,2023-09-22,2026-09-21,62500,19.5,Live
S-23426,TEM-46335-G,Norbury site 1,G24 5HD,4350-4073-77227,RED,16/06/2025,2027-06-16,340000,32.38,Live
S-23427,TEM-46335-G,Norbury site 2,G30 3ET,0016-4533-51252,REDzero,08/02/2025,08/02/2027,88000,18.88,Live
S-23428,TEM-46335-G,Norbury site 3,L22 8BX,6699211376441,RED,10/05/2026,10 May 2027,42000,20.83,Live
S-23429,TEM-46335-G,Norbury site 4,E8 7JR,5501930502829,RED,2026-07-11,11-Jul-27,480000,19.68,Live
S-23430,TEM-46335-G,Norbury site 5,B19 2HR,7997953320438,RED Plus,2024-02-14,13/02/2027,910000,23.62,Live
S-23431,TEM-46335-G,Norbury site 6,L30 1AW,32 9054 2227 093,RED Plus,2025-05-30,30/05/2027,88000,25.55,Live
S-23432,TEM-58702-B,Maplin site 1,E9 9NR,48 1589 5476 432,RED,2024-05-03,03 May 2027,120000,18.34,Live
S-23433,TEM-59352-B,Summerton site 1,G10 5NW,8419285347442,RED,2026-04-12,11/04/2028,660000,29.89,Live
S-23434,TEM-59352-B,Summerton site 2,G19 8NP,2248-3875-74994,RED,23/06/2026,2027-06-23,210000,32.17,Live
S-23435,TEM-38997-F,Kestrel site 1,M27 8JT,7982-3472-66609,RED,31/10/2023,2025-10-30,1250000,21.71,Ended
S-23436,TEM-40572-C,Hollybush site 1,G3 7HP,2160562956432,RED Plus,2027-05-01,30-Apr-28,660000,31.2,Live
S-23437,TEM-49266-C,Silverbeck site 1,B6 2ER,2100288322856,RED,18/07/2026,18-Jul-27,1250000,30.76,Live
S-23438,TEM-14945-B,Vantage site 1,L18 7NX,2549635538462,RED,27/04/2024,27-Apr-27,88000,30.6,Live
S-23439,TEM-94843-D,Torque site 1,S19 8BX,12 9027 6468 185,RED,12/02/2025,2027-02-12,62500,17.8,Live
S-23440,TEM-87323-B,Selworthy site 1,B29 6HX,3079766973553,RED Plus,2026-01-25,2028-01-25,1250000,28.73,Live
S-23441,TEM-87323-B,Selworthy site 2,N11 9HP,98 0449 3810 594,RED,23/09/2025,2027-09-23,340000,28.12,Live
S-23442,TEM-87323-B,Selworthy site 3,N15 3ED,85 3061 2561 466,RED,26/06/2024,26/06/2027,2100000,29.95,Live
S-23443,TEM-80255-E,Farrier site 1,E22 3NR,2259-8187-22275,RED Plus,19/04/2024,19 April 2025,660000,22.1,Ended
S-23444,TEM-44752-G,Cedar site 1,S8 1NR,2841271166251,RED,2024-11-18,18-Nov-26,660000,27.5,Live
S-23445,TEM-96123-G,Ironbridge site 1,E15 4JD,17 0785 9139 151,RED,30/04/2024,30/04/2027,210000,19.88,Live
S-23446,TEM-13995-C,Langmere site 1,M6 9NP,4293-9483-93111,RED Plus,2026-01-17,17/01/2028,910000,18.73,Live
S-23447,TEM-13995-C,Langmere site 2,L3 8HD,5534757212059,RED,2026-03-17,2027-03-17,88000,22.67,Live
S-23448,TEM-13995-C,Langmere site 3,B12 8BX,4654-2799-16646,RED,2026-04-16,16-Apr-27,480000,22.56,Live
S-23449,TEM-72853-F,Bexley site 1,N12 5JT,0294663262565,RED,2024-04-07,07/04/2027,2100000,19.63,Live
S-23450,TEM-32293-B,Tanfield site 1,G28 1BW,03 1380 8103 755,RED,2027-01-17,17-Jan-28,155000,22.24,Live
S-23451,TEM-16117-F,Selworthy site 1,N30 6HX,0955-8206-71047,RED Plus,07/05/2026,07-May-27,2100000,22.76,Live
S-23452,TEM-16117-F,Selworthy site 2,B18 7JT,5999699617085,RED,20/05/2025,19 May 2028,210000,26.41,Live
S-23453,TEM-35103-C,Exmoor site 1,N11 2JP,3351-6743-72243,RED,2024-09-04,04 September 2027,340000,19.91,Live
S-23454,TEM-92801-G,Eastbrook site 1,B28 5BT,4319-7710-91924,RED Plus,2025-01-23,23-Jan-27,88000,25.97,Live
S-23455,TEM-68568-B,Kestrel site 1,N15 2NW,89 8930 4828 237,RED,2026-01-18,18-Jan-27,2100000,23.53,Live
S-23456,TEM-26353-E,Zetland site 1,L30 5JR,77 7380 1705 545,RED,2025-04-17,16-Apr-28,120000,23.25,Live
S-23457,TEM-26353-E,Zetland site 2,G1 7ET,63 6787 8556 845,REDzero,06/01/2026,06/01/2027,155000,19.29,Live
S-23458,TEM-59667-B,Ottershaw site 1,E23 9JD,3489977163855,RED Plus,2024-04-27,27-Apr-27,910000,31.07,Live
S-23459,TEM-59667-B,Ottershaw site 2,N29 1EP,3877685981831,RED Plus,02/01/2025,02/01/2027,340000,29.5,Live
S-23460,TEM-59667-B,Ottershaw site 3,S17 8HP,8822-3585-89748,REDzero,27/12/2023,26-Dec-26,120000,28.9,Live
S-23461,TEM-79423-G,Millpond site 1,E17 7NW,09 4957 0784 459,RED,2026-05-09,08/05/2028,120000,27.52,Live
S-23462,TEM-21446-A,Yarrow site 1,M9 1EW,1534963476089,RED Plus,2024-04-03,03 April 2027,660000,20.02,Live
S-23463,TEM-95956-E,Cranleigh site 1,N19 5JT,0616359760284,RED Plus,2026-03-17,2028-03-16,660000,22.89,Live
S-23464,TEM-95956-E,Cranleigh site 2,N25 4NR,9257122131527,RED,03/10/2024,03/10/2027,2100000,22.66,Live
S-23465,TEM-33380-G,Cedar site 1,E21 4AD,9123106926053,RED,22/01/2027,22 January 2028,910000,21.19,Live
S-23466,TEM-33380-G,Cedar site 2,L29 3EX,7712493740349,RED,01/11/2025,2026-11-01,62500,32.12,Live
S-23467,TEM-94874-G,Lighthouse site 1,M5 5JW,6537-1183-42661,RED Plus,19/12/2025,2027-12-19,88000,24.88,Live
S-23468,TEM-86895-B,Larkspur site 1,N4 3BW,3846862687085,RED,09/11/2022,08 November 2024,120000,21.22,Ended
S-23469,TEM-86895-B,Larkspur site 2,L22 6NT,76 1925 4711 758,REDzero,2022-11-22,21 November 2025,340000,31.71,Ended
S-23470,TEM-86895-B,Larkspur site 3,N5 8NR,58 2963 1250 753,RED,2024-02-27,26/02/2025,120000,22.3,Ended
S-23471,TEM-28778-G,Marlow site 1,N30 1JR,54 4898 1522 697,REDzero,22/09/2026,22/09/2027,480000,24.77,Live
S-23472,TEM-28778-G,Marlow site 2,G12 8JW,5569286894185,RED Plus,04/12/2023,03-Dec-26,120000,27.5,Live
S-23473,TEM-28778-G,Marlow site 3,E25 4BW,8085010910595,RED Plus,2023-10-05,04-Oct-26,340000,17.94,Live
S-23474,TEM-28778-G,Marlow site 4,G21 4EP,5617-3906-15983,RED,03/05/2026,03 May 2027,42000,21.77,Live
S-23475,TEM-54097-A,Thackery site 1,G22 9AW,0588-1237-95532,RED,11/04/2025,11-Apr-27,2100000,24.8,Live
S-23476,TEM-54097-A,Thackery site 2,L3 5JW,4081-0525-91328,REDzero,13/06/2024,2027-06-13,42000,18.93,Live
S-23477,TEM-57768-E,Wrenfield site 1,G2 6EW,19 9642 7044 194,RED,2026-01-24,24/01/2027,1250000,21.65,Live
S-23478,TEM-48692-E,Cedar site 1,L17 9JT,26 5202 9090 777,RED,17/07/2024,2027-07-17,62500,30.07,Live
S-23479,TEM-30055-F,Garwood site 1,S28 9JR,89 2619 4969 353,RED,2026-01-20,20-Jan-27,88000,30.43,Live
S-23480,TEM-28951-D,Quenington site 1,N5 1NT,4526597892951,RED,2025-12-29,29/12/2027,210000,17.6,Live
S-23481,TEM-28951-D,Quenington site 2,M12 6AX,3584984511745,RED,2024-11-30,2027-11-30,910000,27.59,Live
S-23482,TEM-33356-F,Quenington site 1,L6 2BW,03 9461 9521 845,RED,14/02/2025,14/02/2027,340000,27.78,Live
S-23483,TEM-33356-F,Quenington site 2,N4 3NX,6713-9231-92775,RED,30/03/2025,30-Mar-27,42000,25.08,Live
S-23484,TEM-94749-D,Zephyr site 1,L25 2NP,2976-3992-06162,RED,2026-06-26,2027-06-26,340000,26.38,Live
S-23485,TEM-41659-F,Hatherley site 1,B19 3JR,0751-2208-82720,RED Plus,13/05/2025,12/05/2028,480000,21.8,Live
S-23486,TEM-23588-A,Pennine site 1,S21 5HP,16 2885 9372 923,RED,22/04/2026,22 April 2027,2100000,30.37,Live
S-23487,TEM-50259-E,Saltmarsh site 1,M23 1BR,9135895431595,REDzero,23/11/2026,23-Nov-27,155000,25.85,Live
S-23488,TEM-50259-E,Saltmarsh site 2,M23 7JT,0090216639191,RED,2025-11-27,27-Nov-27,660000,31.66,Live
S-23489,TEM-50259-E,Saltmarsh site 3,S25 8JP,75 7289 5393 533,REDzero,18/11/2023,2026-11-17,155000,19.46,Live
S-23490,TEM-50259-E,Saltmarsh site 4,M14 3AR,8835069601092,RED,2025-08-30,30 August 2026,340000,26.7,OOC
S-23491,TEM-50259-E,Saltmarsh site 5,N23 5NX,4842743240637,RED,22/03/2026,22/03/2027,42000,30.25,Live
S-23492,TEM-50259-E,Saltmarsh site 6,G26 7JW,4594121800583,RED,08/03/2024,08-Mar-27,910000,32.19,Live
S-23493,TEM-66399-A,Fernhill site 1,E14 2AD,2177136359969,RED Plus,18/02/2025,2027-02-18,480000,23.96,Live
S-23494,TEM-54747-G,Quarrington site 1,E19 2ED,6378218783322,RED,2024-12-14,14 December 2026,660000,22.96,Live
S-23495,TEM-81484-A,Zephyr site 1,N14 7AW,26 0737 3495 583,RED,2025-04-27,26/04/2028,155000,31.09,Live
S-23496,TEM-83832-D,Bramble site 1,L26 2JR,23 1437 2764 918,RED,2025-05-03,02-May-28,120000,30.18,Live
S-23497,TEM-72538-G,Langmere site 1,G16 8BX,8938-1895-79172,RED,2025-01-16,2028-01-16,910000,26.75,Live
S-23498,TEM-16833-B,Exmoor site 1,S11 9EW,35 0027 1733 072,REDzero,26/12/2025,26-Dec-27,62500,19.07,Live
S-23499,TEM-17983-G,Langmere site 1,N29 8JW,85 5999 6997 666,RED,22/05/2025,2028-05-21,120000,20.73,Live
S-23500,TEM-17983-G,Langmere site 2,L14 5BP,3765-1985-00022,RED,2025-05-24,23-May-28,42000,32.42,Live
S-23501,TEM-20390-D,Wrenfield site 1,S29 9BX,3005470669909,RED,29/08/2024,29-Aug-26,42000,28.84,OOC
S-23502,TEM-20390-D,Wrenfield site 2,B19 8NP,4544310515044,RED,2024-04-16,16/04/2027,660000,26.88,Live
S-23503,TEM-96077-C,Wrenfield site 1,N7 8HW,65 2641 1283 927,RED,2026-08-22,22 August 2027,1250000,24.38,Live
S-23504,TEM-23141-D,Ashcombe site 1,G24 4HW,4589576820109,REDzero,20/10/2026,20/10/2027,155000,23.18,Live
S-23505,TEM-38297-E,Garwood site 1,E23 4NT,9555343243410,REDzero,09/10/2024,09 October 2026,210000,28.86,Live
S-23506,TEM-38297-E,Garwood site 2,N14 2BR,0126093154734,RED,21/09/2026,21/09/2027,88000,29.54,Live
S-23507,TEM-15949-C,Ivybridge site 1,G8 8BP,66 7627 8438 845,RED Plus,01/03/2026,29-Feb-28,155000,17.59,Live
S-23508,TEM-38613-G,Zephyr site 1,G2 6HP,6381899202360,REDzero,2025-09-15,2026-09-15,42000,26.28,Live
S-23509,TEM-95825-C,Norbury site 1,N15 2AR,6258945345986,RED Plus,28/04/2027,27/04/2028,210000,27.63,Live
S-23510,TEM-11822-B,Saltmarsh site 1,E18 1AR,52 0804 8044 144,REDzero,2024-01-14,2027-01-13,120000,17.68,Live
S-23511,TEM-11822-B,Saltmarsh site 2,L12 4EX,8664116098531,RED,05/04/2025,05-Apr-27,480000,21.89,Live
S-23512,TEM-11391-F,Ingleby site 1,M30 3AR,4043-7793-95356,RED,2024-08-10,2027-08-10,660000,22.43,Live
S-23513,TEM-15350-D,Pemberley site 1,G18 9ER,27 5997 6961 869,RED Plus,24/11/2023,23 November 2024,88000,29.09,Ended
S-23514,TEM-15350-D,Pemberley site 2,G9 7ET,5336-8868-32583,RED,2022-05-05,04 May 2025,210000,29.81,Ended
S-23515,TEM-15350-D,Pemberley site 3,E16 7BD,32 3653 8743 442,RED,2024-07-14,2025-07-14,210000,27.75,Ended
S-23516,TEM-59721-D,Vantage site 1,N25 5JD,36 1800 7412 976,RED,2024-03-31,2026-03-31,660000,22.64,Ended
S-23517,TEM-67240-G,Saltmarsh site 1,G29 4HR,6200060867126,RED,01/08/2025,01-Aug-27,910000,21.99,Live
S-23518,TEM-67240-G,Saltmarsh site 2,S21 6JP,9416955828291,REDzero,2024-02-02,01-Feb-27,910000,28.93,Live
S-23519,TEM-45256-G,Oakhurst site 1,G14 2EP,41 2644 3063 323,RED Plus,14/12/2025,2027-12-14,120000,18.4,Live
S-23520,TEM-45256-G,Oakhurst site 2,G14 9JD,9687-9585-71640,REDzero,07/04/2026,2027-04-07,2100000,26.02,Live
S-23521,TEM-71381-E,Quenington site 1,M14 9AX,39 1470 2740 038,RED Plus,26/12/2025,26/12/2026,660000,30.71,Live
S-23522,TEM-71381-E,Quenington site 2,B17 9HX,77 3344 2544 443,RED,2025-05-22,21/05/2028,480000,32.25,Live
S-23523,TEM-71381-E,Quenington site 3,L18 1JT,2898265841579,RED Plus,2025-03-05,2027-03-05,42000,29.82,Live
S-23524,TEM-89530-G,Zetland site 1,N22 9HR,54 6287 7301 505,RED,2024-10-07,07-Oct-27,155000,32.09,Live
S-23525,TEM-93748-E,Bexley site 1,L27 4ET,90 4518 3473 277,REDzero,2025-04-04,04 April 2027,88000,19.21,Live
S-23526,TEM-93748-E,Bexley site 2,M15 5HT,7527-4739-74568,RED,2026-12-22,22 December 2027,155000,19.64,Live
S-23527,TEM-26590-A,Violetta site 1,N15 1EP,5552-4948-19048,RED,16/09/2025,16/09/2027,155000,19.09,Live
S-23528,TEM-26590-A,Violetta site 2,G19 7HD,70 8325 4552 751,RED,10/01/2025,10 January 2027,155000,21.58,Live
S-23529,TEM-50531-A,Vantage site 1,L26 2BD,9620766840748,RED,27/09/2024,2027-09-27,210000,17.91,Live
S-23530,TEM-62435-G,Ingleby site 1,L16 7HP,7825798987448,RED,06/05/2025,05/05/2028,120000,22.63,Live
S-23531,TEM-66776-D,Ivybridge site 1,L29 8HX,2318-4076-06448,RED Plus,2024-10-16,2027-10-16,1250000,20.29,Live
S-23532,TEM-70962-A,Merrivale site 1,E18 5JT,8652579480949,RED,2027-03-02,01-Mar-28,62500,29.64,Live
S-23533,TEM-31161-A,Quenington site 1,N6 5ER,1687-5484-35893,RED Plus,03/10/2025,03/10/2027,88000,31.33,Live
S-23534,TEM-22878-E,Ravenscar site 1,B20 1HD,11 6531 1600 965,RED,2024-11-18,18 November 2027,480000,24.08,Live
S-23535,TEM-22878-E,Ravenscar site 2,E6 5JP,2970930551431,RED,2027-01-20,20/01/2028,42000,23.85,Live
S-23536,TEM-85970-G,Jarrow site 1,E7 2NX,5192603521502,RED,07/08/2026,07 August 2027,2100000,30.36,Live
S-23537,TEM-85970-G,Jarrow site 2,G25 6BT,1136-0345-66002,RED,15/11/2024,15-Nov-27,62500,29.87,Live
S-23538,TEM-92824-D,Fernhill site 1,S24 6ER,0813-2807-56614,RED,2027-03-09,08-Mar-28,340000,29.54,Live
S-23539,TEM-21702-E,Norbury site 1,B8 6NX,9430963655533,RED,2023-12-19,2026-12-18,660000,27.26,Live
S-23540,TEM-40577-E,Caldwell site 1,M26 2BW,9091845374640,RED Plus,08/12/2024,08 December 2027,910000,28.19,Live
S-23541,TEM-91127-C,Westcliff site 1,G10 8ED,1793-2499-14686,RED,02/03/2025,01-Mar-28,2100000,19.49,Live
S-23542,TEM-91127-C,Westcliff site 2,M23 3NP,1849039810415,RED,2026-09-18,18/09/2027,120000,19.61,Live
S-23543,TEM-45381-D,Bexley site 1,L2 1JX,4622-4684-13215,REDzero,27/11/2024,27-Nov-27,42000,22.08,Live
S-23544,TEM-45381-D,Bexley site 2,S16 7ET,0867302868252,RED,2024-11-14,2026-11-14,88000,32.45,Live
S-23545,TEM-10460-C,Cedar site 1,G13 7HX,71 9256 7405 393,RED,01/11/2024,2027-11-01,42000,18.55,Live
S-23546,TEM-10460-C,Cedar site 2,B28 4ND,71 2522 8485 849,RED,23/10/2023,22/10/2026,42000,30.06,Live
S-23547,TEM-10460-C,Cedar site 3,G2 1BP,42 9422 4370 085,REDzero,01/12/2025,01/12/2026,62500,21.44,Live
S-23548,TEM-43204-E,Umberside site 1,M26 3HR,8214073286089,REDzero,19/04/2025,2028-04-18,210000,26.45,Live
S-23549,TEM-11607-A,Norbury site 1,M23 7AD,3479319792525,RED Plus,2027-01-25,25/01/2028,340000,22.48,Live
S-23550,TEM-11607-A,Norbury site 2,N13 1BP,5437-9310-72431,RED,19/03/2026,19/03/2027,1250000,24.07,Live
S-23551,TEM-11607-A,Norbury site 3,N20 4HR,68 4231 9915 435,RED Plus,2024-08-13,13/08/2027,910000,21.8,Live
S-23552,TEM-54603-C,Farrier site 1,S14 4HR,1764664332026,RED Plus,2026-02-08,2027-02-08,42000,18.94,Live
S-23553,TEM-72256-F,Verity site 1,S5 4ND,9706-2214-48763,REDzero,01/08/2026,01-Aug-27,42000,22.78,Live
S-23554,TEM-72256-F,Verity site 2,N26 4BX,52 0950 1893 943,RED,10/10/2025,10/10/2027,660000,23.26,Live
S-23555,TEM-70908-C,Farrier site 1,G14 1HX,6424-2820-54339,RED,25/12/2021,2024-12-24,155000,21.75,Ended
S-23556,TEM-57582-A,Oakhurst site 1,G30 9HW,45 6509 3720 436,RED,2026-07-07,07-Jul-27,88000,26.01,Live
S-23557,TEM-84605-A,Fernhill site 1,L16 6HX,84 8275 5361 701,RED Plus,02/02/2026,02-Feb-28,1250000,22.1,Live
S-23558,TEM-84605-A,Fernhill site 2,E17 6ER,85 8378 1391 402,RED Plus,30/12/2023,2026-12-29,88000,29.93,Live
S-23559,TEM-81018-E,Wrenfield site 1,B7 7JR,6488-9913-65892,RED Plus,04/09/2025,04 September 2027,88000,28.72,Live
S-23560,TEM-64107-F,Whitethorn site 1,B26 4AD,2886-6425-59738,RED,2025-05-05,04-May-28,2100000,28.55,Live
S-23561,TEM-44313-F,Marlow site 1,E19 4BP,3621-5332-88283,RED,2026-05-15,14/05/2028,88000,25.8,Live
S-23562,TEM-90500-F,Bramble site 1,E20 8HX,6399-8541-91972,RED Plus,05/06/2025,05/06/2027,480000,19.95,Live
S-23563,TEM-81468-C,Marlow site 1,B21 1BX,98 0530 6015 528,REDzero,2023-09-06,2026-09-05,660000,26.43,Live
S-23564,TEM-23931-D,Hollybush site 1,L23 1JP,9527486673548,RED,19/08/2026,19/08/2027,88000,21.47,Live
S-23565,TEM-45701-F,Cranleigh site 1,N12 1BP,2427-8565-28858,RED,2022-12-01,30/11/2025,340000,22.07,Ended
S-23566,TEM-81869-A,Applegarth site 1,M20 9JX,1413-4536-07504,RED,30/11/2024,2026-11-30,155000,25.03,Live
S-23567,TEM-81869-A,Applegarth site 2,L30 3NP,0263-0499-60324,RED Plus,2025-02-10,2028-02-10,660000,21.71,Live
S-23568,TEM-24237-C,Atlas site 1,L1 6ER,4981666993915,RED,15/08/2024,2027-08-15,2100000,24.09,Live
S-23569,TEM-36027-G,Riverbank site 1,E19 7HR,63 7224 0404 212,RED,02/12/2026,2027-12-02,155000,17.94,Live
S-23570,TEM-36027-G,Riverbank site 2,E24 8BP,8475-2331-95545,RED Plus,2026-04-05,05/04/2027,910000,17.9,Live
S-23571,TEM-39438-E,Nettlebed site 1,E11 6NW,2444-0676-39081,RED Plus,2026-03-03,02-Mar-28,2100000,27.24,Live
S-23572,TEM-39438-E,Nettlebed site 2,M24 3JX,377361076756,RED,2024-12-02,2027-12-02,155000,19.81,Live
S-23573,TEM-39438-E,Nettlebed site 3,B24 3EX,7402-2112-88509,RED Plus,29/11/2026,29-Nov-27,910000,26.52,Live
S-23574,TEM-69871-B,Birchmoor site 1,M24 9BT,7877280440579,RED,2027-01-05,05-Jan-28,42000,29.73,Live
S-23575,TEM-69871-B,Birchmoor site 2,L26 8JR,9369720832883,RED,03/11/2026,2027-11-03,2100000,21.0,Live
S-23576,TEM-59538-A,Selworthy site 1,E3 2EP,4325-0164-15230,RED Plus,2022-10-26,25/10/2024,340000,27.73,Ended
S-23577,TEM-25933-E,Vantage site 1,L10 8JW,7309680700889,RED,2027-04-07,06/04/2028,480000,26.85,Live
S-23578,TEM-27097-E,Saltmarsh site 1,S3 4JT,37 0178 0528 240,RED,2025-01-27,27 January 2028,1250000,22.27,Live
S-23579,TEM-27097-E,Saltmarsh site 2,L7 8HW,0848-3423-10540,RED,2023-09-08,07 September 2026,910000,27.26,Live
S-23580,TEM-27097-E,Saltmarsh site 3,S2 1AT,97 2376 7668 028,RED,2025-07-30,2026-07-30,2100000,26.29,OOC
S-23581,TEM-27097-E,Saltmarsh site 4,E6 2BP,19 1865 1147 961,RED,2024-09-24,24-Sep-26,1250000,28.15,Live
S-23582,TEM-27097-E,Saltmarsh site 5,M26 3ER,9636566164880,RED,13/07/2024,13 July 2027,210000,24.95,Live
S-23583,TEM-27097-E,Saltmarsh site 6,B8 5AP,3229698876425,RED,2025-12-03,03/12/2026,120000,27.63,Live
S-23584,TEM-12806-F,Fernhill site 1,S28 1HD,79 5973 6285 252,REDzero,2025-03-01,29/02/2028,155000,29.0,Live
S-23585,TEM-14926-A,Wrenfield site 1,E22 8JP,8249548682869,RED,2024-03-16,16-Mar-27,42000,23.0,Live
S-23586,TEM-24620-A,Atlas site 1,N17 3HW,4842-6382-35459,REDzero,2023-12-10,09 December 2024,42000,19.73,Ended
S-23587,TEM-32963-A,Redwing site 1,B8 7BD,5766552667503,RED Plus,2025-07-31,31/07/2027,1250000,30.0,Live
S-23588,TEM-10086-A,Bexley site 1,M2 2HR,0035769476689,RED,28/06/2026,2027-06-28,910000,19.66,Live
S-23589,TEM-10086-A,Bexley site 2,L6 1EW,64 2173 1420 073,RED,21/02/2027,2028-02-21,210000,22.05,Live
S-23590,TEM-10086-A,Bexley site 3,N11 2BR,2963-7910-45522,RED Plus,2026-03-10,10 March 2027,120000,29.81,Live
S-23591,TEM-99573-E,Cedar site 1,G16 2AR,3760514625189,RED,2024-12-10,10/12/2026,88000,20.19,Live
S-23592,TEM-99573-E,Cedar site 2,N12 2ET,31 4051 6484 439,RED Plus,02/08/2025,02 August 2027,62500,19.25,Live
S-23593,TEM-36373-E,Tanfield site 1,G12 8AP,0490-7282-63340,REDzero,2025-09-27,2026-09-27,480000,20.94,Live
S-23594,TEM-36373-E,Tanfield site 2,E29 2NW,1064-1341-00868,RED,14/11/2023,2026-11-13,120000,23.97,Live
S-23595,TEM-56558-D,Harborne site 1,G25 7AW,9693-3511-01081,RED,30/04/2024,30 April 2027,62500,30.59,Live
S-23596,TEM-50451-G,Westcliff site 1,L28 8AT,9061694060068,RED,2023-12-09,2026-12-08,210000,17.61,Live
S-23597,TEM-67421-C,Padstow site 1,B30 8JX,8553771015523,RED,2026-01-26,26 January 2028,42000,29.56,Live
S-23598,TEM-56679-F,Northgate site 1,B13 7HP,7492386765139,REDzero,16/10/2024,16 October 2027,660000,17.81,Live
S-23599,TEM-97268-D,Yewtree site 1,B24 4AR,48 4136 5644 178,RED Plus,12/03/2025,2028-03-11,42000,20.34,Live
S-23600,TEM-62820-B,Bramble site 1,G12 5HT,32 9569 9221 697,REDzero,2025-02-09,09-Feb-28,910000,31.28,Live
S-23601,TEM-62820-B,Bramble site 2,G24 5ND,53 1386 4358 718,RED,05/04/2027,04 April 2028,1250000,31.13,Live
S-23602,TEM-37259-D,Applegarth site 1,N29 7BX,5234228217734,RED Plus,29/06/2026,29-Jun-27,2100000,30.94,Live
S-23603,TEM-37259-D,Applegarth site 2,E7 7JR,1145056322914,RED,20/03/2025,2027-03-20,42000,30.11,Live
S-23604,TEM-37259-D,Applegarth site 3,S11 8JD,6949-2269-15272,RED,2024-03-05,05 March 2027,210000,26.94,Live
S-23605,TEM-37259-D,Applegarth site 4,B16 4JD,9128311492166,RED Plus,22/11/2026,2027-11-22,340000,24.76,Live
S-23606,TEM-37259-D,Applegarth site 5,G1 3BT,0319-0803-86058,REDzero,2026-01-05,2028-01-05,155000,18.89,Live
S-23607,TEM-37259-D,Applegarth site 6,S29 3AD,3473341328158,REDzero,03/07/2026,03 July 2027,910000,26.02,Live
S-23608,TEM-11650-G,Summerton site 1,N27 5EX,3208003179953,RED,2022-09-27,26-Sep-25,340000,23.42,Ended
S-23609,TEM-11650-G,Summerton site 2,M20 1EX,2136861094975,RED,27/10/2021,26-Oct-24,480000,19.99,Ended
S-23610,TEM-99034-D,Saltmarsh site 1,L11 4HP,00 0377 5262 405,RED Plus,2025-04-01,31 March 2028,42000,20.79,Live
S-23611,TEM-99034-D,Saltmarsh site 2,S15 6AP,43 0286 5973 321,REDzero,23/04/2025,23-Apr-27,62500,23.97,Live
S-23612,TEM-37332-G,Wrenfield site 1,G18 4ER,8789-1911-65501,REDzero,2024-05-09,09/05/2027,155000,18.43,Live
S-23613,TEM-16578-G,Larkspur site 1,G11 1NW,60 3071 4395 318,RED Plus,2025-10-03,2026-10-03,62500,24.48,Live
S-23614,TEM-16578-G,Larkspur site 2,B26 5JD,6055806586943,RED,2026-01-03,03-Jan-27,660000,25.02,Live
S-23615,TEM-71910-B,Denholm site 1,L9 4JX,1210-6979-75455,RED,2025-05-21,21-May-27,2100000,20.7,Live
S-23616,TEM-79122-A,Yarrow site 1,S19 2BX,9104-5059-06560,RED,2025-04-26,26-Apr-27,2100000,31.06,Live
S-23617,TEM-38554-A,Verity site 1,S10 7JX,78 4230 0183 889,RED,2024-10-16,16 October 2027,88000,29.51,Live
S-23618,TEM-48058-E,Summerton site 1,E4 6AT,0881-4539-83921,RED,04/01/2025,04-Jan-28,155000,28.04,Live
S-23619,TEM-48058-E,Summerton site 2,B6 5NP,0521-1452-98410,RED,11/11/2024,2027-11-11,62500,20.55,Live
S-23620,TEM-41241-A,Quenington site 1,B30 9AD,4052-4564-52806,RED,07/12/2025,2026-12-07,2100000,20.01,Live
S-23621,TEM-71568-B,Wrenfield site 1,N8 2HT,8438-8178-62584,RED,21/02/2024,20/02/2027,910000,23.19,Live
S-23622,TEM-73883-B,Riverbank site 1,G18 6HR,7235-8476-89012,RED,2025-12-14,2027-12-14,120000,19.3,Live
S-23623,TEM-22797-A,Atlas site 1,B17 7HP,4528495270420,RED,2024-05-09,09/05/2026,2100000,18.19,Ended
S-23624,TEM-22797-A,Atlas site 2,L8 4JR,6125580673930,RED,2024-04-30,30 April 2025,1250000,27.52,Ended
S-23625,TEM-86780-C,Tanfield site 1,B23 1AX,2497674455780,RED Plus,18/09/2025,2026-09-18,88000,20.99,Live
S-23626,TEM-86780-C,Tanfield site 2,S5 1HR,8311-4388-23595,RED,2024-11-13,2027-11-13,480000,20.43,Live
S-23627,TEM-81522-A,Whitethorn site 1,B10 2HD,4741-3253-77930,RED,2025-02-06,06-Feb-26,340000,25.54,Ended
S-23628,TEM-93836-D,Vantage site 1,L3 1HP,6264219770671,RED,01/01/2025,01 January 2027,155000,19.22,Live
S-23629,TEM-93836-D,Vantage site 2,M4 9ED,4376-2347-84627,RED,07/01/2025,07-Jan-28,120000,23.69,Live
S-23630,TEM-95745-E,Quenington site 1,L3 2JT,38 5290 4540 261,RED,2026-05-16,16-May-27,340000,31.55,Live
S-23631,TEM-10298-F,Kestrel site 1,B27 9AT,45 4019 7362 758,RED,26/04/2025,25/04/2028,155000,25.12,Live
S-23632,TEM-10298-F,Kestrel site 2,G30 5NX,74 8261 2618 685,REDzero,04/07/2024,04-Jul-27,2100000,22.55,Live
S-23633,TEM-85235-B,Vantage site 1,E10 9NW,0100-6772-42035,REDzero,01/04/2026,01 April 2027,660000,23.62,Live
S-23634,TEM-85235-B,Vantage site 2,L23 5JP,34 1031 3426 927,RED Plus,2024-04-17,17-Apr-27,155000,20.65,Live
S-23635,TEM-85235-B,Vantage site 3,N19 4EX,2624839628604,RED Plus,09/09/2023,08 September 2026,120000,23.89,Live
S-23636,TEM-98147-A,Norbury site 1,M18 6AW,5533-6220-47223,RED Plus,2025-02-25,25-Feb-27,210000,32.44,Live
S-23637,TEM-96094-G,Cedar site 1,S15 9AX,77 7146 3860 926,RED Plus,06/06/2023,05-Jun-26,42000,21.44,Ended
S-23638,TEM-96094-G,Cedar site 2,M5 5EX,90 9301 0055 778,RED,2025-04-20,2026-04-20,480000,23.95,Ended
S-23639,TEM-83733-D,Jespersen site 1,G23 5JD,8305-7507-67930,REDzero,03/07/2024,03/07/2027,88000,19.27,Live
S-23640,TEM-56875-E,Selworthy site 1,B27 8NT,58 2448 1624 645,RED Plus,2027-05-10,09-May-28,210000,24.53,Live
S-23641,TEM-98237-E,Kingsmead site 1,M27 9HX,7426609274942,RED,05/02/2025,2027-02-05,155000,29.11,Live
S-23642,TEM-73632-B,Foxglove site 1,E19 2JR,8585-5555-92134,RED,2025-02-20,20/02/2028,340000,21.99,Live
S-23643,TEM-99842-G,Zetland site 1,M19 8HD,5311217669486,RED,2026-09-15,15 September 2027,120000,26.75,Live
S-23644,TEM-99842-G,Zetland site 2,S1 5JX,2570-3266-61434,RED,18/09/2025,18/09/2027,120000,26.81,Live
S-23645,TEM-29405-F,Tanfield site 1,E7 9ET,8012714511457,REDzero,30/09/2023,29 September 2026,155000,21.22,Live
S-23646,TEM-81766-E,Ellerton site 1,M9 3EX,7561005781853,RED,20/01/2025,20-Jan-28,910000,21.02,Live
S-23647,TEM-63481-D,Violetta site 1,N30 2EX,8210723531364,REDzero,2024-02-03,02/02/2026,660000,30.99,Ended
S-23648,TEM-63481-D,Violetta site 2,E15 9AR,23 1683 1041 364,RED,2025-02-08,08-Feb-26,1250000,22.83,Ended
S-23649,TEM-49268-F,Cedar site 1,N9 5NX,8236-4540-95293,RED Plus,14/10/2023,13 October 2026,480000,20.93,Live
S-23650,TEM-49268-F,Cedar site 2,E23 6HT,97 1200 4710 554,REDzero,06/09/2025,06 September 2027,155000,25.49,Live
S-23651,TEM-89667-B,Applegarth site 1,M11 6ED,2265-7354-68668,REDzero,2023-08-15,14-Aug-26,62500,20.58,OOC
S-23652,TEM-37199-B,Selworthy site 1,B24 9BW,02 8455 2197 882,RED,29/08/2025,29 August 2027,42000,19.56,Live
S-23653,TEM-12002-G,Fernhill site 1,N26 8HD,27 6469 6833 052,RED,2025-10-19,19 October 2026,88000,29.06,Live
S-23654,TEM-13486-A,Merrivale site 1,G9 1NP,4707515873794,RED,19/09/2023,2026-09-18,660000,18.2,Live
S-23655,TEM-90599-D,Westcliff site 1,M5 7ED,73 1747 6985 272,RED,26/08/2024,26-Aug-27,210000,18.25,Live
S-23656,TEM-69697-A,Dunmore site 1,M2 5NR,84 2366 2443 822,RED Plus,24/10/2026,24/10/2027,480000,17.65,Live
S-23657,TEM-31302-F,Ottershaw site 1,M22 7BT,3079456070157,RED,2026-01-30,30 January 2027,910000,17.55,Live
S-23658,TEM-66205-E,Kingsmead site 1,S2 2NT,1236164801240,REDzero,2023-07-28,2025-07-27,210000,29.87,Ended
S-23659,TEM-79313-C,Ellerton site 1,S3 7AX,723713499855,REDzero,16/02/2025,16-Feb-28,660000,29.96,Live
S-23660,TEM-79313-C,Ellerton site 2,B16 9NR,59 0380 4432 040,RED,2025-10-13,13 October 2026,480000,22.81,Live
S-23661,TEM-79313-C,Ellerton site 3,G19 1BR,15 8591 0160 567,RED,2026-02-21,2028-02-21,480000,31.72,Live
S-23662,TEM-79313-C,Ellerton site 4,S5 9BW,91 7745 4198 679,RED,2026-06-05,05-Jun-27,120000,17.77,Live
S-23663,TEM-79313-C,Ellerton site 5,G19 9JX,29 4841 3991 629,RED,2025-01-20,20/01/2027,42000,22.93,Live
S-23664,TEM-79313-C,Ellerton site 6,L24 1ER,4615586624572,RED,29/04/2026,29/04/2027,210000,21.85,Live
S-23665,TEM-64108-G,Redwing site 1,G27 1AR,5867-3476-64624,RED,2027-04-08,07-Apr-28,210000,22.55,Live
S-23666,TEM-64108-G,Redwing site 2,N20 7HR,9297205894865,RED,12/12/2025,2026-12-12,2100000,23.59,Live
S-23667,TEM-64108-G,Redwing site 3,G27 5AT,3692-5364-36733,RED Plus,2025-04-01,01-Apr-27,340000,22.04,Live
S-23668,TEM-31127-A,Redwing site 1,L19 1AT,3770291229520,REDzero,2025-03-30,29-Mar-28,88000,32.41,Live
S-23669,TEM-76717-C,Riverbank site 1,M2 1JD,97 4526 5097 632,RED,2026-01-10,10/01/2028,1250000,29.18,Live
S-23670,TEM-69764-E,Quarrington site 1,L21 8EW,40 6479 4510 353,RED,27/04/2024,27-Apr-27,2100000,28.55,Live
S-23671,TEM-32767-D,Ironbridge site 1,M13 8JD,7544060200940,RED,22/11/2023,21/11/2026,155000,26.37,Live
S-23672,TEM-20513-F,Langmere site 1,S12 6BX,0993092467067,REDzero,10/12/2026,2027-12-10,1250000,25.73,Live
S-23673,TEM-85578-B,Farrier site 1,B18 1NT,82 6235 5990 023,RED,2025-07-30,30 July 2027,120000,30.22,Live
S-23674,TEM-64574-C,Ashcombe site 1,E8 7NW,1256467454972,RED,2024-09-20,2027-09-20,155000,25.58,Live
S-23675,TEM-76619-C,Garwood site 1,N7 1JD,10 5822 6422 067,RED,2024-07-29,29 July 2027,660000,30.68,Live
S-23676,TEM-99997-C,Saltmarsh site 1,E6 9EW,51 8442 2382 036,RED Plus,14/11/2026,14/11/2027,910000,20.79,Live
S-23677,TEM-37215-D,Jarrow site 1,B23 4AR,4103-7292-75887,REDzero,2023-11-23,22/11/2026,42000,23.51,Live
S-23678,TEM-79118-G,Padstow site 1,S1 4ET,88 0961 1051 564,RED Plus,2025-06-06,06/06/2026,42000,18.54,Ended
S-23679,TEM-53095-C,Yewtree site 1,M4 2ER,7061-5502-75890,RED,2024-12-04,04-Dec-27,210000,28.62,Live
S-23680,TEM-40508-E,Westcliff site 1,L2 9ET,8275936148898,RED Plus,2023-10-27,26 October 2026,210000,30.81,Live
S-23681,TEM-23952-F,Oakhurst site 1,L13 1EP,4645-5264-04694,RED,2025-05-21,2027-05-21,62500,22.78,Live
S-23682,TEM-99621-B,Hatherley site 1,B18 6EP,6864392316280,REDzero,26/03/2027,25 March 2028,340000,32.47,Live
S-23683,TEM-85247-C,Langmere site 1,L29 6JP,85 8886 9724 752,RED,25/09/2025,25/09/2026,1250000,19.12,Live
S-23684,TEM-91905-A,Hollybush site 1,E20 8HP,43 0610 7988 623,RED,2026-02-07,07/02/2028,480000,26.42,Live
S-23685,TEM-28755-D,Ivybridge site 1,M3 7HR,0613974970220,RED,2026-03-24,2027-03-24,155000,30.78,Live
S-23686,TEM-67962-F,Langmere site 1,E22 2EW,6014-3919-86397,RED Plus,12/07/2024,2027-07-12,210000,24.65,Live
S-23687,TEM-51798-F,Zetland site 1,L6 5JX,7003310045560,RED Plus,04/05/2026,2027-05-04,210000,32.28,Live
S-23688,TEM-13144-F,Violetta site 1,G4 7ER,3521-2099-17868,RED,2024-06-25,25-Jun-27,480000,31.39,Live
S-23689,TEM-43408-F,Ironbridge site 1,G17 4BX,98 1712 5562 206,RED Plus,2026-04-13,2027-04-13,210000,31.69,Live
S-23690,TEM-98285-D,Ellerton site 1,S1 3NR,8397702486672,RED,2022-12-05,04/12/2025,660000,20.78,Ended
S-23691,TEM-63926-F,Riverbank site 1,L17 6BW,1773-4524-31169,RED,24/01/2022,2025-01-23,42000,20.0,Ended
S-23692,TEM-99016-E,Thackery site 1,L17 7EW,63 8233 2076 201,RED,2023-10-01,30/09/2026,155000,27.51,Live
S-23693,TEM-29142-D,Nettlebed site 1,B8 4AX,34 1427 8388 758,RED,2025-09-27,27/09/2027,2100000,26.07,Live
S-23694,TEM-29142-D,Nettlebed site 2,B18 7BX,5108395757187,RED Plus,29/11/2025,2027-11-29,88000,32.14,Live
S-23695,TEM-29142-D,Nettlebed site 3,E13 8JT,1512-0514-30979,RED,12/09/2025,12-Sep-26,660000,27.24,Live
S-23696,TEM-12400-B,Ingleby site 1,S28 8JP,3945609428947,RED,2023-11-22,21 November 2026,910000,18.2,Live
S-23697,TEM-12400-B,Ingleby site 2,G2 6JT,8121-1172-29717,RED,2025-07-08,08 July 2027,1250000,17.85,Live
S-23698,TEM-12400-B,Ingleby site 3,G30 3HX,8408-4791-12171,REDzero,23/01/2026,23 January 2027,88000,27.33,Live
S-23699,TEM-12400-B,Ingleby site 4,N23 1NW,9715-3645-54076,RED Plus,2026-04-19,18/04/2028,910000,29.38,Live
S-23700,TEM-12400-B,Ingleby site 5,L14 1EX,2256172080237,RED,2026-11-13,13-Nov-27,340000,24.61,Live
S-23701,TEM-12400-B,Ingleby site 6,E10 8JW,4656-2241-61777,RED,2025-09-30,2026-09-30,910000,18.92,Live
S-23702,TEM-24938-B,Ullswater site 1,G18 7EX,0148931868686,REDzero,2025-12-29,2026-12-29,120000,24.78,Live
S-23703,TEM-73250-D,Orchard site 1,E18 5EP,8683976971162,RED Plus,23/04/2025,23 April 2027,42000,22.7,Live
S-23704,TEM-73250-D,Orchard site 2,N23 9HW,6157273065633,RED Plus,2025-11-14,2027-11-14,2100000,23.02,Live
S-23705,TEM-39870-C,Ravenscar site 1,L13 1NR,8312-0867-97240,RED Plus,2025-11-05,2026-11-05,2100000,31.77,Live
S-23706,TEM-26549-E,Jarrow site 1,L24 4BP,8510877348118,RED,18/03/2027,2028-03-17,88000,27.04,Live
S-23707,TEM-26549-E,Jarrow site 2,E13 2AR,78 0438 1683 575,RED,21/04/2027,20-Apr-28,910000,24.89,Live
S-23708,TEM-97368-F,Exmoor site 1,N10 7AX,3892-9253-60006,RED Plus,22/03/2026,22 March 2027,120000,19.27,Live
S-23709,TEM-31099-F,Riverbank site 1,L25 2NR,3501-8066-22076,RED Plus,27/11/2024,2026-11-27,1250000,18.24,Live
S-23710,TEM-78890-D,Kingsmead site 1,S21 5BD,6982950955837,RED,30/11/2025,30 November 2027,1250000,19.88,Live
S-23711,TEM-63892-F,Pennine site 1,N6 9AD,1728965374276,RED Plus,15/02/2024,14/02/2027,62500,19.66,Live
S-23712,TEM-72999-E,Westcliff site 1,E21 9BW,0179680081433,RED,2027-02-13,2028-02-13,910000,27.29,Live
S-23713,TEM-21870-G,Stanhope site 1,M17 3JW,1703-0982-28368,REDzero,2025-01-18,18 January 2027,62500,27.33,Live
S-23714,TEM-21870-G,Stanhope site 2,G19 4NX,5559-9079-15150,RED,2025-10-13,13 October 2026,660000,27.1,Live
S-23715,TEM-77400-D,Whitethorn site 1,L24 1JR,3664-6010-82343,RED,10/11/2026,2027-11-10,660000,18.52,Live
S-23716,TEM-38075-E,Atlas site 1,N10 2ER,81 0075 4716 513,RED Plus,12/05/2026,12/05/2027,1250000,28.44,Live
S-23717,TEM-33134-E,Foxglove site 1,M20 6BX,6291820526570,REDzero,16/02/2026,2028-02-16,1250000,20.69,Live
S-23718,TEM-74087-A,Harborne site 1,B14 6JP,3076-2119-79792,RED,2024-01-31,30/01/2027,480000,30.16,Live
S-23719,TEM-34905-D,Padstow site 1,S5 4BX,7102-8964-15143,RED,2025-06-16,16 June 2027,155000,27.49,Live
S-23720,TEM-82093-E,Ellerton site 1,L3 1ET,1523-3688-44523,REDzero,04/03/2025,03 March 2028,480000,20.59,Live
S-23721,TEM-99997-E,Zetland site 1,N1 5HX,4980578178055,RED,2026-06-03,02/06/2028,480000,21.21,Live
S-23722,TEM-99997-E,Zetland site 2,S15 9JR,83 2505 9475 750,RED,07/06/2026,2027-06-07,480000,22.45,Live
S-23723,TEM-14303-E,Ravenscar site 1,B17 2NX,3785785526666,RED,16/05/2025,2028-05-15,62500,17.77,Live
S-23724,TEM-95267-A,Garwood site 1,N29 1HD,1843-4569-46867,RED,05/10/2023,04-Oct-26,910000,27.2,Live
S-23725,TEM-62860-G,Pennine site 1,L19 5AP,8897-1615-05203,RED,08/08/2026,08-Aug-27,88000,22.05,Live
S-23726,TEM-90150-E,Cedar site 1,N13 1AW,5979321158032,RED,2024-12-20,20 December 2025,120000,31.28,Ended
S-23727,TEM-90150-E,Cedar site 2,L29 8JT,9235237251515,RED,18/03/2023,17 March 2026,2100000,23.14,Ended
S-23728,TEM-20931-A,Riverbank site 1,M18 4AT,30 8126 3381 726,REDzero,2024-01-05,04-Jan-27,910000,26.63,Live
S-23729,TEM-39582-A,Marlow site 1,S28 3AR,9377259422550,RED Plus,2027-03-09,08/03/2028,155000,27.15,Live
S-23730,TEM-87335-C,Yewtree site 1,S24 5HT,1051-5414-92659,RED Plus,2025-06-23,23-Jun-27,1250000,29.69,Live
S-23731,TEM-64115-A,Ivybridge site 1,N5 6NR,48 8235 3200 223,RED,26/06/2025,26 June 2027,2100000,29.91,Live
S-23732,TEM-64115-A,Ivybridge site 2,E10 7HX,7747-8398-64867,RED,2027-01-15,15/01/2028,340000,21.74,Live
S-23733,TEM-39334-A,Ellerton site 1,M21 3NX,1512-7126-56070,RED,18/07/2024,18 July 2027,88000,22.71,Live
S-23734,TEM-39334-A,Ellerton site 2,L12 8BP,6150747063035,RED,2023-10-03,02/10/2026,42000,30.4,Live
S-23735,TEM-61754-D,Westcliff site 1,L22 7EP,81 4266 6960 746,REDzero,2023-05-16,2025-05-15,42000,28.62,Ended
S-23736,TEM-52655-E,Cobalt site 1,B16 1HR,6535678161497,RED Plus,06/07/2024,2027-07-06,42000,28.94,Live
S-23737,TEM-52655-E,Cobalt site 2,L8 6ND,7989427455930,RED,05/08/2025,05-Aug-27,62500,24.06,Live
S-23738,TEM-56016-D,Garwood site 1,S13 3AP,57 8073 7882 298,REDzero,08/04/2023,07-Apr-25,660000,19.77,Ended
S-23739,TEM-56016-D,Garwood site 2,E9 5JX,06 2970 7751 918,RED,2022-01-09,08-Jan-25,155000,19.59,Ended
S-23740,TEM-93932-F,Torque site 1,G4 6BD,5254-4058-69473,RED Plus,2022-02-17,16/02/2025,340000,28.21,Ended
S-23741,TEM-28112-A,Yewtree site 1,B18 2HP,3458702005093,RED,06/05/2025,2028-05-05,340000,21.37,Live
S-23742,TEM-74500-C,Hollybush site 1,S2 4BR,57 7310 6321 478,RED Plus,30/07/2024,30 July 2027,120000,23.2,Live
S-23743,TEM-34890-G,Hatherley site 1,B19 2HX,9163-9041-65949,REDzero,03/12/2025,2026-12-03,88000,20.12,Live
S-23744,TEM-73161-E,Ellerton site 1,N27 2JW,02 2637 6410 264,RED,2024-03-20,20-Mar-27,155000,17.7,Live
S-23745,TEM-33931-A,Ravenscar site 1,L10 4ET,4128187650679,RED,29/06/2025,2027-06-29,210000,26.48,Live
S-23746,TEM-81247-D,Bramble site 1,E29 4NR,0076383761879,REDzero,28/04/2025,28/04/2027,210000,19.27,Live
S-23747,TEM-81247-D,Bramble site 2,B25 3ER,48 3550 5884 824,RED,2026-05-16,16-May-27,155000,31.25,Live
S-23748,TEM-81247-D,Bramble site 3,B14 1AR,1819-7119-97683,RED,2023-10-19,18-Oct-26,1250000,28.05,Live
S-23749,TEM-81247-D,Bramble site 4,S24 6BX,6218383938949,RED,2026-04-26,25/04/2028,120000,24.13,Live
S-23750,TEM-81247-D,Bramble site 5,G4 4AW,8705163954419,REDzero,28/05/2026,27 May 2028,42000,30.02,Live
S-23751,TEM-81247-D,Bramble site 6,S8 6BX,6021-4472-97521,RED,2025-01-19,19/01/2028,910000,21.19,Live
S-23752,TEM-77754-C,Ironbridge site 1,N7 3HD,3807-9054-91391,REDzero,15/05/2027,14/05/2028,210000,22.19,Live
S-23753,TEM-97398-A,Maplin site 1,G3 9JD,4430-7011-08810,RED Plus,19/02/2025,19 February 2026,480000,25.46,Ended
S-23754,TEM-13144-C,Pennine site 1,G7 4BP,94 9456 7605 668,RED,2023-04-18,17/04/2026,88000,26.12,Ended
S-23755,TEM-89189-D,Redwing site 1,G12 4EP,2697343798029,RED,2027-01-14,14 January 2028,88000,22.77,Live
S-23756,TEM-83735-F,Lowther site 1,N22 1JT,08 1230 2973 675,RED,2026-04-18,2027-04-18,2100000,30.62,Live
S-23757,TEM-83735-F,Lowther site 2,G20 7ET,6252-1651-76226,RED,2024-10-15,15-Oct-27,2100000,21.02,Live
S-23758,TEM-52752-G,Ottershaw site 1,E3 2BP,0430877911530,RED,06/11/2023,05-Nov-26,88000,28.6,Live
S-23759,TEM-86836-G,Yewtree site 1,G1 5BX,97 7384 9192 327,RED,12/11/2024,12-Nov-27,2100000,17.59,Live
S-23760,TEM-86836-G,Yewtree site 2,E3 8BD,9014032657670,RED Plus,2025-03-19,18 March 2028,62500,18.52,Live
S-23761,TEM-86836-G,Yewtree site 3,L28 3EX,7857618544042,RED,01/03/2027,29-Feb-28,210000,22.58,Live
S-23762,TEM-86836-G,Yewtree site 4,S2 1ER,9325-8457-65776,RED,20/01/2025,20-Jan-27,340000,26.6,Live
S-23763,TEM-71528-F,Orchard site 1,M9 8ET,0938-2045-53812,RED,2025-11-04,2026-11-04,120000,22.73,Live
S-23764,TEM-71528-F,Orchard site 2,B5 2HX,2236830565190,RED,05/10/2026,05-Oct-27,120000,23.84,Live
S-23765,TEM-76946-B,Foxglove site 1,B13 4BT,0827-9243-13891,RED,2026-05-06,06/05/2027,62500,27.8,Live
S-23766,TEM-79001-F,Cedar site 1,L9 2HX,8465463324902,RED Plus,2026-11-06,06/11/2027,210000,23.76,Live
S-23767,TEM-79001-F,Cedar site 2,M12 9EX,34 3346 8244 761,REDzero,17/09/2026,17 September 2027,1250000,27.18,Live
S-23768,TEM-79001-F,Cedar site 3,N16 4NX,5891397695220,REDzero,2026-05-20,20 May 2027,42000,23.78,Live
S-23769,TEM-79001-F,Cedar site 4,M15 6ER,4100-8409-59186,RED,19/01/2026,19-Jan-27,88000,28.75,Live
S-23770,TEM-79001-F,Cedar site 5,N27 8NW,1338-1320-27315,RED Plus,2026-01-12,12-Jan-27,155000,25.45,Live
S-23771,TEM-79001-F,Cedar site 6,B8 4JT,7941676431097,RED Plus,11/05/2024,11-May-27,480000,18.75,Live
S-23772,TEM-79001-F,Cedar site 7,N11 8AR,3977-1780-20206,REDzero,2024-11-03,03-Nov-26,2100000,18.52,Live
S-23773,TEM-79001-F,Cedar site 8,S22 9AX,9058934557475,RED,10/08/2024,10-Aug-27,88000,27.09,Live
S-23774,TEM-37391-A,Tanfield site 1,N17 7JX,2843273775051,RED,03/10/2023,2025-10-02,155000,26.21,Ended
S-23775,TEM-77132-E,Kelbrook site 1,G7 5AR,8900-4238-31824,RED,2024-09-13,13/09/2027,155000,29.91,Live
S-23776,TEM-77132-E,Kelbrook site 2,E23 1BT,0278-6056-38891,REDzero,23/07/2025,23 July 2027,88000,31.0,Live
S-23777,TEM-84987-G,Pemberley site 1,L5 3JW,53 3341 4703 753,RED,2026-09-01,01-Sep-27,660000,29.02,Live
S-23778,TEM-84987-G,Pemberley site 2,G23 8BP,5526086475809,RED,08/04/2025,07 April 2028,910000,18.72,Live
S-23779,TEM-25411-G,Kestrel site 1,G3 5NP,59 9686 3063 859,RED,2025-04-16,16/04/2027,480000,29.01,Live
S-23780,TEM-25411-G,Kestrel site 2,G21 9BW,3845202742449,REDzero,12/09/2024,2026-09-12,62500,30.2,Live
S-23781,TEM-25411-G,Kestrel site 3,M30 1BD,5395-3995-20673,RED,20/03/2025,2028-03-19,910000,26.7,Live
S-23782,TEM-25411-G,Kestrel site 4,S26 8BT,8513470209899,RED Plus,2024-01-24,23/01/2027,155000,21.43,Live
S-23783,TEM-25411-G,Kestrel site 5,B16 4EP,0218-2891-59714,RED,08/09/2025,2026-09-08,42000,22.56,Live
S-23784,TEM-25411-G,Kestrel site 6,N24 6HP,58 3363 5928 225,RED,2025-12-27,27 December 2026,1250000,23.44,Live
S-23785,TEM-25411-G,Kestrel site 7,E8 3BT,3289563848991,REDzero,15/04/2026,14-Apr-28,660000,26.1,Live
S-23786,TEM-25411-G,Kestrel site 8,S16 3HD,67 6917 4588 484,RED,2024-12-07,07/12/2027,2100000,19.31,Live
S-23787,TEM-32491-B,Northgate site 1,B21 6HW,5751712464390,RED Plus,2024-11-09,09-Nov-27,910000,26.66,Live
S-23788,TEM-48299-G,Bramble site 1,L3 4ER,6886-9922-06671,REDzero,2026-01-06,06/01/2027,2100000,29.85,Live
S-23789,TEM-16256-B,Eastbrook site 1,S27 8JT,4300229423964,REDzero,2023-12-29,28 December 2026,480000,19.54,Live
S-23790,TEM-16256-B,Eastbrook site 2,N15 6HD,63 0014 2403 569,RED,2025-05-22,2027-05-22,910000,24.72,Live
S-23791,TEM-16256-B,Eastbrook site 3,M24 2JX,2765-3657-19081,RED Plus,08/04/2027,07 April 2028,120000,20.85,Live
S-23792,TEM-16256-B,Eastbrook site 4,M13 6AW,6006-8715-96355,RED,16/10/2024,16/10/2026,1250000,19.6,Live
S-23793,TEM-16256-B,Eastbrook site 5,N26 1EP,71 6972 0126 009,RED,2024-12-29,29-Dec-26,62500,31.47,Live
S-23794,TEM-16256-B,Eastbrook site 6,N24 1NW,24 9346 0020 473,RED,01/09/2025,01-Sep-27,660000,24.76,Live
S-23795,TEM-16256-B,Eastbrook site 7,B12 5HD,7238-0998-14684,REDzero,2026-06-24,24/06/2027,340000,20.89,Live
S-23796,TEM-16256-B,Eastbrook site 8,L24 8BW,0294-0019-17935,RED,2024-10-02,02-Oct-27,155000,18.87,Live
S-23797,TEM-50437-E,Foxglove site 1,L7 6BX,48 0493 2487 156,RED,25/12/2024,25-Dec-27,660000,26.96,Live
S-23798,TEM-50437-E,Foxglove site 2,M13 9HP,3991-3120-96899,REDzero,2026-10-02,02/10/2027,120000,32.47,Live
S-23799,TEM-50437-E,Foxglove site 3,M30 3BP,7430127618164,RED,2027-03-16,15/03/2028,910000,19.32,Live
S-23800,TEM-50437-E,Foxglove site 4,M11 1HP,3773-5183-18204,RED Plus,2026-08-21,21/08/2027,155000,19.49,Live
S-23801,TEM-50437-E,Foxglove site 5,M18 2HT,89 6176 0975 287,RED Plus,2024-09-25,2026-09-25,1250000,17.95,Live
S-23802,TEM-50437-E,Foxglove site 6,E26 2NX,4235692697821,RED Plus,2025-05-14,13-May-28,910000,25.48,Live
S-23803,TEM-77238-F,Oakhurst site 1,M11 3JD,01 3859 9794 410,RED,31/01/2026,31/01/2027,340000,24.89,Live
S-23804,TEM-87759-F,Kingsmead site 1,M24 2ER,5163-9612-83730,REDzero,2026-07-19,19/07/2027,120000,27.96,Live
S-23805,TEM-87759-F,Kingsmead site 2,N21 8BR,2548700780095,RED,18/01/2025,2028-01-18,340000,24.83,Live
S-23806,TEM-11468-A,Garwood site 1,E21 1BR,75 5236 6092 697,RED Plus,25/12/2025,25 December 2027,120000,19.7,Live
S-23807,TEM-11468-A,Garwood site 2,E1 7HR,79 9041 7557 031,RED,08/02/2027,08/02/2028,2100000,27.83,Live
S-23808,TEM-44214-E,Zetland site 1,N16 6HW,2947559426710,RED Plus,21/08/2026,21 August 2027,88000,31.48,Live
S-23809,TEM-44214-E,Zetland site 2,M29 7JW,1355-9255-77132,RED,2026-01-04,04/01/2027,62500,26.19,Live
S-23810,TEM-68433-A,Bramble site 1,L23 3HX,6391-1453-94913,RED Plus,20/03/2025,2028-03-19,660000,30.8,Live
S-23811,TEM-68433-A,Bramble site 2,S13 1NW,1728512009022,RED,2026-09-23,2027-09-23,120000,30.52,Live
S-23812,TEM-68433-A,Bramble site 3,E10 8AW,55 6660 8766 296,RED Plus,23/08/2025,23/08/2027,340000,31.93,Live
S-23813,TEM-68433-A,Bramble site 4,E19 2ET,22 8312 2876 626,RED Plus,21/08/2024,21/08/2026,1250000,28.18,OOC
S-23814,TEM-68433-A,Bramble site 5,M22 9NW,6200501875077,REDzero,05/11/2026,05 November 2027,210000,29.03,Live
S-23815,TEM-68433-A,Bramble site 6,S11 4ED,16 9547 9763 495,RED Plus,2025-11-20,2026-11-20,120000,21.9,Live
S-23816,TEM-36097-E,Bramble site 1,N12 5AX,2686127511096,RED,13/01/2027,13-Jan-28,42000,28.25,Live
S-23817,TEM-17652-C,Applegarth site 1,G26 4BX,8568-5380-12797,RED Plus,10/02/2024,2026-02-09,42000,21.97,Ended
S-23818,TEM-17652-C,Applegarth site 2,L3 4AR,5107187017362,REDzero,11/08/2023,10 August 2025,62500,26.73,Ended
S-23819,TEM-79940-F,Fernhill site 1,L20 1ND,6021500663368,REDzero,17/10/2022,16-Oct-25,42000,21.78,Ended
S-23820,TEM-79940-F,Fernhill site 2,N3 7AP,0828513474286,REDzero,2024-07-02,02-Jul-26,480000,32.08,Ended
S-23821,TEM-79940-F,Fernhill site 3,M30 7HD,1393-2775-21975,RED,31/07/2023,30/07/2025,62500,24.3,Ended
S-23822,TEM-79940-F,Fernhill site 4,G14 5JP,9012-9539-33073,REDzero,11/07/2025,11/07/2026,660000,22.91,Ended
S-23823,TEM-10433-D,Bexley site 1,S12 6AT,32 6101 4358 929,RED Plus,2025-02-09,09 February 2027,2100000,26.0,Live
S-23824,TEM-10433-D,Bexley site 2,S15 2ND,8050183075621,RED,13/09/2024,13/09/2026,660000,21.36,Live
S-23825,TEM-10433-D,Bexley site 3,N3 1ND,2143212228558,RED Plus,2024-11-11,2027-11-11,88000,30.24,Live
S-23826,TEM-10433-D,Bexley site 4,S28 9BT,1557574344008,RED Plus,2026-01-12,2028-01-12,340000,23.65,Live
S-23827,TEM-10433-D,Bexley site 5,M3 9HR,1568-2832-97318,RED Plus,2025-09-13,13 September 2027,2100000,27.46,Live
S-23828,TEM-10433-D,Bexley site 6,M16 8NW,6620814723943,RED,2027-03-05,04-Mar-28,210000,30.53,Live
S-23829,TEM-56626-G,Applegarth site 1,S30 4JR,75 1240 5387 549,RED,2026-01-29,29-Jan-27,480000,20.97,Live
S-23830,TEM-56626-G,Applegarth site 2,G26 5JR,1176774164767,RED Plus,20/02/2024,2027-02-19,120000,21.42,Live
S-23831,TEM-56626-G,Applegarth site 3,L1 2HT,26 0946 9673 699,REDzero,29/08/2025,2027-08-29,1250000,19.36,Live
S-23832,TEM-56626-G,Applegarth site 4,M29 7JW,5076-5953-11233,RED,2025-04-18,2028-04-17,480000,23.37,Live
S-23833,TEM-56626-G,Applegarth site 5,G30 5EW,1066-9573-41261,RED,2025-09-14,14-Sep-27,480000,18.98,Live
S-23834,TEM-56626-G,Applegarth site 6,L12 1NX,3074-1444-13973,RED,2025-09-20,20 September 2026,155000,22.02,Live
S-23835,TEM-56626-G,Applegarth site 7,N18 7JW,40 9047 8156 147,RED Plus,2025-05-11,11 May 2027,42000,31.39,Live
S-23836,TEM-56626-G,Applegarth site 8,L22 8EX,5618-1854-92036,RED,2024-09-26,2027-09-26,1250000,17.52,Live
S-23837,TEM-20022-F,Thackery site 1,S3 5AD,8382-9258-70692,REDzero,2023-09-25,2026-09-24,2100000,30.31,Live
S-23838,TEM-20022-F,Thackery site 2,M29 1HP,3491-8355-75909,RED,02/12/2024,02/12/2027,210000,30.64,Live
S-23839,TEM-20022-F,Thackery site 3,M16 9BW,4523-0703-82485,RED,2025-02-08,08-Feb-27,910000,32.32,Live
S-23840,TEM-20022-F,Thackery site 4,G11 2BX,8761425547741,RED,05/09/2024,05 September 2027,2100000,29.39,Live
S-23841,TEM-20022-F,Thackery site 5,G16 2JT,9272674354794,RED,05/06/2025,05-Jun-27,62500,22.41,Live
S-23842,TEM-20022-F,Thackery site 6,E20 8JX,05 9895 7199 338,REDzero,24/09/2026,2027-09-24,210000,26.5,Live
S-23843,TEM-73156-C,Kingsmead site 1,S21 8ER,2120780761880,RED,2026-05-05,2027-05-05,120000,29.57,Live
S-23844,TEM-73156-C,Kingsmead site 2,B7 5BP,32 6838 0610 707,RED,2024-11-20,2027-11-20,480000,20.11,Live
S-23845,TEM-73156-C,Kingsmead site 3,B10 2EX,3941699848107,RED Plus,26/05/2025,25 May 2028,120000,21.25,Live
S-23846,TEM-33390-F,Umberside site 1,L11 9ET,7509763594943,REDzero,09/01/2026,2028-01-09,340000,28.32,Live
S-23847,TEM-33390-F,Umberside site 2,E25 6HT,5900-8568-11955,RED,2025-04-30,2028-04-29,155000,25.47,Live
S-23848,TEM-90137-C,Riverbank site 1,E19 2AW,3757648494221,RED Plus,2026-12-28,28-Dec-27,910000,19.23,Live
S-23849,TEM-90137-C,Riverbank site 2,G8 1AD,05 5922 5430 116,RED,08/02/2025,08-Feb-28,155000,25.21,Live
S-23850,TEM-75125-F,Eastbrook site 1,S25 5NW,98 3366 0840 256,REDzero,2024-11-03,2026-11-03,1250000,18.32,Live
S-23851,TEM-75125-F,Eastbrook site 2,L4 8HR,4488313150282,RED,2024-01-07,06 January 2027,210000,27.57,Live
S-23852,TEM-33731-F,Nettlebed site 1,M15 1HW,76 3947 0667 271,RED Plus,30/10/2025,30/10/2026,480000,29.64,Live
S-23853,TEM-44227-E,Foxglove site 1,L14 9BW,3796318499166,RED,2027-06-01,2028-05-31,88000,20.72,Live
S-23854,TEM-44227-E,Foxglove site 2,E29 4EW,11 9933 5289 889,RED Plus,15/03/2025,14/03/2028,340000,21.42,Live
S-23855,TEM-30072-A,Zephyr site 1,N5 5AW,4515445494306,REDzero,2025-03-24,2028-03-23,88000,27.11,Live
S-23856,TEM-25989-D,Yarrow site 1,B10 2ED,7220955222327,RED,2024-09-22,22-Sep-26,1250000,25.35,Live
S-23857,TEM-77025-C,Norbury site 1,E2 4HD,80 9189 8748 224,RED,13/02/2024,12 February 2025,88000,20.12,Ended
S-23858,TEM-78374-G,Riverbank site 1,B19 8HW,5975043090080,REDzero,2022-08-21,20 August 2025,155000,18.54,Ended
S-23859,TEM-39481-B,Yewtree site 1,S13 4ND,70 6329 0636 537,REDzero,20/10/2026,20-Oct-27,42000,20.03,Live
S-23860,TEM-31964-C,Exmoor site 1,E2 5NP,05 3661 2319 537,REDzero,07/11/2025,07 November 2027,480000,25.75,Live
S-23861,TEM-79327-A,Yewtree site 1,S5 3BD,1406-6587-57285,RED,04/06/2024,04-Jun-27,660000,24.2,Live
S-23862,TEM-13922-F,Garwood site 1,G1 6HX,85 1142 5022 032,RED,06/03/2023,05-Mar-26,340000,22.91,Ended
S-23863,TEM-13922-F,Garwood site 2,E8 1AW,6502202154946,REDzero,2023-06-13,12/06/2026,340000,30.06,Ended
S-23864,TEM-13922-F,Garwood site 3,B15 3NP,1945984492015,RED,2025-01-29,29/01/2026,1250000,28.95,Ended
S-23865,TEM-10275-C,Ironbridge site 1,M1 1JW,3987256885495,RED,2025-06-11,11/06/2026,120000,18.49,Ended
S-23866,TEM-85734-G,Norbury site 1,S25 7BP,5423763516754,RED,2024-12-19,19-Dec-26,120000,29.46,Live
S-23867,TEM-43860-D,Oakhurst site 1,G11 4NT,8892676359940,REDzero,21/03/2026,2028-03-20,42000,24.82,Live
S-23868,TEM-79184-C,Jarrow site 1,G10 3HT,0722055101769,REDzero,30/05/2025,2027-05-30,660000,17.83,Live
S-23869,TEM-39236-C,Northgate site 1,M16 4AX,93 7487 3377 130,RED,2025-07-10,10-Jul-27,1250000,26.41,Live
S-23870,TEM-39236-C,Northgate site 2,M3 5ND,25 7004 9896 014,REDzero,2024-10-05,2026-10-05,62500,27.86,Live
S-23871,TEM-87917-A,Silverbeck site 1,G30 4NR,1830285970321,RED,29/07/2025,29-Jul-27,120000,29.46,Live
S-23872,TEM-94475-B,Riverbank site 1,L10 4HX,44 4803 5430 855,RED,29/11/2024,29-Nov-27,910000,29.74,Live
S-23873,TEM-94475-B,Riverbank site 2,L29 1ED,5511491127517,RED,07/12/2024,07/12/2027,88000,28.56,Live
S-23874,TEM-51371-C,Kelbrook site 1,N12 1AR,5046-1493-40165,RED,2024-04-26,26/04/2027,210000,31.91,Live
S-23875,TEM-51371-C,Kelbrook site 2,L18 2BR,95 8547 2730 746,RED,2027-01-04,2028-01-04,660000,25.82,Live
S-23876,TEM-50111-C,Cedar site 1,B7 9NR,6283-0059-12056,RED Plus,2024-11-25,25/11/2027,910000,30.02,Live
S-23877,TEM-36276-G,Ravenscar site 1,E20 4BR,7113-2023-31217,RED Plus,11/08/2025,11-Aug-27,2100000,26.9,Live
S-23878,TEM-36276-G,Ravenscar site 2,S12 4BX,8322-0094-46004,RED,08/09/2025,08/09/2026,1250000,31.75,Live
S-23879,TEM-80288-G,Violetta site 1,G27 3EW,51 8191 0219 483,RED Plus,30/01/2026,30/01/2028,42000,18.61,Live
S-23880,TEM-86243-F,Zephyr site 1,B6 4AR,3678-3831-51044,RED Plus,2024-04-13,13-Apr-27,120000,24.69,Live
S-23881,TEM-86243-F,Zephyr site 2,B17 5ND,0753-2859-41298,RED,2026-02-16,16 February 2027,910000,21.57,Live
S-23882,TEM-89708-G,Fernhill site 1,N23 4NP,4938-7327-32740,RED,06/04/2025,06/04/2026,1250000,27.99,Ended
S-23883,TEM-25847-A,Harborne site 1,E29 4JD,6717-4159-64738,RED Plus,29/01/2027,29/01/2028,210000,19.22,Live
S-23884,TEM-26429-A,Eastbrook site 1,L17 1NW,1839-4995-17584,RED,2026-03-13,13/03/2027,660000,25.2,Live
S-23885,TEM-81828-C,Ottershaw site 1,L8 4AX,0340149661627,RED Plus,2026-10-31,31 October 2027,2100000,28.98,Live
S-23886,TEM-98352-D,Tredegar site 1,N27 8AP,7376-0045-94814,RED Plus,24/06/2025,24/06/2026,660000,26.65,Ended
S-23887,TEM-86491-C,Langmere site 1,N6 6JW,1547-7785-42355,RED Plus,2024-05-09,09 May 2027,155000,25.28,Live
S-23888,TEM-58361-E,Birchmoor site 1,E23 9JR,5107272658850,REDzero,12/12/2025,12-Dec-27,480000,21.6,Live
S-23889,TEM-58361-E,Birchmoor site 2,N12 3HP,7142950630908,RED,20/02/2026,20 February 2028,210000,23.35,Live
S-23890,TEM-58361-E,Birchmoor site 3,L9 5AP,52 6300 9369 417,REDzero,13/07/2024,13/07/2027,62500,23.01,Live
S-23891,TEM-58361-E,Birchmoor site 4,S15 2ND,01 2757 5341 949,RED,2023-11-24,23/11/2026,155000,20.71,Live
S-23892,TEM-58361-E,Birchmoor site 5,M1 1HW,7381-4497-08692,RED,2025-06-22,2027-06-22,62500,28.2,Live
S-23893,TEM-58361-E,Birchmoor site 6,N23 5HR,2219-8762-70396,RED,2026-03-25,24-Mar-28,2100000,23.73,Live
S-23894,TEM-69635-F,Gilded site 1,N11 7JD,52 3924 0671 804,RED,2024-05-06,06 May 2027,480000,24.35,Live
S-23895,TEM-38178-E,Tanfield site 1,N28 8BD,9187-5924-30820,RED Plus,2026-07-23,23-Jul-27,210000,19.77,Live
S-23896,TEM-42349-B,Halewood site 1,G5 3NX,3958-0278-42964,RED Plus,2026-04-18,17 April 2028,340000,27.63,Live
S-23897,TEM-32023-G,Dunmore site 1,M17 1NX,17 0291 5794 475,RED,19/02/2025,2027-02-19,1250000,21.18,Live
S-23898,TEM-32023-G,Dunmore site 2,L15 7HX,1130135271528,RED,03/08/2024,2027-08-03,120000,30.85,Live
S-23899,TEM-33109-A,Northgate site 1,N13 9BT,7826411771702,RED,26/08/2024,26 August 2026,1250000,29.52,OOC
S-23900,TEM-79804-G,Torque site 1,S16 2BX,4714053898294,RED,2022-01-27,26/01/2025,210000,28.58,Ended
S-23901,TEM-27318-B,Oakhurst site 1,S7 7JR,9829-1918-15181,RED,2025-10-24,2026-10-24,480000,21.51,Live
S-23902,TEM-96331-F,Garwood site 1,M15 6HP,74 8005 7721 656,RED,24/10/2024,24/10/2026,910000,24.99,Live
S-23903,TEM-85474-G,Harborne site 1,M1 4EP,4162-3131-84699,RED,2024-11-28,2026-11-28,42000,23.83,Live
S-23904,TEM-85474-G,Harborne site 2,L29 6JT,1905-7209-53412,RED,2026-01-01,01 January 2027,340000,24.04,Live
S-23905,TEM-85474-G,Harborne site 3,G30 3ED,0389879047541,RED,27/04/2025,26/04/2028,42000,24.18,Live
S-23906,TEM-85474-G,Harborne site 4,E16 4EW,7362-3407-06162,RED,2023-10-05,04 October 2026,62500,26.72,Live
S-23907,TEM-98040-G,Bramble site 1,G30 9BR,5824061909176,RED,01/02/2024,2027-01-31,155000,26.3,Live
S-23908,TEM-98040-G,Bramble site 2,G24 3HR,0814-1676-16352,RED,2025-02-14,14-Feb-28,120000,19.17,Live
S-23909,TEM-17982-A,Stanhope site 1,B30 2AR,6596864944489,RED,2025-01-28,28/01/2028,910000,26.02,Live
S-23910,TEM-16879-E,Jarrow site 1,B10 4HX,6187744917818,RED,22/11/2025,2026-11-22,120000,19.3,Live
S-23911,TEM-71790-E,Thackery site 1,N2 6BT,2436-9699-76428,RED,15/03/2024,15 March 2026,2100000,26.17,Ended
S-23912,TEM-43490-D,Quayside site 1,M15 6AR,0578-2339-25891,RED Plus,26/03/2025,25/03/2028,340000,29.55,Live
S-23913,TEM-43490-D,Quayside site 2,E21 8NP,50 0058 8831 612,RED,2024-10-14,14-Oct-27,2100000,18.72,Live
S-23914,TEM-43490-D,Quayside site 3,B23 3NX,60 6564 3700 943,RED,15/09/2023,2026-09-14,62500,18.57,Live
S-23915,TEM-36916-D,Atlas site 1,S18 2JX,8319-2518-47569,REDzero,24/08/2025,24 August 2026,2100000,29.84,OOC
S-23916,TEM-36916-D,Atlas site 2,N22 4JD,7912-9288-65638,RED,2025-05-01,2027-05-01,1250000,32.28,Live
S-23917,TEM-72290-A,Selworthy site 1,E11 5EX,1414458291482,RED,2023-11-19,18/11/2026,42000,19.07,Live
S-23918,TEM-72290-A,Selworthy site 2,M8 6NT,0434827790115,RED,2026-02-13,13-Feb-27,2100000,31.36,Live
S-23919,TEM-60121-D,Ironbridge site 1,L8 9JP,56 9388 4141 752,RED,11/03/2025,11-Mar-27,480000,20.05,Live
S-23920,TEM-60121-D,Ironbridge site 2,L3 9JD,4649-4468-99928,RED,15/12/2024,15-Dec-26,1250000,23.05,Live
S-23921,TEM-20411-G,Orchard site 1,M19 4AX,18 3678 3312 026,REDzero,05/02/2027,05/02/2028,480000,26.76,Live
S-23922,TEM-47682-D,Zephyr site 1,G1 6NP,7057-1631-76706,RED Plus,09/12/2024,2027-12-09,120000,26.0,Live
S-23923,TEM-75166-E,Marlow site 1,G26 8BR,9426390989164,RED,2024-12-12,2026-12-12,660000,24.53,Live
S-23924,TEM-75166-E,Marlow site 2,M29 1HW,9229-7400-38694,RED Plus,13/05/2027,2028-05-12,62500,17.93,Live
S-23925,TEM-65969-E,Thackery site 1,L17 9AD,0189699400217,RED,11/09/2025,11-Sep-27,2100000,21.08,Live
S-23926,TEM-14457-B,Birchmoor site 1,N6 2EX,2447117279004,RED,2025-10-05,05/10/2027,42000,26.49,Live
S-23927,TEM-14457-B,Birchmoor site 2,N15 3AW,1511-6047-39758,RED,03/02/2026,2028-02-03,1250000,31.09,Live
S-23928,TEM-14457-B,Birchmoor site 3,G15 8HX,1358246129400,RED,04/01/2026,04/01/2028,660000,22.06,Live
S-23929,TEM-14457-B,Birchmoor site 4,L17 8HP,73 2112 8800 255,RED,04/02/2027,04 February 2028,1250000,24.48,Live
S-23930,TEM-14457-B,Birchmoor site 5,B25 6AD,7237-0240-36641,RED Plus,14/10/2024,14 October 2027,210000,20.27,Live
S-23931,TEM-14457-B,Birchmoor site 6,M25 3JX,0471501053780,RED,10/03/2025,2028-03-09,1250000,28.02,Live
S-23932,TEM-39115-B,Quarrington site 1,S1 4BP,0589478348891,RED Plus,01/11/2025,01/11/2026,910000,22.36,Live
S-23933,TEM-53300-E,Rosedale site 1,N20 6AT,0374-9437-04224,RED Plus,17/04/2024,17 April 2027,910000,18.03,Live
S-23934,TEM-46857-E,Orchard site 1,N25 3ER,68 6791 7825 932,RED,29/01/2025,29/01/2028,88000,19.11,Live
S-23935,TEM-46857-E,Orchard site 2,G14 5AR,80 7827 9268 499,RED,2026-05-09,09-May-27,1250000,26.01,Live
S-23936,TEM-46857-E,Orchard site 3,N23 1ET,94 1414 4016 148,RED,19/03/2026,2027-03-19,155000,19.96,Live
S-23937,TEM-97321-B,Yarrow site 1,S14 4JP,9388-7493-82715,RED,2027-05-05,04-May-28,480000,29.56,Live
S-23938,TEM-58644-D,Quarrington site 1,N30 4NT,69 7113 8998 979,RED,02/11/2024,02 November 2026,1250000,27.14,Live
S-23939,TEM-37470-C,Marlow site 1,S20 1AD,88 7156 6754 046,REDzero,09/10/2025,09 October 2027,1250000,24.59,Live
S-23940,TEM-53106-A,Cranleigh site 1,N29 5NT,2877298787483,RED Plus,2025-10-13,13 October 2027,120000,24.0,Live
S-23941,TEM-53106-A,Cranleigh site 2,N24 3HP,18 7657 3765 414,RED Plus,2023-11-21,20/11/2026,210000,28.21,Live
S-23942,TEM-28108-E,Fernhill site 1,M27 8JR,1628-8232-75879,RED Plus,01/08/2026,01/08/2027,480000,30.63,Live
S-23943,TEM-76693-C,Bexley site 1,S1 7JX,1368540677537,RED,31/12/2024,31 December 2026,340000,18.57,Live
S-23944,TEM-76693-C,Bexley site 2,E29 5JR,7989027627875,REDzero,2025-01-11,11-Jan-27,155000,27.73,Live
S-23945,TEM-76693-C,Bexley site 3,N7 6AW,7069-7118-31766,RED Plus,2024-01-20,19-Jan-27,210000,23.51,Live
S-23946,TEM-76693-C,Bexley site 4,M20 8BP,01 1465 2785 808,REDzero,2025-09-14,2026-09-14,88000,21.72,Live
S-23947,TEM-61166-F,Riverbank site 1,S24 7HX,0503-4113-41501,RED,2025-10-31,31/10/2027,120000,23.28,Live
S-23948,TEM-56178-C,Cranleigh site 1,N6 8ET,09 7433 9287 087,RED,21/10/2024,21 October 2026,155000,27.23,Live
S-23949,TEM-69317-F,Ellerton site 1,B21 3ET,4431-9159-38535,RED Plus,09/10/2024,2027-10-09,210000,19.48,Live
S-23950,TEM-69317-F,Ellerton site 2,M25 4BD,0133614941788,REDzero,2027-02-28,2028-02-28,62500,32.2,Live
S-23951,TEM-59404-C,Saltmarsh site 1,M1 6BX,8431-6349-36272,REDzero,2024-12-12,12 December 2026,88000,20.07,Live
S-23952,TEM-59404-C,Saltmarsh site 2,M28 6ER,63 8757 6699 178,RED Plus,30/08/2024,30/08/2027,340000,27.01,Live
S-23953,TEM-58153-A,Ingleby site 1,L4 1AX,19 3959 5161 168,RED Plus,2025-05-11,10-May-28,340000,17.72,Live
S-23954,TEM-13494-D,Yewtree site 1,B29 6HD,2703-6830-90960,RED Plus,25/03/2023,24-Mar-25,88000,30.24,Ended
S-23955,TEM-13494-D,Yewtree site 2,E29 8ET,3451-9482-03052,RED Plus,2022-03-09,08/03/2025,42000,26.19,Ended
S-23956,TEM-51184-B,Langmere site 1,L29 6NT,1096470920999,RED Plus,2025-03-06,05-Mar-28,210000,18.94,Live
S-23957,TEM-27682-G,Norbury site 1,S17 3HX,25 3911 5103 141,RED,19/01/2027,19/01/2028,340000,21.53,Live
S-23958,TEM-27682-G,Norbury site 2,M26 2NR,72 2061 2504 563,RED Plus,09/10/2026,09-Oct-27,340000,19.21,Live
S-23959,TEM-27682-G,Norbury site 3,B28 5AT,2740364833336,REDzero,24/04/2026,24/04/2027,120000,26.5,Live
S-23960,TEM-27682-G,Norbury site 4,B3 3AR,86 2085 7131 313,RED,10/11/2023,09/11/2026,155000,28.21,Live
S-23961,TEM-27682-G,Norbury site 5,G4 7BW,2511-4793-92434,RED,30/12/2023,29 December 2026,120000,21.52,Live
S-23962,TEM-27682-G,Norbury site 6,S15 2HD,11 1939 9594 173,RED Plus,21/04/2026,2028-04-20,62500,21.49,Live
S-23963,TEM-79966-D,Marlow site 1,S12 9NX,1510-2668-18178,REDzero,08/04/2022,2025-04-07,155000,19.21,Ended
S-23964,TEM-68270-G,Hatherley site 1,L7 6HX,2476-3477-65760,RED,2024-08-29,29 August 2027,2100000,21.96,Live
S-23965,TEM-68270-G,Hatherley site 2,M14 1JW,14 0989 0905 488,RED,21/10/2025,21-Oct-26,1250000,20.27,Live
S-23966,TEM-97760-F,Whitethorn site 1,G5 2JX,5510403021887,RED Plus,2023-11-03,2026-11-02,120000,19.99,Live
S-23967,TEM-97760-F,Whitethorn site 2,M10 3NT,6938-0476-50926,RED,2026-04-19,19-Apr-27,340000,19.08,Live
S-23968,TEM-59825-C,Pemberley site 1,N24 7JP,60 0574 6597 341,RED,23/04/2025,2028-04-22,88000,23.23,Live
S-23969,TEM-95340-A,Zephyr site 1,N19 3AP,08 0291 5263 139,RED,26/03/2026,25-Mar-28,155000,28.45,Live
S-23970,TEM-95340-A,Zephyr site 2,B7 5BX,3251609729822,RED,2025-04-24,2028-04-23,210000,25.69,Live
S-23971,TEM-16307-G,Eastbrook site 1,N1 7BT,6387-4304-72785,REDzero,28/11/2025,28 November 2027,480000,19.45,Live
S-23972,TEM-16307-G,Eastbrook site 2,S7 3JX,8763099956194,RED,11/05/2025,10 May 2028,210000,31.42,Live
S-23973,TEM-67477-B,Nettlebed site 1,G23 1AP,9044107793023,RED,2024-03-08,08-Mar-27,62500,22.57,Live
S-23974,TEM-91393-C,Birchmoor site 1,E3 3JX,7191-8662-84759,RED,12/04/2027,11 April 2028,340000,29.5,Live
S-23975,TEM-91393-C,Birchmoor site 2,E3 6HT,1685511956617,REDzero,2026-12-13,2027-12-13,910000,31.3,Live
S-23976,TEM-91393-C,Birchmoor site 3,N14 5AP,4135-6220-19384,RED,2025-06-04,04/06/2027,155000,24.81,Live
S-23977,TEM-91393-C,Birchmoor site 4,E17 5BW,8554-6068-39596,REDzero,2026-03-29,29 March 2027,1250000,26.65,Live
S-23978,TEM-41674-A,Denholm site 1,G13 8ED,8933066861435,RED,15/11/2024,15-Nov-26,155000,22.97,Live
S-23979,TEM-91782-G,Silverbeck site 1,G15 2NP,93 7301 1167 357,RED,2026-01-13,13-Jan-28,340000,26.2,Live
S-23980,TEM-79575-A,Padstow site 1,L19 4BT,5524-5787-22733,RED,16/07/2024,16 July 2027,340000,26.23,Live
S-23981,TEM-86807-E,Saltmarsh site 1,B8 3BP,1019-0918-29853,RED,16/12/2025,2026-12-16,480000,31.88,Live
S-23982,TEM-98826-B,Zephyr site 1,N16 8ER,2865661028047,REDzero,07/03/2025,07 March 2027,340000,22.37,Live
S-23983,TEM-61295-B,Padstow site 1,B26 2AD,3972-6303-33509,RED,05/11/2023,04/11/2026,2100000,28.89,Live
S-23984,TEM-61295-B,Padstow site 2,M14 9AW,6107-9961-64786,REDzero,12/11/2025,12/11/2026,155000,19.9,Live
S-23985,TEM-61295-B,Padstow site 3,B27 2ET,9554543150584,RED Plus,2024-12-27,27/12/2027,210000,25.68,Live
S-23986,TEM-63229-C,Kingsmead site 1,E23 2NW,0158-4154-76771,RED Plus,2024-01-14,2027-01-13,910000,24.32,Live
S-23987,TEM-63229-C,Kingsmead site 2,N5 9ER,5544-0009-75152,REDzero,2025-09-24,24 September 2026,155000,18.8,Live
S-23988,TEM-63229-C,Kingsmead site 3,S29 4BR,8590354953275,REDzero,06/01/2025,06-Jan-27,155000,27.8,Live
S-23989,TEM-55678-E,Eastbrook site 1,N25 6JP,52 4088 2784 875,REDzero,18/02/2026,18 February 2028,660000,29.14,Live
S-23990,TEM-55678-E,Eastbrook site 2,E25 1NT,19 4141 6588 226,RED,2024-05-07,2027-05-07,62500,19.01,Live
S-23991,TEM-55531-E,Foxglove site 1,B21 9AP,3190451592837,RED,2026-02-04,04/02/2028,120000,22.62,Live
S-23992,TEM-55531-E,Foxglove site 2,B27 8ER,4540-5796-19737,RED,2026-05-03,03 May 2027,660000,24.48,Live
S-23993,TEM-55531-E,Foxglove site 3,B19 8JX,0311519823261,REDzero,21/10/2024,21-Oct-26,120000,18.37,Live
S-23994,TEM-55531-E,Foxglove site 4,L1 5NP,38 5836 9271 546,RED,08/03/2026,08 March 2027,340000,26.39,Live
S-23995,TEM-55531-E,Foxglove site 5,L20 9ET,5855441516265,RED,15/05/2026,15/05/2027,155000,27.6,Live
S-23996,TEM-55531-E,Foxglove site 6,B1 3JT,9242860117167,RED,04/10/2023,03-Oct-26,88000,23.81,Live
S-23997,TEM-59550-E,Padstow site 1,S16 2NW,3566-2812-74530,REDzero,2023-09-15,14/09/2025,2100000,27.29,Ended
S-23998,TEM-59550-E,Padstow site 2,G16 2AX,0202295365432,RED,26/05/2022,25-May-25,660000,29.87,Ended
S-23999,TEM-91261-D,Quenington site 1,M14 2HT,72 5044 3656 657,RED,2025-11-13,13/11/2026,210000,22.8,Live
S-24000,TEM-63193-E,Atlas site 1,G2 6AW,0352-6752-22447,REDzero,04/01/2027,04/01/2028,210000,25.94,Live
S-24001,TEM-36966-B,Farrier site 1,L12 8ER,13 6165 9108 257,RED,2025-11-18,18-Nov-27,910000,30.87,Live
S-24002,TEM-36966-B,Farrier site 2,N21 6NW,8139855599060,RED,25/08/2025,2027-08-25,62500,24.98,Live
S-24003,TEM-36966-B,Farrier site 3,G25 4JR,0574053135850,RED,2025-01-08,08/01/2027,480000,32.33,Live
S-24004,TEM-36966-B,Farrier site 4,L19 5JW,5507086924932,RED,06/02/2025,06/02/2028,480000,27.38,Live
S-24005,TEM-36966-B,Farrier site 5,N29 3AT,8070-0728-55542,REDzero,2026-10-18,2027-10-18,42000,29.33,Live
S-24006,TEM-36966-B,Farrier site 6,N11 6NW,3659-8324-18838,RED Plus,2026-04-11,2027-04-11,155000,29.61,Live
S-24007,TEM-18204-D,Quenington site 1,B11 3NR,9130-6488-08112,RED,20/03/2026,19/03/2028,1250000,24.28,Live
S-24008,TEM-52342-D,Cobalt site 1,S13 7BX,60 1036 7285 869,RED,2024-04-30,30/04/2027,120000,22.72,Live
S-24009,TEM-72413-C,Larkspur site 1,E18 2ER,6107-8806-02011,RED Plus,25/08/2023,2025-08-24,480000,20.71,Ended
S-24010,TEM-71754-B,Violetta site 1,L18 7HD,4129-2468-46350,RED Plus,2026-04-27,27 April 2027,660000,23.45,Live
S-24011,TEM-78285-F,Whitethorn site 1,L1 6NX,4772542799658,REDzero,2024-03-30,30-Mar-27,1250000,18.65,Live
S-24012,TEM-54260-F,Merrivale site 1,L6 2BX,84 6209 5169 506,REDzero,2025-06-28,28/06/2027,62500,31.68,Live
S-24013,TEM-73259-A,Northgate site 1,G11 3NR,0918-0622-47174,RED,10/11/2025,10/11/2026,480000,19.22,Live
S-24014,TEM-73259-A,Northgate site 2,G27 6AD,01 8074 5510 606,RED Plus,03/03/2026,2027-03-03,340000,24.81,Live
S-24015,TEM-56305-G,Yewtree site 1,L3 9NT,8436504423185,RED,2023-05-10,09/05/2026,120000,28.59,Ended
S-24016,TEM-42988-A,Tredegar site 1,S24 2JT,0733528007199,REDzero,21/01/2026,21-Jan-28,88000,32.29,Live
S-24017,TEM-42988-A,Tredegar site 2,B4 9BT,9358-7230-29386,RED Plus,2024-11-24,2027-11-24,120000,20.59,Live
S-24018,TEM-42988-A,Tredegar site 3,N22 4BX,02 6897 8414 558,RED,23/08/2024,23-Aug-27,910000,17.84,Live
S-24019,TEM-42988-A,Tredegar site 4,S16 9EW,41 2833 7880 754,REDzero,26/09/2025,26-Sep-26,910000,23.66,Live
S-24020,TEM-42988-A,Tredegar site 5,S2 6JP,1225111058011,RED,21/07/2025,21-Jul-27,88000,28.36,Live
S-24021,TEM-42988-A,Tredegar site 6,N13 2NT,5901-6277-03333,RED,2026-02-11,11 February 2027,910000,27.38,Live
S-24022,TEM-42988-A,Tredegar site 7,L2 2NP,5776584064386,REDzero,2026-02-20,20-Feb-27,42000,21.62,Live
S-24023,TEM-42988-A,Tredegar site 8,E13 1BR,29 7595 0383 790,REDzero,28/01/2026,2027-01-28,2100000,26.41,Live
S-24024,TEM-48683-G,Jespersen site 1,G4 1AR,83 4035 3287 597,RED,03/04/2026,2027-04-03,62500,22.32,Live
S-24025,TEM-48683-G,Jespersen site 2,B2 7NW,3332930359342,RED,2026-03-25,2028-03-24,660000,22.87,Live
S-24026,TEM-97781-F,Ashcombe site 1,S16 6HR,5131058856587,RED,2024-02-29,28 February 2027,42000,18.11,Live
S-24027,TEM-62986-G,Selworthy site 1,L13 2NW,2670-6989-46906,RED,18/02/2024,17 February 2025,340000,27.33,Ended
S-24028,TEM-30008-F,Verity site 1,E2 6AD,27 2890 6495 390,REDzero,13/03/2024,2027-03-13,480000,24.04,Live
S-24029,TEM-30008-F,Verity site 2,L26 7HT,99 3792 4472 552,RED Plus,2025-05-17,16-May-28,910000,26.65,Live
S-24030,TEM-40123-E,Ellerton site 1,S17 8HW,93 0439 0037 135,RED,24/02/2027,2028-02-24,480000,26.28,Live
S-24031,TEM-47366-C,Ravenscar site 1,N29 3EP,4587326544904,RED,17/10/2025,17-Oct-26,42000,28.8,Live
S-24032,TEM-47366-C,Ravenscar site 2,B4 5AW,60 4297 2063 262,RED,11/06/2026,11/06/2027,910000,18.96,Live
S-24033,TEM-53422-F,Stanhope site 1,B23 3NW,4720-0671-73889,RED,2026-01-29,29/01/2027,42000,23.86,Live
S-24034,TEM-53422-F,Stanhope site 2,G1 1JW,67 3535 3070 669,RED,15/06/2025,15/06/2027,2100000,21.03,Live
S-24035,TEM-61827-C,Quarrington site 1,L16 7BD,0058968746101,RED,01/07/2024,01/07/2027,210000,19.18,Live
S-24036,TEM-61827-C,Quarrington site 2,S5 7HW,2198421074906,RED,01/03/2024,01 March 2027,120000,30.51,Live
S-24037,TEM-61827-C,Quarrington site 3,M6 8AD,5485-7277-33866,RED,22/11/2025,22-Nov-27,660000,19.3,Live
S-24038,TEM-61827-C,Quarrington site 4,N19 8AR,3590736622060,REDzero,2023-11-25,24-Nov-26,88000,29.2,Live
S-24039,TEM-61827-C,Quarrington site 5,E7 8HP,5916-7555-66696,REDzero,03/04/2024,03-Apr-27,1250000,29.87,Live
S-24040,TEM-61827-C,Quarrington site 6,E3 1EW,9081582690013,RED,2025-12-31,31-Dec-26,660000,19.43,Live
S-24041,TEM-67619-F,Millpond site 1,S15 4HD,8799652340949,RED Plus,2025-11-20,20-Nov-27,660000,17.63,Live
S-24042,TEM-71875-F,Thackery site 1,L13 5HD,13 7502 1239 522,RED,2026-08-27,27 August 2027,340000,31.93,Live
S-24043,TEM-71875-F,Thackery site 2,S16 8JT,6282-7153-14253,RED,2026-12-26,2027-12-26,340000,28.76,Live
S-24044,TEM-45123-E,Zephyr site 1,B24 4ND,1351-4586-97387,RED Plus,25/10/2024,25/10/2026,340000,30.53,Live
S-24045,TEM-45123-E,Zephyr site 2,M6 6ED,8734-7366-28475,RED,17/05/2025,16/05/2028,1250000,31.68,Live
S-24046,TEM-17354-A,Exmoor site 1,N26 1JW,0728-6798-84671,RED,2025-11-25,25 November 2027,660000,30.75,Live
S-24047,TEM-29880-D,Hollybush site 1,G28 3BR,8665221117007,RED,18/12/2024,18/12/2027,910000,19.04,Live
S-24048,TEM-74200-F,Larkspur site 1,G5 7JP,7313228016107,RED,22/02/2025,22 February 2027,660000,32.34,Live
S-24049,TEM-90327-B,Merrivale site 1,M30 8JP,6667-8480-22393,REDzero,14/10/2023,13 October 2025,120000,29.53,Ended
S-24050,TEM-40655-F,Maplin site 1,E25 6HR,4824-3850-21142,RED Plus,17/05/2025,16/05/2028,2100000,21.52,Live
S-24051,TEM-40655-F,Maplin site 2,G28 3HD,2301-0923-12713,RED,12/08/2025,12-Aug-27,42000,30.97,Live
S-24052,TEM-38607-F,Exmoor site 1,L20 7HR,1036675848207,RED Plus,02/03/2024,02/03/2026,155000,20.0,Ended
S-24053,TEM-38607-F,Exmoor site 2,L14 2NP,17 0915 6826 504,RED Plus,2022-12-03,2024-12-02,88000,19.26,Ended
S-24054,TEM-38607-F,Exmoor site 3,S22 8AT,17 7065 1270 564,RED,07/11/2022,06/11/2025,88000,29.13,Ended
S-24055,TEM-70942-C,Padstow site 1,N8 9HP,7476224540316,RED,2024-04-23,23-Apr-26,210000,20.96,Ended
S-24056,TEM-70942-C,Padstow site 2,B27 2EX,71 3313 8475 584,RED Plus,06/07/2023,05 July 2026,42000,23.62,Ended
S-24057,TEM-70942-C,Padstow site 3,G3 9HW,4775182458102,RED Plus,12/06/2024,2025-06-12,1250000,24.21,Ended
S-24058,TEM-70942-C,Padstow site 4,B16 3NX,4201-6409-56404,RED,28/10/2024,28 October 2025,120000,27.25,Ended
S-24059,TEM-70942-C,Padstow site 5,L19 6BR,7231076085291,RED,2023-10-02,01/10/2025,910000,23.5,Ended
S-24060,TEM-70942-C,Padstow site 6,M9 2BP,62 0511 1268 366,RED,2024-04-24,24 April 2026,480000,30.99,Ended
S-24061,TEM-28195-G,Cranleigh site 1,E3 4AW,0287-6672-61317,RED Plus,2024-11-01,2026-11-01,210000,28.09,Live
S-24062,TEM-82690-C,Marlow site 1,M28 8JP,696670O292532,RED Plus,2026-09-12,12-Sep-27,88000,19.54,Live
S-24063,TEM-31675-F,Ravenscar site 1,B27 4HX,0651532023578,RED,2026-06-12,12/06/2027,210000,24.42,Live
S-24064,TEM-31675-F,Ravenscar site 2,L19 7NX,01 5010 0661 910,REDzero,02/05/2026,02 May 2027,340000,29.68,Live
S-24065,TEM-76465-G,Ashcombe site 1,S19 4JW,93 8495 7687 078,RED Plus,19/11/2024,19/11/2027,88000,20.65,Live
S-24066,TEM-55852-C,Zephyr site 1,B29 3HX,41 0291 1069 547,REDzero,07/04/2025,07/04/2027,210000,31.12,Live
S-24067,TEM-55852-C,Zephyr site 2,S2 4BT,43 0916 7788 520,RED,2024-10-24,24/10/2026,210000,19.61,Live
S-24068,TEM-69849-D,Eastbrook site 1,E21 9BT,1844-2973-75201,RED,07/04/2026,2028-04-06,210000,28.24,Live
S-24069,TEM-47621-A,Kelbrook site 1,G10 7AP,7980800462814,RED,2026-11-10,10/11/2027,340000,26.25,Live
S-24070,TEM-47621-A,Kelbrook site 2,E27 8NX,1826991369152,RED,11/07/2026,11 July 2027,340000,23.25,Live
S-24071,TEM-75615-E,Denholm site 1,N15 2NR,0174-2618-03402,RED Plus,2023-05-29,28/05/2026,1250000,26.47,Ended
S-24072,TEM-34584-D,Garwood site 1,L16 4HX,2181197107481,RED,16/02/2025,16 February 2027,2100000,28.62,Live
S-24073,TEM-57282-D,Oakhurst site 1,S5 4JP,89 9593 9960 896,RED,20/01/2025,20-Jan-28,480000,26.13,Live
S-24074,TEM-57282-D,Oakhurst site 2,E11 5ED,1951996212199,RED Plus,14/12/2025,14 December 2027,210000,19.9,Live
S-24075,TEM-74411-C,Dunmore site 1,B17 6HR,62 2955 8535 756,RED Plus,2023-12-07,06 December 2026,480000,27.82,Live
S-24076,TEM-48324-E,Kingsmead site 1,B11 3AT,9760-4692-90174,RED,06/08/2026,06 August 2027,42000,25.08,Live
S-24077,TEM-48324-E,Kingsmead site 2,M28 1EW,6459774849867,RED,2024-06-23,2027-06-23,120000,28.77,Live
S-24078,TEM-69326-A,Cobalt site 1,B9 2HW,75 1243 6454 929,RED Plus,2026-09-21,21-Sep-27,88000,23.57,Live
S-24079,TEM-69326-A,Cobalt site 2,B12 7HT,9963-7216-60992,RED,2024-09-11,11 September 2027,660000,20.02,Live
S-24080,TEM-14892-F,Cedar site 1,L21 2EW,8402510914775,RED,29/04/2027,28-Apr-28,340000,19.2,Live
S-24081,TEM-14892-F,Cedar site 2,E18 3ND,01 9452 7157 641,RED,2025-02-02,02-Feb-28,62500,22.33,Live
S-24082,TEM-14892-F,Cedar site 3,L19 5NT,63 1147 8458 524,REDzero,2024-08-10,10 August 2027,42000,21.52,Live
S-24083,TEM-14892-F,Cedar site 4,E8 8NP,36 2469 7566 851,RED,2023-11-09,08-Nov-26,88000,25.62,Live
S-24084,TEM-14892-F,Cedar site 5,N19 2NP,9421-5445-97524,RED,2027-03-13,12 March 2028,88000,21.83,Live
S-24085,TEM-14892-F,Cedar site 6,B16 8JT,44 9986 1647 086,RED,2026-03-31,31/03/2027,120000,23.4,Live
S-24086,TEM-14892-F,Cedar site 7,N22 2NT,8171-8244-81551,REDzero,2026-01-15,15/01/2027,340000,25.9,Live
S-24087,TEM-14892-F,Cedar site 8,L24 1AD,8119762761049,RED,2024-05-05,05-May-27,155000,24.24,Live
S-24088,TEM-35790-E,Redwing site 1,M19 5AT,5194-0646-10985,REDzero,2024-10-03,2027-10-03,660000,24.09,Live
S-24089,TEM-12952-C,Eastbrook site 1,E22 7NW,3071049953274,RED,2025-04-08,2027-04-08,910000,22.16,Live
S-24090,TEM-12952-C,Eastbrook site 2,G16 6HW,7909502438066,RED,2027-04-08,07-Apr-28,2100000,25.79,Live
S-24091,TEM-33593-A,Bexley site 1,B25 2EP,9820228581746,RED,07/10/2023,06-Oct-26,120000,18.47,Live
S-24092,TEM-63736-A,Nettlebed site 1,L13 7AT,7683168930483,REDzero,2024-02-25,24-Feb-27,62500,18.42,Live
S-24093,TEM-95833-B,Thackery site 1,E22 7BR,30 0111 1159 377,RED,27/03/2026,27 March 2027,340000,30.5,Live
S-24094,TEM-58506-F,Stanhope site 1,E27 3EW,9451-8930-14167,RED,2026-04-09,2027-04-09,62500,30.25,Live
S-24095,TEM-58506-F,Stanhope site 2,B5 6HR,0963428777549,RED Plus,02/04/2027,01 April 2028,42000,31.07,Live
S-24096,TEM-58506-F,Stanhope site 3,G7 3NX,38 8621 8114 757,RED Plus,2025-11-26,26/11/2027,62500,21.57,Live
S-24097,TEM-58506-F,Stanhope site 4,B17 8ND,18 2963 9832 024,RED,10/05/2026,09 May 2028,62500,28.67,Live
S-24098,TEM-58506-F,Stanhope site 5,N1 9EP,1769225779489,RED,2024-04-30,30 April 2027,910000,32.32,Live
S-24099,TEM-58506-F,Stanhope site 6,M1 1NX,8190603920932,RED,2025-01-19,19/01/2027,88000,26.66,Live
S-24100,TEM-58506-F,Stanhope site 7,G15 6NR,6272-5871-75298,RED,2026-01-19,19/01/2028,210000,24.3,Live
S-24101,TEM-58506-F,Stanhope site 8,B21 4BX,0332120226862,RED,03/09/2024,2027-09-03,480000,28.35,Live
S-24102,TEM-67517-E,Garwood site 1,N17 7ND,7603-1858-49030,RED,19/01/2027,19-Jan-28,660000,21.9,Live
S-24103,TEM-67517-E,Garwood site 2,S16 6EW,6420-5323-81365,RED Plus,08/02/2026,08 February 2028,1250000,31.56,Live
S-24104,TEM-67517-E,Garwood site 3,L28 3BP,6253081091816,REDzero,15/02/2024,14-Feb-27,88000,32.04,Live
S-24105,TEM-67517-E,Garwood site 4,S8 2JW,1972090180182,RED,2025-11-13,2026-11-13,910000,27.7,Live
S-24106,TEM-95453-G,Halewood site 1,G10 1ND,31 3695 6148 169,RED,16/04/2023,15/04/2026,910000,32.06,Ended
S-24107,TEM-26434-E,Umberside site 1,N22 4AP,0273686989468,RED Plus,19/06/2025,19/06/2027,120000,32.41,Live
S-24108,TEM-26434-E,Umberside site 2,G11 8BW,8368-9226-58158,RED,2025-04-04,2027-04-04,2100000,27.8,Live
S-24109,TEM-90765-C,Pemberley site 1,N11 8AT,19 2471 7919 505,RED,27/03/2026,26/03/2028,120000,28.11,Live
S-24110,TEM-70983-E,Ashcombe site 1,M20 2BX,18 1047 6206 298,RED,2025-04-18,2028-04-17,210000,19.43,Live
S-24111,TEM-99505-F,Ashcombe site 1,E25 8EX,3389945402658,REDzero,2022-03-25,24 March 2025,660000,22.93,Ended
S-24112,TEM-99505-F,Ashcombe site 2,N27 8AP,43 2272 4986 649,RED Plus,17/12/2023,16/12/2025,340000,23.62,Ended
S-24113,TEM-31505-C,Fernhill site 1,L15 3EP,5559162434391,RED,2024-11-29,29-Nov-26,1250000,20.79,Live
S-24114,TEM-34514-F,Oakhurst site 1,S14 1NP,6235465707506,RED Plus,29/07/2025,2026-07-29,2100000,30.75,OOC
S-24115,TEM-57690-A,Ravenscar site 1,E27 8EX,2707-4938-54130,REDzero,17/10/2023,16-Oct-25,155000,28.06,Ended
S-24116,TEM-86962-C,Torque site 1,L14 3AR,1957-1456-82426,RED,13/01/2025,13 January 2027,660000,25.09,Live
S-24117,TEM-86962-C,Torque site 2,E8 9AR,74 7090 2303 450,RED Plus,2023-11-19,18/11/2026,155000,26.15,Live
S-24118,TEM-86962-C,Torque site 3,B9 7BP,76 2900 5004 449,RED,2025-06-08,08/06/2027,155000,30.57,Live
S-24119,TEM-86962-C,Torque site 4,L15 3HW,9763894066577,REDzero,2025-02-17,17/02/2027,660000,26.25,Live
S-24120,TEM-10546-B,Bexley site 1,M3 1BP,94 1503 8331 999,RED,17/11/2025,17-Nov-27,62500,32.47,Live
S-24121,TEM-35727-F,Whitethorn site 1,G29 1AW,95 6164 9023 280,REDzero,2026-04-26,25/04/2028,120000,31.74,Live
S-24122,TEM-30687-G,Selworthy site 1,G3 6JD,1456-9825-85370,RED,2023-06-03,2026-06-02,340000,28.67,Ended
S-24123,TEM-76867-B,Garwood site 1,M9 1AW,68 6672 5804 325,RED,25/01/2025,2028-01-25,62500,25.55,Live
S-24124,TEM-55205-G,Lowther site 1,L1 3AW,8955-9189-36272,RED,03/03/2024,03 March 2026,42000,23.03,Ended
S-24125,TEM-55205-G,Lowther site 2,B22 1AX,6171669421449,RED,16/03/2023,15 March 2026,210000,19.58,Ended
S-24126,TEM-55205-G,Lowther site 3,S5 2EP,92 7985 2468 723,REDzero,07/09/2022,06 September 2025,42000,22.35,Ended
S-24127,TEM-55205-G,Lowther site 4,G26 6AP,9934458839199,REDzero,2023-09-03,2025-09-02,910000,26.13,Ended
S-24128,TEM-42456-F,Dunmore site 1,S5 1NX,67 1946 6321 986,RED,02/11/2024,02/11/2026,62500,22.68,Live
S-24129,TEM-63676-G,Marlow site 1,M17 5NR,3377798215169,RED,10/05/2023,2026-05-09,910000,26.67,Ended
S-24130,TEM-38145-E,Ottershaw site 1,L10 9HR,8428-0595-01990,RED,02/03/2024,02-Mar-27,1250000,22.41,Live
S-24131,TEM-38145-E,Ottershaw site 2,M9 4NW,64 3772 2199 600,RED,2027-05-23,22 May 2028,42000,27.5,Live
S-24132,TEM-47318-G,Ullswater site 1,B18 1EW,7878-0539-80489,RED Plus,2022-08-30,29/08/2025,88000,19.58,Ended
S-24133,TEM-47318-G,Ullswater site 2,G23 3BT,9742-8842-04588,RED Plus,14/09/2023,13/09/2025,120000,30.25,Ended
S-24134,TEM-47318-G,Ullswater site 3,S20 1AT,1341916672431,RED,22/01/2024,21-Jan-25,210000,19.95,Ended
S-24135,TEM-47318-G,Ullswater site 4,N1 6AX,96 3505 4920 956,RED Plus,2024-10-10,10 October 2025,120000,26.48,Ended
S-24136,TEM-47318-G,Ullswater site 5,S9 1NT,5589-6526-05021,RED Plus,25/04/2022,24 April 2025,155000,22.86,Ended
S-24137,TEM-47318-G,Ullswater site 6,L13 2BW,94 2821 6454 918,REDzero,21/08/2024,21-Aug-25,62500,19.67,Ended
S-24138,TEM-47886-D,Rosedale site 1,G16 6EX,5419172995579,RED,11/10/2025,11/10/2026,155000,23.73,Live
S-24139,TEM-97036-G,Elmwood site 1,L18 2NP,8893608742115,REDzero,30/12/2024,30/12/2025,340000,25.48,Ended
S-24140,TEM-97036-G,Elmwood site 2,L11 3NT,4692-3645-27967,REDzero,12/04/2023,11-Apr-25,1250000,28.73,Ended
S-24141,TEM-97036-G,Elmwood site 3,G26 8NW,3566626638971,RED,30/10/2022,2024-10-29,42000,27.14,Ended
S-24142,TEM-97036-G,Elmwood site 4,S18 7BW,5446534189951,RED,2024-06-09,09/06/2025,42000,30.29,Ended
S-24143,TEM-97036-G,Elmwood site 5,L22 2JR,9375737243862,REDzero,24/07/2025,24/07/2026,480000,24.4,Ended
S-24144,TEM-97036-G,Elmwood site 6,N13 1EX,6150183941959,RED,2024-07-19,19/07/2026,88000,27.87,Ended
S-24145,TEM-74884-B,Atlas site 1,M5 1JW,7795568552150,REDzero,11/01/2023,2025-01-10,120000,23.52,Ended
S-24146,TEM-51629-A,Wrenfield site 1,B22 9JD,7973069562694,RED,2022-10-17,16-Oct-25,210000,22.66,Ended
S-24147,TEM-51629-A,Wrenfield site 2,M26 1AD,1142193398662,REDzero,18/06/2024,18/06/2025,210000,25.84,Ended
S-24148,TEM-24433-A,Ingleby site 1,G27 6ET,84 9709 8760 883,RED Plus,2027-02-28,28-Feb-28,660000,21.86,Live
S-24149,TEM-24433-A,Ingleby site 2,G28 3HR,7096-8350-11568,REDzero,2026-03-22,22-Mar-27,88000,26.29,Live
S-24150,TEM-69429-F,Kelbrook site 1,N15 2HX,17 7551 5062 070,REDzero,2027-01-21,2028-01-21,62500,24.9,Live
S-24151,TEM-69429-F,Kelbrook site 2,L24 9BD,8085078758938,REDzero,2025-02-06,2028-02-06,660000,28.53,Live
S-24152,TEM-69429-F,Kelbrook site 3,E6 6ED,8099457573496,RED,2026-12-03,2027-12-03,910000,30.81,Live
S-24153,TEM-69429-F,Kelbrook site 4,E23 3JT,0294-4156-33542,RED Plus,27/05/2024,27/05/2027,120000,24.58,Live
S-24154,TEM-49327-G,Kingsmead site 1,B10 3ET,93 8597 0510 566,RED,14/12/2025,2026-12-14,210000,19.88,Live
S-24155,TEM-49327-G,Kingsmead site 2,N24 2AP,8671418355377,RED,21/02/2027,21-Feb-28,42000,29.15,Live
S-24156,TEM-49327-G,Kingsmead site 3,E26 6BX,8863215076741,RED,04/03/2025,04 March 2027,155000,25.32,Live
S-24157,TEM-49327-G,Kingsmead site 4,S5 3AP,7732570172726,RED,2024-03-25,2027-03-25,2100000,18.83,Live
S-24158,TEM-49327-G,Kingsmead site 5,N19 7NW,3965188333905,RED,2026-04-21,20 April 2028,2100000,26.57,Live
S-24159,TEM-49327-G,Kingsmead site 6,L1 6JP,2497465811473,RED,06/02/2025,06-Feb-27,120000,20.67,Live
S-24160,TEM-56804-G,Merrivale site 1,B11 7AT,48 0488 4903 625,RED Plus,08/09/2025,08 September 2026,62500,19.34,Live
S-24161,TEM-56804-G,Merrivale site 2,N8 7BP,6552-5137-13532,RED Plus,23/05/2026,2027-05-23,210000,19.33,Live
S-24162,TEM-69696-E,Ottershaw site 1,L22 8BX,3087908171687,RED Plus,25/01/2026,25 January 2027,120000,22.11,Live
S-24163,TEM-69696-E,Ottershaw site 2,M9 4ER,0128929372277,RED,10/12/2025,10/12/2027,62500,18.28,Live
S-24164,TEM-69696-E,Ottershaw site 3,N25 7AP,3262411796028,RED,06/09/2023,05 September 2026,120000,24.52,Live
S-24165,TEM-81197-A,Yarrow site 1,N16 5HP,84 4407 4901 839,RED,2025-03-12,2027-03-12,88000,19.76,Live
S-24166,TEM-56559-C,Ashcombe site 1,E7 8ED,51 6020 5575 186,RED,2026-05-30,30/05/2027,910000,27.9,Live
S-24167,TEM-42828-E,Zephyr site 1,N7 2NP,18 1677 9391 513,RED,21/04/2027,20/04/2028,480000,18.74,Live
S-24168,TEM-27309-G,Padstow site 1,N8 9EP,3604-5623-82941,REDzero,22/02/2022,2025-02-21,340000,25.43,Ended
S-24169,TEM-27309-G,Padstow site 2,S2 4JP,8324-5184-95900,RED,14/05/2024,14 May 2025,210000,29.26,Ended
S-24170,TEM-48789-E,Ivybridge site 1,N30 9AX,3012073011568,RED,2024-11-06,06 November 2027,2100000,17.54,Live
S-24171,TEM-20149-A,Ellerton site 1,G25 3BD,73 5897 0360 271,RED,2026-08-29,29-Aug-27,480000,25.87,Live
S-24172,TEM-20149-A,Ellerton site 2,N30 4HR,5286-4870-09671,RED Plus,2024-09-14,14/09/2027,480000,29.0,Live
S-24173,TEM-13632-A,Umberside site 1,B6 4HW,82 5331 0502 178,RED,2024-04-07,2027-04-07,120000,20.55,Live
S-24174,TEM-13632-A,Umberside site 2,B3 2AW,1577081306670,RED,2024-07-06,2027-07-06,88000,30.79,Live
S-24175,TEM-67496-F,Whitethorn site 1,E4 4BW,3185603195326,REDzero,19/05/2024,2027-05-19,2100000,20.93,Live
S-24176,TEM-67496-F,Whitethorn site 2,N27 6JR,37 4635 7677 175,REDzero,2026-09-22,2027-09-22,2100000,19.89,Live
S-24177,TEM-67496-F,Whitethorn site 3,N12 5JR,48 5656 3075 608,REDzero,25/09/2024,25 September 2027,660000,21.19,Live
S-24178,TEM-67496-F,Whitethorn site 4,N17 1BR,3625719416562,REDzero,2025-01-24,24 January 2028,1250000,21.29,Live
S-24179,TEM-67496-F,Whitethorn site 5,G24 5AW,9341450369880,REDzero,24/10/2025,2027-10-24,155000,30.71,Live
S-24180,TEM-67496-F,Whitethorn site 6,G3 5NX,6803032393766,RED Plus,07/12/2024,07-Dec-26,1250000,27.13,Live
S-24181,TEM-67496-F,Whitethorn site 7,M6 4BP,21 1337 2564 525,RED,15/09/2025,2026-09-15,120000,23.08,Live
S-24182,TEM-67496-F,Whitethorn site 8,M12 5NP,87 3221 6913 256,RED Plus,2026-04-24,23-Apr-28,88000,27.6,Live
S-24183,TEM-47347-G,Ivybridge site 1,S18 3JD,0456-4942-48335,RED,30/09/2025,30-Sep-27,660000,28.04,Live
S-24184,TEM-88988-A,Rosedale site 1,E6 8HR,4693758106745,RED Plus,12/02/2026,12-Feb-28,120000,30.11,Live
S-24185,TEM-22019-F,Quayside site 1,B13 8AP,6528056228755,REDzero,02/01/2024,01 January 2027,42000,23.28,Live
S-24186,TEM-88978-C,Silverbeck site 1,L30 9HR,2429-0345-49234,REDzero,07/11/2025,07 November 2027,340000,21.56,Live
S-24187,TEM-36320-A,Cedar site 1,M28 4JD,44 1209 7280 694,RED Plus,2026-09-06,06-Sep-27,910000,20.46,Live
S-24188,TEM-17261-F,Birchmoor site 1,E6 7JT,03 6275 7065 141,RED,2025-11-08,08/11/2027,1250000,22.2,Live
S-24189,TEM-44631-G,Saltmarsh site 1,L17 3HR,1924-6896-76286,REDzero,29/03/2026,28 March 2028,210000,17.66,Live
S-24190,TEM-37460-G,Kestrel site 1,G2 4AW,75 8234 4569 684,RED,07/05/2025,06-May-28,155000,26.25,Live
S-24191,TEM-50867-C,Farrier site 1,E3 7JP,7326-2931-22851,RED,01/12/2023,30/11/2026,120000,23.95,Live
S-24192,TEM-50867-C,Farrier site 2,G16 2AX,5298-8308-40877,RED,2026-01-24,24 January 2028,340000,22.53,Live
S-24193,TEM-50867-C,Farrier site 3,B15 7ND,97 2649 5723 252,RED Plus,2026-01-19,19/01/2027,88000,23.96,Live
S-24194,TEM-16689-G,Saltmarsh site 1,N28 1HD,0597219403692,RED,10/02/2025,2028-02-10,42000,18.83,Live
S-24195,TEM-16689-G,Saltmarsh site 2,S9 9NP,32 5442 2923 789,RED Plus,2025-03-22,2027-03-22,1250000,32.37,Live
S-24196,TEM-16689-G,Saltmarsh site 3,M18 6ND,5989-6019-68387,RED,27/10/2025,27/10/2027,88000,27.77,Live
S-24197,TEM-16689-G,Saltmarsh site 4,G1 7NW,7411990248321,RED,20/11/2024,2027-11-20,210000,27.98,Live
S-24198,TEM-16689-G,Saltmarsh site 5,E2 3JW,82 1275 2381 685,RED,2027-05-29,28 May 2028,660000,26.39,Live
S-24199,TEM-16689-G,Saltmarsh site 6,M19 1BP,0267332365640,RED,07/08/2024,07/08/2026,62500,17.82,OOC
S-24200,TEM-88231-B,Denholm site 1,L1 1JX,73 0894 1161 258,REDzero,19/08/2024,19/08/2027,120000,18.1,Live
S-24201,TEM-88231-B,Denholm site 2,M27 5NW,5591437533556,RED,29/10/2026,29 October 2027,340000,20.69,Live
S-24202,TEM-34349-A,Kingsmead site 1,N13 3AR,74 5053 5772 327,REDzero,2024-12-13,13/12/2026,88000,24.65,Live
S-24203,TEM-73957-F,Tanfield site 1,G15 5NT,9074151559358,RED,01/01/2023,31 December 2024,2100000,21.81,Ended
S-24204,TEM-19028-D,Pennine site 1,L11 1BR,2846871805267,RED,05/04/2025,2027-04-05,62500,23.22,Live
S-24205,TEM-30192-B,Bramble site 1,G11 5ER,9911105405490,RED,04/04/2027,03-Apr-28,88000,26.16,Live
S-24206,TEM-30192-B,Bramble site 2,G13 7HW,8233486120932,RED,2026-12-30,30/12/2027,340000,28.94,Live
S-24207,TEM-57076-F,Whitethorn site 1,N20 8HP,6110319242037,RED,12/05/2026,12 May 2027,88000,30.02,Live
S-24208,TEM-69631-E,Ravenscar site 1,B28 4BP,9595279498599,REDzero,2023-11-17,16 November 2024,62500,19.33,Ended
S-24209,TEM-72593-E,Maplin site 1,B24 6NR,7632-9915-50257,RED,20/05/2024,20-May-27,660000,27.08,Live
S-24210,TEM-38022-G,Padstow site 1,N1 8HW,3527-5790-70287,RED,2025-10-29,29/10/2027,42000,27.32,Live
S-24211,TEM-38022-G,Padstow site 2,G23 7JT,7738-9057-45192,REDzero,2024-02-27,26 February 2027,2100000,31.71,Live
S-24212,TEM-76911-G,Selworthy site 1,M21 7NP,2335307473395,RED,2026-12-07,07-Dec-27,42000,18.85,Live
S-24213,TEM-99878-C,Nettlebed site 1,E27 6EX,81 5337 3847 408,RED Plus,03/06/2024,2027-06-03,340000,24.31,Live
S-24214,TEM-27740-E,Denholm site 1,M16 4JX,6174533234165,RED,2024-12-23,23 December 2026,660000,26.05,Live
S-24215,TEM-27740-E,Denholm site 2,E6 9JX,9432171043427,RED,2027-03-25,24-Mar-28,210000,18.26,Live
S-24216,TEM-44486-E,Ingleby site 1,G30 8EX,2566-2317-64868,RED,2025-01-20,20 January 2028,210000,17.6,Live
S-24217,TEM-36208-C,Cobalt site 1,E18 8ET,4867-8359-50518,RED,2023-11-19,18/11/2024,480000,17.81,Ended
S-24218,TEM-51844-D,Hatherley site 1,M5 7AR,68 3556 3819 927,REDzero,2026-04-10,09/04/2028,88000,29.04,Live
S-24219,TEM-27951-F,Denholm site 1,E19 6HX,93 7719 6855 943,RED,2026-08-01,01-Aug-27,480000,26.59,Live
S-24220,TEM-27951-F,Denholm site 2,M30 4NX,2392427522970,RED,15/12/2026,15/12/2027,1250000,26.79,Live
S-24221,TEM-34453-F,Padstow site 1,M11 7ND,76 6372 3806 739,RED,31/05/2026,30/05/2028,2100000,19.82,Live
S-24222,TEM-71094-B,Kestrel site 1,M6 8NT,4682-8227-81607,RED Plus,2025-01-10,10/01/2027,1250000,20.54,Live
S-24223,TEM-22333-E,Halewood site 1,L25 1ND,1347-5862-90387,REDzero,2024-12-21,21 December 2027,2100000,30.5,Live
S-24224,TEM-22333-E,Halewood site 2,G26 9HT,80 6955 2019 371,RED,2025-11-03,03 November 2027,120000,28.68,Live
S-24225,TEM-51357-G,Marlow site 1,M27 8HP,7202563520381,RED,2026-01-09,09 January 2028,2100000,31.72,Live
S-24226,TEM-74055-B,Ashcombe site 1,S7 9NT,1511-2803-24018,REDzero,20/10/2024,20/10/2026,340000,26.09,Live
S-24227,TEM-74055-B,Ashcombe site 2,N22 9BD,15 8653 7962 937,RED Plus,2026-11-14,14-Nov-27,1250000,19.34,Live
S-24228,TEM-36951-E,Quenington site 1,M13 1JX,4853509783495,RED Plus,2024-10-16,2026-10-16,155000,26.84,Live
S-24229,TEM-33990-E,Harborne site 1,E14 3HR,3183314662563,RED,28/02/2026,28-Feb-27,340000,29.12,Live
S-24230,TEM-96253-A,Yarrow site 1,M27 7HX,88 6229 4161 517,RED,2026-07-29,29 July 2027,2100000,23.78,Live
S-24231,TEM-96253-A,Yarrow site 2,B25 1BP,8987361242933,RED,2026-02-21,21-Feb-28,210000,23.38,Live
S-24232,TEM-96253-A,Yarrow site 3,S9 7HD,5336228049505,RED,2026-12-22,2027-12-22,88000,24.4,Live
S-24233,TEM-96253-A,Yarrow site 4,B14 8AD,41 1312 9245 722,RED,2026-09-05,2027-09-05,910000,29.26,Live
S-24234,TEM-96253-A,Yarrow site 5,M11 7EX,11 1789 3049 723,RED,20/02/2027,2028-02-20,42000,28.14,Live
S-24235,TEM-96253-A,Yarrow site 6,N19 3AD,43 3933 6589 147,RED Plus,07/05/2025,07 May 2027,340000,30.68,Live
S-24236,TEM-96253-A,Yarrow site 7,S5 6BX,6637787148724,RED,09/11/2026,09/11/2027,62500,31.06,Live
S-24237,TEM-96253-A,Yarrow site 8,L14 8ET,2505578244031,RED,2025-12-14,2026-12-14,660000,25.9,Live
S-24238,TEM-48269-D,Merrivale site 1,N30 9ED,2861431009792,RED Plus,2026-05-04,04/05/2027,2100000,30.82,Live
S-24239,TEM-43560-B,Ottershaw site 1,S8 8AR,1149-1773-72050,RED,27/10/2025,2027-10-27,340000,29.61,Live
S-24240,TEM-43560-B,Ottershaw site 2,L10 6HD,0090-2754-98510,RED,25/09/2026,25-Sep-27,2100000,30.24,Live
S-24241,TEM-46222-C,Saltmarsh site 1,L25 7NR,70 3398 9136 380,RED Plus,2024-03-29,29/03/2027,120000,32.1,Live
S-24242,TEM-55393-E,Saltmarsh site 1,B26 1AR,5245405501403,RED,07/07/2023,06/07/2025,1250000,31.37,Ended
S-24243,TEM-63513-G,Millpond site 1,L2 7JW,52 8745 1329 610,RED,18/07/2024,18-Jul-25,155000,30.35,Ended
S-24244,TEM-94994-B,Silverbeck site 1,G21 5AR,2798541049320,RED Plus,2025-08-30,30 August 2027,1250000,25.13,Live
S-24245,TEM-55389-C,Applegarth site 1,G12 7JW,5842-7540-97725,REDzero,2025-11-25,25/11/2027,480000,23.58,Live
S-24246,TEM-55389-C,Applegarth site 2,M19 4JR,26 4891 2968 567,RED Plus,14/02/2027,14-Feb-28,42000,27.49,Live
S-24247,TEM-77627-E,Tredegar site 1,N8 7JP,3270-3373-43973,REDzero,15/01/2026,15 January 2027,2100000,29.92,Live
S-24248,TEM-77627-E,Tredegar site 2,B7 2AW,39 8634 5106 870,RED Plus,2025-10-02,02 October 2027,660000,30.92,Live
S-24249,TEM-77627-E,Tredegar site 3,E20 7JW,8454-0288-10936,RED Plus,23/08/2026,23-Aug-27,1250000,30.93,Live
S-24250,TEM-48989-C,Langmere site 1,G6 7AW,9636-4904-07872,RED Plus,2025-07-09,09-Jul-27,1250000,19.88,Live
S-24251,TEM-41425-G,Maplin site 1,G25 7ED,3390531021294,RED,2022-06-20,19 June 2025,910000,32.03,Ended
S-24252,TEM-72880-F,Torque site 1,B24 4NT,9072-5485-39843,RED,2022-01-02,2025-01-01,155000,30.2,Ended
S-24253,TEM-30371-C,Zetland site 1,E8 2BX,7743319171825,RED,2024-05-17,17 May 2027,42000,25.29,Live
S-24254,TEM-13441-G,Cranleigh site 1,G8 5NR,8108055385475,RED,2023-02-11,10-Feb-26,1250000,25.18,Ended
S-24255,TEM-13743-C,Padstow site 1,G6 3NT,8084522755038,RED Plus,2025-02-21,21/02/2027,480000,26.31,Live
S-24256,TEM-74973-E,Hatherley site 1,N23 1BD,37 1085 8105 735,RED,2024-12-29,29-Dec-26,1250000,22.97,Live
S-24257,TEM-90905-A,Westcliff site 1,N14 5ER,4653-1463-09459,REDzero,2025-01-02,2027-01-02,2100000,24.69,Live
S-24258,TEM-76237-A,Farrier site 1,L1 7BT,2092-0279-74907,RED Plus,30/05/2027,29 May 2028,210000,18.15,Live
S-24259,TEM-56648-C,Garwood site 1,E1 2NX,1058-0823-24276,RED,2026-12-23,23-Dec-27,88000,25.27,Live
S-24260,TEM-26197-F,Quenington site 1,S12 8ED,50 1018 8747 582,RED,2023-11-26,25-Nov-26,62500,29.76,Live
S-24261,TEM-26197-F,Quenington site 2,B7 1ND,7022282337604,RED,08/05/2026,07-May-28,120000,19.79,Live
S-24262,TEM-26197-F,Quenington site 3,L19 7BW,27 8530 7353 495,RED,17/11/2023,16-Nov-26,210000,26.3,Live
S-24263,TEM-26197-F,Quenington site 4,E9 1NP,86 5156 6372 443,RED Plus,2025-09-02,02/09/2027,88000,31.59,Live
S-24264,TEM-26197-F,Quenington site 5,B17 4BX,1728-6095-57379,REDzero,24/03/2025,23 March 2028,120000,20.13,Live
S-24265,TEM-26197-F,Quenington site 6,G20 5BR,8127082074335,RED Plus,24/09/2024,24 September 2027,210000,21.31,Live
S-24266,TEM-26197-F,Quenington site 7,L30 1HP,2946-0786-39453,RED Plus,2024-01-20,19-Jan-27,62500,31.61,Live
S-24267,TEM-26197-F,Quenington site 8,L24 2AX,3181-4328-59086,RED,2025-11-10,10/11/2026,660000,21.45,Live
S-24268,TEM-10138-G,Ullswater site 1,N8 5NR,71 4430 9585 706,RED,24/05/2027,23/05/2028,210000,29.64,Live
S-24269,TEM-88083-D,Farrier site 1,G3 1EP,6838-4415-07719,RED,21/09/2024,21-Sep-27,340000,25.66,Live
S-24270,TEM-85135-E,Ottershaw site 1,L12 3HP,0569-0872-69089,RED Plus,04/04/2027,03 April 2028,88000,31.88,Live
S-24271,TEM-85135-E,Ottershaw site 2,G23 9AR,0954-1955-92461,RED,2024-04-08,2027-04-08,210000,20.59,Live
S-24272,TEM-85135-E,Ottershaw site 3,B25 8JW,56 1258 9367 516,RED,20/04/2026,19-Apr-28,120000,17.52,Live
S-24273,TEM-85135-E,Ottershaw site 4,M12 8BW,5249-2573-38392,REDzero,2026-07-08,08 July 2027,120000,31.36,Live
S-24274,TEM-65805-B,Zephyr site 1,S5 6NX,7879304217781,REDzero,09/05/2024,2027-05-09,210000,28.47,Live
S-24275,TEM-76552-A,Cobalt site 1,S28 9AR,6498816833912,RED,2026-01-30,30/01/2028,62500,27.23,Live
S-24276,TEM-36166-E,Pemberley site 1,N6 5BW,74 2378 0968 033,RED Plus,2023-06-08,2026-06-07,660000,28.97,Ended
S-24277,TEM-34307-F,Farrier site 1,N21 7BD,15 9113 2022 760,RED Plus,17/12/2024,2027-12-17,62500,27.56,Live
S-24278,TEM-31375-D,Harborne site 1,E5 9JR,3144218378485,REDzero,2024-02-15,14-Feb-27,120000,27.81,Live
S-24279,TEM-79456-D,Quarrington site 1,M5 5EX,0935-6177-90642,RED,2026-05-03,03-May-27,2100000,20.82,Live
S-24280,TEM-11544-G,Jarrow site 1,E29 5AX,6419-3911-13326,RED,2026-07-06,06-Jul-27,340000,22.23,Live
S-24281,TEM-13058-E,Kingsmead site 1,M23 6JD,2962117975022,REDzero,18/08/2023,17 August 2025,155000,20.06,Ended
S-24282,TEM-35919-D,Padstow site 1,S29 4NT,4315094034085,RED Plus,2024-05-30,30-May-26,62500,24.95,Ended
S-24283,TEM-45568-A,Kestrel site 1,B30 7BD,9886-0122-50844,RED,10/01/2026,10-Jan-27,155000,30.85,Live
S-24284,TEM-59506-D,Thackery site 1,M11 3NW,9590229109978,RED,2024-01-11,10-Jan-27,340000,19.65,Live
S-24285,TEM-52812-F,Ingleby site 1,N12 8EP,0911054117653,RED,02/04/2027,01-Apr-28,155000,18.57,Live
S-24286,TEM-67900-C,Lowther site 1,M29 3ND,5182000183336,REDzero,05/02/2027,2028-02-05,210000,31.52,Live
S-24287,TEM-80572-B,Hollybush site 1,B21 8JR,2844586773180,RED,06/03/2026,05/03/2028,480000,29.4,Live
S-24288,TEM-40983-A,Millpond site 1,L8 7NT,3656320507534,REDzero,2026-01-22,2028-01-22,42000,25.18,Live
S-24289,TEM-78267-F,Marlow site 1,G8 1HT,7392208784588,RED Plus,2027-05-03,02/05/2028,340000,18.99,Live
S-24290,TEM-78267-F,Marlow site 2,G27 6EP,31 1356 5423 940,RED,2025-07-30,2027-07-30,155000,32.16,Live
S-24291,TEM-78267-F,Marlow site 3,M30 3AD,0587-7677-25543,RED,2024-12-08,08/12/2027,2100000,19.1,Live
S-24292,TEM-78267-F,Marlow site 4,L27 7JT,7942213116166,REDzero,19/09/2024,2026-09-19,88000,25.09,Live
S-24293,TEM-78267-F,Marlow site 5,N7 3HD,2483-4741-87676,RED Plus,2024-06-03,03-Jun-27,120000,28.74,Live
S-24294,TEM-78267-F,Marlow site 6,E27 6NP,0798560018789,RED Plus,13/07/2026,13-Jul-27,340000,22.72,Live
S-24295,TEM-78267-F,Marlow site 7,S28 5ER,3343-4357-22401,RED Plus,2024-04-07,2027-04-07,480000,23.13,Live
S-24296,TEM-78267-F,Marlow site 8,B22 5AT,31 6344 9969 051,RED,2026-01-21,21 January 2028,88000,22.52,Live
S-24297,TEM-67969-G,Zetland site 1,G2 2NX,9347454538252,REDzero,2025-10-08,2027-10-08,660000,19.35,Live
S-24298,TEM-71049-G,Whitethorn site 1,E10 3JR,07 4373 1697 638,RED,27/11/2024,27 November 2027,210000,31.73,Live
S-24299,TEM-15559-C,Cobalt site 1,E5 3ET,9742-1433-41493,RED Plus,2023-11-21,20/11/2026,62500,29.59,Live
S-24300,TEM-41950-D,Summerton site 1,N17 4BD,4478-9831-83027,RED Plus,2026-12-06,2027-12-06,2100000,21.83,Live
S-24301,TEM-38976-E,Garwood site 1,S4 1NP,64 5123 6743 690,RED,2026-04-05,05-Apr-27,660000,26.39,Live
S-24302,TEM-96767-C,Lighthouse site 1,S9 6ET,86 1012 5743 679,RED,2024-09-19,2027-09-19,88000,24.19,Live
S-24303,TEM-80125-E,Cedar site 1,N11 3BW,01 3488 7911 170,RED,2025-12-17,2027-12-17,2100000,26.4,Live
S-24304,TEM-80125-E,Cedar site 2,G25 9JT,1194632086870,RED,2025-06-13,13 June 2027,480000,22.06,Live
S-24305,TEM-80125-E,Cedar site 3,N28 4NP,99 5620 8686 410,RED Plus,2027-05-11,10-May-28,42000,26.42,Live
S-24306,TEM-36646-F,Maplin site 1,G13 6NX,8767-2954-59458,RED,15/12/2026,15 December 2027,910000,20.37,Live
S-24307,TEM-11458-B,Ellerton site 1,L29 6NT,11 4989 5299 610,REDzero,23/11/2024,23-Nov-27,340000,17.54,Live
S-24308,TEM-22866-C,Ravenscar site 1,L14 1HT,3064344688339,RED,2026-10-27,27-Oct-27,62500,22.73,Live
S-24309,TEM-39185-G,Nettlebed site 1,S22 2NX,6330-2073-21939,REDzero,2025-11-07,07 November 2027,120000,20.77,Live
S-24310,TEM-82582-B,Violetta site 2,N6 5BT,54 9490 2944 537,RED,04/01/2025,04 January 2027,340000,26.13,Live
S-24311,TEM-81438-B,Ironbridge site 1,E5 8HD,0455775575431,REDzero,2022-05-08,07 May 2025,660000,19.87,Ended
S-24312,TEM-32531-C,Ivybridge site 2,G2 5JR,1024-4878-90537,RED Plus,04/08/2025,04-Aug-26,62500,18.67,OOC
S-24313,TEM-77287-E,Atlas site 1,N11 4HW,4148-1366-32014,RED,2022-03-26,25-Mar-25,660000,32.3,Ended
S-24314,TEM-27832-C,Riverbank site 3,S27 1AX,8179569117309,RED,21/08/2025,21-Aug-27,340000,18.17,Live
S-24315,TEM-81069-D,Jarrow site 1,E6 6ND,9828-0270-85002,RED,2024-08-30,30-Aug-26,155000,24.36,OOC
S-24316,TEM-14008-D,Selworthy site 1,L10 8NX,3190-5337-18665,RED Plus,20/01/2023,19 January 2025,910000,17.8,Ended
S-24317,TEM-51422-E,Norbury site 6,M7 3HW,1840-5966-89042,REDzero,2025-01-04,04 January 2027,210000,27.17,Live
S-24318,TEM-98237-E,Kingsmead site 1,M27 9HX,7426609274942,RED,05/02/2025,2027-02-05,155000,29.11,Live
